user_session,view,cart,purchase
00092ee4-0243-4bda-8ffd-5b905a086c7f,True,False,False
000af23c-7e34-4134-b8f1-dce83d875e01,True,False,False
000fee39-b0f0-4b50-b747-1a33dc6404fa,True,False,False
0011e775-7199-4855-a294-1101aab87901,True,False,False
00145156-0e5d-49f3-b460-5d6e52e50bf1,True,False,False
00154239-0c89-4494-985b-04e8043e8062,True,False,False
001d9118-8e8d-45ab-88be-7b397210d9aa,True,False,False
001db8bd-7662-4642-87fa-19a496dfd8ed,True,False,False
001ed1c2-4a68-4f8c-8865-d0fa4635f2cb,True,False,False
0023616d-d730-4ad6-9929-b71ad0ac04ad,True,False,False
00236af9-be31-43d8-a60d-c6214e314b56,True,False,False
00274f82-8337-4282-b03a-777376efc3b5,True,False,False
0028e8bc-7037-4592-ac3a-7132c1670a50,True,False,False
002ac5be-f071-4ddc-8888-1888c3a47389,True,False,False
002cc294-3032-4dc2-8178-4bf026bb812e,True,False,False
004292d5-f9ab-476a-b89d-578da4e9ff02,True,False,False
00451316-3f38-4171-a20e-94e962c8c093,True,False,False
004e791d-10a9-48ee-bbbe-e11fe654f43f,True,False,False
005e878a-46ed-45b2-8ca6-d378fe0066b3,True,False,False
005edb77-a8f7-4c64-8f24-451ee7570fa3,True,False,False
0060e8fe-8b57-4175-867b-6d2fa990867e,True,False,False
006f3e2c-ab8c-4285-8ab6-f3ed34272e5a,True,False,False
006fcf3f-e9e3-4bf5-bdbf-89bbd7298d23,True,False,False
006fe59a-957b-494a-8d91-800dbec0b5d9,True,False,False
00776969-e27a-4252-a03a-bd4d36c69213,True,False,False
007da847-6f4d-48c5-990f-8338c34650ae,True,False,False
007f92ae-f7a5-4c11-912c-2f32d9bb6fad,True,False,False
0086047f-2a48-41f7-bd1c-364376b51e70,True,False,False
0091c2ae-1424-4753-8e3f-c35ab9f4e467,True,False,False
0099d475-0738-4fa7-befa-540ced85c256,True,False,False
0099f44e-9d2d-4fa7-9edd-3ab22f604e13,True,False,False
009a76be-89c7-45ce-a25a-8aa5110a99f5,True,False,False
009ded1d-200c-4e3f-a300-9ebb41310d99,True,False,False
00a8314b-e294-4bea-b8a4-9572e01967ec,True,False,False
00ad1b1a-753e-4a65-8371-21a3d8606292,True,False,False
00aeb288-db83-4579-851c-90e0116f8b92,True,False,False
00b3f5a2-6f2f-4b92-87c4-e29055dcf211,True,False,False
00bb5c65-3071-49c1-897b-929cccc4feff,True,False,False
00c511c2-84b2-434f-b5f0-c02f1177df44,True,False,False
00c6904d-1842-42f5-9741-095f71a77344,True,False,False
00c9b7ae-c12c-415d-8c32-ab2d37ba0107,True,False,False
00c9e850-fe3c-4ab0-bd29-fff21d2128fa,True,False,False
00cc1ad1-f00f-46be-8d3a-e696cc347c5d,True,False,False
00cfb19d-4ebc-4ead-ba7a-5165d8bf59ed,True,False,False
00da525a-ac8c-4faf-a616-842d89bdf3ed,True,False,False
00dae094-c4a3-43d3-8088-b2312b75de29,True,False,False
00e41c3f-42eb-48d5-92a5-1856f425ccb1,True,False,False
00e448df-6d10-4fa9-9de0-d032cb967650,True,False,False
00f02f96-921c-4bec-973e-14de642ff2fa,True,False,False
00f0c5b9-2905-4068-8783-f8f88903ccde,True,False,False
01071258-06f5-455f-a245-3d8e39aab2f5,True,False,False
0108bb0d-08cc-48c9-8f07-1aa1b7c7bed5,True,False,False
0108f55e-50a2-443b-8be9-ec2af123414c,True,False,False
010bc15b-8b4b-4a80-8c7d-37fea6b4c4be,True,False,False
0110890b-96d6-4ae1-9c9b-4728a1dcfeba,True,False,False
01134518-0023-4e27-b2c2-053145913aa0,True,False,False
011893c2-162a-454c-baa3-643c4b014a15,True,False,False
011d1259-2f38-4f90-abff-4bf0528aa6d9,True,False,False
012c7665-59d0-4082-82f7-26d2ee4de612,True,False,False
012e33bd-24cf-453b-861e-3379a85568c4,True,False,False
0138d421-2a1f-4c8e-9631-67d778af11ef,True,False,False
01421c06-8a53-46cd-9189-36d97505fb30,True,False,False
0146ee50-6161-4617-971c-78a0833ce8f1,True,True,False
014e9b99-6edb-4455-9de1-38eab53cdef3,True,False,False
014fddd3-0b49-45fe-91f2-864c76bf44af,True,False,False
01554b50-b89c-4171-9fdf-5c21f74d75ca,True,False,False
015a82a6-20bf-4e20-a916-9f0a5b93f83f,True,False,False
015c5ed5-3e4b-450a-8f0d-ecfa24fdb331,True,False,False
01637823-3dd0-411f-9011-3947bba41bad,True,False,False
016df708-4d6b-4a70-8e0d-d74eb31f55a3,True,False,False
017457f4-325f-483e-af71-bb9f9b9c5d29,True,False,False
01778310-93d0-48f8-8d5b-baa9b07c02b0,True,False,False
0178a669-22bc-4314-9897-f69359adc9df,True,False,False
017a1a49-cc9c-4de0-850c-5cf35f9ab81f,True,False,False
0189a081-1eaf-42df-bee3-bffece85a66b,True,False,False
018d1d05-fc08-417e-8510-a6c1b6b134d8,True,False,False
0191b3b8-306a-3b23-4623-770ac1e1be17,True,False,False
0196edab-1570-4c69-aba6-ec9203c0ce1f,True,False,False
01a85583-4456-4d0b-8288-b502315f8fca,True,False,False
01bc9aec-5d09-4d33-da8d-f3db3027a462,True,True,False
01c2700c-1521-4bdb-997f-be64df8fc3f5,True,False,False
01c657e7-e91d-4e10-b93c-8012246e5717,True,False,False
01c9cf17-747a-413c-9a6b-ab88dfe25883,True,False,False
01caae9c-1fdc-4220-a0cc-ce7265e20703,True,False,False
01ce66d8-712e-4af6-b3b4-0b10daea532c,True,False,False
01e71ea8-625c-4cb8-bca3-59bc7637da8f,True,False,False
01e90dda-64b2-43f2-819c-972fdc24149b,True,False,False
01eabfd6-e0c3-491f-8a07-dc009c2a4c62,True,False,False
01f70f43-ef2d-4753-abc9-5ca579993c5d,True,False,False
01fe9e99-5fc3-48ac-8387-88fd6fc98d88,True,False,False
01ff3aee-7aa7-4a24-9e13-f48dc08203a3,True,False,False
01ff7aa7-da2b-42e8-91f7-b8c350fdb17b,True,False,False
0203923d-fdfa-448d-962d-c7e87ba0e61c,True,False,False
0207de4c-7cf7-4f14-b619-b9f2c17162e9,True,False,False
02133e05-c59d-4b8c-8352-358e7f2d1f39,True,False,False
0218dbbc-b155-47ad-90d4-3e410719d1cb,True,False,False
021b50f9-de3f-4530-82ef-3f7f2aa25010,True,False,False
021b8858-612e-4c90-845e-42919687f8ed,True,False,False
02211723-3a29-4d44-ba37-69a2df1cd612,True,False,False
022722cb-20db-4bc5-ac1b-34461fcb2e29,True,False,False
022b3102-22e4-4406-8491-41abd92e4e98,True,False,False
022b8457-22ce-4a8a-8871-ce2e944f7293,True,False,False
023079e3-65c8-41a7-8397-eed3b7242029,True,False,False
023526c8-f6e5-41fa-98aa-6a82e61d101a,True,False,False
023a6a77-64fe-4c8c-93d2-c9404c8b668c,True,False,False
023dc6c5-c27f-4fcb-822f-3c992b40a659,True,False,False
0253151d-5c84-4809-ba02-38ac405494e1,True,False,False
025c63dc-2f6e-4585-8f91-52fb039348b3,True,False,False
0265e446-ee8f-43c5-98b8-48ca65b9cc05,True,False,False
0268d866-831d-48f2-b1d7-620393a1b97d,True,False,False
026c0cb2-2d56-4940-bd60-25a93b88fbdf,True,False,False
027ab41d-c62c-4727-aea7-cc488eda77c2,True,False,False
02807f16-f83a-42cb-b276-db55b985bea0,True,True,False
02813027-1bf4-4b88-9036-86d540c3e5ba,True,False,False
028a479d-9c2e-4207-95c0-57fcdef678a2,True,False,False
028c95b2-01c1-4e71-be1b-186d0e58dca2,True,False,False
029b149e-17e5-44cc-af3b-68a186eddceb,True,False,False
029c67b7-ed05-4e34-bba0-5a23859c943c,True,False,False
029d168a-2b70-4511-92e6-01173f7254ac,True,False,False
02a8a066-7fe5-4212-a0cd-231b55465049,True,False,False
02ac506a-f6c1-423c-8adb-40a97779d975,True,False,False
02c5524e-ddee-49ea-8dfc-ea3da1389c86,True,False,False
02cad5d0-f029-45cd-ba71-c680078d970c,True,False,False
02d0e41e-5f65-4921-bede-e503d71c842e,True,False,False
02d63ff6-52b8-4771-821f-2c10d21037ad,True,False,False
02d8873f-8783-4b01-b41f-cf3fc65c1f45,True,False,False
02d99d38-0494-4e99-8298-531cba6b8411,True,False,False
02d9f544-6aae-4fb3-b211-08f672572bf1,True,False,False
02de0fa1-d150-4319-9a74-6aa5f921dd35,True,False,False
02e47aac-af4b-49ef-9d95-34117b6f1c2f,True,False,False
02e7af92-3be1-4b4e-98f5-df31ebb1c077,True,False,False
02ecd63f-5ae7-4a86-9d5a-d71239a2f8c0,True,False,False
02f08918-b321-4193-b37a-2feb7fbfd726,True,False,False
02f5b582-9dfe-4b0d-959d-127a774acd97,True,False,False
02f9f1c0-72f2-4d9c-99a9-5f96512821a9,True,False,False
02fe18d6-4951-40ef-83e1-8b59ce49eae6,True,False,False
03051af5-2a20-4f52-aedd-35e8da9371e4,True,False,False
031b1162-d808-4560-a4bb-5b746ed44a4d,True,False,False
031cf809-22ef-4b56-82b7-0ad7dcde5d35,True,False,False
0325337a-ff02-4078-ad37-0b9d9729d05b,True,False,False
0327186c-7c4b-417b-8e68-6c8921ff27d1,True,False,False
0327bf66-bb2c-4b90-9c33-437d824bff50,True,False,False
032be773-1c96-4155-ace4-1e2b576ce902,True,False,False
0331c614-d3a5-4357-9845-0f440a824c5f,True,False,False
03490cca-ba48-4ca0-85e0-8f63e72453fa,True,False,False
034e41a3-284b-4341-93cb-8c7d64b8158f,True,False,False
03511e5c-7435-0442-a094-6157a0d54e60,True,False,False
035d98d8-40fd-4a7a-ad1a-21b1195797b6,True,False,False
036351f4-8171-473d-a79e-d704a8fff9eb,True,False,False
0367a56b-56ea-4b64-8f45-0a3b65177734,True,False,False
036d1678-cceb-4744-9fcc-a3c6616b87a0,True,False,False
037c0623-03b4-4bda-9be0-dab39dac2924,True,False,False
037d47e1-5ba2-4c4d-ac97-d2f7ebb9fb21,True,False,False
037f7ed9-8a86-4531-9ebb-3bdb19f1d1c6,True,False,False
03894611-5daf-4577-9a50-cef99c0fa1c6,True,False,False
038dbae0-a87c-462c-99eb-ab932aedf5c1,True,False,False
039464a4-30db-4941-941c-e0bada231ab2,True,False,False
0394c3d9-a413-4051-9a3b-646dca04b304,True,False,False
039eb149-125a-41f3-b454-d2dd772b6bbc,True,False,False
03a2c11d-685a-4354-881b-b4efc3fdd7b9,True,False,False
03a669c0-d8ff-4014-b4f8-fa52a85365f5,True,False,False
03a6d02a-f4cf-4f02-a8df-b4fff20d322c,True,False,False
03a83bc6-6082-4a6a-b944-f35daa77e6fc,True,False,False
03ad619d-c4e8-4b78-80bb-ab85ed4a3a72,True,False,False
03adf41e-e025-4819-b100-d4baeba42ff3,True,False,False
03b4d6fd-e63e-4dbe-a450-48da0ff3d33d,True,False,False
03bdd80c-48b1-42c6-95a2-cad2a64edd08,True,False,False
03c2bfd7-306e-4968-80ea-ef1a7ce6a330,True,False,False
03c82434-738b-409e-8377-1b53cda4077b,True,False,False
03cab3de-a4b7-4b40-bb30-8e6f57cf6c2b,True,False,False
03cab7bd-1419-4649-a05d-438d0339c3f6,True,False,False
03cc2714-7a83-4030-96b8-9a458f72bec1,True,True,True
03cd9811-fb07-4833-8082-1f78d37e9736,True,False,False
03cda541-1610-47b7-ac5c-f137e3acd70e,True,False,False
03d0d62f-0eb2-40a5-8356-0fa221e70369,True,False,False
03d88430-9e25-49d4-bb35-d89bf9205d08,True,False,False
03dcbf44-4658-4334-990d-de6c90dd37c4,True,False,False
03ddeae4-61ee-419f-b400-22202c4e3244,True,False,False
03e05760-aefe-43b3-bbb1-42f14433de34,True,False,False
03e4c7be-ce13-4797-a3b4-6ab89a34cd9e,True,False,False
03f1048c-e376-4869-b7b3-7f3a7feb0e40,True,False,False
03f11ebc-8aee-400b-ac08-3be61ada5bc1,True,False,False
03f15861-cf4b-419f-9078-24ea07a022a4,True,False,False
03f8f733-0128-473b-aeae-de988d0c7ad9,True,False,False
03f9c06f-2a59-4f56-806d-736197ed2c2f,True,False,False
03fccc18-7f29-4832-8b83-8637a57f36ee,True,False,False
040700a5-c80f-40b4-b181-a20b964bb367,True,False,False
04098735-a739-43f5-a177-66af0a2a7aae,True,False,False
040ec66a-4473-402e-95c1-9b5888e21e2c,True,False,False
0416ea9f-3515-4c5e-9b14-3e361c014f12,True,False,False
041c89fb-6437-41e0-b584-14c14927a074,True,False,False
0421e586-e499-48d3-9951-345cc2cf4462,True,False,False
04264624-d2e9-4994-a0fd-725fb3f721e2,True,False,False
042849a2-bbfa-4ebd-b932-9cfe0bd8ce17,True,False,False
0429f49b-e525-4747-8eb5-20f113c41489,True,False,False
042a161a-f606-4990-afc6-a8a884619ea3,True,False,False
0433e1f1-2472-450e-ad6a-efbd20be48d6,True,False,False
0433eff0-8cea-4426-8257-88d40582108d,True,False,False
0436fd74-f0d0-4b59-9f8a-fbe323789590,True,False,False
043872b8-0ccb-4cae-93ee-980203d83699,True,False,False
044a7df9-cd07-439c-8bf8-273ae2d80bc4,True,False,False
044fd346-bad1-4426-933a-6f974203aa43,True,False,False
0454fd2a-a1bf-47da-b55e-3f7e505b41ef,True,False,False
0455f7f7-eaa3-4084-b5cb-745f7d36bb0f,True,False,False
0459a0bb-3e9a-4157-baa9-7dfe16094b7b,True,False,False
0469a10e-4c54-4609-b0e2-248eec2b05f6,True,False,False
046d835c-3db8-43a2-9445-1ae142bcebee,True,False,False
0472be45-9c9e-442b-8b45-f68857f3b7f5,True,False,False
04759ba1-d1bf-4fcc-b794-7de2d18cd87e,True,False,False
04788d4b-f728-4989-8538-3b7bc2a5d198,True,False,False
0479b2a3-5269-4cf4-a14f-a5a53352a67d,True,False,False
048f37b5-5031-4c17-a717-bec34795b3f7,True,False,False
049144a3-f8ac-4a75-999b-a21d925b3361,True,False,False
04978916-2c84-40c3-8abe-d8621316966c,True,False,False
04a34cea-f76a-4c4d-af20-6a0ee1e78a28,True,False,False
04a5d8a7-6c85-4ae6-a523-1b60989b7dac,True,False,False
04b1aa46-ae75-44fa-aa83-c44d9d2debeb,True,False,False
04b24139-c963-48b8-8762-b5c63acee408,True,False,False
04b665d6-67c2-4c8d-a574-65f68f1408fd,True,False,False
04b9f3b2-1a96-4298-9c90-0de9b27e9b1a,True,False,False
04bc8007-cbe5-4bec-bcda-de70d11baa62,True,True,True
04c4a4a0-3dc5-458c-a8c7-9a2bce3da6af,True,False,False
04c4b9a1-6716-4f89-a4e7-661182fbeb7c,True,False,False
04c4d3cf-66ce-4793-94f2-e58f02b03a73,True,False,False
04d4f477-a231-45f3-9979-5ec3c8707b82,True,False,False
04dc1643-b511-4f1d-8085-62b4f20228b2,True,False,False
04eb4b60-23e3-4681-9017-7859d96365eb,True,False,False
04ebdda2-cca9-4777-b0b6-72055542a2b4,True,False,False
04f2eb37-86b9-4bd7-ba82-c0c5c8581104,True,False,False
04fd4a13-7f4c-4450-90b4-3d66e5b02c86,True,False,False
0503d90e-0c98-4fd0-b8a5-2df9388803a3,True,False,False
05057279-76b9-4edb-8862-c07460b638a1,True,False,False
050723d8-52b8-42c8-8569-6ec99f32d15a,True,False,False
0507d58d-257c-4f5f-8d1f-9347d3eb8737,True,False,False
050f61b7-5181-485b-b6c9-8dbde9fe712e,True,False,False
05172a7e-7af0-450a-8844-ae3fd6f0862f,True,False,False
0521da82-9256-4c3d-9139-b1c55717d6d3,True,False,False
0521de5f-f4c1-4d6b-a029-5621fc38fde1,True,False,False
0529f0df-47f8-429b-99f8-77b53a825434,True,False,False
052a77f5-71ed-4dc0-91e8-ad36d6325a01,True,False,False
052cc7b7-324b-4371-96fa-008af97d6bef,True,False,False
052df3c2-ec08-4d96-ab84-0f0d71fb204d,True,False,False
052e16be-cb31-4963-b2cb-f436f398b34e,True,False,False
053d37e5-195d-45e4-95bf-fd9385a8ca7b,True,False,False
054162aa-c52e-4273-bee5-b5cbb6289dde,True,False,False
054365d3-2fd5-4dc5-b8e0-25d3606c15cf,True,False,False
054ae3d3-cb09-4ac9-a767-c1d85cf73bf9,True,False,False
0559dd03-fe4d-42ba-8b63-3303f65e35ea,True,False,False
055a8520-d06f-4c29-9036-37679d3ecdc5,True,False,False
055c0f01-0ba7-4c48-8d81-2869ecb67dba,True,False,False
05626465-8b76-4bd7-99c2-63a9bc75d7ac,True,False,False
0564b184-62f8-4733-96bd-cbe833d28e81,True,False,False
056cc9b8-9758-4d09-8ba1-60f71159903c,True,False,False
056fc5ad-a3f8-44c9-93f9-8040c4fda4e6,True,False,False
057213ed-7f93-488a-9270-ecddb2b444da,True,False,False
05721a44-395f-4f41-856a-0f2587c0bde7,True,False,False
0576f6fb-00db-4142-b9b8-a8a37fcbaeb5,True,False,False
057914cd-1f8a-49d9-9512-1b1998fe9991,True,False,False
057f8ede-9441-4a87-845e-a1f502c3d9b3,True,False,False
059adac8-88f2-4b4e-9f36-db2b7af8ee60,True,False,False
059c0832-5a7f-48c9-9e59-4fd9c0d7267d,True,False,False
059fc8d8-4db7-463a-9401-9153de07b8d3,True,False,False
05a04bf5-60f6-426e-bb52-6830dbe814cc,True,False,False
05a3ad17-f5cf-4648-bf2f-3d20c195fc8a,True,True,True
05bd61c4-a2b5-457b-9181-829a3cc6f959,True,False,False
05c369cf-2e86-4599-8354-06b056c8cdb8,True,False,False
05d36b3f-6a11-43be-9f9c-ce5e5552daad,True,False,False
05d9aa89-a993-4217-b40f-81b887f99b27,True,False,False
05db4502-9000-4135-ac94-ffe599c7ae2d,True,False,False
05dd2c04-6d80-41a3-8dc0-1f1968eb44ba,True,False,False
05dde1ea-d5ca-4ee6-a0aa-bddf26b440ee,True,False,False
05e16e4e-3cd0-4bc3-9702-a3d51cf31ada,True,False,False
05e67141-4d2b-4d9e-be97-f3e9559c71bd,True,False,False
05ea10d3-3748-46d6-8c97-3f190dfa048e,True,False,False
05ece971-fe24-4c12-8ae7-1cca8fda2023,True,False,False
05edda27-efa2-48b6-b7bc-d34587723699,True,False,False
05f5c7a5-79ad-4f5a-bedd-fcb7886798be,True,False,False
05f823fe-1b48-4e6e-9d16-447f6bcba874,True,False,False
05fabd86-d1c9-46a9-8391-db8435e4ffba,True,False,False
06047c86-f5f7-484c-98cb-3f503f0798cd,True,False,False
060c0661-0f18-45da-8a78-193cc84bd6f3,True,False,False
060c5ca0-cb8b-4624-9637-676b1d9fa798,True,False,False
0615411d-7eae-463b-902d-1d275f0100fd,True,False,False
06180f43-c122-4452-89df-1062fd4ccb50,True,False,False
061b2b56-afc0-46bf-845e-df352251f448,True,False,False
06318053-67be-4983-80dd-532774dd3524,True,False,False
063368b3-624c-4f64-8701-d41c15518eec,True,False,False
06348749-7932-4776-9a54-440167eb53db,True,False,False
0639ca52-7507-4db0-ac75-baaafbf0bad0,True,False,False
063b1afb-63af-4bae-8701-c5511b37160a,True,False,False
063d9371-d5b6-4043-93ae-babc2f8037ae,True,False,False
063e726d-e032-4cee-b134-d1dfcea9f3f5,True,False,False
06489f21-d6ee-4169-812e-d802773d051b,True,False,False
064a1926-083e-4b13-8ce6-785aaaca1674,True,False,False
064e6de2-31af-45b2-a70b-d4c32d8635e3,True,False,False
064ece9e-389d-4457-8f32-855602b694f0,True,False,False
064fc059-ef83-4d25-b374-c18ed7b0bd0c,True,False,False
06518ef3-0201-4871-83f3-d26bb74a8465,True,False,False
065695cc-b1bd-4a09-86c2-c6d7ac76efa3,True,True,True
06616ff1-c252-43ba-892c-c8b71da88b97,True,False,False
06690642-3172-4829-a535-01bb0195de7a,True,False,False
06692da8-9e8a-40ad-910b-aaa00e58c692,True,True,False
066ce2e9-6bd9-4058-8a36-f0018240b0f7,True,False,False
066fd373-3f1f-4aa5-bc9a-73bc2d5f1145,True,False,False
06748e12-e59a-4111-b5bb-978618c6156d,True,False,False
06860475-a3ad-436b-9c4a-0c1ad884f8e8,True,False,False
06948877-5c70-4cb4-9c32-f701781d1196,True,False,False
0694fcbb-dd50-4e37-89bc-deac3e569e57,True,False,False
06a1bd40-f30f-44f4-9314-fd610f3ea843,True,False,False
06a28ec3-0fd6-43a0-a12c-05b352ab7059,True,False,False
06a4ddfc-5e5f-4a6e-b72d-fdaa4d4e4f06,True,False,False
06a60260-7593-4f41-b718-a7e0e3eac01c,True,False,False
06ae2d7c-87fa-40f3-a510-7a5c9382c04a,True,False,False
06b9307a-ee51-4b8f-9946-196cbf7717d8,True,False,False
06bb594c-488f-4ab1-bb53-2cd7022049f7,True,False,False
06bf0432-20b8-4e72-a8fb-fa424dbe61b2,True,False,False
06c292a1-1fbf-4fe6-88d4-3f72e71e66d9,True,False,False
06c8ffb7-2364-4061-9235-d1c0f2f7c53d,True,False,False
06d70ee2-3f0c-4f8c-83ea-b56719331391,True,False,False
06dc69ad-3087-477b-989f-9575516c36f4,True,False,False
06e2be78-1bbc-4307-a408-9963df5e0b54,True,False,False
06e82210-b91b-40c6-8419-8a7ba86feaed,True,False,False
06f1fac2-4a28-4cd3-813a-eb07783900b6,True,False,False
06f32080-ae36-47b1-afae-aa446b291c56,True,False,False
07009ee5-e409-4a3e-bf0c-72bd96c247d2,True,False,False
0703017a-e6dc-4433-b223-a4e3fefddd0c,True,False,False
070db79f-688e-4830-ac57-0923bb6fd922,True,False,False
071689ea-9c87-436e-8927-9bb578a92373,True,False,False
071a6b99-8a1e-48cf-8816-b6ff3f2c38cd,True,False,False
071db94a-b1d1-496d-8d13-41301caa8685,True,False,False
0729f207-5272-414e-91ec-2b0430e49284,True,False,False
07343706-f1e2-498b-8928-d3627d46a347,True,False,False
0735180a-3197-459c-ac64-77a821d49c65,True,False,False
07356140-bd68-4e6e-b3e9-ffdee1510421,True,False,False
073b6567-dbd8-4a0e-8509-0420c76a6d22,True,False,False
0740dbe4-9d0e-4749-be1b-52ba7a4f4193,True,False,False
074aefb6-35cb-495b-b248-b49d42eb76d1,True,False,False
074b54db-5974-4471-b1d4-28bf82aff195,True,False,False
075ebad0-b899-4d0e-bfe9-682c7bdb2ba4,True,False,False
075fb7f7-595e-4250-8c86-9145fdefe0bb,True,False,False
0760a36d-90a8-4b66-be4f-c84eb84c785b,True,False,False
0764b083-acc5-4e92-8e10-da5f690f2081,True,False,False
076ca666-e8fd-49d3-a2e2-24b953ef7f9e,True,False,False
076db598-b525-4e40-837a-3014178f7335,True,False,False
076df4e6-e499-4787-9a6c-7cbb02df73c3,True,False,False
0773f363-87fa-4829-a803-e033c828263a,True,False,False
0778f244-48e7-49f8-8003-d850b66ee4fc,True,False,False
077c0d5f-6c3d-43cd-9e2f-9df9f206e0ba,True,False,False
077cb26a-b683-4243-aa1b-e657080d209c,True,False,False
077d80f5-9ea2-4a3a-89d5-6f07761d0138,True,False,False
0780664f-2ef6-4f57-8f25-6d69d0c793e1,True,False,False
0795b050-b285-4538-9019-22cfe6cd91e0,True,False,False
07977916-9955-4534-829c-34bc6d6c8147,True,False,False
07981774-6458-4248-89fa-e6ac47e1acc4,True,False,False
079b0003-236a-4e60-9576-57cce9874b67,True,False,False
079c18d1-8cee-4afd-ab67-51e834316725,True,False,False
079e3971-2906-491e-891a-9d5f3aa4b317,True,False,False
079e4cd5-96de-411f-9637-b41d7051de9a,True,False,False
079eeaa4-4428-4721-9dfd-817b9f033853,True,False,False
079ffb07-21f1-42f3-87ec-0446b8515845,True,False,False
07a07526-d530-473b-82bb-747b2c746385,True,False,False
07ae1035-8c41-4cb0-8c1d-81bddb2a59c8,True,False,False
07afe1cc-c3f0-4cf4-b79a-aee3012bcc3a,True,False,False
07b0cbbe-3f76-4716-9953-87f5d5165aa5,True,False,False
07bb3b42-2974-46d6-8c11-8843b8aadcad,True,False,False
07bbf562-ddbe-41f6-9fd6-3bfcbfde4cdc,True,False,False
07c2d86b-64f9-42e9-ae9c-fb8560645dc5,True,False,False
07c3ad11-f9a9-489a-9ecf-6646b1fd1fc4,True,False,False
07c750ed-806f-4fca-9c2b-648383fc8991,True,False,False
07c76c31-d84b-459e-ada7-5ca3fcaaf05f,True,False,False
07c9f9b3-6161-43d7-9ce7-12a09ef6935d,True,False,False
07cd8011-f5ac-46c3-b83d-3c4784df09a0,True,False,False
07d0b428-ae75-4782-962c-35d504d4d9bc,True,False,False
07e4f9a0-603e-4569-9524-c217b011bc6c,True,False,False
07ed32ff-1a83-49b6-b276-88611dbdb937,True,False,False
07ee6b17-319c-42dd-b228-5432c04d3763,True,False,False
07f990e9-6164-4a49-996f-f7e1ae669a40,True,False,False
08015170-bfe0-1e54-f5e9-0e0784419cb5,True,False,False
0801ffcc-101b-4eb4-973c-1f4f2cb73d30,True,False,False
0802ab6b-cda7-4cc1-aac0-8bf38ce901f4,True,False,False
08069d42-1eaf-47dd-a5ae-6529def21ab6,True,False,False
080cd59f-692e-4ba3-b0d6-0142db9c5479,True,False,False
0814089a-1e6b-4680-bdd7-0de638294495,True,False,False
08188f1b-644d-4a36-936c-c0f639164318,True,False,False
081e11b2-bdcd-4337-bc81-749b22d3c6ac,True,False,False
082a8730-d6c3-4549-b63d-9c06610617d2,True,False,False
082babaf-cd4e-47c2-8296-43a57de663bf,True,False,False
0833d092-bf2e-4743-b2a7-ee65dbd4b020,True,False,False
083c036d-568f-4364-91ff-48e59558fd32,True,False,False
08408dca-6538-4e8c-af19-d25d209c38e5,True,False,False
08462878-9c16-4806-963e-de98a4d5c762,True,False,False
084a39d2-894f-436e-82f6-dcce242b389f,True,False,False
084ee26a-d850-4c0f-acdb-fead8e42e6e8,True,False,False
084fc4b9-65ab-433a-ae4d-d5494c6e7495,True,False,False
08504f2b-beec-4649-887d-dafe9b2b108e,True,False,False
085069eb-da6f-4f6e-b530-4c621798f508,True,False,False
085438ab-413a-44c3-8d69-e59de2544351,True,False,False
0857e48b-fa40-4405-a4fb-3a2647c05d9a,True,False,False
085a257b-5c44-4c12-b5c3-17599e7d7c20,True,False,False
085cfc9a-80fe-46b7-9142-3f56b5f54b30,True,False,False
08620fce-13a7-4b4f-acd9-22339bbfaa2d,True,False,False
086ba65d-7d07-43cd-8c89-5a597c5f990d,True,False,False
0870ebea-0784-42a0-8b73-92203b97f28e,True,False,False
087a8b9f-d964-4e61-943d-3de236a8d5bf,True,False,False
087f12cf-065e-4d68-9247-c23d3d39dd4b,True,False,False
08825067-ce3a-425e-8d5c-34b4d16709f3,True,False,False
088e83b9-0370-4e4f-8b2c-762f5c84efa3,True,False,False
089899ce-9886-4057-98ac-5bd25cb6e964,True,False,False
0898a6b1-6910-4c81-a830-e7bc94aec14c,True,False,False
089e6202-96a7-4b85-9953-895a0573fe8c,True,False,False
08a42c83-853e-4ad5-9f00-492e34c91127,True,False,False
08a7fd34-144f-4a4b-ae39-90825ae07301,True,False,False
08aa6805-607a-49f9-a9e9-274b48eee9d1,True,False,False
08b1bcd9-390b-4f9b-a003-2379a7683463,True,False,False
08b22bd3-4d94-443f-9ab5-a583d5bb1bb1,True,False,False
08b76a7f-e017-4a6f-8728-45eefd170377,True,False,False
08bbf576-5dce-48df-a8cf-3849d181920c,True,False,False
08bfed46-976c-4ba6-9efe-0821f1f9e0d7,True,False,False
08c1f987-ffe1-42e9-b813-521b8318267e,True,False,False
08c47c5a-d92e-4f5b-8cb6-8eee0a3255f7,True,False,False
08ca929c-26ba-4d6a-966b-42ffdfabdd3d,True,False,False
08d4b56d-4864-4445-99da-30667b37ff4e,True,False,False
08d9dabc-91aa-453b-896d-d9125f4d4df7,True,False,False
08d9ec4b-7af3-4a2a-96a8-7d2af50c1d86,True,False,False
08db8984-44c8-4837-b5ba-6b8a65b43bbd,True,False,False
08e64046-80da-473c-bcbf-f5e74290a665,True,False,False
08efec40-7c22-4443-89f7-a509d7034521,True,False,False
08fd5c7e-04a4-43b0-85a1-0c410386719a,True,False,False
08fffa67-3631-4317-947f-dbeafdbdb65a,True,False,False
0907e460-7779-4602-88df-efa19e9d1fbd,True,False,False
09099174-8acf-47fa-8c24-34519d3de100,True,False,False
09112ea0-287a-4885-bf91-f2549bcebe80,True,False,False
0911a285-6910-4c23-9ac2-72f303d48473,True,False,False
0914ef1b-a22f-4d05-8ee9-1e93a26d3b8c,True,False,False
09155887-5298-46c2-8f52-8994ba8828ab,True,False,False
091bc713-dd78-48cb-9917-721b94b7df85,True,False,False
092487ef-a94a-4fc7-b0b2-ee13170dcd9f,True,False,False
092617ac-33f5-4768-9cc2-fc3184575b79,True,False,False
09362cd6-4131-4876-b150-72781ad2acb8,True,False,False
09382472-77c6-4587-96a2-220b8b61f050,True,False,False
093d2951-04ff-423f-befd-6719cba58c12,True,False,False
09474bd3-67a3-4bc4-96c7-004be23b0413,True,False,False
094832da-5c8b-4e08-afa4-a700b4fe5623,True,False,False
0951bd37-1ff7-4bfc-946a-49ade3ef7d25,True,False,False
095666bf-5448-4daa-b578-33b3a16e8730,True,False,False
0957ab90-42a8-4bb7-b14b-c70ef71f0de8,True,False,False
095a16eb-17b9-46d8-9f2d-41d2270fbe2c,True,False,False
096bee1b-e3a1-4bfd-a758-cdc55d1edb5c,True,False,False
096c3df9-f4d3-4385-8f11-375e46a76dbf,True,False,False
096e8114-c527-4159-bf6b-27349e3fe22e,True,False,False
0972adcd-2cc4-40f4-8b21-6a53ff2cc4a8,True,False,False
09843a46-eab4-4241-880e-b475cd1da5a9,True,False,False
09876bc7-239b-4f1f-9e4c-075b7c81504a,True,False,False
098ae591-2914-4e47-b91f-bc45ba285721,True,False,False
098d98be-bfa9-465f-a72b-07d61cb2cbb9,True,False,False
098df26a-4a92-4741-9dff-5052181d8a9d,True,False,False
099367ac-b922-4e21-b5c9-22428afaf577,True,False,False
0995b98e-a0cb-447f-97c6-96b1054d27b7,True,False,False
0998722d-c2d8-4e8b-b95e-c68eec83dfaa,True,False,False
099be7e4-f593-4d6c-a52b-6fa2e539ea09,True,False,False
09a6b807-12f1-4661-b1d2-0d6bf54aa250,True,False,False
09acd1ab-ea53-4e84-9e20-667b9a67e056,True,False,False
09ae58a8-ab6a-41eb-b396-7cae66fa888f,True,False,False
09b44217-5a93-4c0d-aea2-269787d3905b,True,False,False
09b6d537-9d3f-440c-80f6-b629e6b9ae1f,True,False,False
09b8b30c-1c2a-4646-ae74-05a867075d36,True,False,False
09bf63a2-18a3-44b1-abde-ddc9dcf65205,True,False,False
09c21806-0945-4089-a212-2f13a8759e57,True,False,False
09c8547a-dfb6-41d9-92a9-8835b591789a,True,False,False
09ce5e87-9230-4ad5-af03-4978d9010f67,True,False,False
09d7a8da-5e20-410e-99e6-9583a3aafdb6,True,False,False
09d870b3-7285-4781-9c32-9c07dc20ce92,True,False,False
09d88d2c-52fb-446b-9779-318020441202,True,False,False
09e614a1-59a0-46b6-a5f2-acc306d51ec4,True,False,False
09ee8a64-3597-4941-84eb-58ec7a614f8e,True,False,False
09ef281d-c1da-4258-b5ad-64154248e783,True,False,False
09f1089e-1813-440f-ad1f-232152c7efb4,True,False,False
09f5e2ab-0431-42bf-afc7-0c9073054471,True,False,False
09f70041-bb67-425a-a9ec-b234bc6ebf7e,True,False,False
09f701ab-1e19-4c05-9b54-33c8b33d7226,True,False,False
09f7c792-fb5a-44aa-b0d4-624f503cf803,True,False,False
0a019ac5-8ecf-46dd-86f5-869d32fa8c4e,True,False,False
0a03f1ba-4165-46e2-9ee5-4cad016876ea,True,False,False
0a03f508-e1b9-4444-bb4e-9680a1fda2d1,True,False,False
0a06030b-07bc-4d46-9154-d483ccf7d3fc,True,False,False
0a10498b-6817-49fb-a5f5-8308e69f17b0,True,False,False
0a105323-1291-49a9-a68b-b8e7a31b5ea2,True,False,False
0a12bc1d-7a82-463c-ac96-d336b01208a6,True,False,False
0a139891-1ba9-43f4-811f-8aaf4fd7cf43,True,False,False
0a1f37d1-71b7-4645-a8a7-ab91bc198a51,True,True,False
0a1f77da-3373-4d63-b7bb-42e67ca27eca,True,False,False
0a21f288-7daf-4077-956d-6c1022c13079,True,False,False
0a24fb36-3388-4160-ae7f-14fe8d3b733f,True,False,False
0a2f3d79-598f-4ecc-9d1a-b50ebe157298,True,False,False
0a3233dc-a16f-4cc2-bbd3-ce6e385c2087,True,False,False
0a3aea8f-d8c3-407f-88c7-fef0978e6ca4,True,False,False
0a3c38b2-5dad-4331-bd00-bb3b080ea78a,True,False,False
0a4c86ba-2ee1-44a9-8ff4-fdf04d531639,True,False,False
0a4cbf32-0ac3-4a58-9d1d-60ea302bf0b7,True,False,False
0a4d33c0-4d2f-435e-8eaa-b3dd64ed1d62,True,False,False
0a506df2-ec58-4a01-8b3e-fdba28a8065f,True,False,False
0a676eae-3036-4a8e-90a9-09189f6dcb8e,True,False,False
0a7861d6-8026-405f-ac8f-d07f99012733,True,False,False
0a794041-1ec8-4929-b72d-e7c379127d34,True,False,False
0a81027c-c305-4786-bca6-782b939b9a5e,True,False,False
0a837d75-cb4e-4ffa-8820-f3fda329f79d,True,False,False
0a85c879-2bd1-4880-b16f-edb5e8c7c5d1,True,False,False
0a899268-31eb-46de-898d-09b2da950b24,True,False,False
0a916bf2-1bef-45d4-ab5b-d7338bea8300,True,False,False
0a95442b-6c02-4ec5-92fc-7c557243987d,True,False,False
0aa56dc5-3acd-4bac-8c2d-c1eca82be279,True,False,False
0aa861b4-a6b5-4a0d-8860-4341b6e5b821,True,False,False
0aaa7721-729d-4ba5-a3a4-a8609c06be21,True,False,False
0aab3307-5426-4cba-91c9-54b53c5f7aee,True,False,False
0ab1a64c-08fa-41fb-bd4f-c22c337bcc3d,True,False,False
0ab66d39-c76e-4961-88c8-f245312c24a0,True,False,False
0ab901cb-bfaa-4b54-bab7-5f138a177173,True,False,False
0ab98191-bf07-479b-9646-93614547ac95,True,False,False
0abd297b-b0e0-435f-aabe-aa148d8745c1,True,False,False
0ad32d43-ae8d-4c91-8089-b8a18c389639,True,False,False
0ad37ad6-218e-4f94-8f0f-b2eb230a919e,True,False,False
0ad482bb-f765-4f0a-9158-6a07b27df092,True,False,False
0ada506c-9b87-4595-bc56-e77484afe5ca,True,False,False
0ade4d02-bef9-420c-aeac-929060c07f78,True,False,False
0ae3d333-7e43-48b7-a3e8-21c8a1c6422a,True,False,False
0af054fe-6a55-449a-b228-83271fec5f24,True,False,False
0af83f0d-c619-491f-8f8b-d04def259a23,True,False,False
0afa0da4-cba0-4690-90c5-a1e33ec00e15,True,False,False
0b037840-3265-4fd5-89f4-857c96201480,True,False,False
0b0cf432-562f-fdef-bbcb-ce95181ef34e,True,False,False
0b116a72-0c84-4cf9-a32a-eba67ccac3d0,True,False,False
0b1abd27-ae43-4666-936c-4c0f6b6ccd83,True,False,False
0b1cf0bc-51d3-1808-fc25-d02c80f33c5d,True,False,False
0b224aed-14c2-45b8-b00a-c7858136fed7,True,False,False
0b25d518-3ada-40c5-a6b1-8fc73c35e79b,True,False,False
0b3161bd-9b7e-4ce9-b85c-e63715f07fa0,True,False,False
0b3217fe-f7d0-4bb8-9b0d-f2a5d5b6caa0,True,False,False
0b32dc40-e0de-4cc4-a342-dcc87d12f215,True,False,False
0b383a4e-862d-4908-a546-a7303d003a45,True,False,False
0b4aa183-c201-465c-9d97-387c2d00352c,True,False,False
0b585cd8-d977-4d7e-9dc1-e4ce662b4542,True,False,False
0b5e6786-529d-44e9-9b0a-3e43f0a60038,True,False,False
0b6e1d11-2084-4442-97f7-4a33e1f4fff1,True,False,False
0b6e8414-86b0-4376-8ad4-2973263effe0,True,False,False
0b7243d5-11de-4041-bd6f-3e4f40fdc6f9,True,False,False
0b735b70-f08e-4e71-a462-2761b8a86ba2,True,False,False
0b770ed7-cb6c-4e23-9574-2e648e4e6e31,True,False,False
0b829da0-8fc2-497d-b848-0d45b5f2a772,True,False,False
0b83eb49-4176-4382-9449-e6a487142a15,True,False,False
0b8672f2-dc33-4f4c-8a40-5bb6ad011c25,True,False,False
0b8cbba9-d86c-4921-a464-93c2b9e11a06,True,False,False
0b919ca2-df3a-44fe-b332-89bde229d57a,True,False,False
0b9b17f9-015d-4205-aef4-a47579b921a2,True,False,False
0b9c0af2-0c06-4236-97f4-d7e7f8d0e31d,True,False,False
0ba47e2d-12de-4a6b-82e3-ed9ff9ce2552,True,False,False
0ba503d7-bfc6-4ac9-bbe2-33993794a7e2,True,False,False
0baac3b0-1540-4c8f-9169-c86259b7d817,True,False,False
0babf861-5969-4ff7-ab5a-cde7c33ef6d7,True,False,False
0bad6429-991d-4f29-a192-5525fb49b7ea,True,False,False
0bb46983-ab06-4438-9066-79bcc79a6f2b,True,False,False
0bb65edf-60c8-41e9-96ba-6e41953a0c09,True,False,False
0bbae335-c4aa-4e55-9855-cab04a8f8867,True,False,False
0bbb6fe0-3174-401d-b3c9-119ee8ff155e,True,False,False
0bc4ee0e-35f7-4c08-973a-069b2eccf5a6,True,False,False
0bc6e97a-31b4-43f4-a1c6-c66a294202d6,True,False,False
0bd1f300-1f04-4c6a-b9ba-8541ee814bf3,True,True,False
0bd23b84-e79d-495d-82e4-724871931f1b,True,False,False
0bd362fb-38f4-4353-a34d-853344ffa90e,True,False,False
0bd6e3a6-9e8b-4e66-acc4-62f52472b16f,True,True,False
0bdb0f14-72d2-48e3-9cf3-f399656b9f40,True,False,False
0bde8c79-a069-4293-9a7f-0e80f3c630b6,True,False,False
0be174cd-1c9e-4bc1-be41-1fbb27e2e224,True,True,True
0be4961a-c5a8-4fd2-a536-a634bf19653d,True,False,False
0be75898-3d20-4593-8c57-bb5c3ab379eb,True,False,False
0be817cb-34ba-45da-989e-8c9698a884e0,True,False,False
0be926b0-a245-40ec-96ee-9a35247102f9,True,False,False
0bea9ab9-a065-44d8-8fde-4173de7930be,True,False,False
0becbe78-975e-48e6-bba0-5339cabc734b,True,False,False
0bed87a3-7bce-4222-ba0d-314316dca5f8,True,False,False
0bf02d92-ee34-42bd-88ea-2d00f91e4bfe,True,False,False
0bfbd0b3-2ef0-443e-9dbd-98e82df309df,True,False,False
0bfca4bd-3a7f-4c22-8328-a9aedf7e8a34,True,False,False
0bff3876-ca97-4d3e-bbb2-731ad2a22f9c,True,False,False
0c128247-10f6-4367-bd53-43d39ca7e689,True,False,False
0c1674f2-7393-40f5-bace-c93cfc84016f,True,False,False
0c24b5de-22eb-4bd2-b8fc-2884bb113535,True,False,False
0c25298f-ca83-43c7-b19c-8ce18e2276ff,True,False,False
0c253055-93f5-42a1-8425-e5a5178ac592,True,False,False
0c25df4b-497a-4136-a567-b490597f9102,True,False,False
0c273dea-f052-9156-a23f-84396dd4333d,True,False,False
0c376fe5-fc3b-4c3e-8e84-bb060258c405,True,False,False
0c3e6d2d-9fbd-40e8-8b6c-004f3ff370e5,True,False,False
0c4b7a23-2bdb-49b2-80c2-eea0e423078c,True,False,False
0c4e0dc3-ea35-4015-948e-8d54b8555d10,True,False,False
0c4e1f57-537f-4469-b3aa-83a95c4cf70e,True,False,False
0c50c114-6d2f-4348-9827-335dc09f478f,True,False,False
0c5311ed-df37-4b5c-83d9-a2d22e2457f5,True,False,False
0c540bf9-2bda-48de-8ebd-7278e1105407,True,False,False
0c5df69f-2994-4375-85f6-e73500a91c71,True,False,False
0c5e8618-958d-462a-a3c8-52be62d5b7ff,True,False,False
0c63767b-f67d-4306-a087-378de76745f4,True,False,False
0c6a9fb9-d754-48f4-8145-14f7c663ee3a,True,False,False
0c7408d2-3b66-4078-991b-27256906649a,True,False,False
0c7914be-9f44-4bc9-8dc0-b3be7f74512d,True,False,False
0c7a2eb9-1e5b-4db8-bbb2-892331a91d8c,True,False,False
0c8605f6-189f-49cf-aec7-4db8914b41f9,True,False,False
0c879429-daee-41c9-8a3e-757ed252e9e5,True,False,False
0c893648-2be2-4aec-90ec-bf6a39abf054,True,False,False
0c8e4349-7063-4d39-b4b9-5d54f8723d48,True,False,False
0c9a0092-076c-4e87-a18e-1ec3d5f49745,True,False,False
0c9a194f-731b-4bdb-9871-7d3b83fd899c,True,False,False
0ca023b6-4d48-41bd-a451-230985d27059,True,True,False
0ca4d20d-5b61-47a6-8aed-bbcb968c7ae4,True,False,False
0ca8079b-fa77-447b-8420-370609ee8cad,True,False,False
0caa08de-b5fc-4b39-a6a1-cde74ba5b9b5,True,False,False
0cab3c53-50a7-4d44-a96f-2e4f030775a4,True,False,False
0cacb4a1-a1e6-4502-b6a4-028e23d2928f,True,False,False
0caf2718-5fb0-4f21-829d-05cdf424dd27,True,False,False
0cbce649-2332-44d6-983e-627ff8eb784b,True,False,False
0cc3901f-b6c7-40f7-98c4-9755799d5727,True,False,False
0ccb82d7-391a-4e3a-954e-c0475201c183,True,False,False
0ccbde7e-74f9-4b17-aa1c-b1f800cb90ea,True,False,False
0ccc0238-984a-4f3b-99e3-bc1a325205ba,True,False,False
0ccd4dae-22e7-4d1b-bd63-f1ea872a6704,True,False,False
0cd0a779-c987-4391-b1ed-b30f2338f0cf,True,False,False
0cd186fe-8421-4eb4-b651-fe0a50c7bca5,True,False,False
0cd44340-b5d7-4540-8cf4-945486d2af78,True,False,False
0cd78598-8187-46fe-a7bd-213e07d9f3cb,True,False,False
0ce129b7-ec7c-456b-afad-2ce2f0947cd3,True,False,False
0ce3bc02-15e5-4ff6-9d6f-2c37b315e9ba,True,False,False
0ced0af8-2f44-4066-b9c9-543e67a7fab3,True,False,False
0cee2b77-1245-416d-85d3-7f077e3a08b0,True,False,False
0cee313a-0394-47fa-ad2d-81ceeec0f23e,True,False,False
0cef0bed-e54c-4e8a-970b-44d958483711,True,False,False
0cef7940-86b3-46df-ac5a-e3786c10aa48,True,False,False
0cf52aeb-382c-472d-b58f-8e626119b975,True,True,True
0cf9053e-07d2-4f77-bbd7-82e63840f3b9,True,False,False
0d00550c-dbc6-42a8-b6d1-493c633ec829,True,False,False
0d00a6fc-8050-41ed-9822-95efa7203c99,True,False,False
0d0a62c2-60c1-460d-9d70-3de9989f2c10,True,False,False
0d0d6e6f-fc71-44a7-bb16-1a5279641ffc,True,False,False
0d12de86-603c-4705-9018-6c70432e13ed,True,False,False
0d1447ed-1dff-48e4-91dd-f99835f9588e,True,False,False
0d161a87-9d74-4e93-b625-1d538fc22437,True,False,False
0d1cb339-a9f2-4768-8ad8-174ccbb3e1f6,True,False,False
0d362b2c-b5a1-4537-b58f-ef9ba2cbec9b,True,False,False
0d3b97c7-a9f3-415a-8e43-3b391f524125,True,False,False
0d3d474a-74c3-461a-a6ff-7f984f66e4c5,True,False,False
0d44d990-96bf-1453-49cb-2f4d74acc373,True,False,False
0d4e713b-0b04-46d5-8f4c-f34f02c08a1e,True,False,False
0d4fd280-27c9-4e8f-904b-1fac5e57869b,True,False,False
0d50f88b-22df-4c5c-95c0-25b3e7830d3c,True,False,False
0d631457-9a82-4f07-9ff7-1accfd9c2c50,True,False,False
0d63ca51-a14f-411e-8412-aa4e28498db2,True,False,False
0d6894e9-6d31-49a5-84ec-14497634d207,True,False,False
0d6f2b13-4ac4-41d2-8500-7b05fd7b78fa,True,False,False
0d7539cc-bfbd-472c-8a82-11092d50d653,True,False,False
0d809853-ecf6-4517-957d-c1b3dd7a64a9,True,False,False
0d82c0bf-c0df-4a87-a8db-04bec902ba79,True,True,False
0d8d2a2f-7f18-4fb6-9727-623d76f1f10b,True,False,False
0d8eab81-58e5-4465-8fd1-d6fac9f834db,True,False,False
0d9021b1-a833-42ad-a6e2-575d01508d15,True,False,False
0d94bcf6-55a1-4c77-8d88-b51bd5715a42,True,False,False
0d958e42-a03e-4f2a-9a30-ca9dce102f13,True,False,False
0d964a1c-0b1f-49e2-9c46-8be3ba1865f5,True,False,False
0d998ccf-7dc8-489b-9769-a5376d4cb812,True,False,False
0d9a5d7e-def2-4150-ac7d-8cd56cfba4ae,True,False,False
0d9b1d0b-8630-4021-9534-8f0e830452b2,True,False,False
0d9e2ec0-69f0-4d53-978b-0b53dcb67312,True,False,False
0da6e12f-229d-4f5c-afeb-288b400efb92,True,False,False
0db7b2ae-5fec-4998-b1c4-efdd43714c41,True,False,False
0dbbd886-b497-44b1-af5f-0f73c5ca25ea,True,False,False
0dbdaa1a-efd7-4b6a-8f09-afb29404e88d,True,False,False
0dc79672-2cce-4325-99f9-c1bc38045eda,True,False,False
0dd1343e-d01c-48fd-a0a4-0b8577277b6d,True,False,False
0dd25222-f990-4a4f-8da9-5bd6eb978d90,True,False,False
0dd6fe16-2f48-47e5-99e5-191e74e3d5af,True,False,False
0dd83c35-ffb2-4f64-9482-026161f9378b,True,False,False
0dd96e2e-421b-4575-8b40-d400eeb88436,True,False,False
0ddfb243-e8c9-4572-985b-589da56055d4,True,False,False
0de51abb-650b-458c-aaf1-aa51d93f0473,True,False,False
0de52a1b-d50e-4ecc-a478-4a2a7ac5800c,True,False,False
0de7a31c-f943-4acd-86ef-1f6593c377ab,True,False,False
0de88ef4-4caa-4f1b-8aa5-5205bdf13356,True,False,False
0deb0612-5c16-832c-8dac-53ef73695d95,True,False,False
0deeb0f1-cf90-4a57-a58d-5ff063736cf8,True,False,False
0df06958-182c-486b-a2dc-596fa976eb14,True,False,False
0df29dfe-5378-45b3-8f77-afb30100de1b,True,False,False
0dfbcbc8-2664-4ea3-9324-fcd53dcab222,True,False,False
0dfffdf3-a369-4a44-8280-44be9e562055,True,False,False
0e011118-ff8a-4bf5-b236-144eb76bc326,True,False,False
0e0f7e30-fe49-4876-8ff0-e61c18e9dc16,True,False,False
0e181a6e-8694-4a40-9273-c005f99f296f,True,False,False
0e1c1766-65e2-4fdb-b56c-73d6aeade122,True,False,False
0e2405fd-316c-4967-a914-36bf71a813ad,True,False,False
0e2655e4-bcac-402a-a034-10d33fffbb5d,True,False,False
0e2841ac-3656-4aba-bb23-454778492146,True,False,False
0e29475a-519f-4a30-89d8-6849f279e8af,True,False,False
0e2a0278-dcf2-4d66-9f10-22b72d7a7e8b,True,False,False
0e316adc-6048-449b-94a9-9e7298fb4b34,True,False,False
0e36168f-8b50-4e62-a785-c0bc31a92366,True,False,False
0e392f7b-390d-4ae1-99b6-a70ef16886ff,True,False,False
0e407b67-5353-4d3e-8283-8f424bf120a3,True,False,False
0e4247b4-9d61-4525-a215-d197d4b44dcd,True,True,False
0e45dc2a-fddc-49cf-9a72-4cf03bb03b83,True,False,False
0e5249eb-4c2e-43bd-8e97-aea857f9a8ae,True,False,False
0e5a243a-383f-4785-a91c-82f8f5896acc,True,False,False
0e5d067c-27cd-4a1f-b28e-4d2087eb335b,True,False,False
0e5d88bb-bca1-452c-9cab-c83136989097,True,False,False
0e6049e6-704b-476d-8c88-5b0d68108e57,True,False,False
0e63994b-a5a7-4335-93a5-a80c9e4afce3,True,False,False
0e6fc810-6762-4ed3-9e87-5f70c48b10d6,True,False,False
0e6fcd34-8395-41e6-9161-b80570bd8330,True,False,False
0e708894-d21a-450a-b0c3-d7d9dee7bd2e,True,False,False
0e85880d-7cd2-4a36-ae4e-1f5cac1f4e34,True,False,False
0e89fc3d-fd9f-44b4-a212-c09f42d52566,True,False,False
0e8c3f32-beb4-414d-a946-733786b45a49,True,False,False
0e8f4a47-f7ce-4458-a1c9-2762e3c08df2,True,False,False
0e98d9a0-7d2f-46d5-a315-36597e574be8,True,False,False
0e9af90f-aa8b-4d3d-a797-8bdd3f5d5259,True,False,False
0e9c5b7d-0d76-454d-be93-8b47b63d63a7,True,False,False
0ea2ce20-4109-4f14-aba1-7fd2c7191ece,True,False,False
0eabee1f-c6bb-48cf-988b-cb5023376446,True,False,False
0ebc9245-ac6d-40b7-99d4-78b31da2f09f,True,False,False
0ec0d1e1-3234-44c4-8376-d002433e524d,True,False,False
0ec68075-c313-4e92-911b-f41110737d48,True,False,False
0ec73709-7065-45c1-886e-afd0298bf7bd,True,False,False
0ed23047-bcf5-4da1-a92e-71559c821d25,True,False,False
0ede32b0-4bdd-4d6b-bc88-cf7699f75ce4,True,False,False
0edee1ee-9a76-4849-9d3b-a1530f1df8b7,True,False,False
0edfe0f5-0516-4995-bde3-a1b8fff97b69,True,False,False
0ee1aaa4-bf35-41be-82a0-d30661529bd1,True,False,False
0eebf7df-d5c7-460d-a6d2-6ea553066ef2,True,False,False
0eecbc7e-3b64-418b-ba69-4969530e329b,True,False,False
0ef0d47e-dfea-46ae-8e9e-431090ef06dd,True,False,False
0ef410e9-3db9-4eed-920b-3f67b6af080b,True,False,False
0f039697-fedc-40fa-8830-39c1a024351d,True,False,False
0f0606f5-ee99-4b69-af95-2d68f906902f,True,False,False
0f0a51e8-4127-42c1-9868-3ffb8d283e50,True,False,False
0f1103c0-7045-4c5b-bc8c-c5009d348dbf,True,False,False
0f149864-9a3a-4fd5-88c3-b9f59de65d4b,True,False,False
0f162686-8f43-4d69-b67e-56d02d07d4ed,True,False,False
0f189a37-8c66-42dd-bbe1-99bdd80aa306,True,False,False
0f1d91da-331e-4daf-bd59-dd775b56720a,True,False,False
0f2280bd-fcea-4dc1-9122-861289cbe775,True,False,False
0f28571b-f965-4b09-ad67-df8f8c5c8029,True,False,False
0f2b1639-1bd6-482d-a5c4-d570def691f3,True,False,False
0f2d98b7-ccaf-4daa-93cc-03a99d512be2,True,False,False
0f303a86-304a-4fad-9027-e385a7794c6a,True,False,False
0f352a79-2553-440d-85f9-7e4e1fa45725,True,False,False
0f374662-36da-4955-a000-a47ce9c717c0,True,False,False
0f4879f9-ec7e-4179-8e72-80d633a12460,True,False,False
0f4af5f3-6cb2-4e3f-b406-f3ee384ec552,True,False,False
0f53e5f0-0721-4033-96e7-4abb157ca151,True,False,False
0f57749f-dd59-4051-8c91-a443d3e738b4,True,False,False
0f58e3fb-d61f-475a-b67f-5f0c3cde24c8,True,False,False
0f625326-ac1f-4596-a811-906633389295,True,False,False
0f802658-48b8-435c-8eb9-7920e8b60477,True,False,False
0f823518-73f3-4dbb-827c-89e494bc0efe,True,False,False
0f8414c9-6d1b-47a6-b2d3-ea56ba95f99f,True,False,False
0f8f7ff3-4535-4752-8945-399d93dd2bf3,True,False,False
0f908148-a04c-4f46-9793-349b8d75faa3,True,False,False
0f9867cc-814d-474a-b4f9-8f936b8e25e4,True,False,False
0f9ac66b-53da-4b1a-afd8-c23c8ac9ff9f,True,True,True
0f9e0005-9a6c-4bcb-a9f1-a09c47f43ebb,True,False,False
0fa56d83-3069-4b96-8dbe-3a13f06c6afd,True,False,False
0faa2f07-814e-4ec8-8883-841bcdf41163,True,False,False
0fb61456-0325-4924-81a4-b62c333948ee,True,False,False
0fb65423-1787-4bee-9356-cda13099067b,True,False,False
0fb7f0a5-4194-4c62-9524-096012a4ee5d,True,False,False
0fbf659c-b891-4083-bc5b-36150c972f4d,True,False,False
0fc972e6-1bf1-4046-87bc-0065b4a0908b,True,False,False
0fd29ce8-fe61-47e9-a1cd-50f343d276dc,True,False,False
0fdae7bb-8332-44d4-bfbb-9faf038f8565,True,False,False
0fe37ede-038e-487e-9309-8580fa2d1c65,True,False,False
0fe64462-83eb-4131-ab00-8e764dd995c3,True,False,False
0fe699e4-1db8-4092-ab4d-966840290aae,True,False,False
0fe8c27d-e1e3-45d0-9f09-e9af45dc0e3c,True,False,False
0febe82b-5f6c-4a8b-a172-8756b9edc0ef,True,False,False
0fefc77d-22f6-4910-841f-fe6787837ec3,True,False,False
0ff120a8-94a1-48ea-8acb-355862dfdb5d,True,False,False
0ff3ed3a-8945-4b44-aafd-2a5bf5940a88,True,False,False
0ff67867-b465-4fb6-981b-d708d9ac017b,True,False,False
0ff7332c-9ef6-4ea4-a8ad-c851645c5833,True,False,False
0ffc382b-96b5-4c71-98a9-921a81a54d7f,True,False,False
100807c8-ae2f-42ab-ab85-099eeb1da3b5,True,False,False
100efdd8-d306-4415-9168-e26cebbe29b0,True,False,False
1010c3d0-ab70-47f0-93a9-1fb7830b2326,True,False,False
101420ce-8560-4d99-aa1b-29dd1668fc6b,True,False,False
1014d718-bca3-4c86-bc27-b76a5613b13d,True,False,False
101bc74a-6468-42ff-99ac-878a24c46fba,True,False,False
101f66dd-e20d-4905-9df6-2822d84be93c,True,False,False
10201d9b-005f-44d4-ab3d-3d37da66bfce,True,False,False
103450e3-8e77-4e8c-a6d0-42166a81379a,True,False,False
1041423c-30c4-4c68-ad8b-d4e34ce158ee,True,False,False
1041554f-3caf-4f85-8956-a5482f674194,True,False,False
10545bd2-e231-475b-aebd-8c463713e151,True,False,False
105a5409-453f-4e26-a650-1ffbc4c908eb,True,False,False
105f8f6c-def1-41f3-b4b4-c4a5b9fbc115,True,False,False
1060de91-eaef-4ead-ada8-04740a91f48c,True,False,False
1063efc6-c863-4e2b-9215-19215027d170,True,False,False
1065c5ce-8996-4e74-8db0-33fa64b93830,True,False,False
1068529d-ae61-4e19-ae65-3c4af2b91b72,True,False,False
1070a9a6-1be8-47e2-bc38-e82c99bd70f8,True,False,False
10726518-3d88-4ab3-9722-ff64ca37edd9,True,False,False
1072dd24-5794-4891-8a71-2ff75249749c,True,False,False
107dd831-a299-4226-9f30-b581fa26ac3f,True,False,False
10812fe8-10ee-4744-9669-c8f50137acb6,True,False,False
1083da5b-bead-49ea-8b5f-4f5eb3ff7cd2,True,True,True
1084e3a3-5f62-4c8c-9bf8-08a1cf43939e,True,False,False
10873c96-e7d8-4d98-9122-aab4bad6fbfe,True,False,False
108b977f-751d-47de-a18d-bced97e67760,True,False,False
108f7686-376f-447b-ac38-8baf26971fec,True,False,False
109773e3-e068-4df6-9c2d-3ee11d4c8829,True,False,False
1099761b-4f62-4f5d-9ba5-86f19467e2b5,True,False,False
1099ce34-c532-42c4-8749-7d0cc14f3f44,True,False,False
1099e1cc-9303-41c3-af37-b012e070069b,True,False,False
109b2bef-f786-493a-93e9-d9686f314939,True,False,False
109de2c4-a058-4a8b-a588-33322e3a63bf,True,False,False
109f32fa-8dc0-46ff-a3a3-1041f77def0f,True,False,False
10a4174f-c98f-4783-bc0c-30d348fa7bc3,True,False,False
10a4df1e-a5ad-4e77-abc5-48ee9afee63c,True,False,False
10a761da-3762-432e-b38f-b043e3025961,True,False,False
10a9bb8e-c83d-45ea-beac-057e3aecae09,True,True,False
10b0dc9c-9418-4435-8c6e-1ffd32a33466,True,False,False
10ba06a6-0daf-47c3-81c5-ea42d8da300e,True,False,False
10ba2659-0073-4c7e-9078-edc34a1f7233,True,False,False
10bc8936-c567-4609-9e52-8af92fd2843f,True,False,False
10be89e6-6fa6-48be-a866-0d98c6fc4452,True,False,False
10c10353-6c46-4e23-9e8a-4439699e6b26,True,False,False
10c88907-5bac-40fc-bdfd-8a8193cb20fa,True,False,False
10d0f345-0c4f-4f85-adbd-9a3d98368285,True,False,False
10dba881-fa3a-4ed9-8a8f-06b5db0c61b2,True,False,False
10dd7721-aeb5-4813-b5b8-36376efc1edb,True,False,False
10e0b4b3-1f10-4c67-ae2a-180f3a6ef423,True,False,False
10e77aa7-87a3-4f42-aa71-73c43837012d,True,False,False
10e78059-6cc5-4b5d-b81d-31cdbec87477,True,False,False
10eb879c-fe93-4986-8ac1-e3db7ce5d49a,True,False,False
10f50aef-3b02-4f54-95d6-58eee7f0cfbd,True,False,False
10ff96c5-e125-4982-b92d-c785464df4d6,True,False,False
1100d2e0-7cba-4d77-a250-836c1bda2a35,True,False,False
11034bb2-f4f4-465a-8ec5-ff36c1b6888c,True,False,False
1108b6fe-3881-4b62-833a-0e20e223de06,True,False,False
110e7bd7-7cf2-4501-aed4-81c5aae8a322,True,False,False
11100687-39c7-45b8-ba3d-ef5e3206d723,True,False,False
11107b47-2941-4d0e-8433-ea8820a65719,True,False,False
111d7f59-1871-4429-9ffe-4c2e58aa29f6,True,False,False
112074ef-2344-4098-9222-3401450f6eae,True,False,False
11216a55-9882-41d1-b194-822b9bd9177e,True,False,False
1121c92e-0121-4438-9cd7-43536a6d7d5e,True,False,False
112273cd-0075-4dc2-95b7-8116f0cff180,True,False,False
11231b43-62da-4e41-af14-48907792aaf5,True,False,False
1129de10-3983-4aa5-b430-b91e4d4a7153,True,False,False
11331ffe-b854-06c6-c208-89ab3d0e80cc,True,False,False
1135615b-323f-482b-988b-49b5f5761b75,True,False,False
113f02d3-15c0-4376-a5d5-1a44fa6503d7,True,False,False
1142edbb-8ae6-493d-9361-970e9e198c90,True,False,False
11507ef3-c209-7c83-b758-4d623e4f912b,True,False,False
115e2bdd-6e35-4fcf-9338-9bbada51946f,True,False,False
115e8b62-b14b-4d37-9c0a-24985e77de6a,True,False,False
115fdf8c-4097-424b-84b1-3be982372e73,True,False,False
1162b549-4f9a-43b8-9251-27038b4b09bc,True,False,False
116d2536-c154-44b3-ab6f-6c6bbfc08e2c,True,False,False
117c815e-f247-4052-bdf2-ff5f9ca7a205,True,False,False
1180764c-3ad1-4c1a-858f-4b57e2317109,True,False,False
1182c40c-3e6a-4605-ae7a-97d8b4c1966d,True,False,False
11897463-0ded-4b94-8e2f-2d6e8c3a188c,True,False,False
11911ce8-e1c0-4ddc-988a-dd1157073058,True,False,False
11967b9d-a991-4bdf-9fc8-54131a9120d9,True,False,False
1197f99a-ad1b-4a52-8e9a-c0f61651ae46,True,False,False
119af633-7425-4912-825f-421d5512b523,True,False,False
119d03a3-0747-40bc-b8a5-79e0c5e3e68c,True,False,False
119e0d77-97bf-446d-ac9c-985e6269db3c,True,False,False
11ab80a0-2dfb-4c55-831d-cbf21e4d89ed,True,False,False
11abc409-2b7f-4216-b4ca-a4d930b36258,True,False,False
11ae82b2-0819-4fab-a31a-299014f79cf0,True,False,False
11b11403-f1bd-4959-998d-c665cb806ca1,True,False,False
11b54257-3650-477c-aaa2-f8743b99239d,True,False,False
11bdbe8a-ecab-41cf-b11b-b5f25befd24c,True,False,False
11c7bb9c-6e9e-46cc-be88-3ed9298c6af4,True,False,False
11d4dec9-fe66-4f4d-9060-e636a9c6363f,True,False,False
11d98c52-f36b-49ce-999b-e0ef36db4a55,True,False,False
11e0238e-8ef7-4d8e-8b59-20a3be8a2d82,True,False,False
11e82c95-2767-45d6-a4b7-9af13e37070a,True,False,False
11ebbd6d-6f45-4f63-8e6a-67cefc6878b9,True,False,False
11f45ec4-bf68-4f85-bb7a-1166b2d2436d,True,False,False
11f7a3b2-3096-41eb-8203-eb16171a3ddc,True,False,False
11f88a8f-adbc-4cec-b1b4-2737c8673906,True,False,False
12000bff-dfb2-4184-93a9-94f300534e45,True,False,False
1200b138-f95c-4bfe-b639-44574f9cbc63,True,False,False
12014c3f-7c7d-42d3-aee0-8adb1c287b69,True,False,False
12078a93-f83d-4831-8741-914d99b7c42b,True,False,False
12085953-7cc2-405e-8dc9-c2b22be37862,True,False,False
120d73fa-c274-459c-9969-d8fcf3b5886f,True,False,False
120e6cf0-97e6-4c8a-a675-ecbe1bdee917,True,False,False
121060ad-fd1d-49b7-89bd-6b8e5b956539,True,False,False
121c7026-8715-4577-b5e0-2d8856cf5a8f,True,False,False
12307e39-af9a-4610-ac74-b12bcbcb7ded,True,False,False
1236e917-7e7a-44df-a26f-2ba12ccbeb42,True,False,False
1236f2c4-2d90-4b9e-ba76-5f84c46aa304,True,False,False
123abee2-a7a2-4768-baed-26b826150346,True,False,False
123be7fc-b67e-4002-90c2-d98d7bf4e7fa,True,False,False
123ece55-bbc5-4957-8dba-373e238518ec,True,False,False
1240a1e0-7b4c-4243-b72f-e18987a19b0b,True,True,False
12458e8d-5cea-4784-9157-8057bbb74e6d,True,False,False
124ea7dc-83f6-47c1-bb54-037530306ea6,True,False,False
124ffe2f-8c6d-4408-a31e-fbd4174f8f1f,True,False,False
1255e9a2-c157-4fa1-92d1-0764ce8f5522,True,False,False
1260a99f-773d-4291-9c0c-c16b05f6adc0,True,False,False
1262582a-4328-46f0-b93a-f57210b8aa76,True,False,False
1264b825-e22d-40ea-aff5-e5ba9cc7dcb0,True,False,False
1266a235-50ee-4b83-8f31-839acb5bf502,True,False,False
1267d164-d62d-463c-8136-a3dd8070ffd9,True,False,False
1272df5d-ecb9-4c58-80d2-4e669c487063,True,False,False
1282ec47-5b90-4b15-99e6-dcf961bf2605,True,False,False
12870804-8066-4d6f-8f14-721793dc16d1,True,False,False
1288f12f-aea3-420a-87cc-6688d7852e07,True,False,False
1290677f-a39b-4287-b3db-2c5bb34cadb1,True,False,False
1290c5f1-5528-4ab4-a9ba-fec911dc0655,True,False,False
129ef55e-5027-474f-99f4-31ef7a3f15e9,True,False,False
12a0e3b1-0767-4c1e-a503-bfb27a01abc2,True,False,False
12a0f906-c3db-428f-9f05-69b7c72cda45,True,False,False
12a19366-9417-4d8f-bbab-84de860c5315,True,False,False
12ae0b88-d840-404e-b229-9c87122ee6ec,True,False,False
12b0c398-eb29-4729-a4f5-797bf3dac3ef,True,False,False
12b1d496-2eab-40fb-93e3-66d6d81216ed,True,False,False
12b6f7e6-50cb-46e8-b048-7956ba6569e1,True,False,False
12bcaee5-7c4e-4afc-b62a-1797de7a83c1,True,False,False
12c8be50-2103-4459-ab5e-139f71750612,True,False,False
12cc4929-fb21-43fb-8748-51a93bdcbf2f,True,False,False
12cc8c09-fcf4-4c64-8754-1a59f5d3a642,True,False,False
12d21960-6989-4474-9be7-640ed2b5eab8,True,False,False
12d73051-4545-4cc1-bea8-fd7386581ca0,True,False,False
12d8c811-783c-4224-8cef-8d1f5a266d9f,True,False,False
12d921a6-5344-4d4a-a2b7-9c909de739b6,True,False,False
12da8dcb-53b8-4473-9855-3e0ab65ef9b5,True,False,False
12df6c3e-6117-4265-bfca-e60f69aad567,True,False,False
12e26d31-741d-417c-8c84-05691a459df6,True,False,False
12e2d4ba-5b61-4fc7-b149-2ec1ab273573,True,False,False
12e7993f-5931-4373-91d5-e7dc57576a71,True,False,False
12f34d4d-03a9-49c6-aad3-ccdbff6674bd,True,False,False
12f40ef3-bece-48cd-b7f3-8b325e51caf9,True,False,False
12f8936b-e32a-4312-9fd2-546606f940ba,True,False,False
12fe9472-dd93-416f-bcfa-af3c4575f61b,True,False,False
1305696c-3e94-475e-96a2-97f085eedf2b,True,False,False
1311c456-ed5a-4e2e-8728-db0f53b5d8df,True,False,False
1313f39b-f25d-48f2-96a1-70285cdd6882,True,False,False
13192287-059d-4fae-ba5b-974ceb02b77e,True,False,False
131f2602-40d0-4d01-902d-6f32530aeac8,True,False,False
13259147-2605-4fce-99d2-a5f95c96dc74,True,False,False
1328579a-0a4e-42ed-b6cc-6ccc68f24deb,True,False,False
1329ef28-4c6d-4b50-92b8-f55da7190d98,True,False,False
132b57a1-07ef-4c59-812a-2d3718132a6b,True,False,False
1331d128-c12f-4979-85a3-bc148c3f05ab,True,False,False
1332ee59-8175-4f12-8bb7-65baa92dc267,True,False,False
1333aa91-d956-45ce-95ad-1798a6da81cd,True,False,False
13352177-2821-47c5-954a-9ef9aa4333d8,True,False,False
133521d0-c0b9-4b3c-9cf3-1680d1a24411,True,False,False
13392e1a-061a-4a25-bff2-d1f0957806b2,True,False,False
133dfe42-464d-4441-8fff-8c72b572e3c6,True,False,False
133fb0dc-e667-43cc-8d8a-1dc54a8ddae6,True,False,False
134838b5-8bec-406a-a04d-b7213838582f,True,False,False
134857fe-45c0-42c9-97de-add9b61ece55,True,False,False
135940cc-7bf1-4d27-82a1-6c4fd9595f28,True,False,False
135ece3d-e47a-4e2e-b783-5f7d7f99e1f2,True,False,False
135f927a-1985-41f2-b7fb-108982e04ddf,True,False,False
1360c72f-8d7b-4aa9-8ee7-091c855b47ec,True,False,False
1365c84e-93fc-4aa2-ad34-e690c36f2386,True,False,False
1369a85e-4db0-4c60-b8af-2359c34bc977,True,False,False
13784bef-7ccd-4f9f-85e3-2dc1f5efdf6c,True,False,False
137bafb7-3d78-4863-b9fe-c3fb8189c6d8,True,False,False
137c1023-480f-4458-b7a2-1be9711cc304,True,False,False
137cb8df-29cc-4bda-98e3-5fd327c9a23d,True,False,False
137ef93d-4561-432f-9525-36d1d7473018,True,False,False
1388efb1-bbc3-49d7-9a4a-d943d23afaca,True,False,False
138e1437-49cc-471d-8d7f-cc9cb0d7aacd,True,False,False
1396de2e-c294-48cc-a821-defc51c934ef,True,False,False
13974d9b-5ee7-4927-9bd2-69b7298a7e4a,True,False,False
13a1bf52-8f07-489c-9767-fc9732d40aa2,True,False,False
13a74bda-dd23-401d-9700-272c724e2847,True,False,False
13a80b73-36b1-4968-816c-cf5646f652b5,True,False,False
13b9a530-1ec6-47ba-88bf-15207c6eb256,True,False,False
13c03b72-5446-4155-9876-b5b57300827f,True,False,False
13c09699-3313-43d3-a7d3-b346f89ecc12,True,False,False
13c0a666-e7ae-43b7-8753-330fd147abea,True,False,False
13cc407d-1e2f-459d-8878-daf2893907d5,True,False,False
13cd6853-8a75-4680-ac41-9d2f3beb5245,True,False,False
13d5c3d9-3fc1-4787-9928-1c321f1ef2e7,True,False,False
13e0e033-9012-4695-a689-fd4e1c1dd0d8,True,False,False
13e1da5f-0cad-480d-af42-c9e9f15ccc3b,True,False,False
13e4198a-c23c-404c-b33e-af0746b5b03f,True,False,False
13ebf560-c934-47c1-922e-46e919667412,True,False,False
13f225ca-548b-44c1-97ca-90ed0be3ccc7,True,False,False
13f3854d-746d-4d82-9f98-f08cf6e83b93,True,False,False
13f5d22c-668d-4af5-ad42-257ca4ae36b3,True,False,False
13f7ea71-28a0-4803-879e-821e569457d7,True,False,False
13fc6d3f-cbf4-4231-b788-73c53449897e,True,False,False
13fdce7c-8dd1-4982-9837-c33c55e3cec3,True,False,False
13fe2546-9524-4b3f-9447-c93027fdeb8e,True,False,False
13ffd8fb-485d-4469-a6fd-e1b210ef2d69,True,False,False
1403121f-cc5b-42e6-bd37-7847ff95063b,True,False,False
14077407-3fda-401c-972d-db893bd4a844,True,False,False
14172d0d-3862-4b3d-84c4-0eec35e6740e,True,False,False
1418ff5f-8abe-41d2-8b7e-7df585181e08,True,False,False
141b4c2a-7858-48f3-9692-45e8a31e11aa,True,False,False
141c47e6-e39a-40fc-b1bd-ed89f9ecd4b2,True,True,True
141c8d59-0fa3-4782-915a-839ba157fcac,True,False,False
141d5995-324b-4f69-90d6-1f0c39029ebd,True,False,False
141db30c-0704-4bfe-910c-207cff954319,True,False,False
14245cbf-f586-48f7-97f1-15b057fea2c4,True,False,False
1428757e-c33c-449f-9951-d1f5dd0696be,True,False,False
1428f95c-df73-4d87-816f-5da9f5270069,True,False,False
142a356e-c127-454d-bac1-41833f8a5bff,True,False,False
142da93e-4b30-4cc5-923f-13fb9fbfd8a7,True,False,False
143c7565-e4fe-43f5-a3ff-fb40888af38d,True,False,False
143f2263-49be-4ce1-95a3-ec64a2efc8f1,True,False,False
145113fd-0907-424a-8b6c-965607e0cd82,True,False,False
14522456-a029-4a6c-957c-190c2c524eca,True,False,False
1459cde7-1c3a-447c-bf09-47e7659ac26b,True,False,False
145bd4a0-6448-4a21-a08e-7f12f527fe5c,True,False,False
14613375-4636-4d04-b454-c7711cea4e8c,True,False,False
146a3ad4-7c89-4fa2-9511-f3a998555ab0,True,False,False
146db72f-0074-4c98-a8b7-4c36f1f828b6,True,False,False
1472d272-7d47-413e-9439-d3729eb10f26,True,False,False
1472eff8-d744-4d64-96c5-2b0089f99aae,True,False,False
147a5ab1-c19d-4a7a-8ef9-737e8618bd71,True,False,False
147dface-24ba-4da2-a56e-76acf901385a,True,False,False
1480310b-647a-45df-abb5-176827df3635,True,False,False
148b64b8-b65f-4eae-ac01-b71f91d5f23d,True,False,False
14933c46-24cd-412b-8d5f-0110d5bddeb0,True,False,False
14a14bfa-7080-48c2-b41b-0778493a213c,True,False,False
14a69f39-81d0-4266-a631-fd2c227296a7,True,False,False
14a908fc-2e55-4d4c-84af-2b50be73a68b,True,False,False
14aabde0-0610-47d1-9d96-2679fa0888cd,True,False,False
14acd6d2-3e5b-43cd-a2d2-7c4ab3bae83a,True,False,False
14b0057e-0227-4822-9278-28d5e1ba4e30,True,False,False
14b19a64-fdea-4fe5-a2ea-488be02c0a31,True,False,False
14b8f2a9-7d28-46eb-a9f9-a3bb5b6b5401,True,False,False
14c196a3-d2d0-4d21-a26c-aa1e539a0179,True,False,False
14c9219d-6df5-4b20-adb8-9ac941117cfd,True,False,False
14d25359-50a5-4872-9391-82a5fbaf3ef3,True,False,False
14dab67e-6c60-4191-be42-a03573e2a576,True,False,False
14e24d5b-fbd8-4481-a2ff-fe5bc4319a09,True,False,False
14ee7916-ab81-4b5d-abab-f76b47fe3596,True,False,False
14f1625f-fcd2-4128-a3ed-6851df823cfb,True,False,False
14fb3494-eb9c-4e13-b559-ae47c1297f01,True,True,True
14fb3bbb-4d40-47ad-a7d4-02465b7b5e15,True,False,False
14fc0c28-662b-41cf-a2f7-35fadfea13aa,True,False,False
14fd5483-3d89-473e-96b8-0ab9e82f0579,True,False,False
150db799-a43f-4b8f-b54e-52285f10fb7f,True,False,False
150e135a-203f-4241-8b6e-b3ef1e3b0a55,True,False,False
1517d867-9dda-45bf-976c-72e43f115f9c,True,False,False
15246a7d-c39b-4e6b-a04b-9064124c89e0,True,False,False
1528b22f-ef96-444b-839f-76507a890ca3,True,False,False
152a2dd2-858d-458e-830e-199ba86a64e9,True,False,False
1534d8ed-0919-400a-b4c8-6cb51822cd4e,True,False,False
15360842-5b35-451a-aae1-059d9481e219,True,False,False
153cf239-c070-40d1-9665-4993b1c37980,True,False,False
153e1221-41af-4406-9d26-0373b06477c0,True,False,False
153f9818-4d32-4e8b-ba9f-f355094e8ae4,True,False,False
1543ee55-f6c7-484b-a292-a2991f94632e,True,False,False
1545fc6f-e979-4e4e-9a7b-1566e045ba0e,True,False,False
154d2a6a-37ba-4a4d-bf29-17f8c7499448,True,False,False
154f6bf6-94ae-442f-80e2-ee5a0bfab57e,True,False,False
15520715-29b1-441e-86a2-5329273b1452,True,False,False
15524e56-9e63-7859-e53a-debf3fe8cc9c,True,False,False
15550a38-e1ce-b7a7-0ab5-3819b3f03d3e,True,False,False
155daa83-955f-4153-b9b1-a5908b4b5912,True,False,False
155de16e-d39d-437e-8b62-b91e39be994b,True,False,False
1564acc5-bde6-42d9-b091-5461d642e00e,True,False,False
156bb882-7ac3-41db-87bc-61b6a1bd6421,True,False,False
156f17db-c19e-447f-8976-514a7714168d,True,False,False
156fab14-cafe-4c89-9383-3dac7fa43b93,True,False,False
1577a6b7-ee5b-4009-bc89-391d288efc27,True,False,False
15790637-6fbe-46f6-9bcc-d7973e471c57,True,False,False
158619d2-34a6-419f-8182-90f6c6c2e6c3,True,False,False
158845d5-8507-434e-b37f-e6073b0c47ec,True,False,False
15895da2-d040-4b2c-b9a6-d1820239dbc5,True,False,False
158ab52a-75dd-43d4-a3f0-8c8bd29397a1,True,False,False
159163c4-bd57-4aee-82b2-97525a7a3aec,True,False,False
15a174ab-8d68-4bed-aa89-00301705e6f9,True,False,False
15a3c57e-4fcb-4ffe-84ff-30f488052797,True,False,False
15bdd06e-b474-41df-9efa-92306089cfdb,True,False,False
15bf8df3-dd59-476e-a2b7-16fb034d8fde,True,False,False
15bff1fb-de2a-4185-bea9-293ff2c9d5de,True,False,False
15c21362-ecc3-49a8-b2ff-9789c260dfd1,True,False,False
15c38537-2015-4c36-85c9-d54d4e66ab0e,True,False,False
15c92f11-8064-41d7-9bbe-182876661d40,True,False,False
15cc31cf-a39b-4bd4-8376-0469a0ba35bf,True,False,False
15d12724-0dda-42bf-95c5-f9b99d5e61bb,True,False,False
15d487e0-9707-41ca-b31d-88928036bed4,True,False,False
15d7fe89-39c1-4943-8fed-d50160ebb4a8,True,False,False
15da06f3-afd5-456d-9154-4f5b7359d26c,True,False,False
15dd010e-136a-4e83-bf03-a48f564d221a,True,False,False
15ecde06-38b0-4c29-81e6-8523da343df2,True,False,False
15f02869-4cc0-4e50-8773-1dd3c4bed622,True,False,False
15f6f201-3e7e-409e-b17b-f5041cfb4978,True,False,False
15f72e77-7b40-4067-ad21-24336de5b0fd,True,False,False
15f7eb52-631a-d7b0-b435-a3faddf6633f,True,False,False
15fb6051-3239-4e22-b33c-85dde671bdb2,True,False,False
15fe8099-cac6-423d-baa5-e0bd9aa11db3,True,False,False
15ff5731-fe42-4628-b4bc-5f362b06432f,True,False,False
1602592a-363c-4ca9-95b4-42f8a76aef07,True,False,False
16029243-7b70-4e7a-9dc3-d1eefd7f2afc,True,False,False
1608ac94-c20f-43ec-b2b3-c13d5875b454,True,False,False
1608b0dd-0231-ca74-ff64-84d13c3bdb7a,True,False,False
16165ef9-6a76-400f-9585-c3a74145a243,True,False,False
16192098-2576-44f5-bd2d-25a3a0e6fc94,True,False,False
162289a7-0455-490c-88ad-65dfee7d72c1,True,False,False
1622cdda-81ab-4a7c-bffd-68073eb6fbb1,True,False,False
1623899a-dc40-4eb2-a280-b4c86b4e7c39,True,False,False
16279dc1-99f6-4c90-bc8e-05c8fedc088b,True,False,False
162add70-426a-4fb4-b5ed-1cfc0fc83603,True,False,False
162d4301-8b65-d8ee-3835-f5242ffc2a7f,True,False,False
162dcd6a-c430-4820-856b-98e1988d751f,True,False,False
16306c9c-9bb0-40b2-bf34-720506fc9f6e,True,False,False
16477248-870e-4e36-a07a-3a17f99f4a7c,True,False,False
1654f14d-249b-41b1-b554-65fdf0623ed3,True,False,False
1656d0c7-b328-4536-82bb-4ed70f511948,True,False,False
165dfa95-5bf4-48bd-9683-34ba3216b806,True,False,False
16665dc3-38bb-42d2-9d71-e1a30311fb91,True,False,False
16719e62-b6bd-4495-bd5a-c8dc58a7d08f,True,False,False
167256bb-09ff-4f31-b949-36ab8ae1abb8,True,False,False
167c65cd-7f4b-4e10-a17a-8e3dcdf72d0b,True,False,False
167caa67-f625-416d-b6ce-de9df15b016a,True,False,False
1680653e-c8e1-4f9a-b66e-c4e0091f8dc8,True,False,False
1681214c-c5c0-4b5d-83fe-a76154316875,True,False,False
16848473-8ec5-42b9-ade0-42e9fd811101,True,False,False
16867a62-744b-4491-b4aa-61a89f716908,True,False,False
16894153-47f1-49a2-8253-8b470cf2cc5c,True,False,False
168955ad-db0f-4f0f-b71b-5dd8cfc9e113,True,False,False
169037e8-ef60-4473-a232-f97a988558d5,True,False,False
1691386a-7649-44da-9d85-f898e05bcfd0,True,False,False
169725c5-0d72-48d8-947c-9d8a88057a23,True,False,False
169a2887-0fd6-4fde-afb6-32c24806f9d0,True,False,False
169e8b28-a56e-45db-80d5-72019d788853,True,False,False
16b6ea02-eefc-43d8-a019-e2c2f47bccd5,True,False,False
16b6fe98-3050-471f-b3ab-5fb49b2e431a,True,False,False
16bf9860-6fc6-46b4-b043-f8f5292ce93b,True,False,False
16c19ec0-e5d6-45c0-b540-500104d10b59,True,False,False
16c4d88c-12ae-48ed-9480-1df5acac1166,True,False,False
16cffd9c-0efd-46f3-ab64-23ad74e398ea,True,False,False
16d203ea-2558-463e-ae7a-05cb196f0939,True,False,False
16d8ee6f-bccf-4183-9c16-d216efaa4b33,True,False,False
16dd8ceb-01f6-4276-9b2b-000e4287b1ad,True,False,False
16ea49b3-7781-48df-9108-d058dcd3de95,True,False,False
16f17e62-6031-4f4c-bf33-36f63ed71bbf,True,False,False
16f29a9f-31bc-438b-970f-1cd7aab83f7e,True,False,False
16f5e1a7-0029-446a-9112-f67de6a99e98,True,False,False
16f9e501-826f-4b62-98c1-06a8e187068f,True,False,False
16fba468-08c6-4afa-a02d-79d768e51a09,True,False,False
16fdce5c-2939-4454-912a-0cc62a6f6464,True,False,False
17003b52-fda2-4859-9940-9f151a6a93e6,True,False,False
170cf373-ae8d-4e7c-a827-5604755b30dd,True,False,False
1729b4e9-ca3f-4799-b2e3-92112554d8a6,True,False,False
172d6435-f26a-420b-912e-32a183b624fa,True,False,False
1731c4dc-e440-4851-b58b-91b90dced819,True,False,False
173d7b72-1db7-4638-8207-be8148bf3c9f,True,False,False
173fcd70-e064-498d-a96a-b6669af19710,True,False,False
17418652-e6d2-4e82-8e86-18ee4d241335,True,False,False
1746686f-822b-485d-9b2f-b24e8ec8b7ea,True,False,False
174f7df3-e3eb-4c3e-b87e-704915ab7b53,True,False,False
175127bd-608a-45c4-b5b9-7fed36ea82b9,True,False,False
175565ab-f8db-4399-91fe-f450a5f2d174,True,False,False
17673ee6-158f-4400-b75f-dc7d5eb9437e,True,False,False
17761a38-1cf5-49b7-9246-c752bfc8ac8d,True,False,False
177ec19d-e366-419d-8896-fbf7419df84f,True,False,False
17825e42-a0bd-40f9-b1e2-c53743a77753,True,False,False
17826e92-fb79-4a47-b7a8-36dc114d9e28,True,False,False
1784d609-b568-44d0-829c-1acf363fd99d,True,False,False
17889dc9-91d7-47f4-80d8-b2394972f365,True,False,False
17894e34-fedf-439d-9aac-67172a88207b,True,False,False
178c2117-c55e-475e-872e-b4ea4aee3a37,True,False,False
17982b0d-865a-4fb6-9aae-0bb4a5435c9e,True,False,False
17ad9ede-31b0-4e38-8079-e19d4c47f8dd,True,False,False
17b0e91a-f250-4c96-bc05-9f0e3e24e795,True,False,False
17b1ff99-ef24-48ca-b2b4-f1c8d22604ae,True,False,False
17b6d640-aee5-411f-a479-d6a648a07372,True,False,False
17bf2d06-d1f7-4375-8ff0-eccd3a93619b,True,False,False
17bf66f8-219a-40a0-93a5-4cc3fca064de,True,False,False
17c29c47-0f3c-4707-9b48-388c427b5fb4,True,False,False
17c4e7b2-7775-4b3a-97b9-ad25d7ba4b95,True,False,False
17c7c2d2-7b23-4880-b42b-ca1a9448a740,True,False,False
17c9dac3-61f2-4742-9f1c-50a930ed11b2,True,False,False
17da9a59-4f77-4341-9b74-f104791b4ce5,True,False,False
17e0b2dc-2c95-4359-87ef-9730d8053a90,True,False,False
17e62e2a-30d1-4fcf-9b1f-c6b4ff104227,True,False,False
17e7a135-8ef7-47d4-a95f-b1854f52eb6a,True,False,False
17ec64d3-e503-43fc-acb5-a15a2f183339,True,False,False
17ee6fd7-8139-44a8-a98d-f7d67be86333,True,False,False
17f00896-a9e1-4010-858f-ce69c496c44f,True,False,False
17fddbca-9a0c-49a1-87f2-50ed44d36c75,True,False,False
18197f5e-f828-4235-b54c-6395aa950820,True,False,False
1831fae0-f12c-4141-8a22-4928e4e5c451,True,False,False
184264e5-ef39-4aa1-ba92-cde900c1aad7,True,False,False
184275df-195f-4175-a4e6-72ff38122cae,True,False,False
1849e9cc-1f6e-4029-8e19-b29513a5db86,True,False,False
184aa754-199e-4a47-b12a-e08e3f757925,True,False,False
185aab67-4d44-4731-8307-b1beab75937e,True,False,False
185b340a-138c-444a-9722-945d1772721e,True,False,False
1860166d-6041-4058-be55-67afc235be64,True,False,False
187eb3a9-7b98-430d-a99e-69419135920e,True,False,False
18846da6-246f-41a1-ba3c-793c5e26c571,True,False,False
1891c1ba-0587-431c-9812-1463f81ffb95,True,False,False
18937c58-0adb-57c9-4fbe-cc7307ad08f1,True,False,False
18955703-5bc6-448e-9305-2a87dc721297,True,False,False
1896bb33-f249-4daa-82d9-93103d1e773b,True,False,False
189e6ae9-c442-40f5-a1d1-d473e5da7c45,True,False,False
18a04300-1e3d-4d1d-9f9e-0bd4a2f865c5,True,False,False
18b8eb36-5ea5-4916-8b26-505f0c3d6bba,True,False,False
18bb1b3c-1edd-47ff-8647-4609c22cb7a8,True,False,False
18bf2ca8-6077-4e8a-9d72-b68834d06cf8,True,False,False
18c39ab1-b543-45bf-b9d5-7b79dadf4943,True,False,False
18c57e39-8467-4c25-9d28-ef55c5d4d028,True,False,False
18da4df6-ddba-4e5d-bfd2-f1df416d69f5,True,False,False
18dc228e-b5e9-4bfa-9974-cf8edb2f6a36,True,False,False
18f4ae94-84c9-4a02-a362-b190cece6ddb,True,False,False
1907f1c2-8e3f-4f76-8ac3-d24e476e7947,True,False,False
19094518-1da5-4fef-be1c-70d972725446,True,False,False
1919fbdd-b53e-4d4a-a3a3-558d51a1aa73,True,False,False
191e3612-0c62-4742-abd8-0a51def1b8d2,True,False,False
19213b79-7e09-4570-9124-43b5835f0c3b,True,False,False
192de10d-b62e-4ed5-8d5a-d502ebdcecf7,True,False,False
192e0921-42c3-4247-9f22-d62a35292e54,True,True,False
192fa069-e375-4b7e-8a9f-c19e522691b9,True,False,False
193c0146-5116-4b69-b41f-5de9c36d9a76,True,False,False
1941ff03-6470-439d-b68a-c12e56c9e36b,True,False,False
19441a62-bfda-4d0c-b670-2f423281cdf9,True,False,False
19472b9c-7e34-4c8d-8d06-15f7324557d4,True,False,False
194909f4-326e-4c01-b43f-4674a7c113e7,True,False,False
1952bae7-2c0b-4116-89d5-96d302ac0d11,True,False,False
1952c261-c497-4854-ba19-6447932cf054,True,False,False
195d01fd-984d-4c33-b410-01f830c9381f,True,False,False
19603447-d715-4aef-9bc8-4dceced43de0,True,False,False
19612188-0d90-4259-8682-84b33a8c0815,True,False,False
196267e9-13f3-4a3c-9093-7b665e5eb269,True,False,False
19629ef3-8268-491b-a639-ddfd116bec6b,True,False,False
1973c513-dd15-480e-a573-0bfe1e6c632e,True,False,False
19785fa5-9dda-4d50-b5fe-31deca552cfc,True,False,False
1978f9c7-618d-4b08-8710-e41a17619f2d,True,False,False
19797cab-6179-4893-bba5-ae6f1c2fe611,True,False,False
1979b144-bfcb-4b24-92fc-421fe15e44d6,True,False,False
197cd261-b942-4e5d-9322-bfcd0a6ebbcc,True,False,False
197d6b74-e8a3-4103-adf2-83c562747d06,True,False,False
197e3f0d-7282-4865-a226-f3523b85b2f3,True,False,False
19877c26-c468-4ac6-a834-3aaf7c0c985d,True,False,False
198a2b59-4c5a-4784-87c3-c61370ba055d,True,False,False
198bb0fa-a00c-43aa-8f08-8a25f0dec69e,True,False,False
19916abd-bb21-4d15-8224-b9e941d5ed4b,True,False,False
1994d7d5-e97e-4fa9-a5ad-67f2948bb417,True,False,False
1997fa23-7450-40d9-9ed5-ce01baa8cb39,True,False,False
199a8fcc-214b-423a-9d42-19ab756af38f,True,False,False
199cfa93-c3c3-4da1-8b27-c72b0e32b9b8,True,False,False
199f0ad4-aa25-4767-9c49-c554001168dc,True,False,False
19a30d68-ca9a-4da0-862b-47a3ecd2d717,True,False,False
19ae92b6-ef95-415d-b259-9659f35b4b8f,True,False,False
19b7e4b5-a019-d4e3-35ac-1f6ccf750c6e,True,False,False
19b9dbee-2865-4fb3-8341-a4b9d7037950,True,False,False
19be1616-7eae-4222-a03e-a75514a6782a,True,False,False
19bf9168-211c-4cc1-b998-6ff669004d8a,True,False,False
19c5d562-9f6e-44e3-8c58-0750c077cf74,True,False,False
19c92746-213e-429c-9693-5442492d8dd8,True,False,False
19c960c6-6c6d-420f-81d6-629bfce57f60,True,False,False
19cc753c-a09a-48f2-ac30-fbfd79f277e1,True,True,False
19d06023-d911-4335-bb9f-5dc9ef8825ce,True,False,False
19d8d0be-6370-4f1e-b4b3-053d9aafbdcd,True,False,False
19d8d81d-8e89-481b-a91c-e232776c2643,True,False,False
19e4edc3-dd0a-4161-862e-59fcf216c735,True,False,False
19e74bc1-3e84-46b6-b3d2-3d5cf82859bb,True,False,False
19f139bb-d9ee-476f-b99f-1a1be1c4ef49,True,False,False
19fe8d85-42ac-473a-bf29-d72b286fc185,True,False,False
1a056eec-f307-4fd8-9cc5-d05a4d2345d2,True,False,False
1a0dd00d-b6e5-4645-abe0-d14ea85015d7,True,False,False
1a0de548-b417-43b3-bdc8-1b096d8dbde1,True,False,False
1a12c336-30c2-4fd1-b23a-6bdff5707336,True,False,False
1a1fb3ed-4b07-49f5-85da-460f40b3bf03,True,False,False
1a34a12b-ffe8-41bf-b9e3-fa07948c374d,True,False,False
1a3bd67a-9a0e-449d-b608-8cf3c31dca3f,True,False,False
1a4c7178-3407-4a1e-aeac-82ad6882059b,True,False,False
1a5576e8-2f3b-41d4-9371-6b6cf5f92d19,True,False,False
1a5962f7-326e-4765-a85a-038bc678f340,True,False,False
1a631678-bc25-47de-b670-57cb3dda4304,True,False,False
1a674f7b-5d5d-47ac-9c86-634f2db0a8d8,True,True,False
1a6a18c4-bd40-46ce-879a-6070af45ab14,True,False,False
1a6ab224-007c-4021-b168-285f298433f0,True,False,False
1a6afc71-9b63-4a2a-97fb-4b1c8c9d0cb9,True,False,False
1a75036d-a25b-4ced-9ce6-f31bc1cdde93,True,False,False
1a7c94f7-ffc1-473f-96d9-e7009809a788,True,False,False
1a93f44f-36f2-4d22-b73e-3046824ae53d,True,False,False
1a940808-1e7e-47d3-8602-b74eae87b289,True,False,False
1a950208-433d-4f33-9e35-fbba2d91c76d,True,False,False
1a982da8-4792-4899-8f87-b02a2b9ca1b2,True,False,False
1a995de5-92cf-43d0-99cd-5b502a91e1c7,True,False,False
1a9ede0c-59a9-4919-8950-d3f1fdb9b856,True,False,False
1ab061e0-6ecf-4a7c-b93d-ef9dc796fad6,True,False,False
1ab07710-0ab5-481e-80a3-fbb09d6311ee,True,False,False
1ab615de-d6e6-497a-84f0-0fd87d0fb34f,True,False,False
1ab66883-0ff4-4654-8a58-90db9443fcb2,True,False,False
1ab6e9a2-66d0-4237-b1ea-88b925f3ad00,True,False,False
1abf4bd0-8f35-4404-9ae1-16d5a425ebd2,True,True,False
1ac0a720-9a84-4a36-9743-a2fdf410f16f,True,False,False
1ac225b7-08eb-43b3-882c-960092fa1371,True,False,False
1ac6d772-453c-4aa3-acb5-f147838b5f6d,True,False,False
1acdc5ef-8bc9-4a14-9ea6-0b853814bdac,True,False,False
1ad462bc-ab74-4499-b556-fcfd1af41c21,True,False,False
1ad76e75-9357-482a-9d1e-a7d645e9f310,True,False,False
1af2e7d0-01d5-4552-b586-fdf603987a4a,True,False,False
1af524a2-97ea-49b0-871d-49667867f43d,True,False,False
1afa0361-059a-4573-baaf-178c81c394f3,True,False,False
1b0063ab-1d56-4a68-b5a7-65e206c16d99,True,False,False
1b040e08-6802-47c1-b967-bacffb32923d,True,False,False
1b048427-744b-4ab0-8ed4-98b3d0166bc9,True,False,False
1b04cb72-121b-4947-a39f-95ab8371d7e8,True,False,False
1b066246-1c76-04fa-9c6d-a3b45c823626,True,False,False
1b073e3c-17ca-4b43-9a44-7fc49c058cdb,True,False,False
1b10c798-2f5a-498a-b125-1d80c0160682,True,False,False
1b1526fa-7709-4e60-9b90-5dd66d358cf3,True,False,False
1b1e906d-219e-4aee-b3b5-137e976fc7a8,True,False,False
1b1f4cfd-ea96-4bfb-9bf1-9746f5c9385f,True,False,False
1b29b327-c67d-4c25-9b33-7215b1cfc39e,True,False,False
1b34029c-a539-46c3-9a32-ad0dc45ced44,True,False,False
1b3620fa-860d-4784-a09f-7ab2a07ef0c9,True,False,False
1b405e70-cf00-4f61-88c3-24640426dee5,True,False,False
1b42175c-cdd5-41fd-a669-68cd930ab6c6,True,False,False
1b4c0e5e-4209-4c77-97ca-297eff8abc81,True,False,False
1b5a2579-af9c-4dbb-bbf2-3b8775f927e6,True,False,False
1b5ac06f-732f-4f30-bd17-e8b162b66b07,True,False,False
1b602acb-1733-4788-a523-d4d8d9d412aa,True,False,False
1b6fd4f1-fb12-4577-96e1-d1f7c48990ed,True,False,False
1b78facb-8420-49c7-a6a4-13e161aa2165,True,False,False
1b7afe99-5fbc-4563-8fd9-fff7849159f1,True,False,False
1b7f7a0e-7a1f-4e64-99ae-74d480a1c2dd,True,False,False
1b828080-4c58-4181-91c4-e7cd8f7534cf,True,False,False
1b878cca-1181-4067-8763-ffcad3fce109,True,False,False
1b8d7df0-a4d8-4a90-bfd5-4e6dc4825040,True,False,False
1b8de99b-68be-470b-8b56-05753309e239,True,False,False
1b936fc7-aa73-4b70-96e2-54c6a861c21c,True,False,False
1b9514a6-20d6-4c48-932e-992be3077198,True,False,False
1ba156a3-6ce9-424c-b2b7-a4b7412ef48e,True,False,False
1ba89d91-b1d5-4f17-b29e-1db808b64e2f,True,False,False
1bab0c09-a48c-4523-9eed-8e03ebdeda51,True,False,False
1bac1842-93cf-4a7c-9fea-1ebd270c6985,True,False,False
1badc0a5-e5ee-4578-92e1-2b1078dbf89a,True,False,False
1bc1bf13-3d16-4b35-8890-f973a9984ab9,True,False,False
1bc4e755-d3b5-4a1b-8731-31884e798c77,True,False,False
1bc5b6d6-11c2-4707-be1e-9e364ecfd7e1,True,True,False
1bc619e1-6e23-44c0-9808-3e196d3a43b9,True,False,False
1bcc914e-d14d-4f70-8dd0-97e04dd3a01d,True,False,False
1bd633b7-96ad-40ff-83b2-16f2452828f8,True,False,False
1bdd0a24-c9f8-434e-a572-f6fca4725cbd,True,False,False
1bdddb5b-1153-4cda-a5aa-3b87530752ca,True,False,False
1be2f9a7-198c-41d9-9e49-5fa4f717b20b,True,False,False
1be5c778-4a9f-4252-b816-cbd821d26293,True,False,False
1be877cb-70bf-4f37-a057-659fbd1194be,True,False,False
1bef77ee-9d50-48c3-b8e3-c30879cbccc9,True,False,False
1bf9ec2d-0466-492a-ab52-e85b8a2665ea,True,False,False
1bfb9258-ad2b-4b16-a6c8-c583af77e822,True,False,False
1bfbbf1a-906c-46b6-8ac7-9976dc6f5123,True,True,True
1bff3350-47d5-4764-9569-58400236d1d4,True,False,False
1c036e65-011b-4fcf-afac-0d21de3d63eb,True,False,False
1c26e290-c437-45ac-be38-6164b057eaf4,True,False,False
1c27b9ad-1e92-4e80-b513-e80c235a8d32,True,False,False
1c2ac243-fa74-464a-9844-75695b8f51a0,True,False,False
1c2e4d24-1fde-4b17-90df-43ddc0c7cb08,True,False,False
1c334b10-b73f-40fb-83b2-cff44fcf7317,True,False,False
1c3be934-e6d1-49d2-a5d6-927f7ab28800,True,False,False
1c3e2dcd-cbd6-4f8d-8ae1-f6422a9c26e1,True,False,False
1c4539bc-08d6-45a2-b313-96daff93a8de,True,False,False
1c533ddd-80bc-4673-b951-5d9d5e0755ec,True,False,False
1c5688c5-409f-43c5-bf0d-2fad9ee045e5,True,False,False
1c577e21-11eb-4e47-b111-3921beae33a4,True,False,False
1c691dc1-ee06-4c34-a042-3f5b64498f37,True,False,False
1c6dcb5c-26f1-4e19-a419-9ddd58c1772a,True,False,False
1c714ee7-6004-4548-8c04-489fa10f523a,True,False,False
1c71f84d-b40b-4ebb-b87d-c81306c796f9,True,False,False
1c7530e6-2e67-4ce1-baf7-aedd256091d9,True,False,False
1c7b26b8-f5a6-41b9-bb93-33fe91467434,True,False,False
1c7fe397-f8dd-4e47-ad80-4068d11151bb,True,False,False
1c84ac1b-d706-49c5-ba80-275c6db57b75,True,False,False
1c8be99f-3957-4766-87b7-3a01f836cf45,True,True,True
1c9184bd-5a03-4cbc-b4b4-f7068439d777,True,False,False
1c96eacb-30e3-4011-aa5c-4b3a6c124b23,True,False,False
1c98b63d-8af4-4406-b740-1a0d16a063dd,True,False,False
1ca16565-906e-4ca1-b995-90e0d5cf5866,True,False,False
1ca58ed5-5026-4cad-8201-c699f682dbef,True,False,False
1caf8eb4-d62d-4469-a373-690284b29211,True,False,False
1cb2cf3d-66de-4be0-b65d-b19bc388d294,True,False,False
1cb55714-cab7-4ef4-b1e2-04830ca2a80d,True,False,False
1cbd245c-c956-4a8b-9855-f080a2a948e7,True,False,False
1cbdf451-1b3f-4801-aeff-b354c7f5963d,True,False,False
1cc5cacc-33fc-4ba9-b2d7-ddd88b39fbce,True,False,False
1cc749b6-856a-4de8-84d8-338fb8ee0d5c,True,False,False
1cd05da1-94a4-474b-967e-c77cb4772eb2,True,False,False
1cd8fe0f-a66e-430e-8573-8cd20ae85065,True,False,False
1ce7f57a-8af2-424f-bc7a-7895a11ccd03,True,False,False
1ceaa659-e061-441f-80e0-ca652245a78c,True,False,False
1cf44b30-9f25-4fec-bbf0-bdc605121581,True,False,False
1cf56ea7-63f7-4ccd-be5a-f0de7f9eab5e,True,False,False
1cffc608-9a32-4f7a-ac63-ae34b73f4baf,True,False,False
1d04e20f-6fa5-4131-a202-72e38a3bda5b,True,False,False
1d0b7815-4320-4816-a562-82d08a141a8c,True,False,False
1d0dbe7f-0515-45f3-a613-7d6493c21942,True,False,False
1d21c0dd-1ef7-46a4-847e-74f8c9c21b0c,True,False,False
1d2aa549-c8c4-441b-a2be-b4a3f6d3ad7f,True,False,False
1d2b592f-473a-42c7-9c4f-ed85e14377aa,True,True,True
1d3017c4-31cc-4e7d-a207-3393fcbf079e,True,False,False
1d4b05a3-1efd-4348-973f-299b5cc3d8bf,True,False,False
1d4bcaae-421a-4b74-8f2d-890f451fc781,True,False,False
1d4c581f-ac00-4cc4-9541-e414acc2f2a0,True,False,False
1d4efa96-04c9-412b-a0ed-bb1b2075e71a,True,False,False
1d51961a-b507-4f78-8bb4-a1e077fd76b7,True,False,False
1d52805e-9882-4a3b-8bc5-35ef396d74af,True,False,False
1d5afdd2-e6c3-4532-b9be-f1ebd13def75,True,False,False
1d5c6647-8d64-4ef6-b47d-437f8ba5d684,True,False,False
1d5cbec2-84ab-40ae-8e56-a08a29c63aac,True,False,False
1d5e038a-3b62-4397-87a9-0d2c165b50a3,True,False,False
1d61ea41-5970-4089-9f38-ddbafd22bc1c,True,False,False
1d6a12b8-b57f-4f35-9058-132465cc19b8,True,False,False
1d704b04-a16d-4413-b9c1-80aada999aa8,True,False,False
1d70b30c-829e-49b0-abd3-64ac83c12cd1,True,False,False
1d7a7619-1168-4d11-aedc-2d4d93d41fd7,True,False,False
1d7f450a-ca0b-4787-8ef0-2489c2b06f06,True,False,False
1d8891de-f78f-4384-8a85-1c0f0ed63ddd,True,False,False
1d89718a-e677-4c75-84c1-a3bd948d1407,True,False,False
1d8b507e-0736-424c-8aab-ecde391e0571,True,False,False
1d95bd97-6ee0-44e7-b00f-8220dfed2e72,True,False,False
1d96b1f1-2e8c-4ba1-9df2-5152ae3611dd,True,False,False
1d9a09e4-e900-4ffe-bbe3-fc810a2802b9,True,False,False
1d9ed7e5-4223-4377-aa90-2e0987c3c00e,True,False,False
1da4952d-e2e1-4bdf-b964-f4601466ff85,True,False,False
1dac2cf7-0b22-4d71-836c-4aa444c277e6,True,False,False
1db4d581-232f-43db-95ad-3c8a0b251f21,True,False,False
1db68208-bd5d-4c73-95ca-88df07870e1e,True,False,False
1db95a00-319b-4a11-844a-ee0fa9df1ed9,True,False,False
1dbf1a7a-65ca-4103-97d1-1748f4e54f0d,True,False,False
1dc25bb6-4c9a-468f-9e33-c24492b1ba33,True,False,False
1dca12b3-3453-426d-a2ec-38ebf55d40db,True,False,False
1dd6c19a-abab-4243-87a6-e5dda1e544ff,True,False,False
1ddec675-3c67-430e-adb0-b2c76fb1f268,True,False,False
1ddfd650-c00b-4561-9e04-9667e66ce1ee,True,False,False
1de0a888-f1d1-44d4-aa1a-935088acf416,True,False,False
1de76b21-d9df-4bef-baee-8b8876788b74,True,False,False
1df55b10-2b06-4292-a243-3990ad50393f,True,False,False
1e00ee22-2a3b-47be-a73c-b9e61539755c,True,False,False
1e0ba702-6d03-46a7-ad12-889655773b3b,True,False,False
1e10d7be-b609-47a2-8081-fca75c5c0584,True,False,False
1e1a7b85-0e63-4f99-99a1-bff5c8645624,True,False,False
1e1ae9e7-5e2d-45ac-8e57-0d744fc096e9,True,False,False
1e264a2c-22ff-46a9-ba23-5c7914a0887a,True,False,False
1e3501cb-ab97-4088-a1dc-6fbee9047165,True,False,False
1e36c8b5-c6e4-44bd-a5a5-6e5f6c740895,True,False,False
1e378c35-1971-42b4-b512-55b9658dea34,True,False,False
1e396970-8f4c-4a04-8731-e9716db29c07,True,False,False
1e42baa6-5a53-487f-8054-931df4c9f1c5,True,False,False
1e45fdc0-5d30-4ec3-b627-ee5560128d01,True,True,False
1e477cb8-fe38-4b92-b068-fc1d80ddae68,True,False,False
1e568be5-4473-4ae8-8089-b61bedc8266c,True,False,False
1e56b1fc-e013-4fba-a46a-ac257861b268,True,False,False
1e656bd8-a402-48a7-add4-a9b0312bfa8d,True,False,False
1e6b5bb8-212c-48ba-9531-8ebcf8941832,True,False,False
1e73fe91-01e7-4e05-8af2-bc1fa0a5c687,True,False,False
1e800f50-c7f4-41f2-911c-c147e338528a,True,False,False
1e88cb28-a010-4cf9-b565-1c514ca8b9b9,True,False,False
1e89cacf-e45d-4313-9e89-bc9c156d8faf,True,False,False
1e8d6215-28d2-4205-bf5d-7bac5865724d,True,False,False
1e8e8490-43cb-4388-af6b-eeaeed5dd4a7,True,False,False
1e8f8cc0-23b3-4256-a81a-3fd070cd0e95,True,False,False
1e93973a-cc76-4ddd-83db-863e122ed775,True,False,False
1e999db3-7769-4bf8-85ba-8cd1e63f4bdd,True,False,False
1e9a0a07-93cc-4cb1-89d2-b3eb2d2809d4,True,False,False
1ea0cf4f-0db3-4aad-a4ba-869a3671bb6e,True,False,False
1ea82385-8dc2-481c-9a26-b20fca314816,True,False,False
1eb3009b-dfa1-4dd8-8a59-fb8c2df9ec18,True,False,False
1eb616cc-1667-4b58-858a-cd05f1ab533f,True,False,False
1eb8856c-6e8c-41cf-b5e5-cf86a76518cb,True,False,False
1eb9190b-a59e-4523-956a-73bc6ab9b057,True,False,False
1ec83d35-31b7-4aed-af6a-2d50eecaefdf,True,False,False
1ec99b63-d7fe-4924-b4aa-45826ea1c7b5,True,False,False
1ed5b612-65d2-48db-b407-4110b8f30bd3,True,False,False
1ed91ce5-b1b3-4dd1-ab0a-09f769f78e45,True,False,False
1ee14e17-1d00-4cf0-8b2c-13915ab13033,True,False,False
1ee5cab2-4f6e-4496-938f-fab145ac34fe,True,False,False
1eecd55d-2798-432a-81ab-5b1b284cb526,True,False,False
1eecf916-de45-429b-a002-f72cd387e95c,True,False,False
1eef647f-d4b5-4029-8b84-f80a9e020d28,True,False,False
1ef1e349-8c24-4a18-83ff-8817cbb568f6,True,False,False
1ef38f31-3f4d-47ee-9bae-6b3e723d9800,True,False,False
1ef5a3e3-6074-4a5d-877e-436af5981166,True,False,False
1ef5c3fa-2489-4dff-accb-bebf12b16d72,True,False,False
1ef870a8-cf8d-40fa-b49f-14e344942dfd,True,False,False
1f0035ee-3e8c-4fee-ae01-14f73a37e470,True,False,False
1f00e535-aabf-4ec1-b267-655f3ce71e56,True,False,False
1f0568f6-71d8-463d-a6cc-937ed8a60dcf,True,False,False
1f0bb39c-bb89-4f55-8124-36559b2e9add,True,False,False
1f1a4206-87b9-49ef-a2bc-5aa0863614b2,True,False,False
1f1abf94-133e-4b15-a025-444b7440421e,True,False,False
1f1c7060-55ab-4208-a699-6fed7cb0f60d,True,False,False
1f203784-daf2-4265-b2bb-5980bbe5b5f3,True,False,False
1f22fc70-6ff5-41e1-9ac2-44c49ecbe503,True,False,False
1f23c24b-e2c1-45cf-ae03-beb943fcefea,True,False,False
1f2a67a2-4701-445d-ba92-ec8361d452d0,True,False,False
1f2bcd65-5336-4ed9-b8a5-2ee67beae71e,True,False,False
1f3f9eb8-25be-43b4-8043-1fb5dc29d84c,True,False,False
1f51edc0-9ca9-4a64-9134-d43d3efed63a,True,False,False
1f540210-fc83-4b42-8559-381f98025ba2,True,False,False
1f5b4f0b-7d47-4ee1-b5e1-a6601ebe928c,True,False,False
1f5ce9bd-8cbc-49ed-85c5-b6e2634339cf,True,False,False
1f5dd8b2-905f-48cf-a604-f76ffe1a77b2,True,False,False
1f5e3b7a-7a95-415b-a475-b7b277b91c16,True,False,False
1f5f6307-9979-4414-b838-7776d6ce3fea,True,False,False
1f60466d-e394-4443-a948-00dd2a00e640,True,False,False
1f626709-9420-4a92-a4b2-7efeafe05566,True,False,False
1f6c9142-0880-4a7b-bee1-c44bafbaac76,True,False,False
1f6e154f-c931-4d85-863e-1e5a6c52cd7c,True,False,False
1f713fad-e127-40fd-ab3c-ad7e5dbda775,True,False,False
1f7fe82a-dd18-44a0-9756-ed6c95eaab78,True,False,False
1f8aa15f-00be-4916-b683-23f5182fb148,True,False,False
1f8c550c-1ee6-4074-b3a0-6eb58ec38dec,True,False,False
1f978a85-858f-4898-9474-d314b5f7bf2a,True,False,False
1fa91873-086f-49c0-83f3-44cf694a5bf7,True,False,False
1facc15a-5d71-41dd-9268-8a406a781fd0,True,False,False
1fb1ef6b-c8a1-4caf-99d1-848119f5dc6d,True,False,False
1fb519eb-7d1b-4b00-b6aa-1f18e5454f81,True,False,False
1fb59aaa-33da-4ff6-9013-b25351afd4df,True,False,False
1fba936f-fb88-485a-97fc-825ddbf43a33,True,False,False
1fbc2eb8-2e5e-4d93-b1a3-885c82fb3c55,True,False,False
1fc12f3a-e330-4a19-bd10-f602d529064f,True,False,False
1fc14fe0-d31b-4487-91c5-50c8142c5759,True,False,False
1fc1bea1-e920-47de-812e-db337207a0f2,True,False,False
1fd28ecd-f487-4e4c-b595-16491bdce1d3,True,False,False
1fd5aece-ab39-4fc2-9cac-fa6467d8ad3d,True,False,False
1fd64543-de72-4034-8634-32b41c385db6,True,False,False
1fd7abdd-343e-4f09-aff9-56cb9fc9b1bd,True,False,False
1fd7bc25-3624-43e4-968d-9ea80659626e,True,False,False
1fdb6d76-b1c8-45b7-9523-8730d634af0d,True,False,False
1fe45f2f-3742-4034-8983-b5dc12f8aec8,True,False,False
1fe8e1f3-6310-44c3-a140-6ffc7b6fe0ae,True,False,False
1ff93f46-7b33-432d-9889-d44fc3172c41,True,False,False
2001c06a-4a70-41a8-b080-d4f0237e7869,True,False,False
200ebe4a-40e6-4c3f-8ba7-e14bf2bbc1a6,True,False,False
200f4ead-9e23-4fc5-85b0-8cf48641154c,True,False,False
201082f5-89f3-4069-8ad0-f5adc19440bc,True,False,False
2012caec-132d-4dfe-83c1-19f77db3fc4c,True,False,False
201f832d-7ff0-4373-a043-aeaddcb97cd9,True,False,False
20212ed3-d7f4-4105-8b55-d2d7337309d9,True,False,False
20251937-73a2-4517-b171-c9434afa84bd,True,False,False
202f4e54-0eb4-44a7-8b82-42ac5ad7a7fc,True,False,False
20347529-70c8-40a9-8f19-4f0156534154,True,False,False
20396d98-dd10-4704-9d27-4268e6d2d527,True,False,False
203eeed1-a8c8-4b0f-a851-0e27d797eaf4,True,False,False
203f3e9f-a059-407b-b9e4-c7c916c73bc2,True,False,False
203f9291-669a-4699-8592-7253aefc50ab,True,False,False
203fcc7a-6d5b-43c3-b10d-96b29e22bde1,True,False,False
2046a60e-51c3-4ae0-ac37-6d6c0fb3a977,True,False,False
204e3399-882a-474e-bcc8-17cbdd5fc812,True,False,False
204fe94f-505e-433d-850e-cc92deabdcea,True,False,False
205635d3-3209-43c7-8d49-5c8a83a9fc95,True,False,False
2058fb5d-047d-46a9-913f-b3b62f3b697c,True,False,False
205c4c2d-6df6-43c1-816f-5303d9870e5c,True,False,False
20625b20-263b-404e-8599-46d623a8f235,True,False,False
206cd19e-2b0a-4f56-a713-6cb62d5059a4,True,False,False
20831387-7127-4f0b-b46f-cdd13ce5c72d,True,False,False
2090d83f-b196-466e-88e4-2b56b2fffaaf,True,False,False
209e8b5a-ae94-4be3-aafd-77936bd7cfbe,True,False,False
20a1a879-3cff-4d9a-9fc1-09bb9624e0d6,True,False,False
20a3ca86-3599-4d22-bcbe-a28e9d04c378,True,False,False
20a46b2c-e9bc-413a-8f83-08f55b511440,True,False,False
20a9d7c0-7a9b-477f-b8b3-acedaaa58fe3,True,False,False
20ae57b2-3362-4ba3-b00c-fa711589d87c,True,False,False
20b483be-6d3e-4614-acd0-4dde5df6fbe3,True,False,False
20b6ba65-0b78-4bf5-bad6-733ad80ae5fb,True,False,False
20c0540a-46f8-41f6-97a7-ba86f592eca3,True,False,False
20c683d1-ffce-4fac-9d5b-d8476bc162c1,True,False,False
20c721c9-684a-4822-b1f5-ef0c3dab7019,True,False,False
20c76b71-1aa7-4b8e-8653-97161855438d,True,False,False
20cce19e-edef-4ad4-9e0c-4b3fa1f021b8,True,False,False
20d44af6-0555-4a40-9131-010bc3962dd2,True,False,False
20d8a845-2dea-47e2-bf6d-1d69858c0454,True,True,False
20db9235-744b-4ded-9175-c7b6ae5cf64f,True,False,False
20dd43ad-7976-4b99-b2d5-abda1e51b646,True,False,False
20f7be44-3693-490f-8b9c-8e1686acc039,True,False,False
20fdf02c-5922-4662-9360-d876ac380157,True,False,False
21030ce4-8693-4f78-8a2b-00ddc7c726b9,True,False,False
2107b71b-6b18-4ead-91e8-006cf4093f0b,True,False,False
210ac91c-040a-45a2-bffe-9aeb351b9172,True,False,False
210d8c23-33f8-47a7-a7f9-c19b57075fa2,True,False,False
2112556d-5246-4ce0-b790-697f99e77743,True,False,False
211d0f03-e78a-4c35-a4ec-b07607b830bb,True,False,False
211ed997-ef6b-4b4a-870f-6d9baef9f626,True,False,False
212140cb-27ce-4bd4-9b7f-c547612cdae7,True,False,False
2122037b-450a-4eb6-8d01-774dbbace2a8,True,False,False
212dc0e6-74bb-4fb9-96b0-8f0a5e11b632,True,False,False
213085db-ff9d-453c-8215-1cf300dce72b,True,False,False
21312d12-7472-4dd0-a167-2b351004221e,True,False,False
21323e13-b450-4773-8dc3-4c5d3802f946,True,False,False
214ffe11-607b-4500-86d0-825ae74fa46a,True,False,False
21528359-3863-435d-93f9-8bc8e4faeee7,True,False,False
215b25fb-bd22-4883-bd53-70593e54ce18,True,False,False
215ee982-1aee-4a02-9f61-7a87d593de93,True,False,False
21635526-cab4-4603-a93e-a8e56f0fcb9e,True,False,False
21684478-f894-4b2e-be92-ce65c5105134,True,False,False
21687830-97bc-4a98-a509-3feb4d17fd3a,True,False,False
216bd9c8-ae43-4745-9ca9-952bd94a5d23,True,False,False
21748303-feac-4aca-a95d-8e6a1510349f,True,False,False
217a5237-dcb8-4896-bd01-bcdb79657fdd,True,False,False
21801069-7549-4ccf-897e-417ed43e77e6,True,False,False
2180a94d-ff99-4519-80b2-99fb87969d70,True,False,False
218208e5-7d78-4166-9a70-7f9e14026b2d,True,False,False
21834082-fd21-47b3-90c7-eb8d278cae62,True,False,False
218605df-8540-4795-9d83-417959010dc2,True,False,False
218ab9ea-629b-4423-af7d-9af66c526dba,True,False,False
21902829-fb16-45bd-be79-3297d97e2eac,True,False,False
2190f244-29c6-4063-8431-88af928f4953,True,False,False
2196d994-e570-4730-91db-3d8064667523,True,False,False
219ece56-518d-4f5b-8dc3-3859e2267420,True,False,False
21aaa7c2-df63-478a-a26a-c5dbfbae1491,True,False,False
21b268df-156b-4b08-be2d-55ab01211c9c,True,False,False
21b48215-cb2d-46d7-934d-7ead1451db68,True,False,False
21b588d1-944d-4d80-83dc-7709c98e2c1b,True,False,False
21bfb8ca-0743-4586-9188-e8af0b56b06a,True,False,False
21c2e1a5-a9b1-4dd0-bbf4-4fa4deb4deef,True,False,False
21c82d7c-eb77-44b9-9863-785f44277280,True,False,False
21ca7693-e78a-48f5-b255-42021dfc4240,True,False,False
21d613f3-00ab-4949-98e2-7206b0595bab,True,False,False
21d6f770-c423-4a9a-bfdc-2a2e1ff48454,True,False,False
21dcdc37-72e9-425f-95ca-08023ba508ce,True,False,False
21dcdd36-7d49-4cf0-9dd8-2f19ba907465,True,False,False
21df43a6-be6a-44f6-b41c-c8fcbeb2e952,True,True,True
21e41f58-2903-4546-05b2-9340ca943de6,True,False,False
21e68d9f-107a-4295-9101-66e24ccfd59e,True,False,False
21e73627-4f30-4d18-9958-c69ce1a24ebf,True,False,False
21e78f78-b15e-4a31-9224-79eb240148d8,True,False,False
21ed225b-98a7-4ef9-ac8a-8b5e85414145,True,False,False
21f43550-0a9c-4298-8b44-81c21daf16a8,True,False,False
21f8870a-c909-4fd2-9521-bcc30a37e205,True,False,False
21f9620f-1f6f-4964-8814-a56df35ee2b1,True,False,False
21fa7f88-aa70-4f2c-b00c-d1c121e7965a,True,False,False
221429e5-bfcb-4e32-98cd-67fe37235783,True,False,False
2214a723-f898-4d21-bbc0-699078cdc0bf,True,False,False
221b1a54-9e20-4362-94f4-bc663517eca5,True,False,False
221f1b19-d7f5-4bea-9b35-d0f0f5b3be89,True,False,False
222c370b-0fac-4287-982b-e340f5eaf3a1,True,False,False
223c667f-cd5c-4083-902c-e43bcf073f03,True,False,False
2244f6b3-deb3-4789-bf1b-281ef59e62a0,True,False,False
2245a515-c5d4-4ae2-a40d-f88f3cfcd96a,True,False,False
2248a391-ce8c-4135-8602-27acf07dc7b7,True,False,False
224cdbea-acab-4b4a-915f-d2bba1fe9456,True,False,False
2259f1c4-734f-467c-b3f1-5cee0bb34c7e,True,False,False
225e6433-7a6b-4d8d-aec7-f4ef017df9d8,True,False,False
225fe9dd-c91d-4882-94a9-f10431d58725,True,False,False
22681ed3-05b8-45df-95f3-986762d9a5a1,True,False,False
226a0224-f784-4319-8513-8243e4be8142,True,False,False
2276dc3a-a2f7-4aa7-9d1c-61b9c6dc467f,True,False,False
2278ab8f-65a2-4256-80d8-1f47a8824ea9,True,False,False
227b0996-cb20-40b1-a34d-40259248cde6,True,False,False
227d30ec-3a10-4fd8-9afa-08330fe27a74,True,False,False
2281c65e-2d63-41b2-9529-a2ec8e2da04a,True,False,False
22846e1b-e146-4b1c-bd47-e3c4842439b6,True,False,False
2286ae31-5221-4605-9173-d226ff2c7e84,True,False,False
2287b3a1-6847-44d4-9592-f886fe2c8b02,True,False,False
228a0f4c-2eed-42af-9a87-d8f0cd21ba9a,True,True,True
229c7a72-07e6-406e-b2d8-a01ecd111c95,True,False,False
22af2f32-9eb8-47c8-9bda-65365127fa53,True,False,False
22b6ec23-e156-4a2b-87ef-3516d48ac807,True,False,False
22bc890f-76ca-418b-91c6-d943e4dc706d,True,False,False
22bea3ce-f450-40e7-a9e9-261a99a24a30,True,False,False
22c57267-da98-4f28-9a9c-18bb5b385193,True,False,False
22c5f42d-4675-4557-8035-5e5e81d7beec,True,False,False
22c967a6-0d55-4375-a788-50661164ef72,True,False,False
22d25da8-616f-46d3-81d0-a9b0b661ef73,True,False,False
22d2bb6c-8f13-4193-80d9-086eb5270a0e,True,False,False
22d7c4b0-fcae-4225-89a9-093cb73908c8,True,False,False
22d7e2c8-2698-4998-895c-2fad3480854c,True,False,False
22e6b163-71df-49a4-9db0-e625bbda5244,True,False,False
22e8a941-7df7-4324-a457-fbd110d08e39,True,False,False
22f23bff-ca0f-42cf-a5c5-b95ff3925d8a,True,False,False
22f34e0a-3833-4934-8d40-61949dca18ae,True,False,False
2308f400-c5a8-4b50-ac17-d9e30126f400,True,False,False
23092b8b-31a6-4880-b90f-83d13173bea5,True,False,False
230c4313-d2b2-4543-8f41-fc458ad739ff,True,False,False
230dd2ff-babc-476d-8613-67adc7ad6143,True,False,False
230ea37f-35de-4fcd-9485-5913811ad458,True,False,False
230efa16-7f93-4bf2-8679-6a11578a658f,True,True,True
2315ecd6-036e-4cd2-a95b-c3fae3ee362d,True,False,False
23196463-3a34-42d5-801b-660593819d7e,True,False,False
2319fa29-2551-45a6-8e57-2244c3a36e15,True,False,False
2321cf57-af93-4d40-a46d-7a90e87bc5c7,True,False,False
23226a2c-bf6b-4927-83b3-916232e0ea7f,True,False,False
232ab67e-71c8-4d1e-b87a-c67bf7cac802,True,False,False
232f2505-cdb8-4805-8b2f-13be97427723,True,False,False
23375068-25db-44fd-86a8-52123e47e93e,True,False,False
2341e539-d010-4aa0-b3b4-0f77217041ae,True,False,False
23486ef4-ecdd-449e-b7ff-950642282fef,True,False,False
234c319d-e327-4e64-9e2d-02d1fc380fcb,True,False,False
234c777b-a4d2-49e5-b1f2-7c33d2473493,True,False,False
234cfcf5-2097-43e5-9668-7024bb628c94,True,False,False
234e4646-f64b-4a11-a8c7-183865eb1a29,True,False,False
235937b4-b685-4f34-a832-66abafbbb3ac,True,False,False
235d307e-28ad-4ca0-8426-372ff5e67d42,True,False,False
2361274c-6a31-42f4-aabb-0ef62f21303b,True,False,False
236c879d-f451-4baa-80f2-398b29496c61,True,False,False
236e58ac-7c99-41d2-9164-ef06cb5189f7,True,False,False
23758a4d-01bf-41c8-9ef2-3a318329cbf7,True,False,False
23769c60-3d11-41a4-a649-43c08d8482db,True,False,False
23782fd0-3c1b-4a9a-b323-bd12e092e701,True,False,False
237a4612-a394-487b-a2f1-2d9ae4a692bd,True,False,False
237f93a4-61a0-4787-a53b-903b48c42b98,True,False,False
23804747-2a1a-4b7b-818f-a30a93424c37,True,False,False
2396f1ee-3b1d-4d4f-8a8d-e536318d660e,True,False,False
239f1b05-e14a-43e4-b029-b011c2a4b707,True,False,False
23a6000c-93d6-4829-8c71-50f673669fba,True,False,False
23aa3f76-2b66-48cb-ad5d-c46ee783a3c2,True,False,False
23ad71c4-ada4-46b7-8299-04df5c8094fa,True,False,False
23b002b4-734f-4221-bb98-f5131b9c69e6,True,True,False
23b75490-dbef-43f3-88a7-e84398aff101,True,False,False
23b77571-17e1-47af-8668-cb89b7fb687b,True,False,False
23beeae1-2a02-492a-b024-baa8d5759e97,True,False,False
23c4d13c-6a3f-4663-aaaa-fbece32f6638,True,False,False
23d33f43-4cf5-4546-9af5-847d8ce8a3f3,True,True,False
23d401b4-42b7-4869-8433-a4f702a5e65e,True,False,False
23d45d6a-4285-4337-8b3f-197abb906c2d,True,False,False
23d770a9-988c-4ece-b56b-ef00523aa2f2,True,False,False
23e25521-43a4-49c2-b184-205a216f3409,True,False,False
23e3bfbc-74ea-4460-b532-fe5ffa81b450,True,False,False
23f5bfd7-dc85-4f3e-b3d5-33f50d9897ab,True,False,False
23fdd2cd-e9ae-4809-97df-c1f332a09a23,True,False,False
23feeef9-cfa1-47cd-964e-af10396e3eeb,True,False,False
2400fd30-6a3d-4f9c-9346-8d204cf97adc,True,False,False
24025d6e-49d1-41e3-a11b-7fed7e640a25,True,True,True
2403451c-3253-4d57-a95a-1c6f222f9235,True,False,False
240718c5-0749-43d1-957a-aae4aca0fc47,True,False,False
240a74cd-84bf-4e36-a88d-27f4e996de29,True,False,False
2414f5d1-17b6-4d89-8d48-d5a7ca05dae0,True,False,False
24161087-35e7-4d91-bfb0-f651247a76e1,True,False,False
241ef1ca-597c-446e-9cd2-035c0239335d,True,False,False
241faf8b-1738-4608-8fb1-1b18118640f4,True,False,False
241fe150-1844-4d95-b949-0b3d7ca6ffa5,True,False,False
2424a683-d184-435c-976a-596ddbceae75,True,False,False
24262f6d-399b-4e10-90c0-57dcd53385e1,True,False,False
2427c7b6-91e6-468f-9baa-f08f23f77395,True,False,False
242b6d4d-720e-49a0-9928-06e4c5d24b3d,True,False,False
242bad56-cae4-436d-844c-2412b525bdc6,True,True,False
242eecaa-5e6f-4a16-953e-67047f6e4a1c,True,False,False
242fa0f3-3647-43e3-bca9-e63e9227771b,True,False,False
2434d2dd-9ef4-41ab-9d42-ccbefcdc3a11,True,False,False
243696e1-9af4-45b1-9f62-a41e3f02078a,True,False,False
2437eac1-f0c5-4986-bbd4-e02fd2aed126,True,False,False
24389eed-bd76-4a28-b0f1-ec5923e8458f,True,False,False
24401076-d7de-42b9-ae54-8d70d5532541,True,False,False
2441c7fb-8ec8-d3c3-08d0-7ce53b810262,True,False,False
2443d20c-4fcf-41d0-9e8b-7d5ebeb86e94,True,False,False
244de0d3-e0ca-4602-ab56-65920e7e502f,True,False,False
244f8d46-70e6-4e3e-baf4-69007b542a01,True,False,False
24501f82-5ec3-40d3-80ce-68733bbf9139,True,False,False
2453229e-8163-41e1-97fe-de2cbfeb7201,True,False,False
24632310-d4a7-4ebb-aaa1-319f527fbb91,True,False,False
24678f21-1a4b-4bf4-afe8-09879173535a,True,False,False
24710e2e-06b2-43ab-b8fa-514ad4d19605,True,False,False
2477850a-ee10-4f67-9c88-1ac94a63b9b9,True,False,False
2477c07c-d672-4abd-8595-8faebe52295b,True,False,False
247e748d-9dcb-4e1a-9506-a8a204984d4c,True,False,False
2481b233-f1a1-4b17-bce9-5c797615e0d0,True,False,False
2482cadd-f05e-427a-a480-283d94422834,True,False,False
24936cfb-ab58-47e5-a49e-56c228946dd8,True,False,False
249551e0-3bec-4b1c-9664-3795543391c1,True,False,False
2499efa9-70dc-469c-bcad-479f0b431a1c,True,False,False
249db0ad-cb47-4741-b149-f24edc2eb8c7,True,False,False
24a0a7c9-13f3-492b-842b-a8963b6f2a9b,True,False,False
24b11f3a-be7a-4b9e-b248-a73e07ecb73e,True,False,False
24b3bbee-d630-4fbe-afa5-c89f3f1a92b2,True,False,False
24b6bed4-c3a3-403c-81d6-acc398f5bb8b,True,False,False
24c026a7-9bd3-4d71-ada5-7f9ebf934f9f,True,False,False
24c6faad-44cf-4323-a4d2-e433e657f275,True,False,False
24cb1a51-b03c-48d6-a98a-9dae9694edd3,True,False,False
24d231ab-6037-43e7-8be1-926781ba79f2,True,False,False
24d98c98-6c3e-4990-9a1a-c4b11fff3422,True,False,False
24e1e0a9-d4ca-40ef-bddc-9453af19485f,True,False,False
24e7c8dd-b209-4b54-a7a5-051413dc5a61,True,False,False
24fa90b4-5768-437f-a1c4-c22d15085ab6,True,False,False
24fe26a8-4c22-4004-9388-7d09194fff64,True,False,False
25026dee-8991-4445-b95f-8dfd625b3df5,True,False,False
2505367a-2f33-4065-8707-f87f78e04051,True,False,False
250abeea-32c9-4119-a2ac-f37a38c59812,True,False,False
25117d30-3b0b-455a-bfea-db5c887b6000,True,False,False
251babbf-655a-4a7a-8c6d-5ca79ce96533,True,False,False
251d6c76-f472-4979-90a0-21bf418c04b2,True,False,False
2520b200-a3b6-432a-a82f-ab7a21c2774b,True,False,False
2523c02c-3684-4f8a-9fcd-971a8874bbd0,True,False,False
25289df5-2820-4795-8981-029f886cff91,True,False,False
252e1b07-3f43-4d94-985a-7ca60dceeb26,True,False,False
252eab53-ca64-4672-9772-af163d42042b,True,False,False
253c8adb-9ef3-477e-8838-d5addc23012b,True,False,False
25515d03-53d8-49a5-915e-9d799978e149,True,False,False
255544be-bb45-4c93-a2f3-1eaacf7223e9,True,False,False
255a5ead-28bb-425d-af24-5e7773108fd9,True,False,False
25618b12-7ed0-4983-b742-c178051a28cb,True,False,False
25620baa-35a9-4f87-a21c-e55946ae1f04,True,False,False
25766713-0666-44e6-9ee8-322f48914fd4,True,False,False
257a0dc3-7cb6-4868-ad9d-e5acf3e1eb91,True,False,False
257b5339-8854-4db3-abe4-900b800653bf,True,False,False
257e39bd-2b45-400b-be7c-830ab910a545,True,False,False
257ea5fc-daf3-461a-a97b-79871ba0e3e3,True,False,False
257f64a7-3dfb-4392-803d-fcd6f80534a5,True,False,False
25853a4d-b7c9-41cd-9394-801be9fd0ef4,True,False,False
258d57b5-6384-4f18-890b-eba41ead066f,True,False,False
25915e83-2107-4a6e-b737-680af55938a6,True,False,False
259dff10-34be-4b78-a619-fab0bbfeca57,True,False,False
25a8762c-62da-4214-9c56-28d6089d3df5,True,False,False
25ab59a2-0d9a-4e68-957b-24f7cad7e457,True,False,False
25b159b4-486b-48a1-8b00-076e8225ca19,True,False,False
25b469fd-697b-454b-8051-25759716a545,True,False,False
25b61578-1558-4a21-bdee-63fcd8d9761e,True,False,False
25c180dd-803f-4cfd-a4b9-f90fbd8337df,True,False,False
25c296f6-e02d-462c-a6e1-3e70420fef6b,True,False,False
25c62e2e-a98a-488d-8316-fb0b8c55784e,True,False,False
25c68f80-4ebc-44aa-a2f9-a482729f2ac9,True,False,False
25cc5bae-aeca-4aca-8248-48035078ec12,True,False,False
25d27258-06d5-407b-9be4-b81c149705e5,True,False,False
25dbe823-1be2-4d56-83ca-7cd938a56d5c,True,False,False
25dead9d-90cd-4525-9ce2-1b08ca61308f,True,False,False
25e232fa-22db-4a93-a25d-6e62384af0cb,True,False,False
25e511d5-9885-42c7-8c1a-54061e0cbc9e,True,False,False
25e63a83-6e29-478e-b7fa-f83438a8adb9,True,False,False
25f6c504-a95f-4614-b9b9-5eb771d062dd,True,False,False
25fbaa4f-8ecc-4e39-ab90-83b62fd4d21e,True,False,False
2602ea13-6b74-48d7-aa5d-e00a8d232c1c,True,False,False
2611eca9-a545-48d3-a055-0b28cd6bcf86,True,False,False
26144e8f-0b36-49fe-94ea-6f1d71fe8be2,True,False,False
26154ada-31f8-4f91-89f5-eb4f711e70a0,True,False,False
2616654a-d316-47e1-8239-8af2a9d6e06c,True,False,False
2627ec18-f016-4cd9-98ba-20753fde7f32,True,False,False
262b219f-eca0-4e68-b45c-2cb0f6229e89,True,False,False
26559ddf-b741-55b8-8598-5a6711966eba,True,True,False
2655bc58-8cf9-442c-91eb-9d019ffa7962,True,False,False
265a4a79-82bb-4088-ac6b-721dd124a66a,True,False,False
265d7c05-6d98-42f2-8029-14ea868363ed,True,False,False
265e32e6-92fe-4f49-8026-6d7393029a44,True,False,False
266232dc-ad11-4929-926f-31202fc6aa1a,True,False,False
266476a8-6e1b-4149-9175-386ed9a8d723,True,False,False
266515e8-8d6a-433e-93e2-4c639e2c3bc9,True,False,False
2666d6ed-08d8-4a83-b487-2cccbfbf34ff,True,False,False
266a2963-6dbd-4030-b313-f7ed59b77a81,True,False,False
266ae87c-1a2c-4256-9a93-7e24c0099565,True,False,False
2670c90d-a8da-4f79-8433-7f5d4145906a,True,False,False
2671dcd3-43a7-405d-9b36-e961b4d10151,True,False,False
2673c1c7-2048-4612-a0f2-1d0724b7b0ae,True,False,False
267ad99c-8426-4ac1-9ee4-3e2fe55eb359,True,False,False
267b0f1f-c687-471e-9c58-00d25ca3357c,True,False,False
267f93ca-9d85-43ac-a9e4-d8a519e01450,True,False,False
267fda57-6d79-4be9-b179-16ad7e49b810,True,False,False
2692ad8e-6d38-4193-a0db-b36eb52be936,True,False,False
269b1cec-e54e-4b51-b66b-d6dfb33a512a,True,False,False
26a44af8-e772-45ed-9d33-c431add384df,True,False,False
26a8b6eb-3045-419b-b508-2d2daef47ce3,True,False,False
26b4f72d-1df0-4371-b04a-0a45aa6725b7,True,False,False
26be92a0-cec1-4684-89b6-bd7e93b9d7f7,True,False,False
26bfdbbd-a9ff-40cc-b8d2-580f2c676128,True,False,False
26c40b09-c987-4c64-9755-70f489568141,True,False,False
26c70ca5-839d-43e7-b7dd-695c871d1dee,True,False,False
26c95af2-976b-49ee-8c7c-32002fd9e939,True,False,False
26ca9bd8-21bd-47b9-b227-b6a083bde2a7,True,False,False
26d34645-599b-4951-93c0-dcf2c79523e6,True,False,False
26d50a9a-c960-4d27-80cb-10d06838e390,True,False,False
26d57ac6-19f0-433a-b232-aea4fd2a843d,True,False,False
26d78c21-7fc3-4538-8a70-01a3aa410668,True,False,False
26dfd4fe-849b-4567-a3e4-dd8fe43c5a20,True,False,False
26e0b09b-0eb8-42f5-a8aa-18ef8bb904a9,True,False,False
26e15434-8557-498f-8cf3-757f0065e140,True,True,True
26e5f31c-574d-48eb-9bb0-b97d0d077719,True,False,False
26e83409-7633-4936-9d4a-954bfefb0007,True,False,False
26e91675-23cd-4c08-b158-c51a8fc6b0d0,True,False,False
26e9326f-64b4-4bb1-87b1-b8ab17f42bcb,True,False,False
26edfdf8-435c-4d9b-8ddb-c575b0223d86,True,False,False
26f22d92-cb74-4221-a93b-3fc5257592f2,True,False,False
26fbc9c9-6147-48da-9e4c-ee56bd5104f5,True,False,False
27000366-f96a-4b52-98a1-45ea5b1b704e,True,False,False
2702d95a-30b3-41cc-8861-205d5a8fc0ce,True,False,False
27061eea-a940-4aec-932e-b2bffacfcd46,True,False,False
271185ee-9496-4644-8d72-52053d4c367a,True,False,False
271c6bcf-d5bb-43e4-bce3-b56f624cc310,True,False,False
271e9ecc-1fda-44f0-93c3-dd659f6b8892,True,False,False
271ea1b0-71b6-48f6-aef2-922510bda08b,True,False,False
2727154e-3da2-4d20-8b83-c3555224ebde,True,False,False
27280366-5541-4093-b2c9-03003e12908b,True,False,False
2736db25-73cf-4dae-bbbe-5a5f5b71c10f,True,False,False
27399ae1-fc02-1b48-47af-02c7569d76af,True,False,False
273cb7e7-5191-4d57-a031-60048a99674c,True,False,False
273eddae-73df-430f-af88-5748832b854e,True,False,False
274b9ddc-3c9f-43d2-b709-414068f319c0,True,False,False
274dd16c-d66d-284a-e88c-5459b5dec326,True,False,False
27514f98-ca4a-416d-9540-dad3ac469c55,True,False,False
2756d05d-dd9a-4e14-8cd6-bbb76df83fbc,True,False,False
275877e6-6cb1-48c4-92cf-7dead3ed083d,True,False,False
275eed2f-7915-4a54-8136-8cdf2fbba915,True,False,False
276cd5d1-a47e-47d9-976d-0e12fe5bf0d0,True,False,False
276da25f-dec1-4f73-a7f4-8689ea08fd70,True,False,False
2775dd66-d1c5-4637-9f22-730beb44f625,True,False,False
2779b965-5d0b-42a8-a9bb-6cc2c64c14d2,True,False,False
27858e01-2999-4ab5-8504-8604741c65e6,True,False,False
278db444-c704-4ff0-abd9-92052ef473b3,True,False,False
2791b4dd-b578-477c-8ec0-80e3d22f7a74,True,False,False
2795f9dc-c6e2-472f-8609-92480c961d5d,True,False,False
27976eb0-51cf-4e81-a70a-4769a92c4d42,True,False,False
2798a444-ff8f-4db2-bb2e-d02cb6febc92,True,False,False
27999416-d083-44c4-aedd-fa36be5080ea,True,False,False
279bdc95-9280-4015-b664-7a024709be18,True,False,False
27ac84e7-2893-4b6f-ad9b-caf537de06b9,True,False,False
27af684d-0504-49d6-ba16-02ca38022909,True,True,False
27b0fc8d-bcc6-469a-8941-f9e24215e3fe,True,False,False
27bd3dc0-b9b8-473f-80bc-bf8b6fb49f21,True,False,False
27bf5099-67d8-4c69-9611-5b04da48429d,True,False,False
27cdea83-9cc1-4db5-bf4c-c9f38a2b802e,True,False,False
27d8ea4e-82c2-40c2-a966-c2381e11dac5,True,False,False
27e4f54d-af4b-4173-8f86-72e830ddc819,True,False,False
27f5d428-f19a-4f58-858c-b3147c9e86df,True,False,False
27fa6dc8-0608-4814-9882-0c9335f67660,True,False,False
27fd3aea-4cef-4f2e-8527-d75e52f36d5f,True,False,False
27fe9f3b-857b-48cd-8fae-dff7625b5306,True,False,False
28121cf3-53e0-49d8-8590-884633c85d5c,True,False,False
28188c49-9776-4525-9a8a-1e67f0f1f0f0,True,False,False
281aff9c-af45-4627-988f-5e3089e08dda,True,False,False
281b082c-5e6b-4576-a494-1d2c9742f98f,True,False,False
282053bc-d544-4eb3-91dd-a6e1c5eb43d7,True,False,False
2821ecc4-dc71-4c35-b703-343ac7b72710,True,False,False
282a3c1c-e999-438a-bb31-230168e83325,True,False,False
282cd104-6faf-43ec-9124-975fd72de6bb,True,False,False
282cd4e9-b89a-42c2-b04d-0ffdd119d3c3,True,False,False
282d07a3-a35d-47e4-b9b4-81794e276988,True,False,False
28337d6f-ef07-4639-81e5-e68f59c4cb12,True,False,False
2833b1c0-f150-4bcb-a124-b0b1abbcd0ad,True,False,False
28378b69-bb1d-4e1f-b7b3-1c25c73e4d71,True,False,False
283f1a5b-1397-4f30-914f-466708f8ae65,True,False,False
284729db-91db-478f-81d6-3ee230deb902,True,False,False
286005b2-456c-4d5c-9ccf-013e0a6ac4d0,True,False,False
286067d3-a8ec-4980-96ca-5b84955c2432,True,False,False
286c45b5-0acd-401f-8f89-63ff7f449566,True,False,False
286d24c1-96aa-4515-9f20-0a8f4514b93a,True,False,False
2875baf8-c2cc-83dc-0c68-e81939af99f4,True,False,False
288054a6-d847-42f9-a2af-cbf1bc7586ce,True,False,False
28884d4f-e3fe-4795-9bef-52e003fc7993,True,False,False
2888a39b-f699-41c3-96da-41129cc61f38,True,False,False
2889a6f7-4c30-4be4-b348-e3a83b983826,True,False,False
28970a71-6c8c-40e0-a22d-40bdd407ab0e,True,False,False
28a78284-0ff0-4d4f-9ed2-87d96b31204c,True,True,True
28af5b1f-ee39-47de-a635-736e0e92d002,True,False,False
28afef1d-4bde-4654-ac00-b978c138619d,True,False,False
28bdb6a7-4828-4049-a805-b4564cfa507a,True,False,False
28bdb871-b2cd-4809-9c61-6e4987d2caff,True,False,False
28be5f57-2e9d-44bf-9210-46c6690496db,True,False,False
28cb59b8-53a7-40af-8309-ebea04428b2f,True,False,False
28cc6ebc-6029-4046-93c0-2c66831a1803,True,False,False
28cd0438-b93b-446b-8c1b-01edc6ceecfd,True,False,False
28d27d9b-dfb3-4484-bfe5-7fcf23fb1484,True,False,False
28e02547-2c1d-444e-8319-ed514e9e6629,True,False,False
28e101c8-b6f1-4357-961b-08ce484216eb,True,False,False
28e1d9cd-c012-46fd-928f-0c946f7f3034,True,False,False
28e35d48-ceaa-4f56-98df-ea1785235293,True,False,False
28e81dc3-01e8-4577-813e-77dab78bceb8,True,False,False
28f1eb16-4694-4fc6-bd6b-0340013f5e43,True,False,False
28f532fb-a98e-4d2f-83c6-c855b8d8f0f2,True,False,False
28fd2a98-fe1c-4504-884b-1b33492d7869,True,False,False
28ffb407-9c7e-4612-97e5-3b89772d5637,True,False,False
2901f712-7222-4f3a-8e90-08e5ad87e7e2,True,False,False
29043795-2c54-42c4-90a8-bccebb1d1b16,True,False,False
290f0c19-81ad-45d1-baf9-a6c0f850d977,True,False,False
290fb7c9-17dc-46ec-b575-9180dcbb11e0,True,False,False
290fe8de-4649-4f8d-a0f4-2574ddb648d6,True,False,False
29122adf-26df-4d10-a59e-642ab8291f0d,True,False,False
2917084a-b59c-4b02-8292-43c7cd9ae429,True,False,False
291e3872-7bf7-4014-a9d4-11fe0be4f186,True,False,False
29227af4-ab15-4e15-b8f2-b7bddab2003d,True,False,False
292598d3-ffbd-4764-8f52-cbac513b3bc9,True,False,False
292e90d9-4ef5-4095-97c8-23d86d923fb8,True,False,False
2939c933-a92f-4efd-bd53-603f2bed1949,True,False,False
293ce100-85b2-4bc5-9310-2e58a47d8a0c,True,False,False
293e44ba-296e-47c4-8821-8a9425ca7a41,True,False,False
294579fa-bc35-4d1a-a517-52b402a7e545,True,False,False
2948655a-2ee1-474c-ab8d-f06e158b9b67,True,False,False
2950abd9-f5b4-4043-846e-d6c4156ea494,True,False,False
2957bbdc-8ea3-4a16-ae1e-1f1c038b8d56,True,False,False
295824cf-9129-44f4-a760-4e867f44e0ae,True,False,False
295b71d7-10e2-4358-98b5-a2fec6feb8a7,True,False,False
29601d81-e381-45e2-8d56-79f5e7c40a1a,True,False,False
29611733-3b77-45e7-ace9-d7955f05c776,True,False,False
2963784a-3ef7-4e7d-8941-86b43c47c8fa,True,False,False
296521e1-468a-4b78-ad23-236f9c9eccc5,True,False,False
2966e013-745b-456e-895e-2a7918cf1580,True,False,False
296a008e-5dce-4c71-8767-c54ed1a60ccc,True,False,False
296b40bc-1475-4a2d-b4b0-06111cf69b6f,True,False,False
29762a53-aa88-4edf-b6df-fbb26d406002,True,False,False
297c4363-eab5-4893-b767-ea381702b142,True,False,False
297ff233-53b7-4e64-8c2f-ac38a5ac46af,True,False,False
2981c2b4-6ce3-4041-8cee-e1ef1b74b982,True,False,False
29843905-0d4d-49c3-b28c-1a8501ab4366,True,False,False
2985c92b-68c2-4c59-8b6c-976c3de4ec4e,True,False,False
298fddc9-c198-467c-b10a-7413db017a46,True,False,False
2993c5c4-6042-42e9-803e-540b011e0e5e,True,False,False
29964c1c-86a0-48bf-9d1d-2043c0bfa2e7,True,False,False
29976a6a-88d8-4bfc-95c0-9bd0c4b11407,True,False,False
2997de7d-292f-403c-b3c8-875b3496636b,True,False,False
2999442f-b0c2-4a98-aa97-5b8afbccf958,True,False,False
29a8fc09-c15b-4251-811c-d4cee568109e,True,False,False
29b1886d-fd63-4cb9-b4be-fe84508f7e75,True,False,False
29bc1892-305b-429f-89ca-58a400975f4e,True,True,False
29c30acc-66ed-4e21-a6df-9e068012eefd,True,False,False
29c42d98-7a57-470e-9177-34d7c6ce3986,True,False,False
29c9a7de-b2bc-4d1c-9c0e-0c4b6302b77e,True,False,False
29ca5a88-11df-486e-9f33-a8c04aa5bff1,True,False,False
29cb172f-1725-4a30-af36-aa86362463b0,True,False,False
29d0b697-aef8-49cb-860f-f0cf97e7d0b6,True,False,False
29d35664-4bff-4f0d-b818-cbaaa11c4442,True,False,False
29d4d63b-d9d2-42d8-8dc1-74c581216be8,True,False,False
29d5cee3-c6f7-4520-afe7-156b48f9d389,True,False,False
29d7e11e-ece0-4a75-8023-aaf8b8570a36,True,False,False
29dab484-05e8-41b7-9e66-10fcbb8e3d1c,True,False,False
29dc41b5-e6dc-4f9d-94c2-7f9f7afc15f8,True,False,False
29e149e1-aef8-4375-94e8-d8d9d3841b55,True,False,False
29e5c95e-58a0-41f4-b620-5698dcd086bb,True,False,False
29e67c28-971e-43c4-acf6-1e6de9421d8c,True,False,False
29eb305c-9993-483d-9ee3-9cf0f06fa361,True,False,False
2a00b00e-fa49-49c5-a420-fdff0bfadf4c,True,False,False
2a010441-e0a2-4308-b718-ebc5d33e913a,True,False,False
2a013cd9-6a10-4677-abf4-5f337d2580db,True,False,False
2a098194-7e8a-4011-ad17-28c6d261f934,True,False,False
2a0a236c-ed3f-4722-b2a3-a424ca298c21,True,False,False
2a0df4c1-0af6-4360-bd7b-88091a21db3b,True,False,False
2a0ecdca-256f-4917-bfae-c7cbcea513a3,True,False,False
2a244d3f-203a-45ad-bd98-279cf9989cba,True,False,False
2a2cd75f-46da-4f05-aeb2-cdef059eac1d,True,False,False
2a2d4c6c-6841-487f-9915-7cd3058a1213,True,False,False
2a31b520-8b6c-4157-b7a1-e43a650da253,True,False,False
2a3e7df4-ff23-4f20-a900-e8b05afe0027,True,False,False
2a40fda7-08fe-4911-bf3f-1f3b1a317efe,True,False,False
2a4b9b1c-503a-4681-89a9-b393522b948e,True,False,False
2a4f3c18-2d69-4448-812e-6a05718dfdae,True,False,False
2a5167cb-5796-4fac-85f9-7108e7573a84,True,False,False
2a560e78-65a4-40b1-2815-dafcf81ba8a9,True,False,False
2a566bb8-a449-4fe1-959d-e553cb676f85,True,False,False
2a5aed08-9ed5-4190-8c7c-cc0c3b79a006,True,False,False
2a5f8ac7-887b-45e5-bb03-31a5745f0857,True,False,False
2a6db876-acd8-4309-ae89-5d7cd1da84df,True,False,False
2a6e9d36-07e3-45c5-bbdd-330fd3b52b96,True,False,False
2a7a42d2-a64e-40a3-9cad-1b1b0467ee25,True,False,False
2a7f8a76-d520-4360-8b30-68e5ce1568ac,True,False,False
2a806b4d-5e76-4f7e-b9e5-2d2cf28825d5,True,False,False
2a820a1a-0a6a-411d-ae12-ca2691d14195,True,False,False
2a8d7d59-6351-4b9e-8e22-acf0811ef8f4,True,True,False
2a8ed6a5-19de-454f-80b8-a670cbe4d3de,True,False,False
2a91b60c-bb7a-48da-9b24-da03a9406ad8,True,False,False
2a92435a-317e-4cc3-b63e-d7400ebf3b04,True,False,False
2a93a4a3-39db-49ae-be86-2fd1c4e2ec98,True,False,False
2a97731c-ca6d-468c-a228-72ffba682778,True,False,False
2a9afb5f-c9f2-44d8-9bfa-dc30b6814346,True,False,False
2aaab8e9-446e-48d1-8d42-a5c39e18d0eb,True,False,False
2aaf6f11-bb58-48fd-b7b2-45307f0b0bae,True,True,True
2ab2aaae-654c-40b0-acb4-95af056f5383,True,False,False
2ab44ef6-94a2-4e0b-aa42-09a276d533ce,True,False,False
2ab45732-e716-4fb3-b841-ed5e7047021a,True,False,False
2ab9338f-4245-49ac-a1e1-97cbdb5a0f52,True,False,False
2ab9cd63-2a58-462f-b51c-4b8b1a7f1019,True,False,False
2abaf865-3f6c-49e3-b957-fed53bbed66a,True,False,False
2abb6006-97fa-4b64-bba8-e4cab3be5cf2,True,False,False
2abbbe50-8891-426c-8f48-93b1e639151e,True,False,False
2ac9b9c5-d913-45e8-baf7-acbc62469e2c,True,False,False
2ad5df2c-9c55-41c0-adf3-3ba643ed6434,True,False,False
2ad84784-d578-4c08-beb0-0e0d9fa8d840,True,False,False
2ad8a9c5-a88f-469f-98bf-3ef475d77b9a,True,False,False
2aebfdf3-9deb-4e01-82df-f8121d59f656,True,True,False
2aed0e7e-3274-49b3-afa5-f84bca158226,True,False,False
2afab3df-2fab-4a81-9794-f6657f755c56,True,False,False
2afceafe-93e7-4783-97dc-c73fa4137df3,True,False,False
2afe57db-0520-415c-9256-a53a2f276ac9,True,False,False
2b022d78-5162-485d-b507-4241a3c2f785,True,False,False
2b03ef0a-6dca-4e61-91e2-5cdf924cc6d0,True,False,False
2b0a0a29-60e1-466e-82c3-85c99d15f111,True,False,False
2b11c374-2ff8-46f2-8c7e-9ed64215eb14,True,False,False
2b13f259-e924-4d6f-98b6-810e5ca56f17,True,False,False
2b276943-9c0a-4f69-a012-64542ca7242f,True,False,False
2b2b3def-decc-6384-1691-8d5acf4e0d64,True,False,False
2b302b3a-97f1-46ef-a3f5-a2dba883b963,True,False,False
2b3a20c0-75d1-4b54-be57-1a887a2dadab,True,False,False
2b3cdfc1-8fc3-4db5-98d1-f6807d688516,True,False,False
2b4613b0-5034-4a35-ae21-15d16709e194,True,False,False
2b54ad80-51c6-4cd6-b2a8-94e904146f9c,True,False,False
2b569ac6-65d8-481f-8fa3-632b36cbd7bf,True,False,False
2b56d835-12fd-4324-ae94-50ee4bd78a6d,True,False,False
2b5d6d11-e7dd-4360-9f2b-0de9f3409a5b,True,False,False
2b5fdc32-9926-4fac-999c-752415abe79f,True,False,False
2b6184c9-fd2c-43c4-8709-94ccb79ee98b,True,False,False
2b6a97d7-6f47-4fb8-89d5-083ccd43b64f,True,False,False
2b6d6dd9-92bf-49ab-bf25-bc13cc304805,True,False,False
2b7a82b6-b5b4-4d5c-a098-d5695ea08dc7,True,False,False
2b7b1114-feca-44f4-aa3a-e1d99f96659c,True,False,False
2b7d5470-1467-4a57-b150-83256781df03,True,False,False
2b805781-f99f-4461-abc6-382f0547e0bb,True,False,False
2b8537b3-2d39-42af-93da-f20ba5ecde37,True,False,False
2b861ecf-3cb3-4a61-b6e1-e17a26bea6be,True,False,False
2b86439f-71d7-4ff7-8b2a-5f21f49431ba,True,False,False
2ba197e3-fc1d-41ce-b8c8-1ce42af94117,True,False,False
2baeb202-2891-4fcd-8269-9587c351d87a,True,False,False
2bc001cb-0c68-47aa-aeb7-88fbd26cd933,True,False,False
2bc753fd-56d7-41a5-8253-77563f41f802,True,False,False
2bccb107-da19-4f77-98db-5b7016bc1340,True,False,False
2bdffa98-285f-4481-8e53-730b439d9dae,True,False,False
2be13ed2-7f03-45e6-a328-d23eec7b882d,True,False,False
2beb0f02-67db-4262-9bcc-f20619ed7493,True,False,False
2beb29a7-5dae-4d39-89c6-2e10d0435fbc,True,False,False
2bf0b88c-5fbd-4931-a295-a06ca21493d8,True,False,False
2bf3a9d2-3308-48fb-b026-4c56de6065cd,True,False,False
2bf6e351-cc72-4d73-a1a7-f5595a8144a0,True,False,False
2bf89f3d-41dd-42a5-a277-50d0ae6618ce,True,False,False
2bfaa182-e054-460e-865e-d0c8c7e6ce6a,True,False,False
2bfcc697-8d4e-4c31-bf07-18aef10c06f1,True,False,False
2c004a03-d06f-4026-bb0d-8f6d88255d9f,True,False,False
2c00bd70-a6c0-4b7c-b839-e6d88699c330,True,False,False
2c027770-960b-46c6-9089-3e7015d44a38,True,False,False
2c03aefa-e86b-40a6-89cf-973a30348bf4,True,False,False
2c066971-2746-4f30-936b-c5ad43d9ab1a,True,False,False
2c17ce98-72bd-4ecd-b3b9-1baed5587168,True,False,False
2c1a11eb-6904-4231-92e7-bdc334f4825f,True,True,True
2c1f707b-11ba-4500-ad4a-145f6d8a516f,True,False,False
2c2a184e-91d1-4225-aaba-569201ac9ba8,True,False,False
2c2bf844-bcf8-4c19-aed0-7104f40fcbe4,True,False,False
2c2d5ff4-7fab-4821-a238-5581aa95c7d5,True,False,False
2c2df0aa-52da-4a80-9a45-0c8b111f1911,True,False,False
2c2f3b43-9d56-450b-bbfd-9d7b4161e9b7,True,False,False
2c3083fd-92e0-48d8-a610-b39a895dae18,True,False,False
2c3349e9-9e48-4da5-8a4b-5afc53cf7b2a,True,False,False
2c37f0f5-79c0-439e-a685-2ed623ffbf7d,True,False,False
2c38e4fa-7a30-45a7-a1dd-1ef701c2f0fd,True,False,False
2c3a3900-d3ac-46b2-ba6f-47d36e29538a,True,False,False
2c3c3317-4ae3-4cf2-a224-9ff76ff1b7aa,True,False,False
2c427778-fb99-4937-a8b0-2d97c29c7e33,True,False,False
2c451a52-dd76-42bd-8d49-d932a945fb19,True,False,False
2c4aaf8c-1c2a-4ab5-99fb-97c8cfc775ee,True,False,False
2c4ba8de-7561-4541-ac5d-31df716c02e2,True,False,False
2c4cd6d9-8d7e-4f74-9c8a-46cf4f16366f,True,False,False
2c51d1f5-752f-46a8-90b9-3d1a7c88c7ba,True,False,False
2c54412d-0664-4a3d-8a28-21da093b7ff3,True,False,False
2c592804-fbbf-42ed-976a-63d2aae54821,True,False,False
2c5e13a1-c270-4f65-ae5d-5254f7d05c85,True,False,False
2c5ee52b-9518-4670-b22b-f923d3cafb06,True,False,False
2c62a7ab-cbc3-4cc5-9087-40f01c8ca867,True,False,False
2c680f15-eb00-43a9-b0d4-6b65ff5e79f7,True,False,False
2c6bf857-8234-4e98-88dd-7eba2590b077,True,False,False
2c7898b9-28a1-4911-9893-c80dcc2ba0e5,True,False,False
2c895037-ba69-45d0-a13f-365fefe575af,True,False,False
2c94596c-4b7c-49da-94af-1455c4cac46f,True,False,False
2c97f301-c6c9-463f-9a1f-b7772908319e,True,False,False
2c9838e4-d69c-4b0b-85e4-295dce483c7c,True,False,False
2ca2a78a-b235-4497-92ce-d1a878c06080,True,False,False
2caa992a-9f41-4272-a3de-92b0a51ea6ba,True,False,False
2cb42a9f-df3a-4746-873f-07ad776adb5f,True,False,False
2cb71e9d-6ba7-438b-a9a0-6d83a143e32c,True,False,False
2cb98b38-e71c-4851-a55a-d818ff0aa10b,True,False,False
2cc2d81a-ee3e-4121-9596-7f63d22fd571,True,False,False
2cc47d46-0b17-4c35-b4d4-ebcf35057fa4,True,False,False
2cc51554-4862-4c51-aa02-56932c2ea251,True,False,False
2ce17281-7ae7-48bc-b6a7-919cd6618344,True,False,False
2ce66638-7b4f-4c93-83ba-257f474f06e8,True,False,False
2cec8d14-5d4a-4a4a-90f7-96b548c55c55,True,False,False
2cf77d4a-39e8-4beb-a32a-fd13c434567e,True,False,False
2cf8dc7c-4e7e-4c9f-acdb-535fbae6f1d8,True,False,False
2cfa5740-852a-4f71-8f12-2a2ff07ac66b,True,False,False
2cfd4fc1-3201-4c91-86ad-5d79a737c14d,True,False,False
2d075903-6b88-496b-acf2-1c64b0a7a98e,True,False,False
2d153b97-adc7-462e-9d8f-ee52fd4bb66c,True,False,False
2d1d327b-3020-4a9d-bc6d-77fc773799b6,True,False,False
2d29fcc7-c558-4801-9e35-0ab6d99696d5,True,False,False
2d3077c1-b7fd-4759-bae4-a9ec0076bc15,True,False,False
2d32d4d2-d443-4c2b-a8b3-b3278958ae2e,True,False,False
2d34854c-b879-46cc-8477-908856f284f4,True,False,False
2d4046d9-563e-43bb-b7e0-e7362362e672,True,False,False
2d43bdf6-8dd7-447a-a831-b2c85a2ead82,True,True,False
2d4d4bf2-d48f-4572-98ba-d351f7e1162e,True,False,False
2d549977-4b06-409d-b47d-2563359a5d7f,True,False,False
2d5dcb90-7ac2-42be-b662-55def07c158b,True,False,False
2d5ddd77-7815-44b3-a2da-0f8efb18f7d3,True,False,False
2d626ae2-bbf1-4a3e-9974-4bda931f653e,True,False,False
2d6aae34-ff8a-41c0-8235-1d74587773e6,True,False,False
2d6b8381-1cca-4d0f-9a92-d06741abb479,True,False,False
2d77af81-8360-46e8-9acf-11bea3e9edf4,True,False,False
2d7ef5f8-f3e9-4066-a848-4ad6901f91b7,True,False,False
2d7fc6a3-e7bb-47ea-9cc3-a3cdc479967f,True,False,False
2d84ec1b-790a-40a1-af17-c7681b5f38cf,True,False,False
2d870864-1e56-4e81-8e7c-4e136c3060af,True,False,False
2d8e1340-a716-4549-885d-a9a9a6c0856e,True,False,False
2d8efc82-c9a5-4dda-abd6-6bb8ac58a211,True,False,False
2d971879-edfb-45a1-ad1e-b8aea6d90add,True,False,False
2d9e41ac-046d-4ad0-b241-683fd3616051,True,False,False
2da40bce-4d6a-4ee2-b78c-54049a69142d,True,False,False
2da90e08-d0e4-4a4d-82c0-5a23bfbd8331,True,False,False
2da92b4e-6142-46fe-a8e5-9841e4e44f7c,True,False,False
2da9507d-3e35-4d22-9388-37abb0eb45f5,True,False,False
2dae4af2-34a6-4b33-8699-4d2809ed25cf,True,False,False
2daef047-50dc-4bd5-b306-130e496f460e,True,False,False
2db6bfe2-74db-4400-b051-b2d2df8730a0,True,False,False
2dc5d836-8b89-4a96-9a62-66569ce5e684,True,False,False
2dca65f8-a226-4b03-84f0-a9e5fdec01b6,True,False,False
2dcf7845-c9d5-4a81-bbfd-4031c78196c9,True,False,False
2dcfe7af-d412-432f-9370-a2d0ab6adf08,True,False,False
2dd38c28-a0f4-4be3-a8ba-ff149f2ef4e2,True,False,False
2de1a409-3771-4d2d-b8cc-dbf61973aade,True,False,False
2de704e9-ffb3-41cf-894b-30d01e026c38,True,False,False
2df66d37-f9e2-4afc-81c9-af910ab6f728,True,False,False
2df673e8-245f-4e1f-a18e-81b80a379b98,True,False,False
2dfd0ae4-4a8a-473c-949d-6cbcecc75907,True,False,False
2dffc41b-e520-4eba-b09e-1538f3ca0e71,True,False,False
2e017b6b-5719-4d08-a18c-be5f2f036d99,True,False,False
2e034543-eb93-40d1-a9ea-07879f99f079,True,False,False
2e0502b0-c25d-4343-b9b6-be2963286ef7,True,False,False
2e06a9ff-e70b-49a0-9552-da9b90a50857,True,False,False
2e074c34-b478-463e-8e6a-a576256b8a42,True,False,False
2e07762e-51b1-4796-b7a0-7758ea8c8db7,True,False,False
2e08c8d9-a874-4867-96b1-f9615609e3a4,True,False,False
2e0a42b8-a53a-46bf-a0bc-d08dc8f1c235,True,False,False
2e0ee236-53bf-4da9-89ea-a5a0b19fa07a,True,False,False
2e108be9-63de-40dd-9f49-8323cbc20fe6,True,False,False
2e120f19-8e3b-41b5-923e-c13c72e21726,True,False,False
2e18c05f-7df3-4bfc-a3db-7a380efe3ddd,True,False,False
2e18c140-1d58-400d-85e5-bc9264940bee,True,False,False
2e1bbd93-e9ce-42ee-9f72-f7c693f857cf,True,False,False
2e21b977-1588-4f63-b7f3-fef9cc476324,True,False,False
2e2a0be1-8a01-4af4-b18d-36bfe16178fd,True,False,False
2e2c482b-73c6-443d-9eef-b26495a84881,True,False,False
2e32a8c7-a4b1-4381-8531-912cd55b83d2,True,False,False
2e3a01d0-f180-4699-802d-ff4e6562120a,True,False,False
2e40f01a-cae7-471f-9e03-79a8a95d3e1e,True,False,False
2e45dbe3-ed15-429b-8f46-48f6506bf873,True,False,False
2e47a959-8107-4638-abd1-70a0b9b3d9a4,True,False,False
2e4aeb52-afaa-4013-b2da-2f90d66e8c6c,True,False,False
2e53b3b4-4d17-485a-8e57-1276564aa717,True,False,False
2e5bc462-3be4-4cc3-b6e7-6138e0ee8b8a,True,False,False
2e5d02b9-a24b-4a02-83ec-173840f2fcdf,True,False,False
2e5d1a62-75a3-41df-b14f-3dc08565126f,True,False,False
2e5d6dfb-c225-4c97-ac94-a7c3e964b50a,True,False,False
2e62add0-0df1-4525-88ce-4b0393e1c7c9,True,False,False
2e64b5b7-f285-49dc-b731-c2b8ef48efaf,True,False,False
2e6b9b4b-62f8-43d6-8839-8b0a20ef5e14,True,False,False
2e6d0bf2-e3fb-4bb2-b329-c55656b73860,True,False,False
2e6f8625-0cc9-40fe-a115-306ed4919b12,True,False,False
2e708e18-d21e-4438-8cff-6c0ee755ad25,True,False,False
2e746a55-4646-4440-b0b9-efde137b5709,True,False,False
2e8022eb-6830-4964-8308-a5e146d321b2,True,False,False
2e982d50-2e0f-45f8-94f0-4fdcd105cd29,True,False,False
2ea5dfd4-4702-48f0-ab30-e1df5ff6f374,True,False,False
2eaaebfb-cc91-443a-8bfa-99657e5f4080,True,False,False
2eabcc1c-06de-4b8e-b473-4343872063ad,True,False,False
2eb6dac7-1c94-47dd-b599-d818e2b097a3,True,False,False
2eb99b22-9081-449e-9f1e-a928421db0a8,True,False,False
2ebb4771-27ed-48b8-8775-75b89856cc33,True,False,False
2ec3f637-ba50-46d1-89ae-c9dfe5012920,True,False,False
2ec5387c-68ea-492f-ba62-e956747da5ac,True,False,False
2ec8707e-c990-4b42-894a-910a31bea32b,True,False,False
2ec95ba2-fd6a-43ea-8aac-84a23e807ed6,True,False,False
2eca73f4-7fac-4acc-9932-1efe1442a404,True,False,False
2ed9b593-4e21-4dc6-85f6-003f0fdecf03,True,False,False
2edb1ec8-c4f1-49c9-9103-27953089a550,True,False,False
2ee188a9-75c3-4ca8-9d68-eccb111c3b5c,True,False,False
2ee6ce11-8aa6-4504-ac5d-860e30293ebc,True,False,False
2ef4e35f-29cd-418e-bf56-54eb15f007a1,True,False,False
2efe6ff4-092e-4d29-8d14-3adadb8c0749,True,False,False
2f001650-6a54-4234-a91e-81ea49952ed7,True,False,False
2f0795b0-3b22-423b-a801-11f6e1567c3a,True,False,False
2f0bf51e-f388-4b18-ae05-5e2939af1549,True,False,False
2f0dd553-de47-47d9-b7d0-c8d3e732293f,True,False,False
2f0f8d9f-b907-4904-a1e9-9016be039678,True,False,False
2f1b54c8-826f-4899-b41e-9a59c416867a,True,False,False
2f1d5c68-1360-4713-895b-fdf2eeee3502,True,False,False
2f31080d-c747-4a86-a10b-c06d47ec39e0,True,False,False
2f34ef2e-536c-49bb-afe5-25e55f7ef187,True,False,False
2f4098b2-11fa-4b8c-96ac-d45444d32ff3,True,False,False
2f44a6ff-59aa-458c-acef-aee764d2ce10,True,False,False
2f4ca00c-4964-4cc7-bf3d-d9d89c625ec9,True,False,False
2f52915d-9244-4474-a569-da7e12684f2a,True,False,False
2f52a9d0-922f-4411-84c2-ac6428c5e816,True,False,False
2f54b18d-8eb3-473e-8769-347b6ab59d76,True,False,False
2f5e9f9e-caa8-47d1-bf28-f5f53459f49d,True,False,False
2f62d1aa-6cac-44b9-8f0e-c6e4c0e390fe,True,False,False
2f64db5b-13d5-4895-8bc8-94bc50c51abc,True,False,False
2f66fff1-c4d5-435e-9b44-a35b0378bdac,True,False,False
2f683a37-2e64-405c-912f-84a0aaf49aab,True,False,False
2f6b72c5-452f-405a-80da-11d46f59f988,True,False,False
2f76948a-a037-4ace-adbe-d889a66a9d12,True,False,False
2f77634a-3da9-4023-a5b1-86811ee152a6,True,False,False
2f7adf38-3aa0-4d45-b617-43f7fd1185b1,True,False,False
2f86c3a8-b247-40d6-ae5a-1a6bff7ff430,True,False,False
2f8b12fd-2ffb-4c1b-87c8-434452b92a02,True,False,False
2f8bd968-913b-4b47-959e-c62e7e094ac2,True,False,False
2f8fe32a-047b-47a0-880c-e601c5501cc5,True,False,False
2f8fec87-d724-4a7b-954b-3b289c535802,True,False,False
2fa0722a-9281-45cc-84a9-acd9b9754112,True,False,False
2fa17c08-cfea-4f2c-aa1b-9ffbda34a5a8,True,False,False
2faa39bc-03bd-49e0-af53-94da66032b9c,True,False,False
2fb0f096-6f3d-383b-8c49-ec9ef12e04cb,True,False,False
2fbc512c-677f-468e-b391-1268741ec47d,True,False,False
2fcff1b0-9577-46c8-b915-89bd212c1fa7,True,False,False
2fd22976-b3e2-4a92-9a9d-825554e08463,True,False,False
2fdb9329-47fb-418a-6f5f-4c24c78751eb,True,False,False
2fec3686-37b2-4628-80e4-2ff5196d2787,True,False,False
2fef2742-0039-447b-af48-c7fdf79c74f2,True,False,False
2ffb5747-e976-4e58-bd1f-7c589202fd87,True,False,False
3003511f-2b10-428f-9aae-05ca77ba0653,True,False,False
300bcb6d-23e2-4329-aa6a-496fd3b94529,True,False,False
300ea69f-16b5-4c15-9afb-4cc7ffb72c3a,True,False,False
301bffe9-f8a4-4d4a-a661-a8a5e0896a9d,True,False,False
301eb991-7acc-4d9f-90f1-62fdc87b5c86,True,False,False
302b6ab0-1921-4655-8539-55fb8a1901c7,True,False,False
302e2939-5134-4ea1-8d1e-b007ac39f63a,True,False,False
30356e47-ac60-41e1-9cf5-04516c136621,True,False,False
304145b4-7646-401a-871d-1dd868733923,True,False,False
30534885-ac0f-4de9-b344-43b398c13d80,True,False,False
305537eb-e5fe-4f2a-9a20-f75c2a4aefd8,True,False,False
3057eb59-f66c-dcfc-e615-34b9b2a76a79,True,False,False
305ff16e-39c1-4b7f-b3f3-41c101bd3b73,True,False,False
30636cb4-5719-4146-90d2-5f1743ff0bde,True,False,False
3068b586-6ac7-4105-8c41-665dd6c67fd3,True,False,False
307186cb-ceda-4f41-b01b-865b07c4310a,True,False,False
3073280e-ec9a-457f-8bbc-93060f3a5b87,True,False,False
307ec511-10bd-4ae1-b94f-24e9b35cd736,True,False,False
307f5dc7-6aa1-47f2-bc55-ea0d2d8fc5e7,True,False,False
307f6e0b-1e9f-4e3b-b6d6-bef844dc5de8,True,False,False
308b268c-00f0-44ab-9f1e-5bddb64e6b1d,True,False,False
3094f362-fe93-4372-84ed-4c931d13d52e,True,False,False
3096aa0e-88b1-4caf-a9a4-636bba1c6b32,True,False,False
30985338-6880-40f7-a7d4-45900cb31e33,True,False,False
309e0d1b-8544-4d68-9454-d993f0238cc7,True,False,False
309ff4f4-4208-42a4-84b5-b59f8d2b8ae0,True,False,False
30a27cec-1f03-426f-8694-ad0a47379a2f,True,True,False
30aa8f7b-13ef-407f-be6d-81d96fa7891c,True,False,False
30adc2b9-93a7-4d1b-8ed6-876798211caa,True,False,False
30b11c9b-01b4-4060-a68d-0bd6f7a9f93e,True,False,False
30bba8af-6c12-4ebb-ae14-d75331fed855,True,False,False
30c153aa-070d-438c-b888-e1eed7f4091b,True,False,False
30d15568-2aef-4941-b05c-a62f20e96832,True,False,False
30d23451-3691-4701-9b33-3bde6fec83c9,True,False,False
30db9ed3-88f7-4ba9-b565-03b090c4c8fc,True,False,False
30e4f9d4-6573-4fbf-a58d-bbc8627558f9,True,False,False
30e69d18-e4c5-410d-86ed-5047b6b3d3d4,True,False,False
30e903fd-251a-48ff-82a8-3c7767bd590d,True,False,False
30ec33a9-f574-456a-b756-fc9e546e5ba6,True,False,False
30ecba88-ad17-4e70-9e98-62f0c7b32b9a,True,False,False
30fb11ed-b41b-4a74-a782-e22f45b75757,True,False,False
30fcf669-ee24-445e-afdd-cf60015c7697,True,False,False
30fda652-0e05-4090-8b62-45930d20c0cb,True,False,False
31101b42-c168-4006-a593-31b0c2886ec5,True,False,False
3114e5f8-61fa-42fa-a9d1-e01143a6f31e,True,False,False
31151a9e-55a6-4326-90e8-4a0c908b930e,True,False,False
31176906-2335-4d69-9dc5-0161cc078c95,True,False,False
311cc445-c325-4f52-822d-c4ce801f7d59,True,False,False
311e20af-146f-411a-aa65-767b33dca6f6,True,False,False
312a0d84-fdbf-49b1-acdb-19e33765bf95,True,False,False
313225c2-d183-404e-b623-95be2ceafcfd,True,False,False
3132530a-c6aa-4feb-9c12-e52a9015bf8d,True,False,False
313628f1-68b8-460d-84f6-cec7a8796ef2,True,False,False
313cbca3-d66a-42b7-84c3-1cb394ef01e3,True,False,False
313d1a55-b317-40c3-aa85-5d67deb0eb1d,True,False,False
313fd92f-20c1-4246-8692-6f0906f0ee93,True,False,False
314193fd-e51f-499a-8d3b-dfa773936afb,True,False,False
314adca0-4311-4645-9173-5618f166617e,True,False,False
314b5cb2-f6c7-4abf-ac7e-fb83903f2104,True,False,False
314e97e9-405e-4ee7-b01e-e7a35aff3a95,True,False,False
31694fbf-75af-4f46-8ec5-13160f7ce303,True,False,False
316fdc27-9060-4e73-b84d-543c8f4eb9af,True,False,False
317350e5-ca87-447b-bd51-048fc1a44c64,True,False,False
317785fb-d205-40a5-902e-f0df4b47ccff,True,False,False
3183c55d-7353-4af7-81a7-9916c4337b98,True,False,False
318558ac-dc7b-44b9-a5ab-ab1cc3018fe7,True,False,False
3188efff-45c7-44b7-b09c-274b648d0f94,True,False,False
31892c11-2989-48e4-a8a0-ef98bb49c36c,True,False,False
31987444-3e18-432b-a41d-d936b9f1a8a1,True,False,False
31a5a3a1-01fd-4f3e-ad03-80d5fc316c74,True,False,False
31a75ca3-b64c-48d4-9961-6e8b3d10eb2e,True,False,False
31a7e724-f710-4db0-be7b-a8c325866d46,True,False,False
31ab5f26-b275-401a-8609-bd9cc07c854e,True,False,False
31b72fbf-1632-4030-aa1b-2e930cc769e5,True,False,False
31b7c3e2-f01e-463a-b4bf-ffc4ddf8764c,True,False,False
31ba2895-25ad-42a4-a5c1-0e752723a42b,True,False,False
31bdce9e-4418-471b-958a-fb1da82aaa06,True,False,False
31c5dfee-bfb7-4bec-96fb-bbe0cda2c137,True,False,False
31ca5ac5-58d4-449e-b8f0-bec4ffd4c8fe,True,False,False
31d4e748-4b99-4a64-8adb-b158317e274c,True,False,False
31d9539a-1845-4fa6-8dbb-85b293e43ab1,True,False,False
31dba37d-adb7-4a0e-9b11-44e588f34116,True,False,False
31ddc913-1cb4-4d1a-98fc-029da3566f30,True,False,False
31df7a71-9c15-4a50-b7a1-def218541cea,True,False,False
31dfacc3-7d48-4ec6-99a2-4a022ee94aae,True,False,False
31e48c29-7342-44f6-99cc-4fb7d95262b6,True,False,False
31e80b9c-e5b3-437b-9112-c2a110e5c38a,True,False,False
31f30c35-40cb-4e99-94d9-4f3d9139f950,True,False,False
31f80433-945e-4073-b4a3-d4a112b24401,True,False,False
31f98060-40b9-4ca5-bffc-04df98546a69,True,False,False
31fa02d9-23bf-cb7b-241c-3f48626956fe,True,False,False
321969bb-44cb-485e-b419-19a35586be9e,True,False,False
321e4bf8-d555-4033-9443-d3df965061cf,True,False,False
322b7732-e04e-4ea0-96cd-ef2000c29ace,True,False,False
322cd37d-79b1-47a0-8c0f-6391d82cb308,True,False,False
3230c8ee-8de1-4699-998f-bf9b18007e2a,True,False,False
3232408e-b5e1-4e9e-9e84-680eacbb20ab,True,False,False
32386526-8cba-4a90-bcfd-acea76fb5f32,True,False,False
323ad200-f077-4aa3-b2a5-404dc38435ab,True,False,False
323c3a2d-e3ba-4280-a91a-38fe34c5ed0b,True,False,False
3248489c-b2af-44b3-9d52-9172bef9154b,True,False,False
324959bb-11f0-4629-9ea0-4c3bfc8ef8d2,True,False,False
32522752-0375-4b93-a4c9-d37a3ff694a8,True,False,False
3252f17a-ceb4-48b1-9d23-8b14a7c036a6,True,False,False
3254e11b-c6dd-4c0a-a327-04c876271077,True,False,False
3255aabe-a029-4794-9658-b29ea793a698,True,False,False
3255f677-d722-4820-ad6c-c9c0da095b82,True,False,False
3256d8a6-34fc-4538-a36d-0732532d4bd1,True,False,False
326171a6-6e2c-46a3-a609-978c4c7fd965,True,False,False
326965d2-0ecf-4acb-a4df-a69d513d0d5b,True,False,False
327317f9-d39f-4a24-b123-5fa9d17c310c,True,False,False
32738300-57eb-453a-87f0-97c94db0e6b5,True,False,False
327612bb-8520-4a6a-9e17-d4925622f9ba,True,False,False
327903b3-8539-458d-b182-13db26b4b216,True,False,False
327e490d-dbf3-4746-ae02-17edfb234f59,True,False,False
327e80eb-58df-494c-842f-72937fa42376,True,False,False
329d72f6-e7e1-45ad-859b-04a20501b698,True,False,False
32a574c0-b0e0-449d-bbb5-5646a35e0955,True,False,False
32a94066-4e8f-4bc1-91e0-ed83bd818c1a,True,False,False
32ab6bc7-275a-4c45-adee-d033b5561d12,True,False,False
32ae521d-be65-414d-94e5-6bcdc5f67e38,True,False,False
32b1d276-ec02-4c52-824c-31eb984d0c43,True,False,False
32b58cae-7042-433f-9e7d-8ed425d04bef,True,False,False
32bb7481-c033-4559-9696-4eb257fb6de3,True,False,False
32bde7ee-1cf2-476d-b719-09e0f8ca1b8f,True,False,False
32c0400e-e585-453d-ae7b-af93a7e7f07f,True,False,False
32c28b90-4f9d-427a-b9a8-6b8aea882002,True,False,False
32c7841c-c58e-41b9-ad57-b51991961605,True,False,False
32ca1a66-1b84-4019-a5ce-cd02ec18d858,True,False,False
32cd9b28-8ab8-46ad-8844-1ff5761826c4,True,False,False
32cf0e4e-dde8-446f-8003-d7b6d7dc4e39,True,False,False
32d0cc4b-0d05-4a18-994e-b1d1661e4cd9,True,False,False
32d36495-6a8d-4bbe-9108-c6c4b05f745a,True,False,False
32d9be9b-644a-4576-a196-e2b2b04c0390,True,False,False
32db9ef3-e2e6-4020-b2be-92fe1bf6aa1f,True,False,False
32de2a1c-b02c-45e7-a697-4ce742d159a1,True,True,True
32dfc9e2-a7c7-48b9-9156-50311b56ca5e,True,False,False
32e589fa-9b41-4b64-b572-e4dd3de93c6c,True,False,False
32e6b2aa-e424-438e-aa65-816fd8b5981b,True,False,False
32e76e78-efe4-40b9-b071-7c7ac770f603,True,False,False
32e8ac4e-9d06-47cb-9021-5096f2e707b1,True,False,False
32f48cc1-2cff-4b60-b1ee-ada5f4fc5547,True,False,False
33030873-096f-4740-85b5-22de36e65a61,True,False,False
330e28fe-f226-4347-9c24-afb31c58e84f,True,True,False
33111fc1-9c0f-44fb-9be2-fc619cd756bd,True,False,False
33166652-ad65-40a9-83b7-040068b80b5f,True,False,False
33221a01-7c53-43f7-aae3-2162d9a362aa,True,False,False
33290019-c838-45c0-abb0-b19f3a31504d,True,False,False
332bbbdd-3dc8-44bb-a6c8-568ca5e69e78,True,False,False
333a104d-1233-47d3-8e19-c6ff8db52318,True,True,False
333bd962-43d2-4507-b3a6-0da2d078a734,True,False,False
3345cd6a-c571-44f1-86f0-ab13bb076ea5,True,False,False
334a67c4-1f76-4b1c-9217-ba32540ee05f,True,False,False
33659c7e-8927-4b59-8677-e1da1d892db5,True,False,False
33662f62-28c4-4fe5-b6a5-06e1c3db0900,True,False,False
3367f031-9917-419e-8878-03d63fcc1a74,True,False,False
33687abf-66f1-4736-8b38-72dc898bb27b,True,False,False
3375dc96-9acf-4c53-8d5b-1505c4b20df3,True,False,False
33772702-ea5c-43fd-ab1a-b83d930a8f93,True,False,False
337a91fe-a82f-4cc7-84ca-c636e2b1e52a,True,False,False
337c6c62-c55d-4a64-8f9b-394404312618,True,False,False
337d3bc6-8211-4686-908c-f890db9477e3,True,False,False
337d7cf3-d5ce-4d07-8f81-837ea3c84103,True,False,False
337e44e9-80c9-47a4-97e4-ccafbd0c8ff0,True,False,False
33864483-8f91-4cc9-8fc1-dfd8e26af302,True,False,False
338b5175-5cad-48f5-8c59-f58abffe7ee1,True,False,False
338f0dba-e94c-46c8-bb25-c3124e92653e,True,False,False
3391de5c-bd7a-4387-a604-7d7f312a313f,True,False,False
3392de00-cc6b-434a-bac7-98e0d663c431,True,False,False
3394d6e2-8799-43ef-968f-b14ffa5f6819,True,False,False
3397dcd5-29af-4c9b-8fec-720fd14a57e9,True,False,False
339f9b49-393c-4adb-8501-065f86e6c1a8,True,False,False
33a0249e-5100-495e-b665-14e15e8706c7,True,False,False
33a0d8f4-c388-4ce7-85f4-7b1f11563d6a,True,False,False
33a213c2-6c20-479f-9bc6-fd6941d83b8d,True,False,False
33a55c83-7dc8-436b-9dd1-91bbf135d8d5,True,False,False
33a854e9-5a20-4813-a544-9d3d8991b8cb,True,False,False
33ab6e22-91b4-4fec-b8ff-eee6b982d433,True,False,False
33c6a5f8-033b-4038-9a51-148710e930b5,True,False,False
33c962ee-ce14-4181-a21b-17ac35586f71,True,False,False
33cae547-37e4-47da-bae9-e21785bc06f1,True,False,False
33cc2271-4ae7-447b-aaa6-17318c2037b9,True,False,False
33d28a31-43c2-46cc-87ca-2486f3bad1a8,True,False,False
33d59643-3743-46c8-82bf-9d376d24fdb1,True,False,False
33df1e9c-6d43-468e-809d-4eedc4650458,True,False,False
33e3ad62-05c7-4d28-807d-3dd3bc7cb8e4,True,False,False
33e4e703-94b2-446e-a60c-8314d6da8263,True,False,False
33e6bdca-39f9-4628-a487-30926ec9748b,True,False,False
33ebfff1-f2b5-425c-ae43-82754528ccd4,True,False,False
33f172f9-72bc-485d-9170-cd2a04dd12e6,True,False,False
33f96b92-b7e3-4e59-9a36-a00ac10b549b,True,False,False
33fea33e-c16e-4c1b-bdf9-b1a8d0d333b2,True,False,False
3400c0fa-5887-4eb1-a62d-7325744d9c03,True,False,False
34020d17-eb6d-418b-ae91-504a40b3f7fb,True,False,False
3404da17-157f-4ac7-a5b2-d8ac8c396ee3,True,False,False
34088ae4-fb1a-4606-92f9-b225685d3738,True,False,False
340bf209-0494-4088-bdd1-da3a835d7fbd,True,False,False
340f90dc-170e-4ec4-b24b-6a0631bcd711,True,False,False
34143b6a-8059-4764-b47b-ce2324c92318,True,False,False
34172176-6f04-416e-8615-48f161431e78,True,False,False
341a87d8-8cf4-4b4a-8b7d-749380697af1,True,False,False
3423f3c2-17e3-4661-8856-3f376f50ed08,True,False,False
342e8488-5367-4fc4-b615-67733eb49119,True,False,False
3432656f-8bce-be79-1a34-fc2e90bd6964,True,False,False
34355af3-3a1c-4adc-b9a7-e7c3e38c5176,True,False,False
343ab5e4-8fa3-401c-87ef-4163bd91aba0,True,False,False
343cb174-0367-4c86-ac2b-d141016df03b,True,False,False
3440c017-c639-499b-8135-baef4e911f50,True,False,False
344814fb-0797-40ff-bd8d-1556b93569eb,True,False,False
3448e2ef-5602-4837-91e6-aeb5cb23892d,True,False,False
344f1257-6e29-452b-bf29-7040bdd61961,True,False,False
3456f615-127e-42aa-9417-acdf99df23a9,True,False,False
3459642f-97b3-4feb-8ee7-921e2b58a111,True,False,False
345b5b58-1d63-47c6-8aae-09218529f801,True,False,False
34618895-d270-4324-b79b-ff971bd4ccdd,True,False,False
346abe04-ede1-4478-98e5-b78fd1d1831b,True,False,False
346d7f2c-6293-4faa-a864-29fae48dfdb0,True,False,False
347614b3-c25c-4404-879a-dbcc32ea70eb,True,False,False
347a03fe-4ec6-41f7-9b3c-aeac1c993b39,True,False,False
347a6bff-172c-4a08-a5b4-3cc1088efc8f,True,False,False
3483a31c-0186-4222-bbde-c14e2533372f,True,False,False
3489c69c-4a48-4884-8a80-9fc5107e9d0a,True,False,False
348f6a4f-e888-478a-92cf-821efa83cd40,True,False,False
34925003-9eac-4044-855b-4888eb3e7260,True,False,False
3495ccf7-0bcc-436e-aa0c-178803a2180c,True,False,False
3498d726-b8a9-4da3-884a-0adcf9694b63,True,False,False
349a3022-0882-4e72-ae0b-1e8bc3c2b52b,True,False,False
349bb04c-7b65-4777-8fc2-95d207fd0bed,True,False,False
349f6c4a-d763-452f-bf09-1c2ba696a400,True,False,False
34a368a8-dc0b-478e-9a75-47e030bed691,True,False,False
34af18b4-bfe1-46cb-9cfe-5f85691d095a,True,False,False
34b4d43c-4080-4a2d-b9fe-ae609cafcb98,True,False,False
34b7c9de-f22b-46f5-bd4c-cff207943f21,True,False,False
34bd3257-0352-4cb4-8c52-fc4a6d540ffb,True,False,False
34c4245b-88c2-4e92-9d7f-a44b55fdd6b5,True,False,False
34c89abc-0047-4e31-a47c-5d657128d57c,True,False,False
34c9f956-868a-4c9e-9cae-0331041e4de0,True,False,False
34d0e351-66e4-47ff-b471-d0c8ecf8c963,True,True,False
34d779cb-8ae4-409c-822f-98a54dbb01b9,True,False,False
34d82e48-19e0-474d-83cd-995b3a68541e,True,False,False
34decc99-66c9-404a-a64f-9ad7794ae6c4,True,False,False
34dfc3ca-7772-4535-beae-c82fbd1c85e7,True,False,False
34e1a1f4-4f39-4d84-97f3-c495c9f44e97,True,False,False
34e3c041-6c28-4cb0-8c19-db5ae7c6a13b,True,False,False
34e7a822-0b93-4a9a-8ce0-bae4cadb21d8,True,False,False
34fecd78-8ca6-4128-a15d-8f123639c53d,True,False,False
34ffbb05-2fdb-43db-8ea3-0e23b8ed09d4,True,False,False
35024b4e-ed5a-4991-9eac-1839c48c213b,True,False,False
35071104-2565-4006-bc5c-e708fb2e9499,True,False,False
350d7103-5a89-4861-94c6-03b58b7c4a41,True,False,False
3513cf27-eba3-42bc-b1b9-415dd0c857a0,True,False,False
351997c2-243c-4f00-b1d1-4696d9f6e79b,True,False,False
35298abb-8137-4ca4-bdcc-1ba04b03f03d,True,False,False
353359f8-5404-4e65-bc53-5f12b97c5c9d,True,False,False
35338c33-efb0-4cef-b1db-f66e2fb42bf8,True,False,False
35393a5b-d64d-4547-8243-2909cf0ca2be,True,False,False
3539711d-889f-4cfb-97db-1656a88a2f72,True,False,False
353fa301-8326-4e62-a05c-2122de000cc7,True,False,False
354bb27f-089b-4c49-9027-f3ab76849c00,True,False,False
354c7b9b-f5e3-4ef0-b69f-796b4db79224,True,False,False
354d7e76-2f7d-4dee-b7e2-1dd3783191ed,True,False,False
355959ba-9d4b-4acc-97f6-55ae9bca64ac,True,False,False
356594e7-aec3-48c4-b13d-9f4486250b49,True,False,False
356e9449-83e5-425f-86c8-2753f7766d8c,True,False,False
35777406-f981-49f4-83f2-05b213d1146a,True,False,False
357a4f79-d0d8-4920-a39f-546ac75cdb13,True,False,False
357d4a30-d8ad-4f6f-a923-557c21791076,True,False,False
357e6170-a652-439e-869e-6932f5a46671,True,False,False
3585f59f-de68-4c3a-9fb4-d23d052d8e3f,True,False,False
358730c6-9e7a-421a-96c6-823cd8a64626,True,False,False
3587c98a-bc73-48a6-9dea-6383b1dde22a,True,False,False
35900c20-891c-442b-9c51-c8e6ecb69b90,True,False,False
35a3055b-874c-47a8-948c-c90028e796a1,True,False,False
35a76cb4-908e-4fae-84ad-90504736df52,True,False,False
35a95f34-1f69-41de-8a6d-258cf342e9c3,True,False,False
35ab71bd-f14e-47f8-8f05-693bbb36ca29,True,False,False
35b11cfc-43ef-4a95-949a-ef5bec0d4419,True,False,False
35b5615e-d1ae-47e7-be37-3e171a443cc1,True,False,False
35bcc3c9-a754-4b9c-8998-b42e43791a5c,True,False,False
35c2bde9-42fa-4833-be24-60319a6fb827,True,False,False
35c31d3c-0544-45ca-a892-125bf35f21d3,True,False,False
35d5c356-8f24-479b-bc27-eb7c1321ba4e,True,False,False
35d8d868-4729-4812-be7e-4feb05f26180,True,False,False
35d9d573-3c53-4793-b9a9-c76272bc1b0a,True,False,False
35e1dc3a-2480-420f-a1be-88c2d7d0f1b0,True,False,False
35e2c3d8-0b0d-4d0c-b1cb-191f307ed3ec,True,False,False
35e50419-f63a-48f7-b680-d733cfb8a4b3,True,False,False
35e592bf-fd25-46dc-8f2f-f748986e5664,True,False,False
35e62a2f-334e-2758-050e-f3aad37c3e2e,True,False,False
35f0f776-2e7c-4848-b8b3-587ec8e39b39,True,False,False
35f4b314-79dc-464b-b7a7-9d9820b25a06,True,False,False
35f92722-be30-43ae-858c-c5752c63767e,True,False,False
36005e92-ac5d-456b-aa78-d38e64998492,True,False,False
3602bb6e-3140-43d4-99fd-dd4f2f4856e1,True,True,False
36074c39-387f-45bf-b982-e650b4f66195,True,False,False
360be0f6-c513-4cd9-ad08-87dafd5dbd3d,True,False,False
3613f329-0e99-445d-b64a-f9863df4f7a0,True,False,False
36203166-abe2-40b5-9c63-b2fdecab2cb2,True,False,False
362047b9-b988-483e-a610-950ae4ed8e79,True,False,False
36236432-2387-469e-b6fd-499a58410dbf,True,False,False
36259fa6-4a83-47a1-921d-b1b50c5a621a,True,False,False
362837d3-3e23-4fb9-bcac-452d21ba24fd,True,False,False
362c2f36-e6ad-41a5-a73c-ff779dadc5ac,True,False,False
363dddb9-535c-4b14-a6dc-cba86e6e6f3e,True,False,False
3645177b-c77a-46e6-8de9-4cc7a7849354,True,False,False
364671cc-5f60-4e1d-a454-086488c707b0,True,False,False
36496949-3d5f-44d9-9da3-ef5cda760f40,True,False,False
364e9b63-8803-4ed6-acf1-b692026142ab,True,False,False
3650692b-bafb-47dc-b40c-548e402de332,True,False,False
365b1088-8a4f-47e4-a6e9-e66d56b1b998,True,True,False
365eaef4-7a80-4c83-ad11-825f0cec4dd3,True,False,False
366241fd-eaa4-424e-8cbc-c614c812f6b4,True,False,False
3669c1c8-d5b5-40d8-9dc5-c943a47f9a8e,True,False,False
366a0c16-4335-4334-8b2e-9aa114f04da8,True,False,False
366e84a8-6483-4186-bd55-2e46bb7f333d,True,False,False
3679df50-ef97-469a-aa17-2bcc1cbfdd01,True,False,False
3682fb13-1a71-4621-9c36-d29f84626f4c,True,False,False
368ce34e-2790-471c-a589-4606cc8e9141,True,False,False
3690b4ec-d697-4b92-9b68-9b53f521c84f,True,False,False
36927bfc-c926-4b6f-bb1f-605c12ccecd0,True,False,False
36955e0c-ac15-477a-a449-1103dc1e31c5,True,False,False
369d3f75-3d1d-4c86-be6b-a0dd620b6977,True,False,False
36a6bb2c-d457-4235-abb1-c42ceaa2fa2b,True,False,False
36a82f1b-60d1-477a-9415-3b7b5ccb8813,True,False,False
36a9aaaf-72b8-47bf-a906-ba29c3304c4c,True,False,False
36b39256-7dd3-44be-af63-3602960ef99e,True,True,True
36b3aad1-0294-4e0b-bfe7-959810b8187a,True,False,False
36b3f792-0598-4642-97fe-d831425e2d96,True,False,False
36b72aac-b582-49ad-9245-1e88eb4c681b,True,False,False
36b97144-6082-4e37-823e-abdbf8cfb328,True,False,False
36c802c1-0691-4c83-aa09-ef6505458421,True,False,False
36c8bdf8-607f-466c-a1a4-4fe597c7d9af,True,False,False
36d6186e-d64e-4b75-aa22-cf1e0c3899a7,True,False,False
36d7a9ae-bab5-4f27-ab59-c4b676b03b67,True,False,False
36de9fb2-59fc-4e03-9ece-0b972e371027,True,False,False
36e08f23-bc63-456d-ab6e-4606cc3ab2cc,True,False,False
36e4c92e-79db-47fc-9f0f-3817ac713722,True,False,False
36f7bdf2-1e00-4f5d-8345-6c17c37d1c22,True,False,False
36fb3c3d-7ea0-49bb-878f-04c48db83167,True,False,False
3712fdcf-b86c-4f34-a4b3-10c54278650c,True,False,False
3717bcf2-fac9-410c-a6a0-f5f36574d4c3,True,False,False
371bf94c-7fc9-4c3e-8730-6213b85d81ab,True,False,False
37220519-e648-4fd8-8867-7d9c006f3e9a,True,False,False
3722b3d4-20f8-4469-94b3-f79b3c7a0039,True,False,False
3724e205-b88b-43c5-a5c1-0cbc1c5bd48d,True,False,False
37296df5-e60b-4f40-8ade-4eeb82d47f6c,True,False,False
373327a1-383c-d51f-0da7-a4db734c435e,True,False,False
3747064c-16b5-46d7-a0b7-487c916037ec,True,False,False
374ed828-2bc8-41b2-ba09-7a2ae6425704,True,False,False
375da15e-023b-47a5-88f9-828c28637359,True,False,False
375f871f-ee9d-49ab-b60b-77e772b6c51b,True,False,False
376f3263-abf6-448e-891d-8266b8b2390a,True,False,False
3782fcf8-8cb7-4d52-a26a-60ac3256ad4a,True,False,False
378ee1eb-bc84-46f3-88a4-9e0d07060816,True,False,False
378ffba2-9540-4c2e-9e8d-de43fd52b3aa,True,False,False
379de952-f72d-4608-ac3c-21c65768740e,True,False,False
37a010f7-3930-49ed-8436-ecbe6e54e347,True,False,False
37a2e219-d0f1-49b2-9bae-2045f15c4170,True,False,False
37a6c2ca-1d44-4a35-902b-e16146574213,True,False,False
37b6351d-0ebf-4ff9-a05f-f3e8fb3a97db,True,False,False
37b6526e-4916-4b40-93ff-6f9913a923b5,True,False,False
37b8cbe5-20fe-4b8e-ae44-bb658977e108,True,False,False
37baa298-5ba6-dfad-5bf7-2bb26928038c,True,False,False
37bd1eea-8903-43a2-9e7a-86d7b2bc0ee3,True,False,False
37c479a4-7b28-4730-ba7f-560d3a5b39b5,True,False,False
37c6388c-c9d4-4712-872f-237492808dcd,True,False,False
37c9fffe-9cfa-417a-8b99-3a9f552e4951,True,False,False
37cc5c46-468e-452a-f514-ba7d6fb01dd3,True,False,False
37d36f20-31a7-4464-902b-af8a7973ae5f,True,False,False
37dacdb1-f6fd-444d-83e2-13beced792b8,True,False,False
37e13823-69eb-4514-950f-9642122f5f84,True,False,False
37e1acd0-abec-4691-8780-4cb4437f7be7,True,False,False
37e6b16a-860a-40fa-98e8-bbb14d1d48c3,True,False,False
37e87202-0538-403c-a893-774be4c37643,True,False,False
37ebba80-9541-4a12-b5ef-0882e1b60929,True,False,False
37ed7fb1-c152-43f6-be09-81dcaba969a0,True,False,False
37eeb046-b127-4d92-9ab1-c3360d80e657,True,False,False
37f62872-21ec-4e15-ace7-64caef40681f,True,False,False
38007a2e-13e0-4543-91ec-e2292fe1cc09,True,False,False
38016e7e-b565-4d20-a385-d707e99627bc,True,False,False
3805b972-ceb6-4d6b-af14-f4a5067bda72,True,False,False
38083179-5d51-4fae-9e69-c081c638f713,True,False,False
380f1503-9398-47fe-9cf7-58845129b30f,True,False,False
38114487-63ab-43c0-85a5-5ba63e6933c0,True,False,False
38170341-5177-4eee-8ab2-bb9f33d7c51e,True,False,False
38178449-9923-444a-b88a-77935798c7ca,True,False,False
3819e433-5fec-42a0-aa12-28c8a8af6c78,True,False,False
3827c227-7a09-4997-b2ce-8448c86bd3cf,True,False,False
382bda35-9954-46b5-acaf-8c8759733101,True,False,False
382c31a5-0d65-49b0-8b51-19a0d6412125,True,False,False
382e6a85-75db-4263-98da-044a3fea380a,True,False,False
3831999c-5e40-4eda-a672-5c8f4db3bf4b,True,False,False
383bb2e6-5392-4789-8de8-0ca670ab61ed,True,False,False
383f819b-42eb-4b33-bab8-4b23d3f0375e,True,False,False
38480d08-f988-4502-9597-ef4b27ee3797,True,False,False
38522139-2795-4c3e-b5cf-94971e87fda5,True,False,False
3853b040-fff3-47a4-9437-68869a696259,True,False,False
38595bf2-dc1e-48c7-8145-fba8a3215ebf,True,False,False
3859a22a-b63a-4850-aa57-b21b78b09a61,True,False,False
385e5557-5841-4ae0-9519-c16d10674bc7,True,False,False
386036c4-3355-479a-b85e-6c75cef9c786,True,False,False
3860fb3b-1ba0-4424-87ab-6f83d074ca75,True,False,False
38613ea7-d94b-4d54-a118-513f26a939c3,True,False,False
38627a1c-03ab-471a-a3ab-d45ff832ebda,True,False,False
386663e2-6a0f-45b7-adab-880116a9ec2a,True,False,False
387668d3-51e8-4867-9560-733510e0de6f,True,False,False
387e91d6-1edb-433e-80e9-5e69ce93178f,True,False,False
3882df18-c812-4b9e-af17-cbd092d7d7aa,True,False,False
38864dd4-0d43-4d2e-8c86-11557717d045,True,False,False
388b2d5c-158e-4608-9e3f-fc4d8063b554,True,False,False
3891c402-f196-4055-9404-2731c20824e8,True,False,False
389cbf16-2408-49c4-af08-adf41084f628,True,False,False
38a1143f-d230-456b-9002-b0d6fe819679,True,False,False
38b12d04-580e-42f2-ba9e-2969f7005d94,True,False,False
38b8c889-bd70-4d65-9712-9313c1729f9f,True,True,True
38bd0463-7f6e-4e7c-be84-5b8c7d137efd,True,False,False
38c929e3-e555-4f65-bd52-4cc46c248c8c,True,False,False
38d105b0-80aa-4889-8870-2ad940a0bd79,True,False,False
38d5fc6b-f38a-433a-b980-e189f19f81b3,True,False,False
38d7a811-3dcf-4f04-a72a-27551815f8ee,True,False,False
38dedfb2-8ffa-491a-b497-6e3a604fd3d1,True,False,False
38e1c5cd-76f2-40f7-869b-f9f82102821a,True,False,False
38e36093-6872-4fcb-a706-bfbb0a35524a,True,False,False
38e5808a-356e-4e32-9df0-61ff74bb1460,True,False,False
38eb2a01-c7c4-411d-abd4-f8b659940ebe,True,False,False
38ec4ca7-702d-4aad-99a9-d88f2fbc8bed,True,False,False
38eea5f4-8731-4e2f-b570-0d17f58d46d4,True,False,False
38fb1b32-71da-4ec3-a128-add960c28ea6,True,False,False
3900f676-b8fc-47c7-9d54-c0060df001f2,True,False,False
3904864e-5c23-4558-8084-d0ca859f4fe7,True,False,False
3907353d-fa39-4b47-8940-fbe12524e17e,True,False,False
390a9a5f-a7b8-49be-b3f1-6037eeb181fa,True,False,False
390bd24a-9ed3-48c3-b95e-5c98329a9d81,True,False,False
390f7459-8f1a-4532-9d30-560b37cd3d44,True,False,False
39114f4f-3e6f-45cf-854b-95bc86749a63,True,False,False
39141e72-1120-44da-a3d3-0f9dd752be17,True,False,False
3915f098-a6a5-4ebf-90bb-0852314719e4,True,False,False
3916e905-34d8-441f-9065-7a06fc139e9e,True,False,False
391cb05f-f003-4d5f-8b78-512c1ed7f432,True,False,False
391f3472-7300-40b8-8b40-ea97e5bb2e14,True,False,False
3926d0b9-a257-4bb9-a701-121ccf13d81c,True,False,False
392df3dd-83e8-41f3-9123-ff73334b47c1,True,False,False
392dffc5-5e15-46a1-aab7-2f44609bff44,True,False,False
393170a0-822e-4cc6-9749-3b27030a4f08,True,True,True
3936ead2-2b05-47f2-bb2c-1b99b7c68efd,True,False,False
3937f59d-8eea-4954-942d-14c4340fa8dc,True,False,False
393f1d1a-b5eb-434e-bdf7-a88968f8bec9,True,False,False
3942ecf6-24c5-4a52-be38-9f59479d9c05,True,False,False
3943a3b3-f662-4484-a9ce-e0a98fba3347,True,False,False
394bbb58-27ae-41a9-a954-24899f50d467,True,False,False
394c4a0e-6c61-46f9-b3af-c8ac1aa9181d,True,False,False
39566438-1aff-46ff-a3f0-df7390db6e91,True,False,False
3958424a-5295-4f33-b51e-669a345d2390,True,False,False
395a8018-e452-4c72-b6c3-298fa583d148,True,False,False
395afc89-416f-431c-b5ce-15a4119e0519,True,False,False
395edbf9-9f2f-4f23-9605-b076bee5f523,True,False,False
3961ba5c-b4d7-485d-949a-712b78de8f94,True,False,False
396284c1-ab0c-4435-9686-29d8a34cbf63,True,False,False
39638f44-672a-413f-b991-5cf0ae235dc6,True,False,False
39775ecf-f536-4431-8186-770aab3a892e,True,False,False
397ea329-f9cf-4fc7-95e2-6067801e4de8,True,False,False
397f8c4d-7c4f-4710-9634-87bb89df467e,True,False,False
398f30bc-f48d-4011-a912-d5f7aa07c220,True,False,False
3991e3c7-53b9-47fc-b18b-4da5c8431e3d,True,False,False
39a70444-fabc-4594-bd19-4a661efbd8aa,True,False,False
39acda30-ce39-45ca-98ed-4cdf4415d12d,True,False,False
39b19a6e-6acf-4ba9-8c86-5d8a8ba2f980,True,False,False
39b9cdbf-5096-4d92-a057-2c793bee96f1,True,False,False
39d312f0-6dbc-4e3f-ab54-a1e9c1ca7eed,True,False,False
39d48518-9fca-4df3-9724-950cd6ec44eb,True,False,False
39d54df8-d2ab-49ea-b165-cbce7614bff4,True,False,False
39d5a40a-beda-4bde-9d18-ed1b6f70ab43,True,False,False
39d6474f-159c-405c-b164-eec415a51454,True,False,False
39d97e1c-7513-4732-b1b7-2222048aced4,True,False,False
39e11d96-07da-4fa1-840f-1edfb89ec396,True,False,False
39e437fa-33e9-43e9-8d61-26d47259964e,True,False,False
39eca27d-3e06-46a7-aa42-5549089de27d,True,False,False
39ee1ccf-c03b-4440-ad14-434ac9e3e4fb,True,False,False
39ef7bd0-686d-440f-b310-97566db91128,True,False,False
39f1d9dc-1389-4011-873d-9590e9789568,True,False,False
39f45163-865f-4166-ba01-4bf7664195b0,True,False,False
39f73b75-c910-430c-8ff4-55fd524549e9,True,False,False
39f89ca8-2279-4bfd-b674-7ad0339392ca,True,False,False
39fb2ef4-7d42-4718-ab09-33a9f5407e2e,True,False,False
3a04813b-8166-4fe7-b8ad-d995579d4640,True,False,False
3a06e97b-d8cf-4380-88a5-18b1196aed78,True,False,False
3a1b16c8-6ab3-4194-870e-fa604967bf40,True,False,False
3a1f0b84-231e-43af-bd26-612bfc612cc1,True,False,False
3a223900-94b9-4a1c-8ed6-8ca1a4111d3f,True,False,False
3a2af5f3-4e55-420a-8c58-91b1049cb462,True,False,False
3a30c082-aa82-4feb-b925-f40f63c37dfe,True,False,False
3a31cc28-6c8d-4438-8740-d87459541081,True,False,False
3a33b9eb-c77e-4a9e-a560-34e4df08d1cd,True,False,False
3a33ec05-3e7f-4c12-b893-e9a180ce390d,True,False,False
3a382169-9e09-494a-b79c-7e54b2841b25,True,False,False
3a5185df-b36c-4005-8e21-84e2389ef97c,True,False,False
3a527d93-7f66-444d-b3dd-6494fbc26a2d,True,False,False
3a640c07-9704-47c9-991b-4de2111ae936,True,False,False
3a652443-dd0f-4fed-9567-af786c2ab84c,True,False,False
3a68b586-5dbb-4fdc-89e2-776fdb8ece03,True,False,False
3a68d25b-3de9-4ac2-b663-5671101f6e67,True,False,False
3a69b794-4c65-443f-9538-c3c0321ae0e6,True,False,False
3a69ff33-3bf9-41e8-a776-dc01c29bff04,True,False,False
3a749cfc-b9e7-4ca8-9256-55456b37bc48,True,False,False
3a7a5311-eae7-476e-9d41-45c05826bdf9,True,False,False
3a857a63-2f20-4c4a-b534-57cc8625f09a,True,False,False
3a8b56e1-8b30-45c9-af40-7dc7b39591dc,True,False,False
3a8db093-bd29-4ef5-9792-a1f4d283fa0c,True,True,False
3a928af1-2f0e-4b65-8d4e-092dd50d3e22,True,False,False
3a94d2d2-fcf5-47aa-ac97-9b9bcd4d050c,True,False,False
3a94e3ee-a0e7-474e-bd3e-828b50841054,True,False,False
3a970169-6031-4b73-a7c3-f13374bdda59,True,False,False
3a996804-b3ff-4a1f-895f-f05e3ba49c83,True,False,False
3a9a7fc6-3b8f-4e42-ba8d-41ebbd0a2400,True,False,False
3a9b57ca-f0fa-4de0-98c5-4969c1374390,True,True,False
3aa0c675-99c3-4f8e-848c-93c9b3a2b6e2,True,False,False
3aa2b23a-a633-441f-8c62-9d30c6d76591,True,False,False
3aac70e3-7db9-402b-bbdf-421ee22ac8f0,True,False,False
3aafb53e-984a-476e-a426-733699192cd8,True,False,False
3ab31b21-4f7a-465d-9665-c98f0065afe2,True,False,False
3ab5a2a1-d0e5-4337-981d-37c4356b5458,True,False,False
3ab60a0a-544d-4811-8699-23ba4a8e0397,True,False,False
3ab80dac-0f49-4000-9536-bd7976ebed5c,True,False,False
3ac3bb6d-aa6f-44a2-a342-1be4a54bf50f,True,False,False
3ac42be3-4a4a-4107-b7b0-5ae792acecc3,True,False,False
3ac87bcf-a0a6-4e15-88c6-1ffd6bc4209b,True,False,False
3acd2301-2921-4851-83d8-e1a31d8ef4e2,True,False,False
3ad28311-9d1d-413d-b9dd-4578717fc0bc,True,False,False
3ad36ac9-a96f-41fb-af18-8703758da32b,True,False,False
3ad64362-dd46-4905-ad0d-6d805137c980,True,False,False
3adbeba4-a069-4796-b95a-ceefae73649f,True,True,True
3ae05a13-0909-4f17-81e8-ae70983fa2d0,True,False,False
3ae2b8a0-55f9-4265-9dac-e26d87b2e223,True,False,False
3ae60d7e-0a4f-410a-9df0-741229d91e44,True,False,False
3aeec8a2-162e-42f4-b4fd-d5004b65b373,True,False,False
3af7eea5-4d87-4c75-8c47-935c2944c2a5,True,False,False
3af9b4e6-9c1d-42e0-a419-e43d48819e55,True,False,False
3afc28ee-aafb-43c9-821b-463338055e53,True,False,False
3afdbdd8-3b6c-4a72-a73c-19dc2d81ab3f,True,False,False
3b059445-7884-40b2-b5ff-026313d5b53e,True,False,False
3b074198-212c-4d6d-b27e-f157e701a8ca,True,False,False
3b0f0373-d8c9-40cf-b34f-eeb3e3380115,True,False,False
3b0f187e-8b54-4641-a19d-c65b8317a2b8,True,False,False
3b1b992b-d1b3-4d04-90ef-c38978159318,True,False,False
3b20aa8f-2da8-4bc0-9d68-942c4856f8db,True,False,False
3b27bcf6-cd9d-4827-b71d-e9c9bc913722,True,False,False
3b2fba16-5e49-4484-be73-1a31947e5688,True,False,False
3b30d02f-e20f-45db-86c0-d20b8b4df32d,True,False,False
3b312745-9cd5-4ae2-b39f-ce320bf09c34,True,False,False
3b35e965-b7ac-4533-b16e-60dc20145623,True,False,False
3b3e0a36-b895-49d2-aed4-d4165ca225ca,True,False,False
3b42d3e2-07a8-4141-aad7-8d1d128e1588,True,False,False
3b438e1b-d69a-44a3-b9f4-6e63cd70db8a,True,False,False
3b464e1e-a59f-41c5-80be-d723336b293f,True,False,False
3b47d1ba-1447-45d8-afe8-9a3192665f44,True,False,False
3b4fca3b-9a76-4e17-ab83-ce32277a5709,True,False,False
3b59d622-8572-4069-ae78-b13ec0618544,True,False,False
3b5b500e-0b00-422d-8b3e-5c64b39aeb1b,True,False,False
3b75587f-3480-45f0-9d21-2c472216d96f,True,False,False
3b7c5b29-bc95-4dc9-8eaf-a7d97c17375f,True,False,False
3b7d38bf-eae0-4507-82af-53a596cf192b,True,False,False
3b8b164b-9753-4d3f-9ef9-88f18d6c19d0,True,False,False
3b96071a-05fb-4222-ae47-46d81053e5b2,True,False,False
3ba7080b-c3cc-439f-9913-8a74cdc7ece1,True,False,False
3ba953b1-ff78-40ba-9adf-bb5079e3ea90,True,False,False
3baa5c99-6d28-47c4-a779-b1520b3dbe0d,True,False,False
3bab6d28-04af-413d-a51c-a6fae1a98e16,True,False,False
3bb05fa0-051f-4788-ad0e-ee3335f8afdd,True,False,False
3bb53de1-f7c1-4629-85a9-77d5550f1a57,True,False,False
3bc4b127-979b-4746-a1a7-c58f88d416ac,True,False,False
3bc5dfc5-b9dd-4c47-bb1a-d14bab046047,True,False,False
3bc72266-c585-4733-b8da-bcf558ef5761,True,False,False
3bc9c44f-5b98-4ca7-9ae0-1326915b9cab,True,False,False
3bcc32a6-1212-44fa-a44a-4e7ffb4bd907,True,False,False
3bd0014d-84fd-4bf6-9d37-08a106b82acf,True,False,False
3bd0befa-e6a4-4e49-b64b-a4da831bf094,True,False,False
3bd492dd-d286-457b-8480-b265a531ec4e,True,False,False
3bdcd556-e025-421f-aa33-408d29511e20,True,False,False
3be0701d-fff8-410e-915e-1ea200fe381d,True,False,False
3be872c8-5ae3-4751-a727-2d1d12023c3a,True,False,False
3be8f0f7-9053-4328-b40e-db9f523719e6,True,False,False
3bf0274f-8a71-4f3e-bdfe-8a2dedc1ac34,True,False,False
3bf3257c-0c28-4fa6-95c6-a5298de0ca71,True,False,False
3bf9b7a9-d474-426d-a438-968626fc0c93,True,False,False
3bfb58cd-7892-48cc-8020-2f17e6de6e7f,True,False,False
3bfef075-c151-47f9-a3ee-36fccba0f73c,True,False,False
3c0db1db-48dd-4fc0-9af8-5d12892ad3ee,True,False,False
3c119344-1965-48e9-8fe0-90edf88c2eb1,True,False,False
3c1532ee-10c7-4099-9f2a-89e4a94f8ce3,True,False,False
3c16716e-4794-4732-9b0d-3d7ac6f8ae00,True,False,False
3c2016f0-40c0-4b1b-9f00-f7f1bad45493,True,False,False
3c2246bf-5b74-4d6b-b37b-bcce82e323df,True,False,False
3c2b46df-e494-4dfa-a5f7-65ff2eff08e5,True,True,False
3c2b775d-a825-45c7-8896-42088c04dbf1,True,False,False
3c33a901-70e6-4552-99cd-df55a78d81a9,True,False,False
3c33f26c-1043-4cc6-990f-674ebf7bdc4f,True,False,False
3c380727-b446-2733-9456-00cc52402a01,True,False,False
3c3a4de8-9304-4687-9e5c-2e9bdda65b33,True,False,False
3c3c92cf-d2de-48a4-b16f-44098b7f2f01,True,False,False
3c403ca1-1a0d-413b-aa45-8551aa4e2920,True,True,True
3c4262a5-dfb2-42a7-8891-f4440bde4ab4,True,False,False
3c47d9c7-f121-4d31-90ce-71f394f1c087,True,False,False
3c486d91-a01c-480b-a3c8-9dd75ab2e138,True,False,False
3c588c8f-ad34-440d-bfa7-22dc0fc37550,True,False,False
3c59107e-71c8-4f08-9715-7f8aec0cd1d1,True,False,False
3c5fdbf8-5d70-4c20-8012-fdc4d5f0fde6,True,False,False
3c69f0e8-d79a-4ae7-9f35-de6c6e6b9f6c,True,False,False
3c6a890f-5130-44d6-be0b-ce7e47527933,True,False,False
3c78ae7b-4f40-4166-9cfb-58f74c8e7b3b,True,False,False
3c80870f-fbdd-4791-ae37-702b7daffa8b,True,False,False
3c8860ed-4977-430b-8b3d-a3e69a7b21a1,True,False,False
3c8a6aab-f319-4b5e-a90f-176838fa079b,True,False,False
3c8e57a4-44ad-4fbb-a453-fd8852af5de3,True,False,False
3c8fcbf4-2425-4ba7-b8eb-7fc870cf3afc,True,False,False
3c95fb34-cce9-485b-9695-034abeab4454,True,False,False
3ca0f383-7e43-49c3-998a-eb42afa9dd00,True,False,False
3ca53c4a-a543-4782-8367-b2d5de2b0a6e,True,False,False
3ca5c43f-21bb-41d4-9cbb-3438ae50e39c,True,False,False
3ca6f1e5-863d-4bd0-91b2-60726ff70d45,True,False,False
3cac58ff-5684-4f3f-98c5-ee2a482dd614,True,False,False
3cb2bcb7-e986-46fc-bef2-fc27ff2610c9,True,False,False
3cbd5607-63c7-486e-bab6-6ad0b398f179,True,False,False
3cbf4b64-e030-4195-a8cc-5a6d5feb9503,True,False,False
3cbf8222-0bd1-4e36-87ab-4c54e0dca3fb,True,False,False
3cbfd39c-7f53-4d7b-8168-486e43b3a14a,True,False,False
3cc71af0-4a43-49ad-8e1a-c1657df52cba,True,False,False
3cc97074-62f6-4dd4-bf40-fcca5393fcbd,True,False,False
3cd37747-c9a6-4297-a6e0-b821395aed74,True,False,False
3cda9dbb-752c-4736-a669-51e519d5de48,True,False,False
3ce097bc-e6f1-4a9d-931d-a2957db27081,True,False,False
3ce33525-cee8-4af2-afd6-85acb1f96ecf,True,False,False
3ce42450-8ca1-41d5-be15-06d2a94446c9,True,False,False
3ce91fdc-3759-40ec-bf2f-404325a24c83,True,False,False
3cea4c34-0ba5-4742-91c5-32e4b9f29eca,True,False,False
3ced88c4-2ccb-45f9-a781-a534ef1078e7,True,False,False
3cf3e4d2-f229-414a-964b-e594fb5c2f43,True,False,False
3cf4da18-b001-4085-9cbc-13feeb6cd0a3,True,False,False
3cf94f6b-d748-41d0-a538-4c3c0d69bb02,True,False,False
3cfaebe7-b35b-4d1e-97ee-2e8117c4f1dd,True,False,False
3cfb5e77-1834-4edb-b4e5-079f12a792fe,True,False,False
3cfd7cf8-e09c-4797-a253-ba33eb1aceb0,True,False,False
3d06e4e6-e8b3-4ba7-8ec7-33850875beb3,True,False,False
3d127450-1c8d-4db2-84df-654908d5b271,True,False,False
3d18f3b8-ba43-4f71-9d1e-0d36efebb69c,True,True,False
3d1dc5e0-4d52-4693-a68c-c2fef63e8298,True,False,False
3d272949-08e3-43d5-b856-c4e581b35424,True,False,False
3d3177bb-d548-4130-99aa-8522d1708d65,True,False,False
3d337a72-767d-9c85-136e-20d14aadcda7,True,False,False
3d4256a8-aa0c-4bd7-bca4-c0a66a78ad72,True,False,False
3d43374d-f716-4ac6-869b-d4067283d5c1,True,False,False
3d45c80e-10c8-4639-b326-55f572ff507e,True,False,False
3d4739e7-3b98-4c24-b793-077471023af5,True,False,False
3d58817c-cfdb-4812-ab0d-7a0607f5317f,True,False,False
3d5a04c0-3550-4ec0-b909-c66be671ab17,True,False,False
3d5b54e4-f878-48c2-bf23-fa61dfc3b525,True,False,False
3d617f09-0bc2-496a-b7d2-a1c0ac711f14,True,True,False
3d636259-250b-4015-bb58-f177d2775581,True,False,False
3d6fec68-0764-48cb-b188-0048d8beb8fa,True,False,False
3d7555c2-dc20-4433-beeb-5bda0ff2322d,True,False,False
3d75a7d0-e076-4177-81f5-203b4e5c2d45,True,False,False
3d7bd511-fd33-4c94-9a07-4a892640a716,True,False,False
3d804612-8e52-4ced-9b0e-31298accceb2,True,False,False
3d83c461-b8ab-48f4-bf85-70c6a41a0180,True,False,False
3d888d49-9bae-4490-b837-5e44ddc9469d,True,False,False
3d9629f4-8aa1-4da6-ad5e-5faf1a96d5ec,True,False,False
3da27740-b9a6-4374-b7f7-d3a650bdff13,True,False,False
3da5742d-d47d-411f-bf78-208d45f8b11b,True,False,False
3da82e8b-9b1f-4c8d-b70a-0d7c3b08fe4b,True,False,False
3dae53c8-3942-4df4-88bb-7731c4e08120,True,False,False
3dae61c1-d018-44fd-b95a-b6b7659f11e3,True,False,False
3daed2df-66b0-4106-b934-5620b1353307,True,False,False
3daf3611-6395-47b7-8fe8-263e580ecd84,True,False,False
3db4717d-7815-4e66-a013-913e3c979258,True,False,False
3db510e8-258c-49db-b335-1225bac9254d,True,False,False
3dbb60c0-cb20-4ed8-8537-8a1cb55a882e,True,False,False
3dbce9f2-b6e3-4a5b-a3d6-564934b675f0,True,False,False
3dc250b7-9bd1-4c96-a365-0bf42e4cf2ad,True,False,False
3dc4f459-881a-4741-8965-4d5097a7043b,True,False,False
3dc6002b-78b6-43c7-8481-c61205e87c4f,True,False,False
3dcfdd7b-22f3-4038-88bf-d6c402c47ccb,True,False,False
3dd32cc7-264b-431f-97db-ccc138962b72,True,False,False
3dd602f0-8487-4383-9d6d-5b2765f42012,True,False,False
3ddb09f0-8f2d-44f9-a347-a3291a950eaf,True,False,False
3de1de27-9512-43ba-9289-861864541e9f,True,False,False
3de5f31e-e48c-4a9a-a7df-bf94022727b6,True,False,False
3de8e737-cda2-4ff7-89ce-1bdb87daf504,True,False,False
3dea88ce-b157-4456-95ee-d065557af019,True,False,False
3def57f3-153a-4faa-a501-8d5e607d3e94,True,False,False
3df57451-46ec-4384-9b7e-e937fa4da886,True,False,False
3df74836-eb46-45f7-897d-96c1958ff838,True,True,False
3dfa71ad-87a3-48e4-96b5-4cd3942964b3,True,False,False
3dfbfa10-e506-46c7-8cc1-ad4925473d08,True,False,False
3e08f969-1ed7-4a73-aec1-d9af70f2311f,True,False,False
3e0e5253-2dd1-492e-b55a-c2895f942299,True,False,False
3e0e6ef5-c21a-4151-87d7-bcb4fac4ce6b,True,False,False
3e11f72a-3aa0-417b-9c43-49b25dcc34a6,True,False,False
3e126a0b-634d-4354-9ee3-9b8d7c7ee3ee,True,False,False
3e1a8b43-a248-4e60-aee3-2895f863b363,True,False,False
3e1cb825-8338-4584-bab8-a20e6d70b89f,True,False,False
3e318b1e-f917-4405-9cfd-9e7c7513b752,True,False,False
3e32d41e-9b9a-4d60-abab-dd07c9b22567,True,False,False
3e343f9c-3c96-407e-a87a-9946ac40ca58,True,False,False
3e39d31c-a28f-428b-a477-aeb7c0ca5140,True,False,False
3e3c7329-95aa-47d8-a6c6-674541f5c2d3,True,False,False
3e4406b9-d3ef-4f1c-bbd8-6141dcbf792b,True,False,False
3e4528db-c8d2-4975-a6e2-0aed059b0677,True,False,False
3e47ba0f-50d3-48c2-bbf3-c80fe83890c4,True,False,False
3e4e4939-613c-4e17-a1ad-227d90f39d94,True,False,False
3e5194dd-83f3-4f18-9652-b7b46907ded5,True,False,False
3e547601-9c8f-4ae1-a376-eb5c8e5fb99a,True,False,False
3e5cc161-03aa-4686-a8a5-b4f72075fef8,True,False,False
3e5f17e9-3b56-44ba-94fa-707479e8981c,True,False,False
3e5fb753-8a03-4e93-956a-b9fff856688e,True,False,False
3e604ebe-30cd-4b24-85d9-9a6cc99b053e,True,False,False
3e61dfdf-35a8-4588-8c9b-69d9d025a402,True,False,False
3e69e7fc-1f6d-4fbd-8ad0-280e885295a1,True,False,False
3e6ad71a-18f5-4344-9f5f-a1f3f7d45396,True,False,False
3e6f467a-533f-426d-a223-d62084bc9fcd,True,False,False
3e78418a-7955-4c14-bfb6-bfa1ffdaeb0d,True,False,False
3e7d528e-096c-4460-9384-475554bd5ba6,True,False,False
3e7f1f33-171e-4ddd-8fa1-0bd0364e1236,True,True,False
3e86fccf-076f-4934-bba1-aee610483a6d,True,False,False
3e8ea146-f8b7-4c7c-ac5e-303935545c45,True,False,False
3e8f2cd1-6532-4636-91cb-6f34645ee055,True,False,False
3ea094bc-f4e2-41b3-a571-d7fdac908585,True,False,False
3ea2a898-7f18-4412-a379-2f05e46045be,True,False,False
3ea3d415-32d1-4a5c-85e4-5f7bc8f81750,True,False,False
3ea779d3-a097-4bc5-88f9-edfcae714baa,True,False,False
3eaeb131-599d-4769-acb2-ec38c280c934,True,False,False
3eb58f84-2868-46c5-adeb-86a7502346c0,True,False,False
3eb78ad7-e6d8-4018-8d29-fce5ff0bf1a6,True,False,False
3ec14458-4d55-4f75-adc3-72b0ad9ad4bb,True,False,False
3ec7424a-9c4e-48bd-9a7a-6c7afba0d840,True,False,False
3ec777b0-2286-4795-adc2-6c896926c2d1,True,False,False
3ec89c58-ce4f-47f3-9547-3925fdb1ecbd,True,False,False
3ed5a917-8bf0-407b-a1c6-97a5d4414a5f,True,False,False
3edf24ba-e03e-4dc5-bbb8-f7adde4041cf,True,False,False
3ee68616-17a4-4aba-b53a-50a179bc6b43,True,False,False
3eede3f5-4148-4905-929c-96eb7b52ec04,True,False,False
3eefa7e8-ef43-4f4e-9f3e-c362b6afdcfb,True,False,False
3ef0ca9d-35af-4391-8eae-1544a4a9cad1,True,False,False
3ef44167-b2d5-44a0-9c5c-72c37c90ea3a,True,False,False
3ef6bd4e-6dd5-4321-a5d6-35a4e85285e4,True,False,False
3efe11cf-0bef-4393-87ca-ccad48fe5409,True,False,False
3efe8c62-b349-45c5-bc27-0f9fcc960b3a,True,False,False
3eff7605-0ad5-4431-9c88-0206d1a6e83b,True,False,False
3f06cb8f-c83b-4224-bba1-1a2c7902d577,True,False,False
3f0bbd9f-62aa-4bde-9dd0-49d18c451cbc,True,False,False
3f0f53a2-a094-4aa3-ac40-ed1a428b523e,True,False,False
3f140687-c697-4584-8941-2dae6f2b81ab,True,False,False
3f16b759-2e5a-4965-af94-dc310a42c216,True,False,False
3f21e2dd-1606-4c11-a16f-8b4179029fee,True,False,False
3f22f6f2-92af-4a85-99f5-83f269b01fa0,True,False,False
3f299da4-52c9-4f6d-b549-4cc448c211ea,True,False,False
3f373a68-5e39-4691-bd95-bb751efae4de,True,False,False
3f373b4c-97d7-46ce-b0a0-c0b0e55f227d,True,False,False
3f37f890-6826-494d-af9b-4205f5b57789,True,True,False
3f437e30-2414-4d7c-b1a2-1458f66bf099,True,False,False
3f48ab3b-4fde-41dc-b601-4c858eb328e9,True,False,False
3f4994d3-7130-4e95-8807-57a71e54e1d2,True,True,False
3f4a65af-314c-489d-9753-7b391086a42e,True,False,False
3f4f4a3a-9170-474f-aa8b-1226de21a040,True,False,False
3f4f6b6d-8d88-473b-8076-b02487b441e8,True,True,False
3f51c47f-a6d8-448b-b171-cae6506984be,True,False,False
3f53414b-549e-41ed-ac33-f55df5e008ab,True,False,False
3f53920d-f1b6-449a-afae-0af54ad5082f,True,False,False
3f58358e-1df5-4421-a9a1-c5826d448560,True,False,False
3f5e60e7-6750-46e3-a519-1df9b72ee8b8,True,False,False
3f6112f1-5695-4e88-bb0a-49f9e36658ff,True,False,False
3f64b329-4598-4793-ad34-d98630226707,True,False,False
3f68f5de-845d-476f-b2e1-f30ad5ef6360,True,False,False
3f693dfc-8ced-4d8f-88f1-9e6295c516f7,True,False,False
3f6fe125-298e-4d76-9efe-f5d1a62d1740,True,False,False
3f708895-5844-489e-bba2-030bef091f41,True,False,False
3f7598b6-86cd-4950-8c80-ed33e1f56fce,True,False,False
3f7e135f-b1c6-40e4-9ca2-99a848472b39,True,False,False
3f7e4f74-8097-4992-8019-cf9b06c7935d,True,False,False
3f801597-a3c0-4367-8b7b-55fa0777ffe3,True,False,False
3f84aeae-899d-4922-8eeb-8ea2e744f190,True,False,False
3f879a3b-5ab9-4d0f-a277-b4eb9f506059,True,False,False
3f8d8e27-e7d2-4cc4-bc8a-786c40f453bf,True,False,False
3f8db6d3-05e4-48bc-81da-f61ce84e4c6a,True,False,False
3f900896-00d5-46d7-9bf0-088a82a91e45,True,False,False
3f9ae599-6db3-433d-8ad4-5cda73813730,True,False,False
3fa0572d-b749-4078-bede-47e598a320b6,True,False,False
3fa531c8-30ea-4a88-b681-b97f83ac5995,True,False,False
3fa6c7b0-193f-4b72-944f-e16c6c846976,True,False,False
3fb2695b-36f7-4411-baca-28e5b0fca690,True,False,False
3fbf6749-389f-46ab-839f-8ac409448518,True,False,False
3fc10442-1b85-4112-8652-dba9f8b2ad28,True,False,False
3fc40ab0-da4e-4796-a5eb-4d020198f065,True,False,False
3fc5415d-681e-4fff-89b6-41eae8e345ca,True,False,False
3fc62dcc-0fc8-4498-8da3-9c7cf3e4f2e1,True,False,False
3fcaa3f1-15c8-45e3-991d-de9549faa107,True,False,False
3fcd651a-48a6-481a-91cd-02455b5c6d0f,True,False,False
3fce3c63-bdaa-4a1f-a3c8-c60dd52d7293,True,False,False
3fd6031e-7f36-413b-9219-c07ba9ea681d,True,False,False
3fd6ecea-612f-4c81-8af3-b63cec154fbf,True,False,False
3fde6254-c8fa-44c9-bb55-7697d2ac651c,True,False,False
3fed4cb6-bde1-47c7-9114-c04883d07b3d,True,False,False
3ff061cd-6998-477b-8192-9995fde32f30,True,False,False
3ff5d79c-384c-e092-1874-ad92af16cd72,True,False,False
3ffa6c1d-5290-4299-acee-f76edd61cc96,True,False,False
3ffbce06-ded9-4ab7-a470-8dec5af87bdc,True,False,False
3ffcbbaf-9ca1-4421-9656-6894d3cccaf5,True,False,False
40058a67-8fd1-4d64-91db-821a09225444,True,False,False
400801e3-dce1-4c0d-9571-2aa5e81853ea,True,False,False
4008d0f9-9085-44fa-921f-2a8248c012f8,True,False,False
400e4054-7db0-47ca-aa11-d1cd9eca93ce,True,False,False
400ee667-3fcb-4a68-b41a-18e6d695683e,True,False,False
4018ed98-3711-4d99-9b19-facfc6b8fcb7,True,False,False
40241854-df86-44d0-9728-c41a368962d2,True,False,False
402d59db-6a09-45c4-9cf0-1491eb9be082,True,False,False
402e0c6e-ff2b-4511-bc7e-d4a5ca279d00,True,False,False
40303d90-66fd-444f-b7c0-67ae60238ba9,True,False,False
40304779-5050-440d-8325-cab689f35584,True,True,False
403103c8-5b87-4310-a7ae-005ca069a1eb,True,False,False
403a16bb-1dce-4573-9539-bac573e7523b,True,False,False
403bcfd9-16f2-4f2b-91dd-6433d98fb580,True,False,False
4046f9f3-9ea4-4f14-8ad7-31421f32e9d8,True,True,True
404c084c-5931-44a9-bc14-bc34998af1db,True,False,False
404c46cf-14a2-42cf-b937-c020bcb95167,True,False,False
404e187b-265f-48f0-b09a-1e2a24d2fa5f,True,False,False
405890fa-9526-4c0c-badf-d78892a58058,True,False,False
405cbe9c-f1ef-4812-9ce2-5aa7d9a6e096,True,False,False
40663808-0979-4bfc-889b-f96de879db82,True,False,False
406e868c-af18-4ea7-acaf-6218b9d71a4c,True,False,False
406fc150-8a53-4212-b07a-135a95db9e71,True,False,False
4070cb04-6234-4cf2-84d7-e99c95d74137,True,False,False
407d4834-fd1d-4db3-b380-a19212995dc9,True,False,False
4081d9fc-3b06-4370-b6a9-45283c245029,True,False,False
4087c8f1-48b7-45df-ba28-fe56a64a55c3,True,False,False
408ab5bb-1880-46d0-8dd6-fc785efe2903,True,False,False
408afce0-fb4d-4f9b-bb43-d8d7114da820,True,False,False
40936577-28c5-4103-b52b-fb49a0c4ab43,True,False,False
40960f96-1ca8-4af8-9e2c-55433095d7d1,True,False,False
40a1f678-29c2-4d72-8969-30a9f96fdc75,True,False,False
40a3dd2f-3545-48d6-b544-eafadf76fa12,True,False,False
40acf645-3a37-43cc-9002-a1b6f5340f19,True,False,False
40b262b8-e05c-4e1f-8983-d9d8169437ea,True,False,False
40bc5fc7-efd6-4bd0-831c-c998f68af87b,True,False,False
40c29c66-b704-4347-8509-2261d380de6e,True,False,False
40ca01c9-1d77-4aac-97f3-5c84198099e9,True,False,False
40d8114d-f1f1-4c18-a161-d61938ae0a66,True,False,False
40e3fdac-3ea9-407f-96b0-9a6ac3999f9f,True,False,False
40e6158e-419c-413d-8cf1-578418cdb46e,True,False,False
40ec96a5-227c-4cf8-a784-5289a211bdfa,True,False,False
410350c5-c310-d746-af41-83c5ddc7e195,True,False,False
410b5362-375f-4d50-8314-c63cb6aa316b,True,False,False
410e74e9-f1cf-4f66-a2f2-48041a6ad728,True,False,False
411282ad-dd77-43a0-94b3-4267a00fd57c,True,False,False
411553f0-c3c1-4a7b-8fd2-0375e7f46e66,True,False,False
411a750b-8107-429f-906f-103d660d96bc,True,False,False
411b02d1-2fed-4b4c-837f-b531b4f54fd3,True,False,False
4121f528-e5c4-421b-b7ac-7428f5a1d75c,True,False,False
4126ec7c-15dc-4452-9744-76d50e6e111e,True,False,False
4128d315-ad1b-4c3e-a0f4-2bc55afc1f54,True,False,False
412a01fe-f7a0-4d99-ab0c-db4fc64cbb65,True,False,False
412a0e51-090c-42e4-ba7b-326675300ecd,True,False,False
4130b1a5-19d5-4b74-9ec3-2be63f76c7d0,True,False,False
413168e2-cb42-42a2-a5b8-41db34654749,True,False,False
41326537-23ed-4636-aa30-6dd6589df842,True,False,False
413313ca-dda3-4722-978b-640c43c0975b,True,False,False
413a02ee-dae6-43bb-bbe3-c34e81514118,True,False,False
414642fd-f6c7-496f-a5e8-6b1b7e8ee826,True,False,False
414b24a0-5ae9-46b0-b2b8-0986fe1f8c77,True,False,False
4151a619-65fb-4bb6-839f-bf7318c584ad,True,False,False
415a23a8-9775-47de-868e-2f6e226038f1,True,False,False
415b416c-330e-4323-ae8b-846d942a07e1,True,False,False
415c24d6-fc76-43bd-9eda-384ebfe22514,True,False,False
4163602f-5496-4ffe-b296-0997af8dba80,True,False,False
41636e9e-fb3f-4527-a375-49f2f882649e,True,False,False
416485dd-0fa9-4f84-94a4-b34af64b5f67,True,False,False
416ec503-a1c4-41ed-a384-1e2c22604fcf,True,False,False
416efba6-248d-45eb-b204-34c6c1d679bd,True,False,False
41779eb7-3c48-4f39-837f-1b245c9301d2,True,False,False
4178430d-a646-4e69-98b4-43d2302c7435,True,False,False
417aba38-5d39-43cd-b8cf-e168b2a6280c,True,False,False
417b7860-bb31-4c28-882d-b87c09a97b29,True,False,False
41a7c99d-d5bd-453d-953e-37cf7a3845db,True,False,False
41ae4c7b-4cee-449f-b934-08388a891bd3,True,False,False
41b4f9f4-c217-4cf8-b599-93728c9c4eed,True,False,False
41bf610b-f4dc-45a6-a029-c685b97ff083,True,False,False
41bff86d-dc03-4a21-87de-e39b65d3da7c,True,False,False
41d0f2a9-8938-4912-aa6b-cc53c886d0a1,True,False,False
41d79dc9-5b9a-46be-b87f-234584fd46e4,True,False,False
41d8eb70-ecc6-46fe-9453-57144982f2bc,True,False,False
41da7a75-9e0e-47ca-a8b0-e95b7d5512ce,True,False,False
41df1ac9-c336-40fa-8cb6-19373b93d578,True,False,False
41eb44d2-5633-40c1-9795-05facb802a31,True,False,False
41ec7656-710b-4de7-9bf2-d96d9377fc8b,True,False,False
41f278d9-37f4-4b66-9f7d-65b52fcf7c27,True,False,False
41f5cf77-6fa4-4d3e-8208-1cc6c6165e4f,True,False,False
4202abd2-f4c8-4aaf-9726-23d9068f7df1,True,False,False
4210bd40-9daa-470e-b945-623a6d2d4a46,True,False,False
421aed77-ec93-4cfb-986e-112c94e38e81,True,False,False
421bd550-ea4b-4b31-ad64-0c260d2102f0,True,False,False
421c1716-5935-452e-9523-1a3ac5a26d08,True,False,False
421da5cb-4022-4f43-a0d1-a6c42a59651a,True,False,False
4220b47e-eb0a-4a64-9170-728e02f29bae,True,False,False
4223a781-50df-4f2f-8f13-35d5bc6f0174,True,False,False
422f6bc1-6865-455d-932d-b18535bf2d69,True,False,False
422fc385-906f-4f81-a06e-f18a1d2afb48,True,False,False
4230e5a6-86b7-4277-9413-719de126a8cd,True,False,False
42328657-cae0-45bc-9422-63b92d42059b,True,False,False
423b0114-f713-4142-83eb-67d532e509ce,True,False,False
42426cbb-7da4-4570-9def-b22f57ce9dd6,True,False,False
4247da87-2361-4460-9aad-c6c5b3b21b5b,True,False,False
424a85c5-7ff1-4288-b58e-8b6b792300bf,True,False,False
424d9dc9-98e3-4e65-a3bc-79f75e5a64b2,True,False,False
4254533e-99f4-4a0f-9eb7-fa47f3edd886,True,False,False
42599d98-752a-4fd8-a485-d8d03a753dbb,True,False,False
425cc57c-ff3c-4e1e-997c-7b7bc6ca2838,True,False,False
4265a66d-93ca-4a0e-a020-6c6155e93e4f,True,False,False
426dc962-4ceb-4f6f-8bc9-f8c0129fe1a0,True,True,False
42716c2c-dd64-4d94-94d2-6cc498eaf0cd,True,False,False
4278d2f7-e337-4d93-b410-1997d1675b61,True,False,False
427c55db-5d80-4681-93cc-001dc55595d6,True,False,False
42847af4-2044-46d5-9e76-0f8e53ee9915,True,False,False
4287bc94-de84-4876-b152-d3a1bf2acb52,True,False,False
428d2c6d-b693-4807-800d-13a79241604d,True,False,False
4295c575-5039-4aab-9972-84ede476849c,True,False,False
42968c23-4198-432a-b50b-969bae6c916f,True,True,True
42991a2b-e9da-46eb-855b-93ac9a234577,True,False,False
42a2789e-8408-40b9-ac55-982769898d21,True,False,False
42a623d7-0064-45a2-8c11-a97f13c76463,True,False,False
42ab10be-61ea-4e7b-be56-dd4833aa62a5,True,False,False
42ab591d-1171-4a85-b71c-1e22634eaa3f,True,False,False
42ac1ccd-9db2-453c-8f1a-00e672858198,True,False,False
42ad320d-e44f-4f80-9454-6bf4c4cac6ee,True,False,False
42ae0ac6-6f25-4b7c-bf72-2c0ca5151da1,True,False,False
42bb9753-c10a-4fb1-ada0-86627b5475bd,True,False,False
42c109ab-f708-43f5-abf6-2acd9c98d9f4,True,False,False
42c6c40e-4324-47a2-a458-e7c8321af648,True,False,False
42ca4539-3aad-4861-8a12-bbe9bf46cacc,True,False,False
42cb5e46-05c2-4ec8-8656-b26d1db949a8,True,False,False
42ce3701-70c7-488e-ab5e-9a787bd9474e,True,False,False
42ceeb20-7c48-4455-a3c6-44c459d83d4c,True,False,False
42d444a0-7415-42bb-887b-8a510f3f7b63,True,False,False
42d834fa-1d9d-42a3-8f34-2635f0614c10,True,False,False
42da9fbb-b1c8-4177-b5c4-1c8791332af9,True,False,False
42dfb358-dba6-42f0-beba-68df0c357852,True,False,False
42e96c16-5da8-488f-b458-82c40743cd50,True,False,False
42eaf6de-3804-46ca-94ea-2ac12834ff70,True,False,False
42eb9f7d-b9c7-4ffc-959d-39f56f840a59,True,False,False
42fa5f44-ce59-498b-8a53-59fa8889fb45,True,False,False
42fdd70c-544f-4b2f-a6b7-3037802e387c,True,False,False
42feac9f-f971-44e8-96ba-5386adb485a6,True,False,False
431943d2-5d66-4104-8725-b6c1668d3455,True,False,False
431a0ef8-568d-401a-a2b7-0721c2d260b4,True,False,False
431b2b11-b9b0-4710-b2e7-9b88bf8c2293,True,False,False
431db565-55e3-40c0-b320-5ed9ab58180c,True,False,False
43211d19-9abe-4136-b73a-9f221ac3d097,True,False,False
4329e007-e210-4a0e-9036-7dfaa2282719,True,False,False
43364135-49dc-4b86-adba-4fbbb82a5bc7,True,False,False
43364782-6825-4d80-b6e6-00c266b01125,True,False,False
43425205-8944-4d42-adf5-64a5e89ab3a7,True,False,False
434be6df-68a7-4531-9d6c-756194dd28a6,True,False,False
4350e1de-6c18-4816-af61-467d3dd3e023,True,False,False
4354857c-f160-493c-a31c-65485bd3b389,True,False,False
435578e5-0750-4321-9b2d-2666ffe03b34,True,False,False
43563138-f4c8-4ad4-a66e-ad8c1ffa1ca8,True,False,False
435bf09e-957c-40e6-bf84-270df12ee4df,True,False,False
435e6607-fcbd-4374-a9a7-684a457fad93,True,False,False
435e8eeb-da2a-44b4-a260-eaa98a7ed0aa,True,False,False
435ea2bf-7c22-4eb2-8de0-e9a4ce92283f,True,False,False
43652e6d-1d84-4e44-bdce-5f90a868dea1,True,False,False
43683866-f828-43c0-93ec-d3f0e7d784dd,True,False,False
43696c52-a584-4cd2-a50a-0ac55fb0520d,True,False,False
436d8114-8775-4004-9a52-c62abac8056b,True,False,False
436dfc54-508a-4627-9bc1-ebfb7744ccf3,True,False,False
438199a8-0788-4e46-9d5c-c651acdf8b5d,True,False,False
43819c80-ced2-3256-2c68-86b03966c255,True,False,False
438768f9-1571-4b3a-91d7-e8a751c9e81a,True,False,False
439359ff-cda0-4870-9add-b6c212bca378,True,False,False
43936178-597c-43de-b320-555cce3d7ce2,True,False,False
439da4d6-1a41-4e3f-a693-b3bf996f7093,True,False,False
439f181e-ecf2-433e-b4a0-04947bf5f77b,True,False,False
43aebce0-792a-412d-916b-87023f372270,True,True,True
43b944da-edc8-424b-8c13-ddcb1b8ca068,True,False,False
43bb3120-bc36-4cde-97bf-dbc9ff48cad3,True,False,False
43c024f2-afc8-4638-84c2-b5a2228728cc,True,False,False
43c63cb4-e56a-4667-a90f-946ce3bd31f7,True,False,False
43d40531-92ad-47dc-bd50-390752e327e5,True,False,False
43d80601-41d1-4936-ac1d-0bfb0543baaf,True,False,False
43e53991-1029-4eb1-9e5d-64f72b841cb9,True,False,False
43e9b0a9-55fe-40bb-8748-80e4a27cf0e6,True,True,True
43ebe3fd-ec57-47e4-8743-dfd809467769,True,False,False
43faf448-4676-45cb-b76d-243e130df6f3,True,False,False
43fef211-822f-4fc1-ac42-0a5fd795e703,True,False,False
44085d5f-a60e-4fbd-8d2b-f823fbee48f5,True,False,False
440d8898-a890-4e06-946c-8343876ac770,True,False,False
44161edc-8bcb-42b1-a1f7-b44ae0573437,True,False,False
441a3cc7-4da6-4bc3-921d-8fedbde720eb,True,False,False
441cedc9-c2f9-4413-9ea6-51affeafeebf,True,False,False
441df01e-c50f-43b3-8173-a75e6dc42838,True,False,False
4420b04f-936c-4da3-a10d-e2c494dd576c,True,False,False
442957e4-6755-4333-9ada-66a9e847eff3,True,False,False
4430c2da-7d48-4d15-a04d-d2caf8ebc21f,True,False,False
44337731-6a4c-4e33-8d1e-5d12383517ec,True,False,False
44346d36-f93c-46b3-aac3-ef6d73bfbaaa,True,False,False
4434b4c6-702b-43e2-87ca-8856adb225d8,True,False,False
4437b760-0c14-42e3-9688-179bf83609b9,True,False,False
443ef8fa-032d-4339-bd4b-2199ca53bb3b,True,False,False
44438754-8d4f-4842-9315-73c52abe45fe,True,False,False
4445de02-d1d0-4948-8ce0-4289ad7001ee,True,False,False
44466d36-8878-4c5b-b24d-cdc503405ea7,True,False,False
444d1b00-65f4-4c88-bdd1-379b9ebb4950,True,False,False
4457bbb8-f2e2-41bd-b120-0a6a42708cc4,True,False,False
4463ce07-c57d-47f2-bb0c-a0e9eafd507a,True,False,False
4469e1b6-d179-49ea-ba72-2285f2fc0ea3,True,False,False
446e4e75-108f-4843-a4e5-f61072b5d6b9,True,False,False
44745e35-b14b-4cff-8592-28a9a295a4be,True,False,False
4477b97e-7ab8-4049-9af7-6f005156e5e2,True,False,False
4478e949-dcde-412f-a1aa-987c62243398,True,False,False
447a1a7b-6396-4da2-80b2-b0db23030128,True,False,False
44800c4e-5683-49f9-80f6-5a2e11333a89,True,False,False
4481b95b-c12e-44eb-a85c-a0b4e3489d2b,True,False,False
44833500-eb0f-48f4-bcae-a64f69d9b881,True,False,False
44922c84-5c4a-4a4d-8066-4f854090ed64,True,False,False
4494f331-8977-4b58-8208-92a53d5da829,True,False,False
44a72a1c-ae45-4951-aeda-a83c79002c0e,True,False,False
44a7d1fc-4654-43d6-8804-99dabca67f36,True,False,False
44ac6d85-d173-4c21-962f-411e56d0e45e,True,False,False
44b602ba-cba0-4863-8459-30ab4b411b28,True,False,False
44b86dae-f1a1-45f0-9d07-42f5439d3702,True,False,False
44bbcfdd-3c99-4310-a2f4-a90d0a7e314d,True,False,False
44c05e22-ec1c-4ef2-b5e7-1cac2def7a5c,True,False,False
44c3533a-b88e-4ead-b765-3f3b7017483c,True,True,True
44cd8d99-7bcf-4285-ac1c-a44b4e24f0d3,True,False,False
44d60159-c35f-4174-bbc1-f37980ce098e,True,False,False
44d7b05b-ca81-48fa-b3ff-1f247a50e114,True,False,False
44e51f8b-9541-4bcc-aa60-91b400df0917,True,False,False
44e93eb3-6439-4874-a9db-3d514a82e931,True,False,False
44f024db-c914-472a-99fc-9c554c782126,True,False,False
44f3188b-d7ab-4fea-8cd9-ecc4598f6d2f,True,False,False
44fdfe6b-4b00-4239-81ee-c49ac80d1259,True,False,False
44ff8dc9-6b88-47b9-a824-e57592ccf2d4,True,False,False
451233af-178f-493c-8c5d-dff5ab7f84e1,True,False,False
451641cb-fbf8-449a-89d9-2dfb1692ff3c,True,False,False
4519735d-06d8-e1ec-6469-6357e8d6ea20,True,False,False
45207e3c-a6b4-428b-804a-9a87bdefc92a,True,False,False
4521b9a9-79d5-403b-a31d-35557c7036b2,True,False,False
452583dc-f6ff-4f10-9d86-e17795ea8131,True,False,False
452b8f96-dfd5-4bc7-b393-219a3b47ed3a,True,False,False
45325056-537a-4e43-ba82-512dd0fe4310,True,False,False
4536e8a3-0f81-4158-95aa-0810a60899a1,True,False,False
453df9cd-6eb7-4c7d-9a9a-8673db478067,True,False,False
4549a7dd-db20-4fe0-adbd-a23a6779eafc,True,False,False
45552a53-dc25-423c-acc5-8bd5c807a1d4,True,False,False
4555dde1-39c6-489b-adf4-fac7cb52ef62,True,False,False
45593ce9-5f4a-4088-a71d-5cc28b10e075,True,False,False
45598ac4-4220-495d-9a2e-b99ff5cc1d62,True,False,False
455c62d6-382a-4251-ba84-da0996b189a2,True,False,False
45658f52-9e11-45fa-a8d6-9414d349aa4d,True,True,False
45722e2c-4503-4cd4-94a8-0e2435037ab9,True,False,False
4580d854-20cd-4255-8a22-12d7c3abbf4a,True,False,False
4585aa19-0a19-46a4-aaca-4544edc539b9,True,False,False
458f5243-13af-46da-a8b0-cf5f89473857,True,False,False
4597595d-ed2b-4c04-87ef-250e1660ff35,True,False,False
459a9a73-337e-445a-9db7-20323869c36e,True,False,False
459ae8aa-85bb-467c-93d2-335302bdab2a,True,False,False
459e79e8-28e0-4981-8138-43f538468ca7,True,False,False
45a33ef0-2aa3-45bb-9735-670a9b7a3a56,True,False,False
45acc877-f973-4f2f-870b-bac5ffc91659,True,False,False
45b1ed1f-a54d-4073-a95b-534c1a9db46c,True,False,False
45b63bc0-e830-41c3-b141-5f472aa47a2c,True,False,False
45b77e43-756d-49ec-a243-a77b26cd64c9,True,False,False
45d3e036-86be-48b4-a954-9fcdb0976e27,True,False,False
45d4ecaa-5da7-4ae2-ab21-7be3dc89d570,True,False,False
45e6a21d-6539-4fe3-8d18-fc673adb1ebf,True,False,False
45ed26bb-e051-4eec-a10f-29c30f9c1295,True,False,False
45ef83f3-8978-4c33-b6aa-1913fa927f0a,True,False,False
45ef8e6f-5279-4966-8665-e6d174dcd167,True,False,False
45f3fde3-03b0-468c-aa63-5babef6ba5c9,True,False,False
45f54360-f909-4602-bcea-dedb0d366230,True,False,False
45f574b9-2159-47da-b578-01a0c20b4c6e,True,False,False
45fbd720-2cb5-45de-8e4b-c6bc6864ca94,True,False,False
460ad4bb-4565-4ec1-b908-22e9409801e0,True,False,False
460e8635-a34d-4951-8a0d-b24d667a15d0,True,False,False
46144202-93f8-4a1d-9a11-209b4ce26160,True,False,False
46181c37-991c-4788-8f2d-6085a483f36e,True,False,False
461a08d2-cda1-4eef-8c8a-d3301b29ac69,True,False,False
46226520-d6b5-43fe-a87a-3b21c970898e,True,False,False
4624591e-4d1c-4b6e-b6ec-7eea63adc0f3,True,False,False
462ade90-b2d1-44d8-9869-8171b2d8dead,True,False,False
462b2be6-557e-4cd9-af74-7018f5d56a7b,True,False,False
463407e5-70ed-465f-9fb0-c5ae21cb4591,True,False,False
464b65d4-e3b7-4900-9f5e-ef46f82dfd01,True,False,False
464e8634-67f5-4eb5-aaf4-8d522b548b0c,True,False,False
46500b76-64e2-4195-aa63-deaf34ff49b4,True,False,False
46545deb-b996-4530-928a-444314f2b78f,True,False,False
4659a850-9ea0-46b1-b3bb-f165aa6d4b69,True,False,False
4661b142-bd11-40f5-91c0-349169468145,True,False,False
4687c465-1852-46dd-9061-6bda9e3b7a21,True,False,False
4689cf2c-88af-4199-a349-caa4a8dd87db,True,False,False
468f2eff-6230-449b-8bee-5115a4681a41,True,False,False
46918103-3a28-47c0-8026-e3e8ad3035af,True,False,False
46927bd7-8df2-4ae2-9fb8-c760087ac43c,True,False,False
46971766-c18f-4626-9a71-eb95f0f7a554,True,False,False
469916f6-0784-4048-be4a-5feccf3b402c,True,False,False
4699b452-754b-4135-a995-b24188ce2adb,True,False,False
469bb2b2-8f41-4936-9097-f47e7ed08ae5,True,False,False
469c3158-55a9-410f-8bce-d72e6f7eac22,True,False,False
469e377a-8984-45cb-a1df-7f3d4dabb2a8,True,False,False
46ac19ce-3197-44a5-8db7-87122f8262b8,True,False,False
46af5588-0c7e-4b0e-8cf8-bd7012b344bb,True,False,False
46b24f8f-3ea3-4822-a5c0-fa3553e28c97,True,False,False
46b7a629-5ea7-41ad-a213-497a488e1590,True,False,False
46bcf068-02b3-4f3b-8651-0b03db8aae47,True,False,False
46c984b0-508f-4674-a03c-26e6f513e4d0,True,False,False
46d0c4f5-e7aa-4403-bd76-ec54db1170a1,True,False,False
46d6a146-504b-455a-973f-094fa47de438,True,False,False
46dc3afe-106b-43ba-9ddb-302ab89ae243,True,False,False
46dd3994-830b-43c6-b31b-1e2afa1fb0d2,True,False,False
46ddf6be-a368-406e-a63b-385a5c591fa9,True,False,False
46e9b987-2b09-42d1-afe5-c52365159d86,True,False,False
46f598ae-7cf6-459c-8262-32028ffd7237,True,False,False
46f7115f-c541-493e-bde0-b174a5450d75,True,False,False
46ffe842-4376-4255-8c44-61fed74fb573,True,False,False
4705e4ce-492e-40b6-8976-35ecb6ef8178,True,False,False
471fb850-e031-4b0c-84bd-719e22d1b0cc,True,False,False
47281012-254a-4de0-88f4-2c2996e1bee6,True,False,False
472a40c0-248a-4701-bcce-ce77de1cb497,True,False,False
4737364c-200d-45e1-a724-569d5dd952e6,True,False,False
4742d42c-47ac-4fba-a579-6f0bd17133bd,True,False,False
4745987a-5a10-48c7-acf6-af53f8aac9fa,True,False,False
47463840-7eb1-463f-9610-a090c2364eda,True,False,False
474835e9-a090-479d-86b3-c6e3532beed5,True,False,False
47488bdb-5435-46ae-9fe7-2a6976df7f8a,True,True,True
474a37f6-2e47-46b5-accb-f1ea9fafebda,True,False,False
474fbaf1-7600-428b-a5ca-f17b2e61a43f,True,False,False
4750cd0b-c9aa-48d4-af4b-3bde5fa01c75,True,False,False
4757d4b9-9adc-470f-a837-21e757e94012,True,False,False
475c3347-6a8e-4402-8ed8-3b1acd35c522,True,False,False
47695415-5a7c-4e00-9d1d-c4cd958e74e2,True,False,False
47696489-e764-4cc5-9f05-74715df3fd3c,True,False,False
4769ea37-e129-45a3-a02a-11529f9aff32,True,False,False
4775c5db-cc55-47fc-a81f-18e234923d9f,True,False,False
4775e741-4b36-45f9-bcac-09498a5c12da,True,False,False
477b2b08-217e-407b-b2f7-8e2ae4a19c70,True,False,False
47834d79-c4db-451c-a1ce-8829cd9dc023,True,False,False
47860adf-b632-4cc7-a498-f580259008a1,True,False,False
47861d57-e58b-46a7-9f5b-9fc00e927461,True,False,False
478a6ce5-eef4-4806-a1dd-da629042fd9e,True,False,False
478f1dae-2390-407e-847e-6a3d49578b7b,True,False,False
47948cec-ac8f-448e-9a86-59be8fa46412,True,False,False
47a17ab8-1cf0-4f02-9d9f-34506af430ee,True,False,False
47a58ee0-c6c3-4098-bcae-8f1157ce7ab4,True,False,False
47aebef8-bcef-4203-8f6f-f87acbc80e36,True,False,False
47b2fb6f-5a72-4a67-947b-d5234dacb2bb,True,False,False
47bd1fcb-badb-4365-8606-a782f2b31048,True,False,False
47c12720-ecc9-406a-92aa-b75cd7a501a3,True,False,False
47c7a630-541e-4abf-99cf-3594e7f13a2f,True,False,False
47c7fdc9-ae1f-4b65-8a20-4c03c315b842,True,False,False
47cf2575-dee0-447f-bb32-f28b775b3c01,True,False,False
47d3f400-c793-4c85-82e5-b616fea6f6c3,True,False,False
47d8ad65-963f-48b6-a52e-eb3e7f45ba7e,True,False,False
47e48cc7-5691-47a5-ac0e-09223bb3eb7b,True,False,False
47e7b1fd-719e-4ac5-867c-9ef0c3f4a8b0,True,False,False
47ead7e6-187f-497c-be00-a46b8c4dd8d4,True,True,True
47eb82f7-0807-4e18-927f-65148631ab79,True,False,False
47eefe9c-5da3-4942-afcd-b10e07694dad,True,False,False
47f0b244-18c9-4bf3-b465-80a6376f890e,True,True,True
47f3eef2-8ff4-4c4f-a37f-02c657b719f6,True,False,False
48008070-fe9e-4dbf-9f8d-a2397d995a16,True,False,False
48019036-e925-4a51-a78a-594dc1be261d,True,False,False
4804ca60-be50-4bdd-b522-b28d11c04cc8,True,False,False
4804d5cb-9677-4ae4-b96b-7ca475ed271d,True,False,False
480d9b9d-1f85-4442-903b-b42d823b9e0c,True,False,False
480da4de-96d7-4dae-a413-00ea36263bad,True,False,False
481ecace-3fd9-4e8a-a103-335c6ebe2440,True,False,False
48218806-65ea-4f9c-9465-0237587dd3b2,True,False,False
482255b7-b541-40dd-acd8-2e40f0e63cac,True,False,False
48279b8e-c882-4a12-bc8b-9e0fe1b27fce,True,False,False
482fe2e7-dec2-4ddc-9f23-39faaf6d3f19,True,False,False
48362018-4ffa-4844-a4ed-c77c26ee6cd5,True,False,False
4838586f-b94c-464f-b7e4-817949e212da,True,False,False
48458c55-cbba-49c8-9e76-0c4b8b21d12a,True,False,False
4847a04c-8d98-4e02-9512-61e5855f0278,True,False,False
484a43a7-f9f0-4929-baa3-4900b0a46da9,True,False,False
48548be9-79fe-4b86-a9fe-d2fd29a3d1e0,True,False,False
4854a958-4cb2-4b5c-bd3a-18a2147a9564,True,False,False
48578338-a3f2-4bbd-a050-27c33a1b85c2,True,False,False
48670ebb-f987-42bd-b378-557b857db01f,True,False,False
486819a5-91df-4166-b6b7-843313533061,True,False,False
486d1241-3708-4293-9e82-8bb0e42d4069,True,False,False
4872a94e-874c-4a35-9d3a-9055a56233e6,True,False,False
4873532e-4d78-4f63-9ce2-005e1eb8cf7e,True,False,False
487a3d65-d213-4b02-8133-99333422b051,True,False,False
48820e81-ee46-46a5-b9a5-5e75e9900b9d,True,True,True
4887bc7b-473f-47ae-b1eb-2a9380f322f4,True,False,False
488b740e-6a8e-465d-86e2-539e6c00d479,True,False,False
4891e0fe-6a7c-495c-95c5-5048aaede185,True,False,False
4892351f-61c5-4e21-8ce4-44695cb21d82,True,False,False
4892f016-fe14-4f1b-aed1-a11c5a66300c,True,False,False
489a2448-4afd-4469-beb4-ca039400d65c,True,False,False
489efdbc-16ee-4df3-b36e-c6de5f4586e2,True,False,False
48a0deba-c310-4471-b905-a005f96def54,True,False,False
48a2987e-382f-46fc-80d8-2699ebe99464,True,False,False
48a40003-42bd-4b93-b163-8ff936becb17,True,False,False
48a64a72-7a3e-46cb-a5cf-2d1c84838ec4,True,False,False
48a72930-3ba6-47de-bd1b-540d6b754aa6,True,False,False
48aabaf1-f5d7-4607-90ad-a9111d31b5a8,True,False,False
48ab3df5-f865-464d-ae70-f28ed2212571,True,False,False
48b5b9c0-3d1b-4380-94f8-dcadb9dd7b5c,True,False,False
48b9a3ed-54cb-4ad2-8a67-1bacc420b71f,True,False,False
48d7c174-d1f3-4e12-b780-c8ef84322839,True,False,False
48e5050e-931e-4211-a6ee-c1ff61bfcb06,True,False,False
48e631f9-2c31-40ac-b123-8fe31f1aa8f4,True,False,False
48e6d42d-8532-47f3-883b-a1c5c36e1cb6,True,False,False
48e7940f-0a43-4e6e-aa2d-61548c27ca59,True,False,False
48ea18da-11e6-4abc-ba26-cb643e74a46f,True,False,False
48eb283a-dbf1-4656-a60d-5e3103471433,True,False,False
48f31602-5ab0-4b7a-b4c6-e9a705a30b38,True,False,False
48f7b2f3-897a-4e8a-82c6-d55daaaa4826,True,False,False
48fd5618-5a90-41d6-ac99-2bd8625f24f7,True,False,False
48ff0ba0-a426-fa1a-5af0-5f75e72af85a,True,False,False
4900c0eb-d441-479a-97ad-e1c0d859c011,True,False,False
49050123-4231-499b-a90b-967658e934f5,True,False,False
49078ab2-6f18-aa7e-7873-dd51f6b1fc51,True,False,False
4908978c-9652-4b8f-ac5d-a370300d9960,True,False,False
490b49ef-d314-4fea-967b-a982c0d9f571,True,False,False
49127250-29da-4114-b5d2-978260ff7fca,True,False,False
4914713f-2c32-45c4-8983-f12bd28c6321,True,False,False
491863f8-4b44-4afc-a5f6-2160e4294579,True,False,False
49198d7b-6b6e-4461-88f3-e6bbe481e2fa,True,False,False
491ffc2d-ea71-ab30-60f7-d9f3e970e471,True,False,False
4924a8e6-b4bc-4380-a539-63ab6fc54624,True,False,False
49262983-52fe-45d4-9c44-d97f94b29658,True,False,False
492841e2-d575-441a-bc75-54501d06556a,True,False,False
493566db-9362-44ee-b6fc-57bb30db8604,True,True,False
493e2a92-27a1-4b22-baaa-becca0eafcd9,True,False,False
493f4e57-4558-4386-b603-9497f098ef4b,True,False,False
49466550-795b-42a0-8e2f-ceb7452dcbdb,True,False,False
49541cd7-5e58-4ec0-86dc-2878cb6e1ab5,True,False,False
49558262-10d3-40ae-959c-c693b35c42b8,True,False,False
49576d82-1f36-472c-983b-dd15ad176305,True,False,False
495ffb2d-2045-46dc-9bc7-6a41c8af46eb,True,False,False
4960017c-3870-4fa7-9ec5-80b8ef0e204c,True,False,False
4964bf55-042d-4c96-ad2f-f312df6ea05d,True,False,False
496888ad-7ec9-4320-b095-d6387cc40119,True,False,False
497001a3-74f5-49c9-94c6-4bc366c4209a,True,False,False
49735b55-7653-4a2e-8884-0bdf308f38a1,True,False,False
4974ecb3-677c-4b57-b734-58a02436e5fb,True,False,False
4979e240-8d9d-4830-b829-7e9226de4eb8,True,False,False
49829298-592f-4c88-a4e6-68fa8c0d1b43,True,False,False
4982f091-8eae-4edc-a17a-acf05e7cddcc,True,False,False
49838af0-7791-44fb-95a5-186cae2724a4,True,False,False
4985bcc4-3d2f-4a16-b4a9-f8b96884b272,True,False,False
498f6002-e9f4-4196-9774-52a2b737e1a4,True,False,False
4992e9b8-bb60-4426-9626-7ef968880a72,True,False,False
49a401c5-1a19-4ca0-96f1-f67827332e6d,True,False,False
49a8cdcf-a27a-4348-94c9-ef301ad92b8b,True,False,False
49ab65c0-ebde-4c86-bd81-3e5e09045cc5,True,False,False
49abd52a-87ed-9164-fe4e-02c365d7cc0b,True,False,False
49ac0c54-9e21-48cd-ac74-4a2565522a22,True,False,False
49b11fc0-1c43-4987-8e5b-3f470d0a5276,True,False,False
49b217f2-3520-40c7-8571-c6cdc5c2962f,True,False,False
49b55472-bc29-4bce-8b9f-fdfff532b889,True,False,False
49b6dca2-559c-4de8-a10f-ea8c9d50af64,True,False,False
49b9fd5b-36e2-4e66-93b3-0c297ceffb3b,True,False,False
49ba7b3c-883a-4bb7-8ea4-17d9bb87c045,True,False,False
49c6e61f-678e-49ff-9995-9b0c392b0786,True,False,False
49c723ac-4fdf-4119-ba5c-a12ff3dab3d3,True,False,False
49c8c9d2-cdbc-489e-859b-121f1cc59368,True,False,False
49ce066e-6381-48cf-b007-a75bb7fb9477,True,False,False
49d53e43-1dcf-4005-9037-35cb02e29ccd,True,False,False
49d87dcf-a913-4e36-8d7b-82a13ab18b9e,True,False,False
49dd27ff-ebc5-4a93-b214-c4f4688a4ebf,True,False,False
49dda9ea-dd53-4c0b-a259-5b7cd60e48bb,True,False,False
49df6b6f-b57e-4374-8b44-2f9629f7451e,True,False,False
49e2adef-9f54-4ecc-b86b-27fdc73ed90b,True,False,False
49e8bca0-c836-444a-a150-881b493a6411,True,False,False
49eab19b-72ee-4301-8761-633b3c803913,True,False,False
49ede6b5-6ddc-4431-b2dd-b7c57f6b7462,True,False,False
49edf93b-347a-4053-afb2-3a46fd4deb23,True,False,False
49f7b372-0810-43f9-9299-730e5c4c72ce,True,False,False
49f839d7-c1c3-4f9c-a081-45103d759c87,True,False,False
49fc0660-879f-43c3-99ad-aac00e47eba7,True,False,False
49fcae33-02b1-41b0-ba7e-6f3964dc2785,True,False,False
4a02df75-7566-41b5-ac54-5f084cbc9c54,True,False,False
4a060f9b-58a7-44e4-8f23-128be90ab953,True,False,False
4a07a3b2-a41a-4605-92a6-685a215ffda3,True,False,False
4a0b9e14-d0d1-4aa7-a166-c6dfcd390ef1,True,False,False
4a0e3550-ab80-452c-a952-8597f68e14f6,True,False,False
4a10e218-4860-4315-9e65-8cb9d6ad7e78,True,False,False
4a1fa3dc-f7ed-4880-8e86-9b9f87045464,True,False,False
4a2c8c81-da97-4dbc-9f11-36bd55d305aa,True,False,False
4a2fb2e2-4c6e-4261-bc27-e6b9d6505238,True,False,False
4a37da05-677f-4fc2-99d5-bb9b02821c2d,True,False,False
4a3dc40c-4aa3-465d-854e-11ce86c6bbb7,True,False,False
4a3e3962-ae6a-42eb-a8cb-3343cfc39f8c,True,False,False
4a422890-56e3-4277-82f8-0b065ae55ade,True,False,False
4a54cc68-905e-4f1a-acb2-772a41fc5734,True,False,False
4a5bf16c-4402-4f26-8c17-c66dfe46a93e,True,False,False
4a5f28b5-d6da-48c3-a01e-e0dba67c6297,True,False,False
4a63e4a2-a985-4930-9844-fa4cfb5874d1,True,False,False
4a66c130-393e-45d5-ab70-11942b0a89da,True,False,False
4a741839-e047-47d9-8b13-c453bfc7d756,True,False,False
4a757d12-6b19-4f0c-9f5c-ac4c221230be,True,False,False
4a7f24bc-5857-4cee-ae39-ad7a8ac661aa,True,False,False
4a806d1a-0c7b-48de-9a60-c1368bd58c4d,True,False,False
4a8c3e34-32b0-48c8-bac8-e8066ef6a74c,True,False,False
4a8e4941-1f67-4557-835d-af5e657ce33a,True,False,False
4a925568-5d97-4cac-aa1f-6fdae023cf7e,True,False,False
4a9924be-fc6e-4f2a-bac6-0f34da4326c9,True,False,False
4a9dabbd-d2c9-4548-8c11-80feeadd8e27,True,False,False
4aa689e1-dd77-460b-a190-a0ff5ed94f01,True,False,False
4aa8aa1a-90ca-4336-97cc-5eee30162d1d,True,False,False
4aad4ed9-3de4-49ca-aa95-39f4efd78bc0,True,False,False
4ab62f36-d1b9-46f2-a628-ed87a28fa05a,True,False,False
4ab71d06-615d-4b99-a33c-3ae7541f8269,True,False,False
4aba2b90-17d7-4adf-95df-93333c36c523,True,False,False
4aba9fb6-6721-408c-b861-10d4e85d46a4,True,False,False
4abb2e93-d851-4ecb-ba56-2a0c1d2f22b5,True,False,False
4ac25fc5-4123-451a-95cb-b0d77b7b0f29,True,False,False
4ac5c6d9-90d8-4896-8cf3-713bdec5be41,True,False,False
4acd7aef-e833-4fcb-927a-5f0a5c6a3225,True,False,False
4ad55ae8-821c-4c52-87ff-2f76a4513d56,True,True,False
4ad71452-7b7b-4c82-97b1-7f2ac4cc404a,True,False,False
4ad7fa1f-3c72-46b5-ba4f-b0cef7fd19bf,True,False,False
4adbb1d4-3252-4b13-8e37-8c268e1fc759,True,True,True
4adca9c3-171d-481e-a08e-7a2465c94dc5,True,False,False
4addb504-9a8e-4c80-add5-15baa03c4c8e,True,False,False
4ade2f25-bfd7-4f5e-961f-17463b85914a,True,False,False
4aecfc5b-70fa-4487-b7e0-1d921446ccba,True,False,False
4aef2be9-a3e9-4107-868c-33675d3875ea,True,False,False
4af17819-e05d-4dfd-b18e-26cc4da4804b,True,False,False
4af4d753-8732-4d48-9ac2-a31472c8630f,True,False,False
4af90193-e6d8-4b9c-a23e-d615269bdcdc,True,False,False
4af95c65-0cc2-41b2-9113-155b3b9f304a,True,False,False
4afa8e31-9c2c-4d03-b64d-879eaaeef102,True,False,False
4afb64af-1c2d-4862-8b13-7ace2891769a,True,False,False
4afc9acd-0f41-4bf3-8c95-3412c112a891,True,False,False
4aff0952-393c-44ed-a1d8-76e7175c598b,True,False,False
4b043ee9-9263-4dbb-941d-f84cf50fb63d,True,False,False
4b0ea8b3-7587-40bb-b705-cb85e96ce45a,True,False,False
4b0faa63-0a34-4829-9769-4629670204ec,True,False,False
4b110079-4126-4295-ac67-eef378a9aa9e,True,False,False
4b21746d-a478-498b-9850-ebe7751b426b,True,False,False
4b219716-b606-427e-96ab-9a481b605348,True,False,False
4b2bd2c7-2dba-4853-a7bc-a6a35cca1d6c,True,False,False
4b2fc7aa-61d1-46d1-bb87-d8918827869f,True,False,False
4b38df68-affa-4839-a0db-914b5b5c16c2,True,False,False
4b390410-002f-4f2d-be85-ce0d85e0f265,True,False,False
4b41b026-a42c-43fb-b5ea-568ea2764fa1,True,False,False
4b43b584-0188-42be-b3ae-9a3ad7d5c1e5,True,False,False
4b47cc24-8c00-4cce-9b70-58bb38ed1a3e,True,False,False
4b53af62-5ee0-40c2-8c63-1a7b5433d832,True,False,False
4b54ab39-4a40-43a4-a9ea-e6234361f5da,True,False,False
4b713f80-6964-4b25-a913-e85513dd7e00,True,False,False
4b75e55c-880a-4dce-a8f4-2ded293c5f4a,True,False,False
4b7e43d9-320e-46c9-876d-4428fead3197,True,False,False
4b84207d-512c-4339-ae8d-bd8ccba3e1e2,True,False,False
4b97068e-8f20-4a3d-8659-02d2ffc68324,True,False,False
4b9b3c62-4ab7-402c-b885-60b403aa7069,True,False,False
4b9d7465-0a08-44cf-886d-f2d52cfeef7d,True,False,False
4ba1ffa8-41c7-4b95-a36e-1009a10b21e7,True,False,False
4ba537ef-ffa6-4ed6-8df1-06ed3185445d,True,False,False
4babc686-09f2-4ecd-99ec-4f4eed258bb8,True,False,False
4bc4f257-fbeb-417f-807f-6d19a3db6053,True,False,False
4bcce247-a8fa-45b2-8c2a-e986a9aa16f2,True,False,False
4bcd2a19-0283-469d-aa80-685b68b12b5f,True,False,False
4bd5d89b-f340-491c-904e-04d23cefefe5,True,False,False
4bd9cba5-381e-4837-b097-9f3b88c8238a,True,False,False
4bdd784d-93eb-4308-a051-2b5d54e67afa,True,False,False
4bf2902e-0db9-4848-a6f9-c1f53aaba283,True,True,True
4bfa9c1f-9965-417f-9d82-5094bf379aec,True,False,False
4bfada81-c80a-487b-91a4-a89372d4a42d,True,False,False
4c0a56da-e956-4839-96e0-4f5598f3f931,True,False,False
4c0adc72-2807-4290-ab25-a7e9c5104cec,True,False,False
4c0c5cb7-9e64-4f2c-bf31-e1c602a191cd,True,False,False
4c14bf2a-2820-4504-929d-046356a5a204,True,False,False
4c1ddb0f-7b36-4dd7-b467-40e87d0eeac3,True,False,False
4c2756ab-6f2c-46a2-b7a4-806a78bdc7d7,True,False,False
4c28b489-8b21-4fdb-af09-be36e3e6ba96,True,False,False
4c2bacf2-adfd-4468-bf01-0fd72719d562,True,False,False
4c35692c-6a60-4019-b9c9-20c284c2609d,True,False,False
4c48b5ba-2353-40d6-bd6a-46c053e63335,True,False,False
4c49c594-d84c-42cc-be25-663bf5735f9f,True,False,False
4c4cb5ee-2d24-47b5-983f-d47b7c566149,True,False,False
4c4d6fc7-a13b-4678-9880-a7716be74d8d,True,False,False
4c59254d-caa7-4be6-b1a3-165b7961181d,True,False,False
4c696a2a-1423-462f-a7e7-9c0f58dd1021,True,False,False
4c69bab7-1ef9-466d-9ba1-d583995f1702,True,False,False
4c6a9d93-49a8-4cd3-87f6-0d63a4f9eb3c,True,False,False
4c769f5e-ef5e-4416-8c56-c24c73ee823f,True,False,False
4c7a481f-ae0b-4c91-9feb-d046fbc5a1de,True,False,False
4c7a54ea-0a71-4ea0-bfdc-bc3663136ef9,True,False,False
4c7a6dfb-45c0-4400-8c29-41c5f2a8bdc0,True,False,False
4c7ee09d-de8d-481b-946e-fcab76d6d062,True,False,False
4c859daa-477a-4d31-b316-f88d85336169,True,False,False
4c9011a1-c814-455e-90f5-d019596832b2,True,False,False
4c9785fe-3033-4b82-a106-838179611f89,True,False,False
4c98dd03-9cd6-49f3-b19c-077c1b5b214b,True,False,False
4c9b6ed3-f70a-4e66-aacd-7b97761f9a77,True,False,False
4ca4a341-2316-473c-b47f-71e09ccbfa90,True,False,False
4cabc5c4-9e21-48a9-9889-988d428e9404,True,False,False
4cb5a07f-dc82-4c88-96d2-d1a4da65121c,True,False,False
4cbba48d-f96a-5a11-57d0-7b967eb08948,True,False,False
4cbd502f-b1df-4bcf-a1cb-78bb18c37e70,True,False,False
4cc96dfd-5a60-4139-be89-cbe5250f7695,True,False,False
4cd7df17-def6-4857-8acc-9c0f74b08854,True,False,False
4cd8da4b-db22-40e3-8180-ea12d1b0aba7,True,False,False
4cd99e62-73ec-4d48-ac11-4584b56b635c,True,False,False
4ce01942-3ee6-4445-b989-6f588fe7c57e,True,False,False
4ce0eb50-b1ca-4c1e-8697-00c6113530cf,True,False,False
4ce3b5c9-55aa-4583-9385-fce415d8f467,True,False,False
4ce73210-1a8f-4edb-82b2-10a740c74c7d,True,False,False
4ce8fc21-6c42-4f5f-bb63-c930c4eac23a,True,False,False
4ce9f01a-2475-4542-8e09-4a2188e79ef2,True,False,False
4cf15a86-c4b3-4414-a51d-474f7b31d8d0,True,False,False
4cf241f1-1ec6-49b9-960b-28485ad5c54a,True,False,False
4cf28863-2876-4230-8806-9c01d3f04537,True,False,False
4cf3cdb6-e767-4428-a1de-008e33cba9da,True,False,False
4cf81a04-ef5d-4ced-a597-5aefd0f5729e,True,False,False
4cf8e353-653c-4b99-a260-01a58c20c33d,True,False,False
4cfa07fb-6f14-49fb-8dfc-d641f7e196b3,True,False,False
4d02f20b-bd79-4340-8abb-87a274cdac66,True,False,False
4d079c0c-222a-48b4-b71f-05c353a5b5be,True,False,False
4d0834d2-e8e5-43a8-a59d-bef20fe6adc3,True,False,False
4d0b018e-445b-4176-96cb-6ee14a8ffb2e,True,False,False
4d0e879c-db28-4fa9-88ea-e6cf359a209e,True,False,False
4d156d94-2012-4d7d-8706-4e7260990671,True,False,False
4d16ccdd-d91a-4d89-b4ce-487afbc4b0da,True,False,False
4d17a7e2-5908-49ab-9c73-c42779c14c68,True,False,False
4d1c969e-d27c-4e63-8e8f-220edb17287f,True,False,False
4d203d76-9a0a-464a-925e-39d201759a5c,True,False,False
4d20c6e5-08a1-4b9b-965a-5a35b1d67d5a,True,False,False
4d2374f4-549d-41ff-b26c-1b5e02a81efa,True,False,False
4d2cdb7c-67c3-44a8-8605-b5cbd79a331e,True,False,False
4d323b6e-88a9-4291-a4ce-8c1587de2fbf,True,True,True
4d357830-2500-4497-bd1f-64963179dd39,True,True,True
4d3b30da-a5e4-49df-b1a8-ba5943f1dd33,True,False,False
4d3bdbb9-c7ab-42c2-9b5b-04641b0d76ab,True,False,False
4d4448d4-681b-408e-99f9-b4d72ca0e262,True,False,False
4d480a8e-45e8-4305-8658-9d2788a40f7e,True,False,False
4d48fa3b-9a7c-4799-a39f-8c50e2be9c44,True,False,False
4d4b1f45-8af4-440a-b391-fbe926652b32,True,False,False
4d4d56f5-3388-4b5c-bf8f-bc07a73953b8,True,False,False
4d4ee21f-d740-4a76-8ca6-9d8090c04542,True,True,True
4d51d61d-b211-4bbf-bb70-08bedbeeca74,True,False,False
4d54a31e-8d71-4637-a1a4-da2196d78924,True,False,False
4d5b7afe-3b96-4921-8d49-8dc1edd0047f,True,False,False
4d5ee739-ef79-43b3-b8e1-a47d9bd8e16a,True,False,False
4d61055b-2653-4b69-aed6-7f20129d7f25,True,False,False
4d61267b-1727-4803-99b3-900e7a50b29c,True,False,False
4d613349-e1e7-4099-9388-12f7074f901a,True,False,False
4d639dc7-2280-4fb7-59fa-d2cba7dbfe98,True,False,False
4d6a02d0-f89a-46a6-85e3-d61578ee7359,True,False,False
4d6d68dd-09d6-4458-923d-b1f6d79beb2c,True,False,False
4d707ae0-21cd-4b4f-aba2-7daa0bba53d8,True,False,False
4d725fb8-ff97-46d8-8689-21d458251dc6,True,False,False
4d75cb55-f687-4810-a4b7-f939aa251545,True,False,False
4d76d6d3-fff5-4880-8327-e9e57b618e0e,True,True,True
4d782e15-d3c0-44bd-a047-137a34c1b449,True,False,False
4d83ef95-8483-4dab-be81-c526051d837c,True,False,False
4d91487b-2b8d-41e3-9328-f8ab325a95cf,True,False,False
4d948080-898e-49a0-8b7d-98f0316741c4,True,False,False
4d94c9fc-0468-407f-b345-777f38bd9f34,True,False,False
4d99b518-b47e-4594-bfa4-39c94d8c6176,True,False,False
4d9a7b95-8f7d-47b2-8fad-8ff49d44848e,True,False,False
4d9bd78c-7596-4ba0-bb49-e4c7abc5d943,True,False,False
4d9ec357-e1f8-4868-bdd0-ae9b0dc15ebd,True,False,False
4da3873c-120c-40c8-add6-7e607564fa87,True,False,False
4da5e06b-dfa1-4cac-ad00-b55f9004f35b,True,False,False
4daa12d3-bc19-4f01-8082-6e69606a6316,True,True,True
4daba958-406f-45f7-a3ff-8d0f4d6bd693,True,False,False
4dadab10-e0e4-4f58-9441-8afdfdd1532d,True,False,False
4dadca85-e8c9-4e79-8073-d959f4dfc2c1,True,False,False
4daeda4c-3178-4bcc-ab31-92056eb99c93,True,False,False
4db238a5-30a2-4796-bb83-204fd9111874,True,False,False
4dbad31c-3432-4357-8b90-148cd734224f,True,False,False
4dbb1625-e2b3-48b8-8ef0-708984da3bc0,True,False,False
4dbc7fe9-8776-4233-b578-25ce437bbd3f,True,False,False
4dc10792-8577-4afb-b434-436b22b42f51,True,False,False
4dd12751-f31a-4f1a-8fc8-35c39c1c6c73,True,False,False
4dd1b4a2-5118-43cc-ba44-37df3a1789e5,True,True,True
4dd4df8f-e7ba-48a2-8c9e-f05dcac2217a,True,False,False
4dda4b81-e4c0-4cc5-9b7a-96ac5ed7daac,True,False,False
4dde643e-6928-4d04-954b-bce128fc6222,True,True,True
4de577ae-9cb8-46d0-b5db-5329b78c775f,True,False,False
4defdb0f-f937-43bc-8748-3e83a1336553,True,False,False
4df7e142-b4e6-4ff8-806f-77945a63ef5e,True,False,False
4df8061d-114b-4096-ae97-e0289d017bf3,True,False,False
4dfe2c67-e537-4dc2-ae69-0b65263db091,True,False,False
4e015404-2221-401b-8703-a07f3a6c683b,True,False,False
4e02c2e1-9a74-406f-9715-8af0aa8d63cc,True,False,False
4e0523d2-4068-4540-85c5-e986d32bb77c,True,False,False
4e0993ea-5367-4157-9032-14ac37e775b4,True,False,False
4e0ebff2-7d9b-4279-95b2-e9746715d167,True,False,False
4e14afe3-77e5-4508-9b36-ae11a2c0ced9,True,False,False
4e1633a2-ced7-45ee-b602-31ef030f7cc2,True,False,False
4e1879d8-52ea-4726-a796-fde3c28cbcd1,True,False,False
4e1d6e3f-ec1b-466d-ac59-ce8c42d45af3,True,False,False
4e2181c2-a83b-451d-a533-9d139df64a41,True,False,False
4e310ec7-d6af-48b6-aefd-837a8b50c994,True,False,False
4e312bc9-e127-4e8e-bced-a68b71d72e59,True,False,False
4e3988d1-ebcd-43a1-8941-fee1ba97cbe2,True,False,False
4e3e8ab2-60ec-44f1-a8cf-16ed695f212b,True,False,False
4e490ac0-1cf9-4b1f-a463-55ad08d6e4b9,True,False,False
4e4c2af4-71bb-4720-ba6e-495d978bb64d,True,False,False
4e4f6360-8df2-48f7-91a7-a1b429bc1113,True,False,False
4e50e321-14ed-47d0-82e4-81d0db9d986d,True,False,False
4e53e30d-9b61-48fe-b99c-8dcff76af962,True,False,False
4e545cb2-dca5-4d79-a0d4-8f333f5f595d,True,False,False
4e54810f-4a99-4792-8b8d-79eb9c8b3d52,True,False,False
4e5be81b-c33c-4d8e-9256-c496971a00ec,True,False,False
4e60b0aa-456b-4b2b-9c67-1a14b5331121,True,False,False
4e6133ea-79ff-4dc2-9263-b0b1d56644b1,True,False,False
4e6156c0-c202-4760-9290-ecafb0a14508,True,False,False
4e61a6a1-0876-4acb-a913-a25c690982e1,True,False,False
4e68309a-146a-448d-a72b-a480511a511b,True,False,False
4e6f1329-fe0e-4305-984a-fb462b8ed2de,True,False,False
4e7f2122-cdcc-4b8c-b192-4bbfa310a13d,True,False,False
4e87ff7e-428d-4ae9-8b24-87930f0e2e5f,True,False,False
4e886050-25f2-420b-85c6-3aaa8f87c455,True,False,False
4e8894a0-7d62-439b-a972-edc365971a4d,True,False,False
4e8a2aed-915d-4cd2-9ef8-13b70f877d44,True,False,False
4e93dc1e-d009-4623-a31f-83917f26df84,True,False,False
4e98a8f5-c689-4d14-b2d8-e9e8f91b9d46,True,False,False
4e9a1434-f454-4b78-a878-487640ef68a4,True,False,False
4e9e83c0-fc00-4ae0-aecc-ce21fe2c51ab,True,False,False
4e9f127c-e255-40cf-b601-acc926291611,True,False,False
4e9f902d-7e01-43a1-b076-ce0c67748b7e,True,False,False
4ea2b68b-a5a9-49dc-b677-a2873050170e,True,False,False
4ea538d5-1f55-407d-b6cb-8d3dcf9e2be5,True,False,False
4ea5be66-2df6-4e30-b859-9d351c164fb9,True,False,False
4eb65d3a-11ee-4b11-a7fd-206fc02ab851,True,False,False
4eb8453e-ec96-41ef-815a-c2c84537efac,True,False,False
4eba3a1e-5389-4709-b6fc-0577fc40e45f,True,False,False
4ebdaefe-b5cf-4e6a-a9e7-e9ae93de8e29,True,False,False
4ed7726d-b8e9-47ab-85be-5926bd27dd42,True,False,False
4ed7a5a3-af77-4fe2-b8f5-60b0f220224d,True,False,False
4ed97210-8349-48f6-b1e5-6d0640998d0d,True,False,False
4eda9176-34e5-4a9f-8b30-ba6e55c5a9aa,True,False,False
4ee15412-31ce-4d9a-9e10-8236b4f6e256,True,False,False
4ee361f9-b38a-4150-b969-995acfee8ad3,True,False,False
4ee37e78-9b01-432a-957d-02ffeb6b5e9c,True,False,False
4ee7155d-0ce9-4f54-a351-19143f05f246,True,False,False
4ef0d197-4ec5-470a-b441-cedd96ad3b35,True,False,False
4ef11c26-44f2-416b-82f8-c6e3e98c6e0b,True,True,True
4ef59ade-5b80-4b61-8782-0c608b03e145,True,False,False
4eff0912-d629-471d-88ed-dc586b39b371,True,False,False
4f009169-2897-4daf-9e98-cd25ff2f5b85,True,False,False
4f012e45-6a24-47c2-adab-872f5e6d49e5,True,False,False
4f04db4d-ca58-4eb0-ae7d-9103a6e050fc,True,True,True
4f0d6484-2cc5-4856-9128-755c946c898a,True,False,False
4f1161f8-a104-4226-99f6-f77521c005b0,True,False,False
4f155a6a-c332-4f8e-9870-8e61ced4e750,True,False,False
4f1da39a-ce57-4c99-9b39-bd40d85d03e3,True,False,False
4f213ca1-dd9f-4f12-ab8a-3b522d52add8,True,False,False
4f26fd3b-f376-4829-a8af-9949544d858c,True,False,False
4f272376-eb3a-489b-95c7-eee10ef05d4c,True,False,False
4f324e8f-90d8-4ab8-9977-aec11fe6158c,True,False,False
4f33494c-a275-457a-953b-529efc6a8367,True,False,False
4f433d95-0012-4330-9cf1-6d16e62183ec,True,False,False
4f452594-3eb2-43e4-ad44-1ae84ace15cf,True,False,False
4f4697ef-a961-42bc-a59d-fa88d7afa05b,True,False,False
4f4c2838-f9e8-4887-bf28-c0f82a0a63dc,True,False,False
4f4d5fc3-1761-495b-8ad9-53786ec29ac8,True,False,False
4f4e8363-02b5-4635-8ddc-3802e6e60b8a,True,False,False
4f50776a-f4e6-4866-b252-bb4af8586e56,True,False,False
4f535068-2e4a-4eb5-a33b-fb1f8a26dc98,True,False,False
4f53588c-76c4-4be3-841c-3c5da600c7dc,True,False,False
4f538819-2c33-4400-88a8-b5ab353bc1ab,True,False,False
4f53ade7-b5f4-4cd9-ba77-c7832bda1e93,True,False,False
4f542f9f-01cb-47dc-ab67-9a3dae7470ed,True,False,False
4f60544e-b291-402e-ab71-0fd3fd93b99f,True,False,False
4f668e1b-a600-49ae-a8cf-76dded673a24,True,False,False
4f6ad50b-0ad0-4ee5-8f51-0390bca77cc1,True,False,False
4f75bda2-c186-4769-8448-eb2d4dd576bd,True,False,False
4f7f2020-4ca4-4683-964d-a5db6a572d07,True,False,False
4f81388f-3915-4b90-b0c6-e9099e7ab9e6,True,False,False
4f8201cd-32e4-49de-89fc-df48f6a65223,True,False,False
4f82ea7d-80c1-4804-a1ea-6e2bc8c706c9,True,False,False
4f86bf09-1d65-41a7-8b18-51e90d6c8f6b,True,False,False
4f8ae560-9145-4735-b0f6-bf5ec69b3926,True,False,False
4f8f5a94-485e-4704-8f16-83cf93ce66cd,True,False,False
4fa275eb-af77-496f-beb4-b9a11c7dd6d0,True,False,False
4fa322a3-6c77-4132-908c-63f29668d3cf,True,False,False
4fa510f4-7504-4a54-dfdb-f329f071271f,True,False,False
4fb89dd7-9dfe-478d-82e4-fd54203649c1,True,False,False
4fbe6d10-b0b6-4eac-98c6-5be0bd617f0d,True,False,False
4fc0a158-4455-48a1-b314-eabc5183be82,True,False,False
4fccc02d-1946-469b-b0f5-3f0b9eaa55b5,True,False,False
4fd05563-eac5-40e4-a4bf-9c17d608f79d,True,False,False
4fdb953c-b5fc-4942-9acf-73039e7dff68,True,False,False
4fdeacce-4827-496b-8fcf-9bf326111cd0,True,False,False
5006939e-fbe7-4e1c-809c-ffa3b16eb20c,True,True,False
500f9095-94bf-4053-9c68-0c30f97c58a3,True,False,False
501664e7-4d12-4bd5-9b1b-839c5ffd0958,True,False,False
501a9860-f11a-41da-8597-041d3473911d,True,False,False
50265416-1506-4b2a-bace-b7fe13d1c8fd,True,False,False
50310871-9117-4836-a538-2be9f8b969ea,True,False,False
50415bac-072a-a7cc-dc67-e814350eba7e,True,False,False
5042feda-65b0-4d4c-a3f9-6dfe8f3a3819,True,False,False
5046cbeb-f1ca-4ec5-9acb-668875feeea8,True,False,False
50470319-6546-4bcf-bfa5-84d282e461c6,True,False,False
5054190a-46cb-4211-a8f1-16fc1a060ed8,True,False,False
505494c1-dd33-4431-9363-486e9324e59a,True,False,False
5056b9da-4343-4ee3-afbe-81e46131cc9c,True,False,False
50584f39-adf8-453a-875e-495ed775048d,True,False,False
505f1cb1-37ff-473a-8518-223c998898e0,True,False,False
50666b9c-cdc5-4aa3-bd2b-66788800ccda,True,False,False
5068eda1-a373-46d7-9d02-1c1be2307c39,True,False,False
506e4d05-6c92-44f5-aae4-f5f558c9314d,True,False,False
506ed87b-e364-462c-bbe2-b940baf9031d,True,False,False
50729e89-5f4c-4edf-a882-5b0a04367610,True,False,False
5072dc52-8e8c-44a1-83f6-97fb6b1d13e6,True,False,False
50733870-d647-4700-82aa-a4aae7f4c2a2,True,False,False
507b6986-1cc3-4773-9257-e9db4959090e,True,False,False
507f4fba-5c4f-4383-ae28-12f6127e9285,True,False,False
507feeff-378c-4126-a8a5-3bc159867580,True,False,False
50823e58-b3a2-4c69-ac9b-cd426504694b,True,False,False
50845510-b333-445c-a8d9-2af60bbe22cc,True,False,False
50900a7c-6be6-0204-c899-a787897813ff,True,False,False
50902438-40ae-49cb-9a6e-a8c4e60f8b74,True,False,False
50919655-9f87-4bdb-a7b7-301a6d91b4f6,True,False,False
50920d6a-550f-43b6-8c51-043800692873,True,False,False
5095933c-a7fa-4281-b15f-e56560e383b9,True,False,False
50967aa6-8205-4988-a60f-501464b41adf,True,False,False
50ae6790-824a-432c-acd7-c5ad9b4f9aea,True,False,False
50b5221c-793e-42f2-b5a3-d5df52ece271,True,False,False
50b57405-472e-4c7b-b61e-ca01a1ab6f5f,True,False,False
50be0cc8-3467-4c3c-ba0e-37834f29ef9c,True,False,False
50c4fead-2adf-42cf-bc11-33e7a99ad989,True,False,False
50c7ffb6-9b0c-40c7-9c5e-638559ac25f6,True,False,False
50de79b1-b0ec-42c0-bbe0-8b5d2dc33e1e,True,False,False
50e6f951-5d9d-4502-b160-6f05275fd0d2,True,False,False
50e8654b-f557-4270-8010-782db72e100f,True,False,False
50eb03d4-8b41-4318-afde-f040f3d30363,True,False,False
50eb8689-c98c-44a1-bd71-1fd1f704eb01,True,False,False
50f348f8-a11c-4ebd-b274-0c0522fff4ce,True,False,False
50faa989-4ddc-48c5-805c-f753a581cf10,True,False,False
50fea6b3-b2d2-450a-ac51-493f7a180b63,True,False,False
51010127-1331-4a03-b13f-606f61c76a21,True,False,False
5104ada9-25d6-47be-8365-956e2eb4d50e,True,False,False
51067dca-806f-4663-8c87-296c46f563a3,True,False,False
511019d3-98e1-4a17-b854-7458969fb002,True,False,False
5118ffb0-33a9-42b9-8374-8a899cec0553,True,False,False
51266512-42b4-4a46-8336-d1fb709833ae,True,False,False
51292f89-f1d9-4af3-b5f9-ed3788e9d5a1,True,True,False
512e259d-6270-4154-83ce-7752f7fa5a84,True,False,False
5132709b-94f4-49bc-9ec7-43c861b7fab7,True,False,False
5137dd01-9020-4576-bc9a-2e15dc823925,True,False,False
513f65a2-f135-41b4-a24b-4ad3142d7e87,True,False,False
5145293e-08dc-4bd6-8d27-0d9bc31c0695,True,False,False
514559ef-c0ed-49d3-b962-279432797211,True,False,False
51467331-c203-49df-b778-6c624434ea6e,True,False,False
514773e5-fd43-e8b6-a20c-70c64a85bd3b,True,False,False
5148f4ef-a383-436a-b3b4-ce708c682aeb,True,False,False
514ce979-e779-4176-974f-268b0ced5707,True,False,False
5159e8f2-4128-4a34-a2bc-e91713ec5d22,True,False,False
5166bc35-5a9b-48c1-b46d-1ca34888ac83,True,False,False
5169b7f5-680f-4885-b678-a7a5e7c2f2b4,True,False,False
5169cc52-096b-45c9-9945-ef467e796371,True,False,False
517645ad-36dc-43bc-b015-007b0ef7ef06,True,False,False
517cc5f1-b4db-4d11-8508-6007daa4252a,True,False,False
518dc308-3117-4824-8703-530683155ce6,True,False,False
5193f316-6b50-4c38-821e-8b9f382de8f7,True,False,False
519d2b31-72a6-4085-87f8-1457c7a1b0ed,True,False,False
51a0ad6a-a5d7-43a2-9627-a05299308a01,True,False,False
51a92094-df12-4f97-a3bb-275c567f01b9,True,False,False
51a9fc20-dd4a-44ee-801e-cc6f2d7c133b,True,False,False
51b3298a-9356-428d-8321-996aebd0fea9,True,False,False
51b4bdc8-2b0d-4272-8cf2-dee74a3af1cf,True,False,False
51b7f575-96e4-4367-bb54-7023c54c2709,True,False,False
51be44b7-fbde-4a34-b37b-85beb124da01,True,False,False
51c16808-0e73-4583-8bdf-f37014d8b63a,True,False,False
51c9886d-d609-4f5c-9c3b-b8d582f04ba3,True,False,False
51cc260c-e5c5-428a-bb3f-5950fa953fb3,True,False,False
51d90e0c-7cd3-4775-83dd-04cc6917fbdd,True,False,False
51dfc165-c2df-4778-81ed-b80b2cee5a8f,True,False,False
51ecb151-6e86-44a9-8a67-3b866975c4a1,True,False,False
51f0fd40-60c1-4a91-a6e1-81040cc00936,True,False,False
520a121d-98c9-491d-9e7f-75141c525565,True,False,False
520a9be3-9a84-4b3b-8d0e-7df6a5d8c9be,True,False,False
520d6160-f472-4452-9a0c-fab10a9bb501,True,False,False
520f784c-1399-4712-82bd-1ace49a23d6e,True,False,False
5213675e-af84-4dba-b690-39c8df000a03,True,False,False
52190d27-b1f9-4c56-ab22-a0bc2ffbbac1,True,False,False
521ab2c6-4115-4f4e-9d67-64bb39e1fc53,True,False,False
52207566-8c92-4252-8878-879c4dce5039,True,False,False
52211250-05f9-42b2-b958-af19fa26fe88,True,False,False
52265d66-446f-4b31-b603-80fba4e57b28,True,False,False
52284063-b725-48a4-8213-734234d8a156,True,False,False
5228951c-f524-4078-8bd2-53dc98853213,True,False,False
522d0783-7439-4110-b628-84dd995eb9a7,True,False,False
522d5d9d-78af-48bb-95de-f9c988f7d07d,True,False,False
522e20ed-aef4-47bb-ae43-af33cf585383,True,False,False
5232cbf5-9c26-a397-22a6-0c527572ca4b,True,False,False
52330c2b-1176-46d8-848b-872eaebb337e,True,False,False
523f1655-c004-4f33-a4fa-d30804e25826,True,False,False
5240e882-e6c3-4ca3-a212-1b0d0e473571,True,False,False
52464d01-47ed-4a9b-b7ca-0694cd057e59,True,False,False
524a49ec-3fb8-47c6-a3ac-607dc85de1c3,True,False,False
524e0492-7fc1-40b8-977a-43c6a85d0486,True,False,False
52519f0d-8940-4480-8897-73a22da613f3,True,False,False
526fa699-4393-41b2-b82f-cc1eed348970,True,False,False
5275dafb-dfe4-4c45-a4c3-1289af97d6dc,True,False,False
527bf0b1-b801-4b23-8925-d739f954d9ca,True,False,False
528641b8-df8d-461b-9887-5d8bb6086ced,True,False,False
52868fe9-2d1e-47fb-bab4-a162b0343410,True,False,False
5292e95b-f72e-4310-a4a4-8e0d22635fb1,True,False,False
529689b0-b207-41d1-9c81-1e6d5610c3a0,True,False,False
52976cbb-d985-4b3f-a037-47310d107a12,True,False,False
529ece57-3ded-4ed7-a892-9728b42534b2,True,False,False
52a08259-bc85-4346-9136-ce0e90c60246,True,False,False
52a415e5-dc82-4871-8e80-1e6983724c5a,True,False,False
52b07044-5c9a-48fd-a9f0-1e808e09dff9,True,False,False
52b5b90c-985d-4dc4-a77e-8c85ae28b7da,True,False,False
52bc0fce-77d5-44bf-8c44-42c4e0fdd100,True,False,False
52c2c76c-b79e-4794-86ff-badc76d35f5a,True,False,False
52c55663-c795-4d5f-883b-787af1925e99,True,False,False
52c82b6c-851f-4670-97e0-610ff9536174,True,False,False
52c8fd38-df92-4655-a343-e0fec7d6f604,True,False,False
52cd8f66-70bc-4c3d-9431-f1e37821805a,True,False,False
52cde5e8-fde3-4a0c-83ef-e5b7d7373f74,True,False,False
52ce4f51-dcfc-415c-bc9c-6cd46267e833,True,False,False
52d5ab35-11cc-41c2-b1df-d2a77d9fb55d,True,False,False
52d5fd3c-ab59-4ad1-9903-963741188365,True,False,False
52d6a8b9-314e-42a7-86c7-5743bc768bf1,True,False,False
52dc9ab8-a75a-4d0e-bb41-6eeaa066d806,True,False,False
52df9f87-68b7-4641-b1bc-31ba2ab0a89a,True,False,False
52e05e6b-1f06-478c-bc38-e818ef624b86,True,False,False
52f61b68-246e-4ac4-841c-003f3abff180,True,False,False
5304fddf-45b3-4347-8df2-51f76ba23599,True,False,False
530f5df8-d430-4219-8396-1be3a085869f,True,False,False
5311e74d-080d-468a-9dfb-c1f5371159ab,True,False,False
531363fe-1a78-407f-b7db-a23e1f7ff96b,True,False,False
531f162a-f102-4b6a-b8f1-754530354ea0,True,False,False
5324033e-18d2-4fd3-bfa3-f5d2a2e7fabb,True,False,False
53253d66-0691-462e-b9ed-b4a4118a5d78,True,False,False
53293c69-9c10-415b-9cd7-f931af5e51d7,True,False,False
532bb75e-0da2-409d-a1f8-da908ddadbcc,True,False,False
53327333-b643-4c05-a362-531f73bafb49,True,False,False
533f3f6f-9db3-41ac-b678-037fdf265536,True,False,False
533f96ff-0d67-4f8b-8a95-d0ea6e5859df,True,False,False
534059f8-24cb-4292-bebb-5e55259e011a,True,False,False
5347552a-62bb-4730-8cff-a16dcc31047d,True,False,False
5353e3ed-80c8-410e-be4b-26b4127dbd82,True,False,False
5354f357-c74c-40c5-8210-952b044989bf,True,False,False
5358c2c3-a281-4272-bbeb-70eb3f5cbfd7,True,False,False
5359d21e-ab7e-49b8-845d-d3626444f40c,True,False,False
535fbf6d-b505-4f56-a8af-a7f4f0ddd955,True,False,False
536330d9-ef98-4a76-b9f5-c3a6bf81319d,True,False,False
5363afa9-61ec-4fad-b233-c50859b89a88,True,False,False
5365e8e5-4a68-4b15-9033-f2a7810c4e9c,True,False,False
536c83f1-a784-4557-afa2-58417682e3ae,True,False,False
536f76dd-1bde-45c0-a2bb-f9c38645408b,True,False,False
53705018-744c-43d1-8c68-de1f724ad5f1,True,False,False
5371f687-6b7d-45f9-a018-683662b3e6f0,True,False,False
537a0f69-6550-478f-8fc7-bc96e6eb1845,True,False,False
5380d3c9-467e-49f5-bb8b-e4d19844bf51,True,False,False
53828ef1-5d74-4835-883c-2c9b3e7d27fd,True,False,False
53850990-7daf-41dd-b869-a967e3cf0a4f,True,False,False
53883a91-d9f0-4e5c-ba45-24eb7f56791b,True,False,False
538b47d4-f14b-4320-bcdf-2fce3522125d,True,False,False
538e7f1f-0c66-426b-b2d4-f9b41b339041,True,False,False
539e757f-34ae-4a58-874d-0772a5bf16c3,True,False,False
53a524ec-a897-4e53-8beb-ec51765b373b,True,True,True
53a9a2fd-65ce-43cb-bc1a-06358e2e62e3,True,False,False
53af33cb-7613-4e83-ba03-da7d79245139,True,False,False
53ba6300-8ab7-426a-8015-49b39a22f424,True,False,False
53bc8571-c63d-4eb1-b8ed-c4751790cafb,True,False,False
53bd6fae-a173-4077-868e-7346cd6d2301,True,False,False
53c1e375-3405-4eae-86fa-14f7b0edae46,True,False,False
53cb31a5-0dda-49ba-99e4-1e753cf24e19,True,False,False
53ce3973-147e-4ac7-b4b1-529b15467518,True,False,False
53cef646-7f07-43af-864e-f75f95874c88,True,False,False
53e54801-9594-4770-8f8b-c1bf3bff8685,True,True,False
53ee0616-bd17-4af0-b1b6-b013ed081317,True,False,False
53f1b7cd-4c54-49d8-a436-bcf329f4a278,True,False,False
53fcac60-9bfc-49d0-b780-f27a9fdee14b,True,False,False
54001106-2532-465f-ac2c-dcad73498105,True,False,False
5400d4b6-91d8-4d3c-9d97-b2a9ded41cc8,True,False,False
540391df-9b06-4f81-af8b-0ca8b7b044b0,True,True,True
540beb2c-bcc2-4d71-9118-211495e964f2,True,False,False
540f573f-0245-4e86-9585-01bd295cbd7f,True,False,False
5411f7b5-b724-4bba-acdd-c8c65ab65eda,True,False,False
5418ff59-3417-49d7-b10d-29f0cc404a2e,True,False,False
5428f9fd-9d6f-4709-9dc1-642d5d44a69f,True,False,False
5436713c-081f-772d-2815-6a0aec70869d,True,False,False
543cc9eb-ba33-45d1-9208-0f09be073c70,True,False,False
5441ae18-4f28-49ab-9a89-94ac8dcfcc63,True,False,False
544a4c3e-0e95-4a8f-adf5-d3f0373bb471,True,True,True
544fd0a8-3180-4e2e-9d2d-6e1d9d1da474,True,False,False
5458a0ad-c13f-4937-a05f-12052332605d,True,False,False
546aeb21-fb57-48c0-9bf1-361b1167354f,True,False,False
546b542e-7a69-45f4-8bf1-3cc1f2a9e396,True,False,False
547a1d0a-b7ba-43c9-a4f7-2caee95a6254,True,False,False
547ad673-fa7b-4e1c-bbc4-bb20749cb498,True,False,False
54806353-cf4f-40b4-9941-2f503aa6894b,True,False,False
54828383-76b1-4d56-9cc3-5cca70339367,True,False,False
54871b9e-4eb7-4c7b-911f-ef92513b9bd5,True,False,False
5489e024-6399-4de4-b849-2562ae3045fd,True,False,False
548da897-7a6f-4399-96a9-fc6ccf5e7a21,True,False,False
548e3673-963b-481a-8e51-d88c056b1f90,True,False,False
548f712b-2017-4232-9782-a10c3f3dd494,True,False,False
5491cd1f-bbf3-47bd-a7bc-fb2216ea55c6,True,False,False
549d1395-5613-4164-a709-e6ea37a9224e,True,False,False
54a30061-8ee6-46e6-a37e-5c5088c16c77,True,False,False
54b2a623-5220-4ac9-91ca-8a38f8cc64ca,True,False,False
54b96aa2-63f0-4631-91ec-39256e7718f5,True,False,False
54c16dd3-fc01-4704-a9f0-c1b95faa5c28,True,False,False
54caf7c6-bac6-4e56-8775-b223798bc226,True,False,False
54cd4b4a-e7e7-4f27-b850-4ac3f34c1732,True,False,False
54d6dd37-bece-4a3d-9639-670b2b87130b,True,False,False
54de51e9-c5cd-4c42-9a43-8f2e7dcf5d15,True,False,False
54deeb26-a182-46e6-854c-71679491cce4,True,True,False
54e46a95-37ec-4dde-8420-9b3a51da9ae4,True,False,False
54ea3816-1d80-425f-bbc7-5960cce5ba7d,True,False,False
54eb0bd6-2afb-44bb-9ad4-15322ec0d703,True,False,False
54f11cd9-7674-499b-abb3-f079fc0221cb,True,False,False
54fb8d11-dbf3-4141-a064-2c222725226f,True,False,False
5501cc80-bcda-49c3-834e-9c445f09cb54,True,False,False
55054189-227a-4c3e-b8b8-9d0d3ef647f4,True,False,False
551189ba-bdf3-4f15-9d7b-7cbb60f82a1e,True,False,False
5512289e-99dd-4ede-af77-23d407251622,True,False,False
552528e8-037e-408a-9a70-3101892d84ac,True,False,False
55264534-e34b-45c0-914e-d01bf1b2c364,True,False,False
552b718f-2732-4e36-b373-528325b6e3f1,True,False,False
552fce6f-bc74-4988-b162-85ede7133434,True,False,False
552fff3c-a5ab-4cae-b3b7-efd7501e992b,True,False,False
5533376b-2129-4d3d-a828-3ff3e54ed41f,True,False,False
55342fd1-314b-4768-a4ce-e93b1faf67a3,True,False,False
5534aa0b-2ce4-4641-bebe-f12867d85db2,True,False,False
55352509-72df-4cb8-b501-dd680282d21c,True,False,False
5535a40a-93a7-4f93-bb74-7c33cc3a9f4b,True,False,False
5537331d-53cd-420e-b049-ddd0d122f54f,True,False,False
5539d8d6-b514-4ab7-835e-aff87a1de4c1,True,False,False
553ac941-249a-4cb6-9dc9-a7b1d0ebadd8,True,False,False
553c367c-6e43-4f29-a5cd-7461f5682dd5,True,False,False
5540e92e-bdb1-4fba-acf9-3fb6d7b4ce19,True,False,False
55425c70-c1db-4bfb-871c-e8dc9ef5c205,True,False,False
55498d15-7430-4ba9-9f20-40728f3419bb,True,False,False
5553bd59-561b-4262-98e9-63d3ef848278,True,False,False
555876cc-22b6-4404-9f5f-eead983d143d,True,False,False
555d214f-ade9-40a8-a8f2-76565278b57a,True,False,False
555ffb71-3c71-4151-8ef4-7f61ac5ab233,True,False,False
5564e2b8-09cf-4467-b86c-fb70ab34076a,True,False,False
556bb5d4-361e-41d7-b13a-751dc9e4d569,True,False,False
556efc02-82ae-4e76-85c3-a207cb9d1f29,True,False,False
5574ae54-a8c6-4581-9e4a-ffa56a53056b,True,False,False
55790f00-531d-4d3f-aaf8-2d58203ec010,True,False,False
557a55f2-a4c4-485f-ac3d-bac1ac490d04,True,False,False
557b7604-5506-4f97-b870-c0019e65d435,True,False,False
557e22be-2352-424c-b620-9414223c0f2f,True,False,False
557e3059-b18e-4216-93d8-968d036f45a1,True,False,False
5580348f-ea13-4be0-91ea-89560c168038,True,False,False
5588ed4c-5afd-4398-80b1-34045f9da8af,True,False,False
558c3edd-3031-4096-914d-f6a70b014c71,True,False,False
558e215d-faa7-44ba-9fae-04d4eada9587,True,False,False
55902686-9c08-40b3-9d68-3e8b2d56dbe7,True,False,False
5593ee18-24bf-4264-9be6-5cc228b77c6e,True,False,False
55947f29-864b-4462-afbd-81431f7f1995,True,False,False
5595a360-3bbf-4b31-b7c5-ee05e906017b,True,False,False
559636cb-4338-400a-aa44-e218c3e74e40,True,False,False
559f7af7-e423-4879-969b-9362058f7706,True,False,False
55a63a35-3587-4776-b13c-a9e7d8ea3667,True,False,False
55a84998-acc7-4ef1-80b9-003b2b25a243,True,False,False
55add13a-54c0-4866-8827-b36d837f5b94,True,False,False
55b76002-0f95-490a-bf52-6e1c1165ec14,True,False,False
55bb9641-9146-4395-a6bb-2cefeed51029,True,False,False
55c28593-ad66-47ee-8849-1cbd6607c6fb,True,False,False
55c36682-eaff-4ef9-8c5c-4af8b01233ef,True,False,False
55c922ec-ec08-4d48-a954-08c16e9ff047,True,False,False
55d0ab3b-cd32-49c9-a2b5-2eb322a899fc,True,False,False
55d4b0d9-ad8c-4107-8544-c01ac12603da,True,False,False
55d5be8e-8a4f-4691-b192-93c9193e3b1d,True,False,False
55e44f82-f334-49ed-ae70-5c2363739261,True,False,False
55e4f395-ba07-43ed-adaa-22593fabff54,True,False,False
55e573a5-c8b1-4896-9df7-2c33e32223d1,True,False,False
55e710a5-3453-4e5c-9143-4046e2a1b22a,True,False,False
55ebcff5-45c8-4d07-b9f9-033c4e511435,True,False,False
55f1635a-f194-4522-a154-3b1bdc403067,True,False,False
56016bc4-1778-40c4-ab71-03b47992b957,True,False,False
5601e4b0-b69a-41a3-8602-b6d6f5cea2e9,True,False,False
5606dbf2-8c02-4b79-b954-9ffb4423e6fa,True,False,False
561135c7-e450-430a-b14c-e26336b01674,True,False,False
56157fa1-4004-47ed-beac-e885eeefaecb,True,False,False
5615dca3-942c-41ab-931c-59b0c5f124d7,True,False,False
5619f8ec-d19a-4d13-a0c8-dc637ef17dc3,True,False,False
561e0efc-7a0f-4f36-a137-2bb03a70cee8,True,False,False
56263aa9-f399-4fd5-8d43-6d313d54bf86,True,False,False
56264739-1b97-409c-bef6-0ee1fd884108,True,False,False
5627eeaa-2b62-4226-b7c3-8201cdca4e19,True,False,False
562bbd41-78e0-4351-b538-0e0e99f4fafa,True,False,False
562fa665-accd-4822-959a-3b888a555c4e,True,False,False
563c7021-71a5-449e-8944-9e21931f8b94,True,False,False
5644338d-251e-464d-92ee-43de731b247b,True,False,False
564b0f9d-f0ee-43c2-b3fa-0c5e1b98ea8a,True,False,False
5655d8a2-5618-4dda-a5c7-2d6d9f68846d,True,False,False
5657036b-4b0e-4eaa-b60e-ac4734a0bdc2,True,False,False
565bf7ad-84b8-4c82-822c-7c13b99de205,True,False,False
565f355d-dabc-4692-a0d9-27b1a7a936d5,True,False,False
565f839f-66f7-4973-a11b-b76762410f31,True,False,False
566d4277-20d1-4364-9581-d28fbbea6609,True,False,False
56719c98-d31d-43e3-b128-bc3af7b73e60,True,False,False
56758d85-bae4-4b4e-8180-552b90353013,True,False,False
5678c1ab-675d-4fb3-b096-274e40cd9a93,True,False,False
5685e93c-b3a6-488b-a89c-1bdbca2a57a7,True,False,False
5688f03e-1bb4-4f37-9ba7-64f915295ee9,True,False,False
568ba47a-ad19-4978-8d38-bad5b37c63e2,True,False,False
568c92bd-c43d-47e5-9dbb-97371a92d916,True,False,False
5694bcb7-6d98-41a1-a914-e1aac04af16a,True,False,False
5698da5c-9c2b-4623-864b-8eac5297e5b5,True,False,False
569d180d-9b12-430b-923d-e07533c174d0,True,False,False
569dfb87-f0a1-49d4-b277-9618bdfe0088,True,False,False
56a0db9c-163c-4a36-b588-0abef9c8e461,True,False,False
56aa9fa4-3c93-4065-a38e-39307d2d37ad,True,False,False
56aaf920-6384-45c2-b8f7-2abd1fc9f1e0,True,False,False
56ae9846-5546-411d-adc3-322c1bd00ebb,True,False,False
56b5655c-874f-4641-878e-e6f09be0c9dc,True,False,False
56b91c3d-297c-47cf-b981-9639b3caa305,True,False,False
56bb2e73-cb06-4ffe-8c96-058097f7647a,True,False,False
56bf7cc4-c46b-4c11-8e80-3703ff8200aa,True,False,False
56bf838d-43cc-404d-b1bd-eb47fa100453,True,False,False
56c1ec0f-04c6-4d2e-bf64-710a8cf6309f,True,True,True
56cbd61b-806e-457e-8ba2-cec581fa093c,True,False,False
56dd4685-d411-4b2b-9a8b-b08552918981,True,False,False
56de3eaa-8307-48ab-94c9-b847feec4295,True,False,False
56e1c394-d69b-499a-b962-89deb02fda5d,True,False,False
56e5e697-3d4c-4f15-8ed7-73301070f333,True,False,False
56ec59d7-04a5-45ad-acd7-c3e86d8856eb,True,False,False
56ec9441-bba9-4fe5-9d14-28beae92bb88,True,False,False
56ec9c9e-c4f6-4ce0-9010-3ef35897b4f8,True,False,False
56eff7e2-1887-4b47-bbcf-34460a482295,True,False,False
56f95cf3-e26b-4dcd-8405-e001fdc8f2f1,True,False,False
56f9c804-58a4-47e6-991f-f2a32b29e6a4,True,False,False
56fc7e9b-e0ea-4485-ba46-e54bcf2e2f3c,True,False,False
57075b92-7067-410b-84b7-039449123656,True,False,False
5711694a-f010-4886-8de2-d19173927fb3,True,False,False
571c8314-45fd-4348-a2a4-7de55677b81c,True,False,False
571d6e97-f83d-47e2-bd18-7fc3e0865069,True,False,False
571e8699-de49-4bd6-9528-158ccdab25ea,True,False,False
57200d7d-0a08-4fe3-bef7-166679a4f566,True,False,False
572f2375-e1d6-4f9c-814b-905bcce1afc6,True,False,False
57357cc3-c173-48ed-a952-d5df1c7eba02,True,False,False
57367b45-cbfd-4906-be2a-e3fafae48dcf,True,False,False
5738f12a-af39-4433-b0ab-8767e1be59e4,True,False,False
573b798a-63b9-4fe4-b753-80ee3fa5cb56,True,False,False
573bed75-302e-d084-b0fe-1ec04a8d4f3b,True,False,False
573eb3aa-6306-4905-aeca-dbb7fd718fbc,True,False,False
573fb63b-f8d0-4320-a92b-c6fcc6303198,True,False,False
573ff656-d1fa-4592-add1-b27f755e5893,True,False,False
5743042f-6f14-48ac-a465-92cf3db2f4cf,True,False,False
57479820-1d4a-4b5d-8c19-7b4f71255a82,True,False,False
57527ab0-00f7-42e9-bc95-781ac6fc6757,True,False,False
5754e7ae-2085-4e84-8dac-0ff5c475dc7e,True,False,False
57590947-569f-421c-9816-bb66050fdda6,True,False,False
576f77bd-9dfa-465f-b385-bfaed561d14a,True,False,False
57701d4d-ca99-4a4e-ac6b-c02916015423,True,False,False
5775b68e-bcba-40b9-8ee0-6d2bdbdf8179,True,False,False
5777b452-2182-4a06-ac79-295f4270404c,True,False,False
577e0634-8940-427f-90ba-2e7722706071,True,False,False
57815fe4-d8c9-4a7f-a2b7-577c99ae7c4b,True,False,False
578544a4-14e4-436d-8ee7-85450f89ea92,True,False,False
5785d621-95b0-4fe9-b3a5-cd6628dc7b5e,True,False,False
57880a7d-3314-41f9-97cd-1e87def2b704,True,False,False
57888370-bbdf-4d7a-8f4f-1fe8c1693ba3,True,False,False
5797a507-effc-4a02-95f3-77f797d4f944,True,False,False
579bd978-a490-4417-9839-842fe788a02c,True,False,False
579be855-155f-47ec-8f81-e0df0762a0da,True,False,False
57a56ee5-22c3-47dc-aa47-003781f0e9b4,True,False,False
57a75537-5ee8-4d56-9667-ae805d0bfb97,True,False,False
57a91bce-a1fb-4609-bb26-d53430dc6618,True,False,False
57ad56fc-c500-47e0-93d0-9a651e48f3c9,True,False,False
57aedb29-561f-4b92-aa84-41cdfb70b3ee,True,False,False
57af12c0-fc49-470a-b137-ffcf6b56039d,True,False,False
57b69357-6ca1-4ab2-91e5-26a330f348a5,True,False,False
57c10143-71ac-4506-8a40-875a9c1c522b,True,False,False
57c586a6-e248-41a5-9581-c56f46ef700a,True,False,False
57c867d7-a4b0-4bf8-a6a3-e6708c9fe92c,True,False,False
57ca8259-52ee-464c-9291-b0e0839073b3,True,False,False
57d221cb-c68e-4e19-be0a-2b450132181c,True,False,False
57d79510-85e9-4dcd-b0c6-96d9befb3cd9,True,False,False
57d842b4-0d8e-40a2-8984-fe495a8883d0,True,False,False
57dc2a56-6557-40c0-93b5-b4c7071d3866,True,False,False
57df51e4-158b-406d-b34c-ce5fabd79a8b,True,False,False
57ebae74-a35a-40c4-b160-7d3712c9b2b6,True,False,False
57f6cdeb-cee5-4e76-bc38-b42ade823245,True,False,False
57f82738-e468-45df-888c-161d746709e8,True,False,False
57fa5e2b-604d-445b-87ef-0b01d191ec85,True,False,False
57fd85ec-5b56-4152-84b5-d3016ddceda7,True,False,False
57fe2061-8e18-40f1-9cbf-f3bba177972a,True,False,False
57fed841-d59d-41cf-9bb8-9567fc1f1e4b,True,False,False
580054ce-03e1-45fe-bdcb-8c16bb8d2ab2,True,False,False
5804d299-62d4-4e02-9250-564bf0a0063a,True,False,False
5807a59b-b013-40ba-a63f-7c57745bd02d,True,False,False
58084515-691c-4e78-a0b6-836123a3f7c2,True,False,False
5809113f-8cdd-4e25-ac06-93fc2c5cd25c,True,False,False
5810ab5f-03fa-49e2-aa19-0d1f6ce224e8,True,False,False
5817b0fa-8be6-4af1-910e-d601d660bdcb,True,False,False
5817db91-e025-4db5-a034-c82c4a3933d4,True,False,False
58201e88-b659-4e98-ba56-8dd216501667,True,False,False
5824ed1e-2e84-4ea6-8469-b38b6d17df62,True,False,False
582bfe9f-452c-4ae6-87d3-bb3bb2658d80,True,False,False
583491ac-b8a1-4dca-a0fd-5ce012eeef40,True,False,False
5841973a-31e8-42d6-af3f-99de404c3bbe,True,False,False
5848d8fc-d2ca-4378-9236-b1b68b90698d,True,False,False
584a44e2-2aba-4198-a0a2-69994fded4e4,True,False,False
584da040-8297-4d46-b8cc-893138b93d56,True,False,False
585273af-cc23-4a12-a833-d2acfa9d8bca,True,False,False
5855f9fd-1724-4cbb-83f1-711d0568ab19,True,False,False
5865f67f-837c-4fa4-986d-4cbc9a7eeed4,True,False,False
5868f921-ce1e-4629-9083-cda933b80e9d,True,False,False
58721931-9459-4f67-90e6-30b5e6aef29b,True,False,False
5879cc2a-5ce7-4ae5-8cc1-30b4a52ffaf8,True,False,False
5880923d-90cd-426d-bd03-ce97f5c40b9b,True,False,False
5889f601-cd9c-4ca3-8478-eb5e921a3747,True,False,False
588ba6f5-7fcb-4984-9c55-808fe8edb55e,True,False,False
588dd822-104f-4ec2-b2ac-b47f3bab28fe,True,False,False
58928e4e-876b-4776-97e1-a9d1370eb3a8,True,False,False
5899b462-8e3d-4435-8cbd-c19717c55c24,True,False,False
5899fa70-0a13-4489-a0b8-9ecf5ca9d7c2,True,False,False
589e86a0-769e-4abd-9850-25b8097e9f30,True,False,False
58a33ce0-81da-40f1-bd03-fdd82032e441,True,False,False
58ac3d47-526a-460d-b1d5-630b03a86e9d,True,False,False
58affae1-c7e5-43e0-ad5e-b765ba5026f2,True,False,False
58b3bcaf-f4a9-4c1b-b58d-a2e2446e1128,True,False,False
58b60a99-23d6-432c-aaff-ecce14078e08,True,False,False
58c3f64d-67b4-45b3-9d56-d5334659afb9,True,False,False
58d29096-4ecb-4dca-9449-51b120fbad7e,True,False,False
58d5c559-5358-48bb-9f25-9a0d43297f9b,True,False,False
58eb4604-c682-45b2-ba28-ec52e8cf9731,True,False,False
58eed0eb-a4a8-9c59-b7c1-f67b7eb702c4,True,False,False
58eff778-0447-41e8-8ed7-d694df94c341,True,False,False
58f04d70-48b4-4d1c-9239-422b4451110f,True,False,False
58fb3c0c-d340-414c-9b1a-423f60b3171b,True,False,False
5901de3b-3b48-4ce6-de5f-1491f48ae112,True,False,False
590242c9-c4ae-4ede-89c0-515c7390833b,True,False,False
59073403-bc72-4252-bcec-6243c3950636,True,False,False
59083a7c-df81-47e5-a5f1-07bc45c406a6,True,False,False
590b020b-a83e-4c0c-9e6c-e3d3ca566320,True,False,False
59119ff7-b712-4569-b369-d5acdceb2f00,True,False,False
5916698f-f3a8-47ae-a462-fd3b984e00d8,True,False,False
59188f95-167b-484b-ac31-f304090adbe8,True,False,False
591ad708-d287-42d7-a9ad-ec231461f1f5,True,False,False
59272e2b-d311-4272-a051-5b6cfd62c130,True,False,False
59288319-3a19-4974-92b5-c4994eea64a3,True,False,False
59309d49-f036-4153-9f7d-ed72f13a5a36,True,False,False
5937c217-df92-422d-bf5a-f202ad877d3f,True,False,False
593a00b8-404f-4a22-9479-36c80fdec2f5,True,False,False
593afe3c-9c65-466b-84e0-c7279e06a634,True,False,False
593fbd01-fd01-4f23-b212-f514ca4fc264,True,False,False
594f3807-3867-441c-9b99-3119f2212ed6,True,False,False
594f4134-2025-4f1d-9996-b2832b1ba10d,True,False,False
5954d7f1-ad1d-4402-85af-663f91c04cfd,True,False,False
59573752-061b-4879-8cc1-6507ac1c131f,True,False,False
59597669-10b6-4b80-8a3e-4307a8b4e9de,True,False,False
595b37e9-77b8-4810-9d15-fc343e8f24e1,True,False,False
595c35b6-269b-433d-a7cf-47158757ac3a,True,True,False
5960335a-8c38-4006-ac2e-c2f1a113b27f,True,False,False
59614f9a-10d4-47cd-8d83-fb05a3c2f19f,True,False,False
5964203b-b019-424a-be8e-4af60c590cfe,True,False,False
596ab3cf-49ca-4471-a941-558b319c7359,True,False,False
596cf36f-ae9d-4c0d-9354-105e0a1bc9e3,True,False,False
59745178-b7a2-4357-945a-f7cf46548644,True,False,False
59764e07-ef48-4fe6-a56a-c2a0c6be2d32,True,False,False
597800f1-197c-4e40-8a7a-0b84973339d6,True,False,False
59799ad3-07e2-44bc-8946-8e86338b49fc,True,False,False
597a56a6-f9b2-48e7-b264-a1e5379f2425,True,False,False
597cda21-d5b4-47e6-a2b0-e8ab7e1ddf46,True,False,False
59805794-48f3-4483-a7d8-d9712682edc2,True,False,False
5986cbc9-2da8-40e0-8133-bdecf041275a,True,False,False
598709b9-300d-488f-ba76-e3c9d5bb40c6,True,False,False
598dd098-fcbc-4fd3-b1c9-48336f60ea21,True,False,False
599e20ec-e794-c18b-0afb-aa7a4932b94c,True,False,False
59a0c5f3-0042-4414-b793-de04d4d22ab9,True,False,False
59a35dc9-74d5-4b3d-a2b6-bfc64774c900,True,False,False
59a711b9-8a32-40b9-b36d-cd5c60aaf73f,True,False,False
59aaab66-ec4e-4045-b35f-ea46ba3cd2af,True,False,False
59b3a8fd-2b26-4677-8fc8-f9ffda4d11f3,True,False,False
59b4845d-d21e-4cad-a8b5-278d8480a7e2,True,False,False
59b9225f-e706-4a25-b76a-4fef87ba3994,True,False,False
59bfdaa0-f627-4011-8537-1e256c237448,True,False,False
59c50489-83e1-4221-9fcf-865f8b84161a,True,False,False
59cce3ed-dac6-406a-9460-8005eaebf574,True,False,False
59d726c5-7724-4c80-aa6b-1f71722027a5,True,False,False
59d728c7-b680-45c4-96ca-3e786a9cf82f,True,False,False
59d8dbf1-f0c3-42f9-ae25-28246c8c616e,True,False,False
59dec5f9-07ac-4fc9-aa98-39d9e9ba8260,True,False,False
59e0f007-79de-41bb-bd41-22decba37332,True,False,False
59e2ba05-c33d-4a48-842e-d8f02ce34452,True,False,False
59e411b6-b087-4bfc-b88d-bf463895873d,True,False,False
59e4f76d-c8e2-4ee9-8c8e-3a16955ae85b,True,False,False
59f02913-5ab2-4405-ad2e-39bde18bce18,True,False,False
59f36a46-c682-42c6-8407-ae1fb6bb38df,True,False,False
59f39514-69fe-464f-a0ea-89d4d0384169,True,False,False
59f9573a-87ea-47c3-af23-a9778e545443,True,False,False
59fc91c0-b15e-40ee-add4-c99d89bc77d5,True,False,False
5a01e91f-b86d-4138-bca4-e3c5a830227b,True,True,False
5a20c280-ec4c-484b-9806-7764d21d1382,True,False,False
5a20cd51-7a47-491d-a8f1-8dc91c32c656,True,False,False
5a33837a-279c-4b4f-8905-63a264122145,True,False,False
5a3ba588-cdf5-4275-ba7a-8c2a7d2b89ae,True,False,False
5a3ca8eb-4e3b-4f2e-838e-0aef6955bff4,True,False,False
5a422e29-a084-4920-a7a7-f0a21eda1bca,True,False,False
5a439232-a16f-4d09-8369-73185e74f90c,True,False,False
5a69984a-f005-4cf5-90db-e221f2f8c429,True,False,False
5a6b4d79-ca35-458e-b2c8-7a7d63d54739,True,False,False
5a7ccaad-50d5-4104-9762-cdf806e93be6,True,False,False
5a814ee5-0fb1-476d-900b-cdad7bb2f8df,True,True,False
5a8b83ed-55f2-461e-8afc-6ef2971b5071,True,False,False
5a8d577a-aff9-4080-aa8c-330e6a4932c8,True,False,False
5a907ba2-f3ea-41be-a0fe-a6317f422fc9,True,False,False
5a955562-d57c-47d8-ab58-2f9b772dde7d,True,False,False
5a95c972-06fc-4f72-98f7-530982096e0e,True,False,False
5aa0a962-557f-47de-b2d0-173df6b4b7e2,True,False,False
5aae000b-a8d2-46c5-be04-0275a3a9c7b8,True,False,False
5ab0ef5f-0f88-47ff-ab1f-21066d1482ce,True,False,False
5ab5ddaf-af86-4dcf-89ea-b64df1a90b34,True,False,False
5ac85b5d-1e01-4256-a857-898e4ccfe358,True,False,False
5ac9044c-7c83-49e8-af01-ad2d6dea089d,True,False,False
5ad4d2c8-18dc-4c2f-a13f-6784fde080d2,True,False,False
5ad6ddab-d66a-4e0b-8e62-9b80b984186d,True,False,False
5ada917f-bcd4-4fbf-a4eb-31478cdc1ae4,True,False,False
5adca4a5-d9af-459a-86c5-c3398fb6b76b,True,False,False
5ae3046f-aeca-442b-acaa-ed2f12ceb19e,True,False,False
5ae4465f-6f3f-4245-925d-999c882fdf8e,True,False,False
5ae7780c-7f2b-4b2c-85db-bdffaeffff59,True,False,False
5af7b212-0b58-4d4c-bed8-980af59160ce,True,False,False
5afd8a69-fed6-4c4b-942c-bc79f24514ab,True,False,False
5b00a178-32f9-4ac0-bbdd-66e0b45c420f,True,False,False
5b03a1dc-7a9a-4955-b2b1-f49fa7d6b3c2,True,False,False
5b04018e-a56d-4be0-99a8-2835bd5c9c05,True,False,False
5b0a2af3-293f-4bd2-b516-8ec16ca6162c,True,False,False
5b102238-1d7c-455a-91b9-11a8299b3d7d,True,False,False
5b10861b-0898-4430-bce9-80f5f0a3ad0f,True,False,False
5b12504b-79eb-4422-aac6-9fc7444b5706,True,False,False
5b243e71-4bc8-410e-9e5c-6fe07ecec8b2,True,False,False
5b244f46-0467-411e-99be-c79d9b63b671,True,False,False
5b28d953-1fec-4262-9651-fbb4a5038ad6,True,False,False
5b2b016c-24a0-4593-adad-8cd0a7295cb0,True,False,False
5b30649f-5a24-408b-b30b-cea8bd0752cd,True,False,False
5b326b34-fb6e-4bb2-af36-38f2ff7719c9,True,False,False
5b404885-d46a-4be6-82fc-c8f122e7e03f,True,False,False
5b406720-f51e-4a80-8e9e-a9aafa1bdbae,True,False,False
5b40a68c-3276-4aba-842a-66ed3926b169,True,False,False
5b4f21b6-a41d-4b18-86e6-fcbd7d435fc2,True,False,False
5b5b8937-9a9c-4db8-9ded-0f74de5b5587,True,False,False
5b5bc2b7-1b6d-486b-b8b2-e6beace27f81,True,False,False
5b5ea6fa-4c22-4e71-9ba6-5aed4405ac13,True,False,False
5b5fb709-bc51-463c-abe6-07b5c2d136aa,True,False,False
5b6eec5e-24e2-49f6-b57e-a7ff28fa4842,True,False,False
5b764575-b120-41c8-b2fe-6a5c95f1ffb5,True,False,False
5b7b5cb7-84ad-480e-0831-27d710f69ec8,True,False,False
5b7b6596-b396-4ed8-9f0a-44cb840c9c93,True,False,False
5b7c0a3d-fa18-42a3-95c4-1401229477ba,True,False,False
5b8782f1-d895-4bc9-aeac-e6aec3ff59ee,True,False,False
5b9ff161-51e2-459b-a8da-681ad7c1bebf,True,False,False
5ba071a6-3410-4312-80a2-06e38c2bd4a7,True,False,False
5ba1cef3-9aa1-e7c3-a065-4e6f8837793b,True,False,False
5bab9069-76df-492a-8bf4-652cbd2fb956,True,False,False
5bb88ebe-d48d-4460-ae2b-08aaf5e154f9,True,False,False
5bc1fb93-dabc-413d-856e-73ed36b1953c,True,False,False
5bc5fe62-eaaa-44b3-ab11-e145f32d50bf,True,False,False
5bcda998-d39d-4c87-a754-27af8920af7b,True,False,False
5bcfc71c-1dd7-44a6-a0e1-b6f4648d25c7,True,False,False
5bd0bade-0b6e-4338-98fe-f4cc6176f7a4,True,False,False
5beba217-4d51-4357-8750-b6ab2df4a425,True,False,False
5bed5f71-4d17-4d8a-a80b-2b355d1d2cef,True,False,False
5bf0d2f1-2a3d-4a84-846b-6899914f093e,True,False,False
5bf9c3c7-a396-4193-9062-87c49964ca73,True,False,False
5bfe0da2-8dda-496a-9967-c0aeb120d536,True,True,True
5bff286d-8709-487b-9a2e-9d2a102024ab,True,False,False
5c033baf-437e-43af-b281-bfb2c9b57bcd,True,False,False
5c0d6558-f3ed-48b4-af31-a5d8a2a0db41,True,False,False
5c0fbe0b-8c90-44df-bd67-418f3f123c56,True,False,False
5c13b88e-f681-44a8-b4fe-1ac5bc24b4a1,True,False,False
5c144a1c-dc00-4cf2-93c6-99a19064988c,True,False,False
5c145732-fd62-4474-a94c-5cd90866f7e0,True,False,False
5c192355-2fb5-40ff-8dbd-9794484aa7b5,True,False,False
5c1d5c52-ebe0-4e23-98e6-868b32834f69,True,False,False
5c237df8-c199-4091-b83c-967ef8027c7c,True,True,False
5c268152-0a06-c21d-4c92-f6ffe26d3ac2,True,False,False
5c31c79a-3652-461f-89fa-d129d81989ea,True,False,False
5c342d7f-7aa9-40e9-beab-7494b4d83f7a,True,False,False
5c38438c-669f-4819-91c4-e324996d2083,True,False,False
5c45a82d-fd66-44c2-966f-c90560bb1051,True,False,False
5c4b4ef8-81eb-4061-8601-e1864edfb594,True,False,False
5c4ebffb-88e9-46a3-a8cf-40818a14e2aa,True,False,False
5c5100fd-08ff-4ef5-b384-3850fc08dad6,True,False,False
5c54bbd1-74f9-4c94-bf0e-e562d02c91a2,True,False,False
5c570e8f-db23-4030-9c2f-bc670806811f,True,False,False
5c69e922-f87e-4403-b9bb-fbba34eef091,True,False,False
5c6dbfbe-33a1-4124-a2dc-be29a48ce56e,True,False,False
5c7dd713-1eae-48e2-8a63-0e6c9db7f07d,True,False,False
5c7df466-66f3-4560-824a-7e949bbc0acf,True,False,False
5c80ecbb-a789-409b-bb28-15fcef2193bb,True,False,False
5c81d634-295b-4287-87a6-dcc6893e5127,True,False,False
5c86a131-0636-462d-85e1-5de44610305a,True,False,False
5c8cf1db-5398-4cd3-9ef2-c1183e078512,True,False,False
5c8d3ddf-86ab-483f-8485-b8c83d7a1669,True,False,False
5c951211-398e-4e9e-a090-2e3710236d8d,True,False,False
5c980e75-7391-4361-a1ec-829506e10dff,True,False,False
5c99658d-3b1c-49ca-974b-7ee9ef672945,True,False,False
5c9ea4dd-efe5-4ea6-ba56-c42785cc0216,True,False,False
5ca7f3e8-c604-4b19-806f-b431ac8b5f05,True,False,False
5ca8a694-52b9-4366-8eb2-e09b9fb32bdb,True,False,False
5cad286c-e90f-4559-90e0-664b74dbd058,True,False,False
5cafe67a-3c46-4b47-a46a-ab30de4356bc,True,False,False
5cafebe8-9ea8-4931-9db1-fe343881242d,True,False,False
5cb00c68-4f61-4af4-874e-814bea324e36,True,False,False
5cb00e1d-dfab-461f-b7aa-01b87ac56248,True,False,False
5cb0152d-6342-4344-b74b-3a54c7e2498b,True,False,False
5cba26b1-bb3d-4b09-a620-cd538a69a122,True,False,False
5cbba725-3f53-4eb4-866a-e30b6e363fce,True,False,False
5cbfa751-0335-4ed4-89f5-9494afb26136,True,False,False
5cc969c2-42cd-41cd-b168-ce67caf0819f,True,False,False
5ccdc7ba-78df-4ace-bdf5-760f0b9f302f,True,False,False
5cd4046d-f244-4864-9f86-6ae89e5fc7d9,True,False,False
5cdabf9c-acd4-4af7-9893-70d1f4b76025,True,False,False
5cdb9b4b-a74b-43a7-b63e-2d8ef1a9ac5b,True,False,False
5cddc084-9607-4f61-bd39-d27082e6c980,True,False,False
5ce144f5-5143-4e23-8f08-bdd31701b75e,True,False,False
5ce56592-2f15-4010-8835-2d1806f54d71,True,False,False
5cee90b9-b12f-4b38-94dc-66676ebcb705,True,False,False
5cf25d52-bb24-4d68-8336-9c71e3551f3c,True,False,False
5cf29826-c505-46ea-b380-763aeaae3662,True,False,False
5cf3a1f6-6d56-4402-b8b5-db4615532d33,True,False,False
5cf65e35-16ba-4dc8-af47-564d7a706e09,True,False,False
5d0173c2-af85-4664-b541-86399f22e0c0,True,False,False
5d0ee45d-c99e-4056-99d1-8b5e3c4a39e5,True,False,False
5d12a508-a4e5-4004-a3d7-03a8d5bad8a8,True,False,False
5d1353dc-0579-489a-bd98-1a210e439254,True,False,False
5d1646b8-f999-40e1-a8f2-d3b100219d7c,True,False,False
5d1c0c83-0c22-4f66-b80e-fd3c9166cf48,True,False,False
5d265b72-6111-4ee1-a38e-e2781ab3ec15,True,False,False
5d2b1738-5ee8-460c-8da1-c6570e6f2c67,True,False,False
5d2dba12-850d-49d9-a8a7-99cde00731e8,True,False,False
5d2de6a9-4d63-4b0a-ae8a-6759ab79e693,True,False,False
5d30e589-903a-4d16-9adf-8fcd56663b64,True,False,False
5d332c96-ba1d-4efb-9345-88c15277ced8,True,False,False
5d339491-4493-4b6a-8d27-f0eecbd265c7,True,False,False
5d34132c-fcaf-46e1-b5a7-05e260076054,True,True,False
5d346a92-2462-485c-b214-adedd37449f9,True,False,False
5d3619a1-5f5c-460e-847e-d532e4b02006,True,False,False
5d36c8ca-fb7b-406f-bbeb-09cb384b0223,True,False,False
5d38332d-9532-4ec4-9bd6-e298eca14121,True,False,False
5d3f54ee-5c9e-4464-a810-564dc2a35bdc,True,False,False
5d4022ef-ca24-48b0-8bf6-308361a36548,True,False,False
5d43ee91-ce03-4310-9bd1-9901b045e6a1,True,False,False
5d453ad8-2f86-4fed-a8ef-5830d4bf9c4a,True,False,False
5d45e293-33c0-495a-91e6-85d4d4e063bc,True,False,False
5d480fb3-dca6-4cf9-8223-2c168525697e,True,False,False
5d57a4e8-7032-4413-a8de-6d60fd1f009a,True,False,False
5d5a6176-e0b1-4a4a-878a-19f5cc54e02d,True,False,False
5d6a2720-fd56-4a2f-9ab9-b543242fd2da,True,False,False
5d6a4209-f52a-4caa-b547-276574db6a73,True,False,False
5d6a6edb-085a-42ff-b695-f6a689cec130,True,False,False
5d7fb1ca-8da4-4330-bf55-ca797fb00686,True,False,False
5d837f2d-8d65-4f39-8a7d-0951b8fa16dd,True,False,False
5d8cb7aa-ca44-4705-809d-53c97b497e16,True,False,False
5d970d08-ccf5-4221-8e18-d9bf8299fe79,True,False,False
5d9891e7-1119-4097-814d-e4ee8f54ac7a,True,False,False
5d9bff23-8c12-4ff8-acea-7ff9c452fda0,True,False,False
5da6f2d7-007c-44d4-957a-62eaf2e31b58,True,False,False
5db22731-723f-4cef-82c3-c01a33cda54b,True,False,False
5db4b50f-53fc-4cd6-83f2-43ecb64f08d1,True,False,False
5db628ba-dd4d-4fce-a6bc-ac0a3c477372,True,False,False
5db7a83b-feca-41bb-9410-8aa27104963e,True,False,False
5dba3368-9cf4-4b4c-b253-857386454977,True,False,False
5dc3b6bb-34ed-4428-adcb-a0a93fa83e55,True,True,True
5dc3b6be-e1c9-4dc4-a235-2ec7037d6606,True,False,False
5dc82ae4-5b20-41fc-a1b7-5778ac656c6b,True,False,False
5dccc0a8-2c61-433d-91da-d41f497dc994,True,False,False
5dceafc5-aa95-434e-afc8-1b63b4373e49,True,False,False
5dd0e029-2efc-4e6b-9acd-e2ec38656486,True,False,False
5dd251eb-89c6-4565-bd9d-829d17e60ead,True,False,False
5dd916a4-8c8a-40c2-ab2e-f9dc887b1e23,True,False,False
5ddaa58f-9504-4061-ac8c-37d0eba53a01,True,False,False
5ddb5555-2af3-4d00-87cb-a9ef99674172,True,False,False
5ddf27cf-ba9d-4fc6-a4cc-2fa0c14da25c,True,False,False
5dec93bc-9a8a-433f-b3bb-21481c2c92cd,True,False,False
5df2a992-658d-4220-bcc7-1bcba6dea825,True,False,False
5dff9971-dda8-455f-b25c-9df5853730ed,True,False,False
5e0b5622-f8e5-4e1e-b78f-2fbadc6d8065,True,False,False
5e0c6803-c8ef-475a-b8c5-72e6ab42463f,True,False,False
5e0ce0ca-f255-4446-ae7b-9647e819d778,True,False,False
5e0df385-fbb4-4662-8d6e-bcaa324d1e12,True,False,False
5e11a035-7e5d-4cc1-a5d7-2c506bb804dd,True,False,False
5e14632c-2230-4e0a-887b-c035d90f733c,True,False,False
5e1f69d5-f9fc-4a70-aefb-6cf603ebcef8,True,False,False
5e21842a-ebc0-4504-8551-5bd16227b69f,True,False,False
5e228b42-0754-4203-af3f-d37f7e6a420e,True,False,False
5e28d1dd-f363-4a7b-b52e-8c61a97d262f,True,False,False
5e2d7f3b-a5ac-470c-ad74-4dfa35559f69,True,False,False
5e34dfba-2331-447b-a4e1-d10c3e244ade,True,False,False
5e3606fe-e6ba-457e-973c-d56822d9584e,True,False,False
5e367fc5-dec6-4e42-bf80-18371ac1ead4,True,False,False
5e36b3b6-4df9-4cb9-bb79-d62359f0f4bb,True,False,False
5e3a6149-69a9-447b-92e2-0b32e69c3554,True,False,False
5e3bd185-0db3-4de8-9b23-3202df9b2c30,True,False,False
5e3fcba9-c64d-4939-9405-270a653762a9,True,False,False
5e494b39-092d-4ed1-9e0f-3f60d8d26c74,True,False,False
5e51771b-ced4-4a5d-91d5-f4c4fa9fcb5c,True,False,False
5e528ee4-e0f2-4126-8c04-569227e384f0,True,False,False
5e5574ba-b567-465a-8cd3-e0bad2ae5be6,True,False,False
5e5844d5-c509-4e45-843d-9fc135f1dacf,True,False,False
5e63436a-032e-449a-a5d3-39cb76e75eec,True,False,False
5e6ef132-4d7c-4730-8c7f-85aa4082588f,True,False,False
5e809238-2482-4cb7-a510-5cf191265ed3,True,False,False
5e85a695-ee41-40f5-b827-f755e9a28a2a,True,False,False
5e88f7e5-b498-475e-a69e-0eddd9562f32,True,False,False
5e9727b4-1c3f-44e1-b342-f0fb03f8ed58,True,False,False
5e9aaa6b-6722-4642-b1d8-f2347b6ef84b,True,False,False
5e9b6189-def4-47a8-b465-5c9b91dfe6c1,True,False,False
5ea39c49-89f4-4a13-a281-0d07c8c1ade6,True,False,False
5ea5e873-1bb1-45e8-b996-b302c695c360,True,False,False
5eab8ac1-a879-4707-a50b-c054e2a81a04,True,False,False
5eaca1f4-cee3-4d0b-b77f-bae06c31d7dc,True,False,False
5eb64a6c-e91c-4d2a-9861-a8e241288e86,True,False,False
5ebdd0fa-d586-4211-a7fe-c9b6526ffafd,True,False,False
5ebec347-4e9b-4c2c-85c0-7805c4545465,True,False,False
5ec22397-31de-47de-ab9c-d7d8221e120b,True,False,False
5ed11469-c003-472f-89c2-cfb8e3db47e6,True,False,False
5ed59c58-2b0e-0b7f-9d44-6a0c309cf825,True,False,False
5ed743e6-b5d2-41d7-bcca-72f34a607707,True,False,False
5ed7fbe9-ca06-401b-9fa1-ba49ed410c13,True,False,False
5ed88141-4941-4fd9-8cf8-38aaa252ef41,True,False,False
5edc42c9-72f9-49d1-ad46-fa8b326f0d1b,True,False,False
5edc8055-e234-4b31-9c85-f260085a1c92,True,False,False
5ee3ba9c-1519-4aa9-a6c3-078d0251eb51,True,False,False
5ee5635b-9287-40c5-875c-123dd19eebd1,True,False,False
5ee94bfb-4821-4276-af62-c78e16f430fb,True,False,False
5ee9bda5-2137-4181-a4b8-8b01f81d4749,True,False,False
5eed8f0a-6c00-426c-8731-588af69e84f6,True,False,False
5ef8be70-aa8a-4ac3-81c9-586a41c3c5a3,True,False,False
5efa06fb-f6eb-4895-8dc8-92afa70dc23f,True,False,False
5eff8b36-44dd-4b4c-9c05-23d6cfe803a1,True,False,False
5effed97-1c40-482a-bf6d-9b9627d93f4d,True,True,False
5f0a768f-e375-47ec-9001-f463fc80be16,True,False,False
5f0aa0de-7238-4309-89a5-805aac5ea7dd,True,False,False
5f0b0339-40ce-4da9-ab87-d2aa73cd6dec,True,False,False
5f133e19-3e9d-48bb-a242-7d78c4159f9a,True,False,False
5f16dfff-c954-4bf3-8892-c4fa6ebb8a76,True,False,False
5f1956af-9335-4943-9d90-646eb3d4227d,True,False,False
5f1abb61-6cfd-4e16-a35f-b4741f6fb82f,True,False,False
5f1d95d7-0386-48bb-a51c-fdde65765cc6,True,False,False
5f1f2d57-fd80-4328-8503-eeab89fc77c9,True,False,False
5f240c5f-8455-41de-a85b-840d0ea6fe47,True,False,False
5f293123-d6b3-45a3-a4ce-e37c0126d9b8,True,False,False
5f2b4b8a-a44f-4926-9993-1e9daf8b952e,True,False,False
5f2f9677-05aa-45f0-9aa9-9a6dc823344f,True,False,False
5f3118d3-f8b9-4e8c-9682-cf287ced13f2,True,False,False
5f3c5d61-7127-447a-b008-561b538c0e8f,True,False,False
5f3d1bb8-9567-4a67-a399-879f34a99b88,True,False,False
5f41c8cc-f30a-4349-abce-d37c03948782,True,False,False
5f445b96-59b7-4fcd-8e97-df9bdafc255c,True,False,False
5f456d6e-9ec9-4539-ad49-2878ecb06968,True,False,False
5f476ab7-cf87-4adc-aaa3-7cded4200524,True,False,False
5f4b4549-3b78-4ecc-a706-f85ba7134299,True,False,False
5f4b5485-ea68-4dec-b651-51dff2c32848,True,False,False
5f54ea6d-3b01-4eba-8c25-fb25309d3d6b,True,True,True
5f5502f6-2a82-41ac-a227-d40762fd4047,True,False,False
5f5e7618-afc5-41c9-abaf-dde70dd8dd50,True,False,False
5f667d63-2f49-4988-9cbb-698e3d96c591,True,False,False
5f68bc14-8e2d-4559-a923-c2a8e9eb80da,True,False,False
5f69a67e-83b5-4fb5-82f4-8e9e2e2f64c2,True,False,False
5f7285d7-6f8e-4cd7-9818-3dfe017287e4,True,True,False
5f74b611-a374-4d78-b245-fd357ea81e06,True,False,False
5f74c825-0d29-46c3-9fe4-7554bb93ed27,True,False,False
5f7a1e0e-ea3e-4e8d-a0ef-840463acc4f7,True,False,False
5f7ebf0c-d935-4e29-abbd-25559bc98ab9,True,False,False
5f836440-fd76-46ca-8616-6223547f000b,True,False,False
5f83fd04-2e4a-4ca9-9db8-70ea53ffc7e0,True,False,False
5f84bebc-eebd-4dcd-bace-b7198c59cd57,True,False,False
5f8730ae-2cbc-43f0-9751-8d971cd1b359,True,False,False
5f894977-196e-44a0-bca5-24b06d9f16b8,True,False,False
5f8a8acf-c76c-4ae3-b981-801b21e90c43,True,False,False
5f913602-b755-43bf-814d-99247d3ba25f,True,False,False
5fa16569-8397-46fc-a075-6105ab008233,True,False,False
5fa58eaa-f058-4025-9a7f-289185c2076b,True,False,False
5fa5cb97-d945-42d3-8a14-00b8dda39c7e,True,False,False
5fa7c502-f67b-4e48-8134-d43e5b14ce6f,True,False,False
5fab9753-a20c-4263-8048-cc329ad27ef7,True,False,False
5faf35a2-927c-4435-9704-594c38b067a5,True,False,False
5fb0270f-1622-4089-a8ae-783809502e8f,True,False,False
5fb26bb5-e879-48a9-9553-fa44161e8a89,True,False,False
5fbbdc94-0fc3-4fe5-99de-6ed53a4a7b0d,True,False,False
5fbd54b8-7dba-4d5c-8b06-6b30fdb6e322,True,False,False
5fc0cc3a-43a9-436a-9b84-04a1c5c84910,True,False,False
5fc81850-7a08-4527-85bc-520bbe807245,True,False,False
5fd3e3bb-fdbb-4315-9f48-804d80cebaf6,True,False,False
5fd47c6d-3ca6-41b9-aab2-47995b94d1e5,True,False,False
5fe0ab6e-b263-4504-af1d-b25b8ed14d80,True,False,False
5fecc749-a5b5-45b7-b746-d431678a2bd7,True,False,False
5fef201e-1e30-4824-923a-06fccd035063,True,False,False
5ff51d28-1e7c-4b14-b285-4e7777b3b20f,True,False,False
5ffb10fa-b7ec-49bc-a24b-4b6430ddf726,True,False,False
6005a947-29b6-4bfe-82da-bed465eb50e3,True,False,False
600b6494-b8b3-455c-9694-6d72556cb1c2,True,False,False
6012c931-970a-4276-baaa-9a5b98baac87,True,False,False
60138cee-2d9e-410f-a316-c8c1b3765a1d,True,False,False
60141bed-24b1-45bd-a30f-da5b4771c251,True,False,False
6016a72a-2b75-4c62-8493-36a7211533ca,True,False,False
601e0eb9-5736-48bb-a101-9310ee370811,True,False,False
601f7690-8701-4eae-acaf-c2ee1a626ac6,True,False,False
60205b1a-4638-455a-ad9d-dd8f9de9aec0,True,False,False
60221411-10b4-4c0e-8021-c9a1493a3dd4,True,False,False
60271e2e-3c42-4f0e-9ad9-b9342e375ddb,True,False,False
60357c00-dbdb-4f7d-9545-559e8591b6c8,True,False,False
603ba9ff-03f6-46b8-b35b-6f31a08fa304,True,False,False
60465f22-a862-493a-bb90-dc0ed5f4f150,True,False,False
604e112a-bbc4-46be-b587-1a28dd3b55b3,True,False,False
60512cfa-fcba-4b54-ad18-ec0d0c7629fd,True,False,False
6056fa66-ad77-4fb0-bc2e-04d4089154fd,True,False,False
605837d4-0bf9-44f6-99c7-7e5a91d33c5f,True,False,False
6061acc8-0d95-4c98-a854-e1d7d85529cb,True,False,False
60659e1b-fe0a-438e-a48d-43eba2a76e10,True,False,False
606c3ece-146f-4163-af09-3d6fda9d243c,True,False,False
606ff12d-f43a-4a48-b585-d6e1a360a448,True,False,False
6080304d-a63b-4eef-a162-1722b7c11f6a,True,False,False
6082dc05-bcaa-4032-8e4a-414f9954f7e4,True,False,False
6085e6d5-e470-4c46-9938-d5e085a2fc42,True,False,False
6086b936-f402-4db8-bb58-2bb890a5767a,True,False,False
6089b766-1acf-4643-accd-a210fac9b87e,True,False,False
608a309a-504c-41ae-89bb-2c3c7bbc272a,True,False,False
608bbc6d-2742-444a-8845-424a83175721,True,False,False
608eba3a-d089-4d86-ab5b-96aa844142e0,True,False,False
60909151-407f-48eb-811e-18d2e6eab942,True,False,False
60987096-0233-443a-9ac5-99519f3a4c6a,True,False,False
609b25c8-0c95-470f-8cb7-215a609f32be,True,False,False
60a354a8-db94-447a-bde1-00c3a5500ede,True,False,False
60a3d151-70bf-4eed-a132-85dd6a4d1ec4,True,False,False
60a446ce-ebe3-4c63-a8c0-ab37ac95b29b,True,False,False
60b15c64-a291-49f3-9fad-97df0851431a,True,False,False
60b15c73-3d2f-4643-a6fb-21264388e550,True,False,False
60b62b5f-7ef4-4bec-85fe-7fdfb783d610,True,False,False
60b968fb-6102-46a8-a9ea-d6e5bd2b1fc9,True,False,False
60baef42-8f8d-4a30-b508-bf0f6e6839de,True,False,False
60c50d51-c99c-4712-8fc1-ea2f04aea07c,True,False,False
60cd7cb2-eee7-47c0-992f-0a3d87c118d4,True,False,False
60d00ab5-3285-4763-bf4e-8a99ebb8e0f8,True,False,False
60d1d44f-b5a3-4e96-be4e-7a09634f2b4d,True,False,False
60d32c93-4ace-44e2-8e1a-2b0a245f64eb,True,False,False
60d99bc7-cfbf-44d3-af4c-6ca30b175409,True,False,False
60de9290-9bd5-4113-b315-0ba4d83798d3,True,False,False
60dfe7fc-c2d1-4936-a396-6d93bab987ec,True,False,False
60e04b23-82d8-431b-98f8-2a834ac32c9d,True,False,False
60e0f6d1-758f-42bd-9da7-f9233aeea21d,True,False,False
60e1f85c-5e81-4ffa-b5e9-fd7db3c448dd,True,False,False
60e2d21b-9adf-4726-9fd5-8bb2520b6dc5,True,False,False
60e9621c-79fe-473d-b585-63b898879649,True,False,False
60f1c38a-efc6-478e-b9bb-afcf99ee1e18,True,False,False
60f6a4d4-7351-4966-8dba-5a43435e7bb1,True,False,False
60fbdf95-6bdf-4bdb-9e41-7040d355a243,True,False,False
60fcab05-15a5-41d5-a191-fca433957051,True,False,False
60fdad81-5a35-4b0e-89b4-462936660b1f,True,False,False
60fec2e2-66ce-4764-8159-f23a6a55818f,True,False,False
6104cb83-e9cc-437b-862d-b47dbd085b22,True,False,False
610a3d54-cb73-4f7c-870e-fe11d3fa9803,True,False,False
6110b8d9-f499-6585-6552-90a7cf5841c2,True,False,False
61172ef3-daf9-42e5-a587-77b475afb0f2,True,False,False
611a389d-7577-42af-9b77-a3160e9dac76,True,False,False
611acac5-61cd-4149-9532-39a70ecf537b,True,False,False
61221499-4bbf-4585-9a00-d21f40e39de6,True,False,False
6127e0ca-ffc2-4f37-8cde-0da41b3f7d9e,True,False,False
61365005-5b6e-416d-990b-b1b6412e673e,True,False,False
613977ee-d0ef-46fc-9b34-2e2fe2c79dc3,True,False,False
613f95b1-602d-41e0-82dc-6fae715134a0,True,False,False
615312f0-1757-4909-8500-ba1064bffb35,True,False,False
615555b0-acd9-440a-8aea-189987e9f49d,True,False,False
6155883e-0abc-4cff-a85b-7a33536f7850,True,False,False
6159e89d-4a77-4580-8ee2-9f63bedcaeb6,True,False,False
616204a0-4562-49c6-bc41-92d9e892a0b0,True,False,False
61624f6f-a2a7-4e1c-bedf-0f606563beb5,True,False,False
61661090-83ce-4b2c-aa65-274214a2cc98,True,False,False
61703d29-b0dd-4983-a524-544834875624,True,False,False
6172070b-9e7e-4cff-b375-209978c96c0f,True,False,False
61767c84-f765-4bd1-af84-8533c9020924,True,False,False
6180b31b-6c9e-40b0-a87b-59a19e3d6856,True,False,False
618bfbfe-18b6-4029-a263-e07817100229,True,False,False
618c976a-1c20-4078-be3b-dfe6bc468f42,True,False,False
618eb242-ee69-4dbb-9a26-49f4103a0924,True,False,False
61908f0a-1188-4d5f-91a0-3718f6ae1a9b,True,False,False
61a13341-3992-4f62-adfe-e8b78d1d7e87,True,False,False
61a65dd7-0030-45d0-9417-e539c7b6c347,True,False,False
61a8dcd5-fc6e-4393-8b42-6edd66d59686,True,False,False
61ad1863-d75a-49fc-9abd-df933ed50e5b,True,False,False
61b0a699-8ed4-45a9-aa5f-9a68a401ea1e,True,True,True
61bff37c-3af4-43c6-8e00-aa3552c43bce,True,False,False
61c420e4-bb90-4cba-a54e-32a8372dfa5f,True,False,False
61cd8175-be33-4729-8009-2af732690184,True,False,False
61ceaf50-820a-4858-9a68-bab804d47a22,True,True,True
61d47762-bc90-4a4f-8e19-6748f5754ecb,True,False,False
61d4956f-de71-4948-9a6e-ae4fc2e929d9,True,False,False
61d9cbb3-22c2-4187-81f0-c9ff1540d0a6,True,False,False
61de60f7-1c1b-433a-879b-f15fde0ed9a6,True,False,False
61de7817-1348-49d0-9384-b9ff2ee346f4,True,False,False
61dfc7d9-a677-4ae6-9b9d-86ee9a8199a7,True,False,False
61e26921-b307-56cc-2e87-64204289d192,True,False,False
61e48a47-a9c7-4efe-b687-b18241d5f6f8,True,False,False
61e4c7b3-9a9f-487c-a146-4ed4a778b8c4,True,False,False
61e75221-4d87-497b-a702-566922e9b4f8,True,False,False
61ee0af3-c12f-465d-8418-222c41b4b969,True,False,False
61ef6104-d3fa-4cbd-ac5d-77a888ec5bac,True,False,False
61ef8196-d2ad-41b3-a4d9-f8ef84c38401,True,False,False
61efb65f-e34f-4885-8c2c-274c2a78a64d,True,False,False
61f913b1-ed5f-4495-8139-7e3e20be92c3,True,True,True
61f98d95-6699-4a18-a01b-f128f573e53b,True,False,False
61f9a144-35fd-40d0-a6e2-1c621751a0eb,True,False,False
61ff1044-a1ac-4466-b4a7-19c70be3e65d,True,False,False
62004873-7f33-4844-95b8-2000b88c3703,True,False,False
6205c5fc-856d-43ff-b5bd-eaded1f60903,True,False,False
620db072-c91d-41e3-83ce-7281a7a429d0,True,False,False
621493c3-2aeb-47ff-9630-3d22080f8161,True,False,False
6216c76a-2a84-4c2f-9cb1-6c80bf9bc64a,True,False,False
62184e5b-57f7-4f86-bce3-7b257b61cbc1,True,False,False
62188e6b-f009-45bc-abd4-c1d057b1fae5,True,False,False
621a3388-00ff-403c-a883-262497a5bcbf,True,False,False
621de56e-5825-4aa5-8550-dba5a2fa2236,True,False,False
621ff169-758d-4051-9767-398c57cb6040,True,False,False
622909ab-a6e1-47b5-ac63-3b0bb1b7814c,True,False,False
6229f7bc-7440-44dc-8768-d924071fb879,True,False,False
622e1e66-5b25-4014-9694-ec2abfbd8f04,True,False,False
6240b1b4-9252-f9b1-9da9-28670491b1c8,True,False,False
624c828b-9fd4-41cd-a7cd-5e8e3f1180d5,True,False,False
62500bc4-bcd7-41ea-9f8a-c1aae66ef313,True,False,False
6255437a-b3ef-427a-b7df-234f54c6c49d,True,False,False
6259f93a-992f-4d4c-8962-989b99a328e0,True,False,False
625be3ac-7f44-411c-9924-3b3314c7740a,True,False,False
625e4004-3189-4406-8c7e-d40fc38ca82c,True,False,False
625fa46b-22f0-48b0-8297-752520d325d1,True,False,False
6262add2-9ae9-407a-8d7d-9887aa05bdeb,True,False,False
626dadfc-7cbc-44ff-9a89-d2290a760e2f,True,False,False
627634e5-820c-4bae-b35a-140973583bc8,True,False,False
627c9b29-49fa-4676-8c1d-15ace3e75ed2,True,False,False
627ce581-8b39-46b0-9117-c58b85215b69,True,False,False
6280a0d9-5724-4e92-a980-56a3b039e196,True,False,False
6281906b-3312-4ffe-997f-ed475fe21554,True,False,False
628765b0-4bfd-48b9-ae29-dd87eed5b96b,True,False,False
6291a9a5-de85-4818-9002-7dc90bc79894,True,False,False
6291cb48-1660-49cd-ad09-a679d45f6a31,True,False,False
62937549-777a-44a6-9f03-d705f3f6b032,True,False,False
62a71a9f-87a1-447a-8e75-4f221a96ea10,True,False,False
62aee66b-5a4b-40d3-843a-cd17f27c6b56,True,False,False
62b08d7e-4cbf-4544-be66-c342c240bbde,True,False,False
62c0d696-66c8-4bd2-aa84-679acbcca238,True,False,False
62c47826-9d03-451f-a615-268d8c9b82da,True,False,False
62cf352d-aab9-4d09-ae7d-df74e3a4c3d9,True,False,False
62d05290-4f94-4b59-a011-8814acc61b57,True,False,False
62dba9fd-657e-4dec-b248-9caa86484625,True,False,False
62df1a28-0f2e-4557-b387-261f3303734d,True,False,False
62e70ea9-fee8-48cf-9725-50a5b97e84ab,True,False,False
62e85772-c5b8-4373-b114-a676e2f4307b,True,False,False
62f3b394-f994-4403-a389-d5cba18c3997,True,False,False
62f7aa58-b64b-4896-9a3a-e1c61f98db81,True,False,False
62fadce6-aa4a-4dde-92fc-c04c22982df5,True,False,False
6306420a-8870-4ec2-ab53-694f51941658,True,False,False
630f09ef-2ecd-49a7-bd6a-1efad9657d74,True,True,True
6311f1ca-a5c5-490d-9474-949650de4141,True,False,False
63125c37-9b46-44fc-b581-41e73b2338de,True,False,False
631540fe-3a06-4fe3-8944-5c98142bfb9b,True,False,False
631c9838-8629-4907-af26-add90f9ec866,True,False,False
6327a15a-4963-4b5f-b0fc-b894b5e97761,True,False,False
6329dcd3-486a-47b0-8639-b0d6564e7c92,True,False,False
632a0ac6-bfe8-449c-b576-9bb51ef0904d,True,False,False
632f01cb-d5bc-42c1-b7fc-a2d57c369c44,True,False,False
63307cd8-3843-4776-8d85-6bf499d484d9,True,False,False
63336a9d-c345-4180-afad-e859a303a256,True,False,False
6347cf9e-5c92-4087-9e03-a4d9e47212de,True,False,False
634aa8d9-d51c-43b1-ae0c-5fd393b2634a,True,False,False
63513da1-3861-451e-8921-056d633de533,True,False,False
635253c2-9da8-4687-89df-5cbcf415995e,True,False,False
6356adc5-6fd8-40a2-acec-1cbee998fcb0,True,False,False
6357d32d-7dfa-41aa-9822-28e92926847d,True,False,False
6360dca9-1121-4dc8-aa3d-195d33a8e45d,True,False,False
63618abf-0a2f-44e0-a304-21b9905102a8,True,False,False
63637217-cce6-4112-bae0-c76fb175ee15,True,False,False
6363dae6-59ae-4324-a5b1-24b408773b59,True,False,False
6364313c-4e6a-4801-a7c4-ae77a5736eb9,True,False,False
636e875d-4aa4-4868-a0cf-bbd8ed8c0080,True,False,False
636f62a2-4509-4110-98b8-40cdf5519cdf,True,False,False
6371624f-f596-4b17-9cfc-b98646d20de2,True,False,False
6376ecec-0950-4d9d-bab7-05e47b83b828,True,False,False
63775601-1717-4ff5-b62c-06f27b5fff1b,True,False,False
637ce089-697f-4374-9a9f-3cd4edbb0169,True,False,False
6384087c-282f-44e9-b289-c3753c48c313,True,False,False
638550c3-0515-4b5d-8c56-e690982088ad,True,False,False
638ea12d-3822-4d18-966b-70493b646eb7,True,False,False
6394bbec-cdea-736e-d965-a0ddcc8839f0,True,False,False
639c334e-4232-4008-91ec-e44ee0c17d4c,True,False,False
63a4d22b-5a95-4c95-897f-0e74aacdd5cd,True,False,False
63a53ea5-eda4-4337-81f3-bd100fc94c7c,True,False,False
63b37a9d-5adc-4131-adb5-5add782503d7,True,False,False
63b9d638-edc5-4c11-8e6a-80f14e6ab84f,True,False,False
63bb5a08-d851-4b04-b82e-5a6862983e0d,True,False,False
63cd190d-7abc-4dc1-bcb5-c82fe3ced9ec,True,False,False
63cd58da-83f3-47a0-a056-67eb7933d9ae,True,False,False
63cf0458-46f7-46a0-af2f-db553280130e,True,False,False
63d9c9c1-e802-4adc-aa50-d530e2df6c1b,True,False,False
63dd0460-2ee7-4df3-a0b0-17d78f3029a2,True,False,False
63ddf28f-0ccb-4390-8b9b-3b895612b5c4,True,False,False
63e17a32-fcac-4a94-ab5f-dac8a7e6c76f,True,False,False
63e4a1f2-298c-475f-bbf6-77c82ac678b0,True,False,False
63e518e6-92a4-4d68-8abe-bef4d1f9fb5a,True,False,False
63ef8738-35f3-421e-80b9-31051afbbdeb,True,False,False
63f1d0db-1b1f-49f0-930b-656400902c0d,True,False,False
63f78907-0a75-46ae-9be6-ad9a9309a400,True,False,False
63f88844-d9dd-4c30-b06d-e30d3b3e615d,True,False,False
63fc1c3b-0b19-4c39-9d7c-282a411f7f35,True,False,False
63fc9126-6182-401c-8b44-900ed5a9fedc,True,False,False
6407a6ca-0b1a-46ca-b296-1c7a3eafd3d0,True,False,False
640a8d4a-4982-4782-9281-8d6e349e523c,True,False,False
640ab456-1aeb-4e0b-8a94-57025a1796f9,True,False,False
640d6976-e5ce-4b1c-ae04-573f95c2c150,True,False,False
6414fac4-3f75-4537-96a1-6206ca066ee4,True,False,False
641eff2f-3f18-4963-bc32-60d6482e1035,True,False,False
64267e36-4170-4aba-a77b-cb96193c0554,True,False,False
642b7d26-40da-4fb1-89af-eccb53ba699b,True,False,False
642e0fef-576f-4457-994f-f1dfc16517fe,True,False,False
642f5f81-1c46-4819-b306-178dd0b8a55c,True,False,False
6442e976-4717-4b4a-ade6-66df92644826,True,False,False
64452564-1247-4c32-b853-08be931b143f,True,False,False
644c9fcb-b9d8-4784-9bfd-b0b0fec90c73,True,False,False
64517485-37de-46a7-86a2-d5a5099a7e6c,True,True,False
64518026-3b49-4bb0-9bc7-d96594ae4445,True,False,False
6457e62b-6a43-4781-84c0-719179d6ca0d,True,False,False
646265b8-69f6-41fb-b45e-9cbbd6b15016,True,False,False
646439d7-e4e1-4b02-b7f3-aa2ebe5f090b,True,False,False
646a5c86-4946-4486-8da1-8cc463af4839,True,False,False
647869f1-9d5a-4533-be88-4e37c1e541b4,True,False,False
64828720-be8b-46a5-b803-0cf37ea17a80,True,False,False
64936fdc-5c9b-4b95-a064-737ef7d84df8,True,False,False
649a4a35-52a7-452d-8049-85dfd4cf3176,True,False,False
64a9195f-e4ee-448f-9241-9b4d23467f5d,True,True,False
64b0e5dc-da5b-4d9a-aa15-e3984dd8600d,True,False,False
64b19a97-6977-46b1-b7bf-6335cc397b89,True,False,False
64b38d15-d1a6-4f4e-876a-0c7893c09243,True,False,False
64bea352-e464-428f-8a22-b4f7d2fe5f08,True,False,False
64c5bad3-14eb-458c-8b84-7af84ba10239,True,False,False
64c90b04-e05b-4ec8-b5e1-092636c41875,True,False,False
64ccdd7a-a85e-427f-af4d-8aa1cef3ca2a,True,False,False
64ce83ee-8beb-445e-b5c0-7fcfa8750c5a,True,False,False
64d73363-e918-4dc4-9f97-ae2d4f54c30d,True,False,False
64db5a82-432b-4584-b624-62afc5b8215a,True,False,False
64e48592-f6b1-4197-a123-eeba3f1d95b4,True,False,False
64e7c57c-eaf6-4d3c-8c18-e79d90579d32,True,False,False
64ef4d04-eac2-482c-95ae-7f9b4d5e15a0,True,False,False
64fc87b4-a676-45dd-ace7-aa1160360f21,True,False,False
64fe4baf-ae2c-4610-a39e-98098840af6b,True,False,False
65001b2b-2173-49af-b42f-5c761dbcd84f,True,False,False
65029c49-46d2-4785-b03f-c95f93b2035b,True,False,False
65058d2b-e420-42c9-a828-822f20590536,True,False,False
6505e036-e729-4e8b-9115-7ef4892f7858,True,False,False
650b4199-3045-4b73-adb3-23dd517d0661,True,False,False
65144237-8eac-45aa-8958-abd30a0064cf,True,False,False
65158582-91c9-4a90-8358-5120ebcb3bc9,True,False,False
651b0250-294a-422c-9540-974a87242c9b,True,False,False
6520b9f0-1cf1-47d1-9bf7-bb99d6305d64,True,False,False
652ae1b5-7ae1-4830-b426-0b16e5dd36b0,True,True,False
65302496-2edb-41fd-8221-91b00dff92c4,True,False,False
6534dcb1-af9d-4463-a755-f7b53fafd0d1,True,False,False
653bbf3f-2f16-4805-9d78-ee8723859fd0,True,False,False
653c479c-b034-4e04-8a5a-0a930e2e0932,True,False,False
6543a0e4-cd8a-4c0d-a608-4f9bbef41e56,True,False,False
6543a1fc-0791-4d3a-b2cc-5444e21fab47,True,False,False
65481ede-57c1-4515-8443-75be8047d7c6,True,False,False
654886d4-da93-4ab2-b3d3-096970519019,True,False,False
654bd14a-a2a3-4d8d-9378-fd2783add4c7,True,False,False
6553a128-ba68-495e-b6a0-d680ac88ba23,True,False,False
65594a69-fb5c-4c04-abc6-c484fada054c,True,False,False
655b0473-2767-4c0b-b1dd-40270ee87af4,True,False,False
655bc9e6-0e7f-47a1-b49b-74c364da8a1e,True,False,False
655c07e8-dfe7-460c-a167-e71525b3e9c5,True,False,False
655e6507-8175-46e8-a3e2-ca6d974f4d62,True,False,False
6562bb85-ca8a-450b-98c8-c7bceb4bee77,True,False,False
6564cdf4-16db-41e1-932e-5e67d75c0383,True,False,False
65674293-d9ac-4b22-9fe4-65da3dc64e51,True,False,False
656a20cf-2d34-4b3a-ad08-84611ed833f0,True,False,False
656ee05f-984f-455e-bc88-da6c1ef07b7f,True,False,False
6585bb86-a6d3-432d-b2e8-b32bac47455d,True,False,False
658d721d-c5e1-48f6-b81d-6521f28d7b90,True,False,False
65938930-176a-4238-8165-0ec58c8d4630,True,False,False
65971fb1-2e28-4323-a224-cd02fcdafb50,True,False,False
659c3463-2b46-409d-a1db-4bf985ec9489,True,False,False
659d461b-4ab5-5bc3-9289-2da75c48cbf5,True,False,False
65b4cc50-6219-4f23-a5c6-544bef1a343a,True,False,False
65bf03bb-3835-5891-b229-3eea685fbe58,True,False,False
65c273be-8054-47bd-ac55-17434e6f9613,True,False,False
65c98793-9167-4a83-93d2-800438bcee24,True,False,False
65d00976-23ad-43ea-9ef3-f9f0f32c2b04,True,False,False
65d3911a-927c-4726-b899-1720b0055c91,True,False,False
65e68f38-9a87-4a96-917c-5828ba5329be,True,False,False
65e71ffc-b182-4589-830a-45ded326dfaf,True,False,False
65ecf2d3-3ad0-46f0-afdc-a69772f3b3ef,True,False,False
65f3785d-1df3-49cd-8528-71d9a6f4a87d,True,False,False
65f725ea-125d-4b36-98dc-d5c880ff01cf,True,False,False
65fd542b-52c9-4b16-9665-9e7511420234,True,False,False
66005ed0-8d94-4d19-865e-d722d118a849,True,False,False
66066fd5-e724-4feb-ad10-c198e6c15c3e,True,False,False
660c5a82-4d32-49a3-98cc-f942a6081b9b,True,False,False
6614640c-5054-4a9c-9dcb-33790c93538b,True,False,False
66172d0a-5465-48aa-aa99-e285c26522fa,True,False,False
66176b38-956a-4fba-ae5f-817ab621ba86,True,False,False
661d6fca-8628-4b81-9056-f7bf174189eb,True,False,False
6631545f-9471-479f-9d6f-68ebb702bc46,True,False,False
6641a6ca-6c83-4b2d-9171-2fac70a96e25,True,False,False
664939cb-1acc-4788-8b41-a69622886915,True,False,False
664b9f90-1af0-4bb0-80d6-b4c2d8f0a35d,True,False,False
664fe248-b53d-4b2a-8cab-35a7636e1a64,True,False,False
6657841c-6612-49e2-8cb6-21d664548b74,True,False,False
6657ad5f-4675-4410-aa0e-e05dd7981dd7,True,False,False
665b3ea0-4def-4e13-a8a1-b1434c75a3b6,True,False,False
66608331-f227-4555-9ee8-c92193b3ae14,True,False,False
6660c6c4-ea5f-46cd-91da-1f281532cd27,True,False,False
66651e3d-58ee-41b3-8346-c89f7ab67fac,True,False,False
6667166f-6339-4123-8f1c-bd2af948c737,True,False,False
6673f05e-5b06-422e-b976-3eddb53434c1,True,False,False
6673fb2a-b00c-4328-993a-bec94aac8598,True,False,False
66740b9a-4cb2-4663-9e84-6a64a0a93a07,True,False,False
66746674-2ec9-4d96-ba2c-006e1a950b0a,True,False,False
6676f363-d9d7-486c-89e9-e99f955c20d9,True,False,False
66779631-0e49-474f-8dd5-452649adcdc6,True,False,False
667aa57c-ccbf-4b55-b48d-d1cbc6c01bf6,True,False,False
667afbbf-0de1-4ccd-808a-a1ba22abcc2a,True,False,False
66819563-6ad7-4d73-b3e8-99cb08d54b6c,True,False,False
66848658-196f-4162-abe0-dc38bc2a091e,True,False,False
66894f82-9b03-49a8-80b1-3e673e9e0588,True,False,False
668c7566-990f-48b8-9f34-9f5bd2c61fa5,True,False,False
668d0605-bb34-4ccb-92d5-7b46c387fd7a,True,False,False
669051d9-1d0c-42b6-8037-60a7b8cf3cac,True,False,False
669b771f-3720-409d-8ae2-b4cce29587d2,True,False,False
66aaf115-2bc7-4dd1-a9fe-d1efffeb404e,True,False,False
66b16f3a-ef19-45dc-a364-8799a95679c6,True,False,False
66bb33af-3fd6-4939-9a3f-04587795e170,True,False,False
66bb8535-55af-45aa-98ee-76a9e4c47fe9,True,False,False
66c8a775-9e4e-448a-aa4a-b1e2eacea660,True,True,False
66c96755-4501-452b-98f9-468c90cd5888,True,False,False
66ca3875-0418-44d1-af37-2e6a5e003a5d,True,False,False
66d25231-f8e2-4468-9f22-8f29b7c4efe8,True,False,False
66d8d8f6-915d-41e8-85b0-60deee422b18,True,False,False
66da5f3a-840c-4177-a240-b71a5c0828e7,True,False,False
66e270a4-2288-44ca-b283-5296f1562a52,True,False,False
66f09b2c-a312-47dd-b08d-114e32f9a77b,True,False,False
66fbd1c5-203c-4507-bd68-6fd7b168c449,True,False,False
670c7402-649f-4952-a48a-99aaafa3d90c,True,False,False
6714670f-e509-4698-8ef2-1a2d1a6da376,True,False,False
6715065f-4dd2-4d38-81cd-65ec60a86e19,True,False,False
6724079a-76e2-45d3-ab79-743a8353118b,True,False,False
672fd61d-daac-4639-b44a-2e36f1fb869b,True,False,False
67312600-5ed7-47e2-92e0-40a4bff70e16,True,False,False
6739e1b0-df53-4112-a31b-7b869fcf3a89,True,False,False
674e7b29-78ad-4329-acda-1282e5e05280,True,False,False
67552ff8-3f94-485f-84c7-7e162dfe891a,True,False,False
675783bf-23cd-4acc-99c6-05e53653a2f7,True,False,False
6764041a-9285-4869-8a32-a79adf31d212,True,False,False
676c536a-6396-4ce1-9cff-a47ddf7ef678,True,False,False
67703087-a653-4b6b-9136-78cf3a486665,True,False,False
67745c49-932f-4bf3-a38e-10dd179fd7b4,True,False,False
677c8c25-9fe5-4375-83fe-0cdf9a34510d,True,False,False
677fe69d-48f7-4e87-b84a-a8b6660026c3,True,False,False
679c06ea-2ce0-4d9f-a7d9-a776bbb1a008,True,False,False
67a1136e-2f73-4056-a11a-2dacaef90a40,True,False,False
67a299da-7764-46e2-bd56-17516eca446d,True,False,False
67a2f7aa-b6f6-467b-8907-3790a71d6cf3,True,False,False
67a72170-3d71-4550-894e-3bc2dcb93ee7,True,False,False
67b37c6d-a8d0-4cf6-8dae-cf55ad516e1f,True,False,False
67c54019-ef3b-4377-9e22-ac6418255170,True,False,False
67c9bdc6-092b-4781-8126-c28132b5cb1c,True,False,False
67caa0d7-aa76-44c4-b0fd-238737b48a2a,True,False,False
67cb4ea9-3024-415f-ba5e-94e9d1593537,True,False,False
67cc60cb-a0e1-4db0-ad5e-3bb2315c73ba,True,False,False
67cda6d9-7000-4d16-94bb-c6fb95cc9ee1,True,False,False
67d222ac-610f-4a92-9f48-42036617cc35,True,False,False
67d46af6-ddee-448a-b14b-0c75d2ea2a86,True,False,False
67da3391-484b-473b-90da-06c6e9a743ec,True,False,False
67e19b67-c062-4cd1-bebd-ded3f2c409f5,True,False,False
67e2e41a-6bd1-4b59-a4a4-324a55ea64e5,True,False,False
67f1f413-c70e-4f12-b5a6-042b6dcaba9e,True,False,False
67fb0bf0-dd3f-4a59-ae2b-c3d81be0ed03,True,False,False
6805040e-d0da-4bda-becd-db30e9a90557,True,True,False
680a65d9-89d2-4d18-9225-ca11c6c61c2b,True,False,False
680fb144-6940-4931-85e6-16dda8d4e2d5,True,False,False
681685ae-65ae-4b88-9004-0bc325b9d38a,True,False,False
681738f4-5829-4793-a5f2-b90915fba837,True,False,False
681b8bbc-de9c-43d8-a858-fac94ce051ed,True,False,False
68312ca6-f171-4667-a7c9-e2d603c3a1ae,True,False,False
683e84e3-3eeb-4ad5-8db2-47395a571194,True,False,False
684d5fde-3c55-4b1a-960e-427b26264ce6,True,False,False
68524876-a5b7-4065-8594-c42e492de5a7,True,False,False
6852cb23-43a4-409f-8742-e1de1abfed65,True,True,True
68547335-8fc2-4f10-a7c4-53bdda78c64e,True,False,False
68587ee6-dabf-4a5e-8183-4425e82710ef,True,False,False
685eb9fb-9f3f-4fe3-a8b9-24aa903ebc5d,True,False,False
68668d93-0c1e-4c76-85b2-2b7fd7ec8872,True,False,False
6868f615-6c7b-4e9a-a434-5376c972186c,True,False,False
68745dd0-4d13-4682-af8d-db5a19fdb84c,True,False,False
6874d6d4-9b0c-49b0-ae3b-878cd346e5fc,True,False,False
687507ce-7c64-47d7-8137-e28dec10aa66,True,False,False
687f9a84-2564-43ab-8faa-e69d99fe0718,True,False,False
6884047b-d412-42b1-8cfe-b3a095095a72,True,False,False
68872d42-0dc0-4c6d-9815-905c52bd94ee,True,False,False
68886270-f06a-46db-8885-73230c0b90db,True,True,True
688f53d6-44b0-4219-af8f-8c62c464fefb,True,False,False
6894f88a-4c58-489c-8fa9-5fb4d54d31f8,True,False,False
689614fe-997f-4b57-976f-a4fcea3eb1ad,True,False,False
68a2d592-2a28-4cfe-b2b0-92757e30b6e2,True,False,False
68abb61f-40ff-4f0e-b776-1aaf7035deaf,True,False,False
68ac2bbf-7520-4477-815b-40c1f71c8d1a,True,False,False
68ac6d68-2697-4e44-8c2c-7ee6c46b316d,True,False,False
68adcdb6-4725-44ab-bcd7-8b06ec86ae9e,True,False,False
68add1e5-b947-471c-81d8-c8b121cc7116,True,False,False
68b4348c-a13f-4e08-9676-2ccf6581abc8,True,False,False
68b65b9d-3c64-1b24-197e-20675e5f1657,True,False,False
68bc6a85-ba5a-4688-a95f-bc506bcd1d40,True,False,False
68bcadb1-6f6f-4994-b3a0-b88350577bc6,True,False,False
68bdfa39-0836-412d-9698-11bba0dba1e9,True,False,False
68bf3823-4244-4ea5-bb53-ed90ee9aec0c,True,False,False
68c60b14-b0e1-4136-bbd9-294b0df55853,True,False,False
68cfdb2e-0766-464c-85f4-0613bb3d0d38,True,False,False
68edc030-19a0-4674-b040-b0da6ec3f3a7,True,False,False
68ff1701-4ff4-447d-be8e-85f13825b151,True,False,False
69076f52-98de-42cb-ad14-4ff9642c6084,True,False,False
690b2f69-da35-4f3b-945c-fa424559945b,True,False,False
691b9e80-b76f-4c3d-86f3-ed707867a09f,True,False,False
691c90dc-4b30-45f0-bb2b-7ace4ba8c79a,True,False,False
691e9a38-344d-4def-81a2-6d742c17e3c0,True,False,False
69266c48-75ee-4851-a4f0-76a99e36ca0c,True,False,False
6930dc60-5a72-4c43-bfad-4256c8522152,True,False,False
693370f5-7b8f-4b99-83de-49a529aa274e,True,False,False
69422120-2336-41d4-8a45-da575326cc0f,True,False,False
69489172-896f-4a8f-8cc8-efd2cc7e04c3,True,False,False
69584b45-b797-4cd1-91bb-d1d8c8393d22,True,False,False
696751a0-ee9b-4a6c-a01e-5107f4d9d1f6,True,False,False
696c5b85-ddd4-46fc-86e8-4a4fb26889f4,True,False,False
696cc7ed-7110-4beb-8e18-23dc16633d8d,True,False,False
696d7c91-2828-4af2-8212-2779f3c72739,True,False,False
69726a09-7176-4b7f-9690-f301ad082962,True,False,False
69739b68-6fa9-4491-a8ac-6c9b1e0b0638,True,False,False
697560b9-f178-4347-a1ba-804c84511155,True,False,False
697b5e1b-7776-4121-a276-8b054cac63c3,True,False,False
698e7589-7573-4a51-9fbd-4fb2fbbbd800,True,False,False
699fd968-afe4-4550-a08f-26522f0dfa2f,True,False,False
69a00771-0c28-e31d-7435-17d1011a4fb4,True,False,False
69a1c656-45c8-4fc7-b04a-998e1bb3a5d7,True,False,False
69ab058a-b221-41e2-9a4c-ff66641e38ff,True,False,False
69b2e929-9072-47b7-9c65-309394222a05,True,False,False
69bd1a77-f684-48ec-835d-6ffd9527ddb3,True,False,False
69cd0a62-69a4-4925-bf65-c7856488326d,True,False,False
69d537a4-77bc-4566-9cb8-f570147c7a68,True,False,False
69dabf47-74bf-49cd-9a94-4f1d0df8a81f,True,False,False
69e12e31-7e63-4796-b26e-2e86f28e3335,True,False,False
69fa31cc-fe5e-430f-8b89-f5506a57a51e,True,False,False
69fc916c-f729-49e2-8472-68405d4d5373,True,False,False
69ff6c55-94ec-40db-987a-cc2191987fc4,True,False,False
6a0063a3-597c-425a-a1da-499be8f8aa43,True,False,False
6a04bf41-95e7-4aef-b228-8477432e6ef5,True,False,False
6a0836b1-91f5-49e6-9a51-56683aa35272,True,False,False
6a0cc9fa-7363-4582-82ee-5c71456c9b5c,True,False,False
6a0d1863-9d7d-4147-93f5-17945660ced4,True,False,False
6a0d22e5-58d6-40f1-9f9c-23afd89bcb4a,True,False,False
6a1904db-979c-46d2-9a6c-8ca07d2be12b,True,False,False
6a1f5385-8b13-4934-bd9a-5b479da54ddd,True,False,False
6a2b14f6-dd1f-4166-a6e5-e91a32aba70b,True,True,False
6a3dcbf2-14c7-4a77-aaf0-09cfd79bf291,True,False,False
6a3e901d-69e6-46f8-b043-457a11448808,True,False,False
6a4f3f6d-2c25-40ed-9bff-ccedbcdc55ff,True,True,False
6a5107af-b45d-458f-b640-8845dbaa46a3,True,False,False
6a54b2df-274d-418c-8822-ab17f2bbf046,True,False,False
6a64081d-27f4-416a-a737-9b0fdf95a488,True,False,False
6a66fc40-c983-4b36-a58f-45f6db71972c,True,False,False
6a67844c-1c4e-4c9e-8a48-371094f161f5,True,False,False
6a6887ae-b0d4-4925-bae3-df31106d737a,True,False,False
6a699abb-bdf8-43b7-86b7-bb89f6e8d4ed,True,False,False
6a76ec64-e203-4c30-a0bc-87b226012928,True,False,False
6a8a88fa-bcc2-4f92-b068-c832d4a77a11,True,False,False
6a947d7a-8ca7-4330-b013-a201ae3edc9a,True,False,False
6aa062af-bf8c-49cf-8fa9-3f5a13b94dbe,True,False,False
6aa0ddcb-3d76-490b-b88f-da9714288ed1,True,False,False
6aa36376-ccda-4d14-9f71-d0d20a709fdd,True,False,False
6aaad4d7-46ec-42d1-91e3-712fac4931bf,True,False,False
6aab2304-2094-4dc9-bf22-a88bef7a8659,True,False,False
6aacf1c7-2024-4a3a-b340-fc3801b022c0,True,False,False
6ab57a82-5402-4f23-a968-72fb744a085e,True,False,False
6ab9d717-95e3-4d97-a78d-814226bbc021,True,True,True
6abc9193-9c5a-4d80-a1ef-eca404d9c4c3,True,False,False
6abed429-113c-4a01-894e-0bc41b2bf3f7,True,False,False
6ac7ada3-c172-49f3-b209-0c41425c65d7,True,False,False
6acd1490-8cfe-4a21-98dd-11714bc7f0be,True,False,False
6ad4a661-2996-4fa5-af99-a8163bd644da,True,False,False
6add1422-e1aa-408b-bd03-2a98a11cc82a,True,False,False
6ae5ee73-d605-4bc1-b5b5-09794e3f0f9c,True,False,False
6ae63c7f-f4e9-1a30-6747-d2a0119142cd,True,False,False
6ae8b97d-8a5d-4331-ba92-4b985b68afc8,True,False,False
6af1987b-f7ce-4f9f-b81b-f4f9617939ce,True,False,False
6af8e966-47c8-46dc-8cf8-f4546e896d87,True,False,False
6b117bcb-8aba-4486-83b8-b3761e9ba93c,True,False,False
6b1211d6-802f-432e-8033-c24e2e34a4cd,True,False,False
6b1b66dc-4d4a-4af4-a755-fb104bcff172,True,False,False
6b1d763f-6ec0-4419-b5dc-d288692245ed,True,False,False
6b246f44-bf0f-47d8-884d-094c10ea9d0a,True,False,False
6b2b63c5-9750-4c3a-ae80-20e1d657edd1,True,False,False
6b2d850c-de97-4fe9-a6a9-7a3bb09e5e61,True,False,False
6b2f672c-3592-4ff2-81c3-1b4655871e2e,True,False,False
6b340f21-8a54-49a4-8455-34adba6a841f,True,False,False
6b37d209-b204-4041-bc08-c99984a4c78c,True,False,False
6b3a42c5-8c61-4b73-8715-ddfc9d85dee2,True,False,False
6b3b75b7-2b64-44b9-b92b-368660657a89,True,False,False
6b3c2062-9ee1-4b0b-b906-fe5efbb940d3,True,False,False
6b4551c9-f42f-4959-a2a1-6b1f941800e5,True,False,False
6b4de9ac-76e5-e412-eb8e-b42dea7cfb24,True,False,False
6b560814-b0b5-4f01-95c3-09c2062bbb1d,True,False,False
6b5f8452-a1c5-446c-9527-c4023dbc86ac,True,False,False
6b5faee6-517c-4e45-bbf5-9e4cba976ca7,True,False,False
6b6a88c5-6f39-47fb-a4a4-9ac7d802e243,True,False,False
6b7af730-6f70-4dd2-92c3-bcf29196561d,True,False,False
6b7b3b46-75d1-4170-aa58-979a2a5cfd68,True,False,False
6b83c3f1-e40e-4273-a4d0-ea3b3f52b7dc,True,False,False
6b84c651-91fc-4930-817c-350f0f6f5af5,True,False,False
6b87b385-e161-46c3-9028-5e0007c9b1d6,True,False,False
6b8b6d8c-b546-45fa-96e5-ddf627bae443,True,False,False
6b9568dd-51e4-4597-9a8f-042ff2f1700b,True,False,False
6b96f878-c098-4a1f-9f12-f1d9d88f205c,True,False,False
6b9ebaf3-cff2-43ee-9eb9-f46baecb31bc,True,False,False
6b9ed965-5ab7-4675-83c1-5827dc62e6df,True,False,False
6ba090a6-a4fd-4581-a11e-dc2bda62c3e2,True,False,False
6ba69f29-4bdb-4479-becd-4210dff2c563,True,False,False
6baa2b79-4f8d-4e73-acd8-06a857625f00,True,False,False
6bb5b615-617f-4de9-9f92-8695126a4806,True,False,False
6bb63289-5291-430a-b56d-5ffaf808fe9a,True,False,False
6bb78e1c-db82-472a-b865-fa78fb5ddc60,True,False,False
6bbcd5fe-4853-4885-86cf-485484f82f22,True,False,False
6bc4594d-bef2-40fe-a373-efeb4ee69fcd,True,False,False
6bc87f5f-48f8-4ef6-93fc-b6a3832882a2,True,False,False
6bd536f9-7a74-4316-acc9-1375a68b4095,True,False,False
6bd620e9-684c-4f89-8148-3d269f51d905,True,False,False
6bd9fd75-71ab-4c92-92bf-48b3510e7611,True,False,False
6bda235e-bbe1-476c-87c1-1e2a2238e4d0,True,False,False
6be3c76c-15b1-40a9-8d95-69ff5fbdcc32,True,False,False
6be76573-d9fc-40d2-9d2d-c59084d758c6,True,False,False
6be7d808-ddcb-40ec-9b95-98e92c1ed9fb,True,False,False
6bf59677-a662-4917-8530-1380d10e20f8,True,False,False
6bf743a8-f898-49af-b024-1c0dbf4a6613,True,False,False
6bf9b993-d04a-43a8-9a7d-06c4d2ac534b,True,False,False
6c05120f-fd4e-4821-8a15-701977b6c565,True,False,False
6c1ed0b4-e054-4f99-8ec7-9e289cd765ac,True,False,False
6c1f1ba9-68cb-45a9-9eef-947a38060c12,True,False,False
6c29fadd-6b1f-4981-bdd0-bdb50bd8c9eb,True,False,False
6c2c82e1-3ac9-44ba-9699-321dfcbaf0c2,True,False,False
6c2f9e74-7a66-42cb-88c1-46626a91a871,True,False,False
6c3012a1-c1bc-4be4-8397-c07f1f1e958d,True,False,False
6c30e333-9ba0-4e56-97c8-8fbfb36b3c84,True,False,False
6c36e595-17ba-4bee-9794-8379c4405d22,True,False,False
6c3b1252-6cf5-4b64-8fd9-0f12bcf1c4ce,True,False,False
6c46a8e3-b947-4fd4-9e25-c414e929759f,True,False,False
6c4d7f55-0eb9-4271-b3db-99a23ab3f971,True,False,False
6c5d7f96-5ee1-449f-abe6-4631d7f4db85,True,False,False
6c5eca5d-c118-440a-b56e-78e43a50ed64,True,False,False
6c648b1c-9891-4247-80e6-9f1a56d382b1,True,False,False
6c657e28-bcd9-4845-8039-8cf225d06c3e,True,False,False
6c665998-da56-40ce-8742-8ecbabf1d3a8,True,False,False
6c722ba1-4447-498b-b86b-8447027c41ed,True,False,False
6c776900-c23a-4b94-abd4-8791a3a7d32b,True,False,False
6c7cbced-2344-44ac-b69b-d8a48ff67da1,True,False,False
6c7f73db-9f59-4e57-9ef6-3c3465b70b34,True,False,False
6c811670-9f82-406d-927b-97e1f89b8398,True,False,False
6c814738-3cd0-4ca9-b6dd-f56173882219,True,False,False
6c81ffa2-920f-45a6-99b9-32a4d488a219,True,False,False
6c8bc1eb-2fa3-4a51-8160-30d815370956,True,False,False
6c9e23c4-8db7-4096-918e-2224d4e6bf68,True,False,False
6ca20dd5-6a3e-4629-b913-626b9cdb7704,True,False,False
6ca8edc9-5bee-4926-97a5-08e8b619b759,True,False,False
6ca9694c-7b66-4a31-956f-1636ede95f12,True,False,False
6cad0cd1-21c7-4bae-b582-c1901bf2a2f6,True,False,False
6caefee1-5089-488a-9338-05f7c46149a5,True,False,False
6cb13f05-f1d8-0d87-9f2b-f434ff3694d2,True,False,False
6cbff527-d123-494a-a4ac-252bd29637c0,True,False,False
6cc22818-847c-47ec-ac2c-f43bc95f1838,True,False,False
6cca5906-a378-4ec9-9329-a119ad629513,True,False,False
6ccfd9f0-0c3a-468c-a531-befaccb53838,True,False,False
6cd19c59-e336-4657-8dee-29d96b00f9a0,True,False,False
6cd2956c-f14f-4904-bddb-105ecdfd4279,True,False,False
6cdbe63d-f97f-43f3-8722-c161e2a69c4f,True,False,False
6cdc3d67-ed72-469a-8585-d2bddf409db1,True,False,False
6cdd05b8-9e29-41eb-9872-bf4cb9712c4f,True,False,False
6cef952e-959b-406c-8a50-2003db4f7735,True,False,False
6cefe04a-1e67-4bd2-bcd1-7d73d6a0c9f6,True,False,False
6cf25710-4e5b-4db3-9ba2-bb751a89d39e,True,False,False
6cf67d9c-9de9-4560-a923-dd0d5dbcef78,True,False,False
6cfa363b-f4c7-4ab9-9be3-24f28240ba7e,True,False,False
6d027a1d-eddf-4471-821c-59dedb67418f,True,False,False
6d03d60d-bc19-4e51-a1b0-4a9d4dfd72ce,True,False,False
6d078361-3392-448a-aa5d-e08bbeca3443,True,False,False
6d182155-e047-4536-8452-ed34bf17510d,True,False,False
6d1bac0e-b842-47b5-a58a-95e1135ddbf2,True,False,False
6d1d6592-4301-47ee-bed4-c21c96108950,True,False,False
6d1dccfd-d71f-4bff-a625-22a80ba85ffe,True,False,False
6d209c1f-33c4-4f77-a61f-e2a213fd917d,True,False,False
6d2af295-ca93-432f-95cc-f471744dfa57,True,False,False
6d32ae9b-75e4-43df-8746-8680c6a768c6,True,False,False
6d4536ab-eedf-4368-9803-d8d3c5fe3c6d,True,False,False
6d494d32-e4b9-458c-8a8e-9370a90eab43,True,False,False
6d4aad43-a7e0-4f2f-9585-43721b60c22c,True,False,False
6d4afc5d-5c31-4eac-822c-e38ef9d154e3,True,False,False
6d4eb976-08a0-4b34-acf6-7304cb5345eb,True,False,False
6d52d764-78e0-4b10-84f0-ac1d661af407,True,False,False
6d5ab835-7e54-4d60-8152-d81292ee7fb8,True,False,False
6d5f0365-c3bd-4ea3-be17-9895c3a3c141,True,False,False
6d63c721-52f7-44d2-a8eb-2eb0aa5b7228,True,False,False
6d65168b-8853-4b68-87b4-6675d260b647,True,False,False
6d65654b-ea39-4fcd-8bf5-276c4453bf96,True,False,False
6d665fab-d900-4eff-ac0c-d50c184874bb,True,False,False
6d7138cd-b28a-4f0b-9238-ec30453316d7,True,False,False
6d79d1f8-12a1-4a88-8862-e760815eb8a9,True,False,False
6d8261fe-124c-4b31-a8b7-0b1a3e6a4977,True,False,False
6d84fd78-3c6b-4591-bcd6-321f609f177a,True,False,False
6d88ed28-02c6-4e02-b860-a7e591156d7f,True,False,False
6d89ec3b-8fae-4eac-9770-c490ceb0883f,True,False,False
6d96f4b1-afe1-4477-828b-c0028982f896,True,False,False
6d97fbec-c788-4d2f-a59c-19dab96b6048,True,False,False
6d9b0475-4f65-7137-d92a-11bbb5edcf93,True,False,False
6d9ee374-691d-4741-a5d2-663d9e9351e9,True,False,False
6da5e6b4-50f1-4216-b5b7-4f6fbabeaf21,True,False,False
6dad05da-a718-4f05-92bc-1ed9796404cd,True,True,True
6db20ef0-cc6c-4a4f-9862-29a7289b16e9,True,False,False
6dc53a81-1330-4d9b-b220-b586e5f755a1,True,False,False
6dcce8ae-fc8a-4cd8-9a72-2738636ab6d3,True,False,False
6dcd3bd2-42c5-4d5e-9788-3a5a7820e929,True,False,False
6dce75d2-e455-4e52-ab65-af16e36f64cb,True,False,False
6dcfb8d8-06e4-461d-8784-b3913715b821,True,False,False
6de823ac-f66d-4fd5-b154-fef248f6c5a6,True,False,False
6deeed5b-dbcd-44d0-9cae-4ae58f92bc18,True,False,False
6e08847c-e904-478f-b9c2-950a506ec21e,True,False,False
6e12b1a2-3636-48b0-9253-dc2fb2c3a8fe,True,False,False
6e1c0822-9c37-4e51-9087-743aaa427510,True,False,False
6e1f623c-9b4f-471b-afe1-5ffe88dfd277,True,False,False
6e247ce0-bc67-46ac-95ca-8a9c0cd8c6b7,True,False,False
6e2872dc-aefb-4f87-afe3-8bf22480dedc,True,False,False
6e2c6bee-1ce4-4b13-8d65-e427d77b5ed8,True,False,False
6e307603-dbf8-46b4-8926-54b4c644adaf,True,False,False
6e32fdb0-c0d0-4132-aea9-e8885b4b67b8,True,False,False
6e334a32-3842-4f7b-88be-a17dfaf1c81b,True,False,False
6e3f58df-110a-448d-9975-42a14a1e0955,True,False,False
6e412923-06b5-4922-ba07-f0016a838b95,True,False,False
6e48f3a1-aeb2-45bd-8d03-a6d6b0a72d19,True,False,False
6e4c6744-80bb-4cb0-868a-d83327469c18,True,False,False
6e502476-2b34-442f-a254-ba40e9fdf723,True,False,False
6e5358f3-66a7-4637-87e1-7e326f44f924,True,False,False
6e55d93b-29c6-4390-99c0-e396de39525a,True,False,False
6e571342-741c-4ae2-a95a-6449403c1722,True,False,False
6e5a21aa-7777-41e5-be50-e65a1aaa85d0,True,False,False
6e5ab306-9ad7-43a3-9f68-b3eeba4e2da2,True,False,False
6e5cb06a-227c-4c29-b195-324e4850ab26,True,False,False
6e614d3e-8762-4b31-8f4c-77a326b12b66,True,False,False
6e6ce716-aeaa-4e07-9f1a-61d3cbf9fbe7,True,False,False
6e6d346c-c2cc-40ff-842e-f35dd2210590,True,False,False
6e6fa7fc-bc6a-468e-8628-cc0d974cf254,True,False,False
6e791f0a-54b2-410a-8ec9-95fe54a0004f,True,False,False
6e7f4c71-9a89-47ca-a39f-b6c4e25c37cf,True,False,False
6e80b265-f256-4717-a7d7-e84ddaa55170,True,False,False
6e8817a5-2da7-4b5d-a02c-49b39fb43674,True,False,False
6e88ca2e-67be-4c22-b13f-8b40cf6b4f3b,True,False,False
6ea0318e-674e-4da2-b5f9-d01a94326f5c,True,False,False
6ea05752-193e-4547-a90e-7ffb34af8a43,True,False,False
6eb232b1-0ff0-433e-9f92-ad416b33564c,True,True,True
6ecd295b-1c45-4a59-ad17-4f4a13a3d23e,True,False,False
6ed07355-c1ec-41ea-8098-e5bb0a24153f,True,False,False
6ed3acf0-1837-400a-af03-bfc13361680b,True,False,False
6ed3b979-7dd2-4f40-b138-7faa89c06bc3,True,False,False
6ed6a9f0-64de-4cb9-b70c-af625270371f,True,False,False
6ee411f9-dfda-4964-9598-cda7bbc39b0d,True,False,False
6ee59d84-be94-4a76-bbbc-0cccc8eee3ea,True,True,True
6ee9cea3-0691-4048-9b2d-c69cc145576b,True,False,False
6eedf360-2056-4994-a707-1cd29e2f7a33,True,False,False
6ef05501-9823-4546-80fd-923d81d4782b,True,False,False
6ef699d3-f6fd-4733-9fe5-4fbe8892fe80,True,False,False
6ef6f8a2-3124-4bfe-b5de-41745485f580,True,False,False
6ef8af0d-411d-46db-b4bf-a2fefe10efc3,True,False,False
6ef9ffd8-3e27-4a4e-9487-312e6c1f4604,True,False,False
6f06ec05-2888-44f7-976e-de0e707c0b01,True,False,False
6f186d0c-ed06-49b4-a04d-73e30f0b6ead,True,False,False
6f18ad31-7d35-43ad-8fc6-5a28fd0dbf50,True,False,False
6f18cb72-62ea-422b-8190-955cb19d7654,True,False,False
6f18e80b-2eb3-4902-8993-13b0bb14b0cf,True,False,False
6f19fc75-3fee-4406-a9b1-eed20dd3cead,True,False,False
6f1e4c6f-dcfa-47a3-a82f-49152c68f6f5,True,False,False
6f2895f6-91ff-4627-811d-de687933f7a1,True,False,False
6f291c5a-f9df-41c5-adc3-b3f9de2a7047,True,False,False
6f295c15-2984-4006-aa04-2200178b5b68,True,False,False
6f2c34c5-504d-436a-b50b-3383315e4f51,True,False,False
6f2e3ab9-6d73-43ac-b336-e1c413db60cb,True,False,False
6f356c42-c728-4b41-92cd-163a0368be76,True,False,False
6f3f9312-5828-4d94-8692-e01d383c10fa,True,False,False
6f4136a7-a02e-40cb-a432-9c1663e56c34,True,False,False
6f588341-d90b-403c-88b5-754cddd55ad2,True,False,False
6f6c15ce-b3e9-41e0-8852-44cc21183595,True,False,False
6f711891-fbbd-4864-b2fc-732a3da313d7,True,False,False
6f7f3a63-7c3d-4c15-abbf-cd252b033fb8,True,False,False
6f83e90c-ec90-472c-98ab-d07e76799667,True,False,False
6f84ca96-64d3-420e-a98b-e9337468e005,True,False,False
6f85c856-7eef-4e22-b00b-240e42aa16fd,True,False,False
6f897410-ad4a-46fb-9267-d266b809313b,True,False,False
6f8ce6b2-c35a-40b7-8e2b-7262689a9eef,True,False,False
6f94d326-d39d-42cb-83df-23dc4f1f1b7e,True,False,False
6f996180-4640-4f23-9d51-7ae4f8c09d62,True,False,False
6f9d1eb5-b384-4920-a016-150265c52c7a,True,False,False
6fa21019-47db-46ad-bb08-39020feea3a6,True,False,False
6fa2a8a6-f92a-4b5d-bf9b-6b45b80b5fca,True,False,False
6fa7b236-8914-42a8-9881-caa56630711a,True,False,False
6fb06bea-103e-4e09-a448-9aaa6e32dcfb,True,False,False
6fb4068a-5a5a-42e6-b280-f5eeb7e9f15b,True,False,False
6fd44886-00f6-47e6-a967-c4c67467f361,True,False,False
6fe1f558-953d-41b8-8105-2fdbc3296bf0,True,False,False
6fe68311-a4c7-4daf-9d2a-b7d3d9d0715f,True,True,True
6fe9880d-61e4-4c80-80f7-db16dbb37b1f,True,False,False
6ff28a1f-430f-403a-a039-2b87fb59f0aa,True,False,False
6ff2a8f9-9167-4901-9cb8-c3abb3a3fbef,True,False,False
6ff63679-a373-4dc3-bd3e-64eb16f1346b,True,False,False
6ff68bb3-efcc-40dd-951e-bd9370f554ff,True,False,False
6ff98b78-8166-4e15-9651-4f91ddca6e95,True,False,False
6ffde7b8-4453-4827-8ef3-b8235515a457,True,False,False
700da4b1-dd59-4aa0-b167-0abe7d349276,True,False,False
701539fd-6aa0-4003-8b14-ea8cdc197f5e,True,False,False
70166c9a-1c4d-4988-bace-c319bd02bc04,True,False,False
70191ff9-46de-45ee-9917-9faf2ab802b8,True,False,False
701d73ad-475a-4587-b5d6-9049d004b294,True,False,False
7023c3da-9641-4745-96f7-7281abadd10a,True,False,False
702ad124-bcea-4ac7-a104-5ee5b76616a0,True,False,False
702fe876-03cf-4328-85d4-00a1d327460b,True,False,False
7034247b-77c2-4eba-a377-8e6e9dfaf3ab,True,False,False
7041682e-b496-48c9-9392-3d68797b42d8,True,False,False
70447744-173a-4ccb-94a2-0537cf3f7753,True,False,False
704556f4-b18c-4f35-9ed4-e3722396417d,True,False,False
7045623c-ffb0-4e81-bc92-69886e9028e8,True,False,False
70544337-c8dd-4dca-bcb9-1d091631685b,True,False,False
705c59f6-616d-40a0-98d6-d807453db59c,True,False,False
705c7f11-8284-41da-b077-27c3cc77a953,True,False,False
705dcf44-2111-40c8-b31c-58a1d1acec77,True,False,False
7067ca3a-d1b2-4448-b993-2c517a45bf5b,True,False,False
70686050-aa43-4d3c-b80e-51513fc23ae9,True,False,False
706d63be-4308-477c-bd25-5ed82a9e121a,True,False,False
7079596d-977d-413f-a09c-a1e186990f6d,True,False,False
707afdca-acef-4299-bfa6-c19f74269896,True,False,False
707e091d-853d-4b39-82a7-56c303c74015,True,False,False
707f5c03-aaad-4636-8605-e297d508e34f,True,False,False
7082854e-2aef-454c-a683-1c292772d21a,True,False,False
7083614c-4a7a-4010-8c51-92e8c7ea3bfd,True,False,False
708803c0-467e-4983-9d7f-2c026216206d,True,False,False
70922716-1b08-40c0-9d7e-6acd845cb4fc,True,False,False
7098aaf6-53cb-4c44-81d1-fc83a550ab21,True,False,False
70999ce1-0cc6-40d0-980b-d424b4ddacdf,True,False,False
709bdc42-5270-4c2c-8313-e064b32affea,True,False,False
70a4a69c-0c3b-eeec-a123-32fe2e105e6c,True,False,False
70b49b73-9ee7-4f83-a70d-0a38c9a7c8af,True,False,False
70b6103d-d45f-4b95-bb35-e486560dbaba,True,False,False
70b88cb7-1769-4efe-bb33-50493f917d38,True,False,False
70bebc09-2515-4614-add6-f9db92534e11,True,False,False
70c0ccdf-9452-49cc-bfa5-568096d64680,True,True,False
70c21c80-fb4f-4586-b3b9-2c2c36a4dd01,True,False,False
70c8c400-7b4d-4b98-9401-4d6181b545fc,True,False,False
70cb69fb-2cad-49fc-9d9c-045a04e229cf,True,False,False
70cc4221-1559-4ee5-870d-f0138d5d9d8d,True,False,False
70d073c8-67a9-d890-26ab-3b6bbc5d24fe,True,False,False
70d68e7b-8bc7-4189-a3f3-fe012bdc74bb,True,False,False
70e78ebd-e97c-4e3e-a5d1-e604a76a5f5e,True,False,False
70ea1ac4-2c49-4a8d-b015-4e34d335acd4,True,False,False
70eb4762-30fe-4f8a-8b55-baf9645cd0c2,True,False,False
70f35788-6179-408c-8fb7-732f171d7ff0,True,False,False
70fb20df-a0b6-407f-80fc-3217712814d3,True,False,False
7100012f-fb63-4048-b534-0d8f8bb414c9,True,False,False
710393be-76c2-4dec-8c3b-5b91258a0f07,True,False,False
7105e489-2d97-41a5-a390-2728630935af,True,False,False
7107fa16-ecb3-4bbf-82a6-55aaac2052e5,True,False,False
710b4499-c623-4307-b1e0-6fa528b07bc3,True,False,False
71129812-06bf-48ef-93e8-77cf2b605b1d,True,False,False
7118b1ce-beb5-4b52-870e-4a3c6feb9e04,True,False,False
7134c5c0-f280-4cb3-b56d-f9043b6a21b3,True,False,False
713b2c74-1523-4b83-89bb-6cad7757d22b,True,False,False
713c1995-2697-4605-8a97-83f4c71ebd69,True,False,False
713ddc98-a286-4924-88f6-1019120d3aff,True,False,False
713f2fb2-9c44-43e7-b23f-553f38be19c6,True,False,False
714b6731-dac2-4f79-99ea-ba2c08775176,True,True,False
714ead66-9c6b-4098-8d57-f855384a93a7,True,False,False
715c1ee0-0f4c-467e-808e-f1202494901b,True,False,False
715ed888-cb63-4baa-9b11-695aac5dd9a5,True,False,False
715f0426-09d6-4bac-9978-c42ebccca33d,True,False,False
716a208d-a98f-4eb4-8981-83380d892086,True,False,False
716c7f7c-2302-45b3-b999-8f6998f439a1,True,False,False
716cc33b-9f94-46c0-a5ad-f37ba97295dc,True,False,False
716ef470-97a5-433e-bb2d-2f3019dc4389,True,False,False
7171a2b1-70e3-4596-a5a3-79f8c93af549,True,False,False
717832f0-9f85-4918-a218-cd22dcf3b082,True,False,False
717991ee-582a-4028-86b5-7343df060647,True,False,False
717ed23a-f43e-41bf-b144-0f218213ec04,True,False,False
717f3393-3e86-4df8-9e70-6542666a2e1b,True,False,False
7186d36b-7168-4d42-8ff0-b5c2b15830c8,True,False,False
718d0b71-ff67-4681-bcbc-ed7ab0e28f99,True,False,False
718d715a-8aec-ac52-505c-b1fefb7c8a40,True,False,False
718dd7bc-e7f8-4dd1-8bff-705492d5f386,True,False,False
719892cb-73a2-49a3-8fa0-345cee2bcb53,True,False,False
71a85220-2496-4b50-a1ac-acaffa98e651,True,False,False
71aa5188-0e5b-411e-aa8b-a04167b62332,True,False,False
71b3e2af-62fb-4532-a547-5b8c1a27a60d,True,False,False
71bb99a3-aaf0-4b4b-8eba-98b0f419ba4c,True,False,False
71bbf77d-ce3c-4dbe-8ea9-6e89949af2f6,True,False,False
71bd91f7-06d7-4236-92c7-2adc75795754,True,False,False
71c0ffb8-eaa6-4dd2-a49b-5e5092dd47b2,True,False,False
71cb8a25-7dab-477a-a46c-353cc46ac119,True,False,False
71d1d3f4-3961-4890-828b-ba539ab23d6e,True,False,False
71e529cf-d6de-4f96-9362-e1c15992eaf4,True,False,False
71f33064-7633-44b3-840e-ee71accfcb32,True,False,False
71f3347e-148a-412a-bc32-948b4f221051,True,False,False
71fb8b44-32f0-42b5-89a4-5c0e3cbdf87b,True,False,False
7203bd1a-3f35-43b9-be71-f98305a67fb9,True,False,False
7205b8c5-99f6-47d3-bbc0-6ce69e051dc3,True,False,False
7207de47-b6e7-4957-9f2e-0ec8c7067154,True,False,False
7208b73d-5438-47b4-8ade-d18b03b59881,True,False,False
72093337-5bdb-4c9c-a9cb-d5302e53957e,True,True,True
72107246-f98f-48a1-a6dd-a4235682f127,True,False,False
72146d2f-fb44-4546-b6ea-5116b8f6dafd,True,False,False
7217cfc8-82fc-435e-bfc7-1897782fad56,True,False,False
721c72c8-e48d-4eec-aa29-ddae39983cc6,True,False,False
721e9737-a61e-4433-9da0-4d17b2267b17,True,False,False
7224e262-cf3a-41bf-9fca-d68b6a588206,True,False,False
72292785-9700-4c67-9794-20f88f333b62,True,False,False
72303e7d-7f46-4cb3-a64b-67c0a7329eb8,True,False,False
723a27dd-4e87-4b36-a4a1-00247e567e2f,True,False,False
723a4611-2a88-4e0f-a4c5-6e49ea19e1cb,True,False,False
723ad55a-2865-4374-93d7-90661fca530c,True,False,False
723c98d6-49f3-4943-b668-311769f12b65,True,False,False
723dfb3d-7090-446d-912c-29a2ae110a10,True,False,False
7241d4ac-e315-4c32-98d6-78d31e22582e,True,False,False
724cc725-fe05-4703-8866-7f0381cc244e,True,False,False
72562fc2-10c6-430e-aa98-74b18d6e2bd1,True,False,False
7257d684-cbde-4de9-a4e4-870d610d861a,True,False,False
725bf8b3-7235-4849-bd71-5ec32c6ae764,True,False,False
725edbac-cbaa-4fe8-b5b9-0350eb80f06e,True,False,False
726a6477-7e61-40fd-9391-d1797dcc01be,True,False,False
726dfccb-fdb3-434a-893d-0f9a153d4e81,True,False,False
727434cc-e490-4c18-8733-5e77bd8f9fea,True,False,False
727a9607-29b3-4afe-b753-8ac0e02736a9,True,False,False
7280d073-eea9-40ad-af8e-495934359f73,True,False,False
7285237f-1174-4329-b911-6d13b9f211e4,True,False,False
72869e70-5093-4892-9946-3d5258ce90d8,True,False,False
728c5841-340f-4b26-802e-bc26450df68b,True,False,False
729090ca-c038-4b4c-8c8a-62eff72ee8c3,True,False,False
7290ee5e-fa57-4d49-8c0b-91176dc7a797,True,False,False
7292b60c-a1da-43eb-acce-b3c8246a2fc6,True,False,False
72986f2c-57c6-4ddf-ad48-fa263796ae16,True,False,False
729df503-3281-4eb7-aebb-aac7f1d37b3c,True,False,False
729f2dcf-b3c2-4b19-86d6-f03932fdb0ef,True,False,False
72a069a1-c7d1-4cef-a876-6c35c4e09fdb,True,True,True
72a109fd-8c28-4a3c-acfa-67a26d7325ab,True,False,False
72a176c5-7517-4fa3-80d3-b5e6345e6f62,True,False,False
72b195e7-f8b1-4c36-aa99-f25feef512d6,True,False,False
72ba9713-dc1a-49ec-bbbd-df95f430e06c,True,False,False
72bbfdad-b87c-492f-af15-80b9ef2ef810,True,False,False
72c8ea08-e99e-4fcb-b4d8-dde319a37313,True,False,False
72ca8d3f-2465-41c7-9e70-99805718b934,True,False,False
72cf0d17-d67f-484b-b0e2-f1d84d7b8a4b,True,False,False
72d8c212-b170-473c-9ec1-b64e6d3d3bfc,True,False,False
72db21ef-3fce-4a66-e636-5af0968e6e92,True,False,False
72e1469e-68f8-46f6-80f9-0ed35947e7b2,True,False,False
72e84d5e-74e0-4238-a7d7-34828b5aba01,True,False,False
72eb5630-2cce-4e9a-8a25-831f0bae1c8e,True,False,False
72f1c258-6c28-4014-90f0-4133e3fa843f,True,False,False
72fedd72-2e28-4f2f-8238-eee73010b927,True,False,False
73097215-6e84-4a0e-a0bb-4daafecc6ac0,True,False,False
730b6973-c0eb-4d9e-ab24-38e765cc14bb,True,False,False
731635e5-bed0-4943-9586-ea1e4a82340b,True,False,False
7319b3be-bdb4-40e2-8892-c73e43c4aa67,True,False,False
731a0087-9cb4-44f3-949c-1cd67efb5efc,True,False,False
731b4970-cbc9-42ae-b756-fbc0cabb925e,True,False,False
73216432-6c89-46f0-b013-dc4e3dfdb359,True,True,True
73256fe7-f1a8-34cd-df28-bd762c5d667f,True,False,False
73298d20-98da-407e-a608-12c601f83109,True,False,False
7330061e-0366-49af-a875-1d5cbdc32ee9,True,False,False
73325a05-e54f-46cd-aa09-f1430debfbc7,True,False,False
73395cbd-bbec-49f7-8ce0-da1523282a21,True,False,False
7342e082-7b01-46c3-a6e0-8fe482d3d7c0,True,False,False
734314aa-fb53-403e-a7d3-c992063a5bae,True,True,False
7345c6aa-20cd-4656-b87b-6e8d25f3dbe2,True,False,False
73492a74-3cab-4780-a7c6-07a0d2f10ace,True,False,False
734d90b8-4d18-4136-bcf8-d261b1fa2390,True,True,True
7362d5dc-9dc6-42fe-8b15-a6320119544b,True,False,False
7364a98d-19b2-417a-9873-6a58347f8557,True,False,False
736952a5-af93-41b8-9590-57d969f345e6,True,False,False
7369b6c2-4dd4-4506-b161-0b9728e958fb,True,False,False
736b5191-8880-4078-8a2f-e49cd6c5ee34,True,False,False
736b84e6-9dde-490b-9027-641516ba6291,True,False,False
736cfd44-94e4-4fc4-9ef7-1cbd1700a220,True,False,False
737a119c-4526-48f2-a439-3c428c595d4a,True,False,False
73801dce-32f8-4137-9234-6dba6cb6d76d,True,False,False
73835ac8-773d-4e3a-9127-811de4c48ee9,True,False,False
738653c3-0bd4-454a-b8af-d997ef1d9797,True,False,False
7389f833-f988-441d-b746-c1a5662d99c2,True,False,False
7393c9d4-8e43-4eea-a805-e09c60da85b7,True,False,False
7394d38f-66e5-4a64-a8e4-11d3279c0f9b,True,False,False
739765da-ecf4-4377-8de1-bcc8d2b7d17a,True,False,False
739b983b-2ee6-4671-9df6-ecacd34a9bd6,True,False,False
739fa793-aa27-44ca-b6fb-c813c24b83ce,True,False,False
73a86f65-eaf6-45c1-97f4-d208f7baa140,True,False,False
73b466c9-3dac-4ea3-9a6f-5708ddc2861e,True,False,False
73bbc596-2496-4aaf-855b-0ecb96086fb4,True,False,False
73c633bc-cc07-4279-965a-b632477f9ff6,True,False,False
73ceb9d6-0998-461d-8162-86e3607ab944,True,False,False
73cee25a-26a3-46b7-88c0-5b859c1fe8f3,True,False,False
73d02448-240f-465e-b0f2-b9e869bddc0a,True,False,False
73d7b337-354d-b485-4497-4aca5a43beaf,True,False,False
73dcb65d-12cc-4ed1-8274-7f43c65b9c75,True,False,False
73df02c7-a9b8-4beb-93fa-d115242b86c6,True,False,False
73df0691-dfc9-4f1d-aa14-f3a59e63e9d8,True,False,False
73e058b2-3156-4908-824f-17d02d807c0e,True,False,False
73e2d28c-fec1-4d80-9a3a-b2ab6c6ff15a,True,False,False
73e4e5d7-dc72-4ad8-bbf7-95096ebce171,True,False,False
73e7fc6f-54b0-45c5-909a-77df0cc69ffd,True,False,False
73f3b770-b223-402b-8fbd-df4ec9f7b3c3,True,False,False
73f508d9-d0df-4f7f-9777-f586bfe6667d,True,False,False
73fa4950-12ba-4f39-8fbf-e47f167a75df,True,False,False
73fc2d95-5de5-4b38-8bf0-8c74882d3bd2,True,False,False
74007bc6-b23e-4636-8b36-18503b6e1068,True,False,False
740bb865-48ed-4981-b5e4-9448daf915d5,True,False,False
740c2a3a-96b3-4b39-86b8-821dbd1da09e,True,False,False
740fc7c0-cd24-4d31-996e-f79781716a2e,True,False,False
7410321d-348e-458a-bb9f-bb3eb95ff4c1,True,False,False
741897c8-962b-48b2-b2e1-e96346d477db,True,False,False
74189953-2542-4104-a33b-764a44fe799a,True,False,False
7418f197-3078-495a-a0f7-2d221dadfcf8,True,False,False
741cd044-4172-4b1a-bdf0-0731431cbc5f,True,False,False
7420aed1-f700-425a-b597-d2ac40b43eb2,True,False,False
7422b145-70c9-4ab8-a3b2-993e3113eee6,True,False,False
742aba02-727b-4d15-9222-6484ac846173,True,False,False
7435772c-d863-44ac-b490-334262ae2fe6,True,True,True
7437ae57-c56c-4013-8a92-e51ffef5a425,True,False,False
7440f2c4-a866-4a9d-b4ac-021025e6cdba,True,False,False
74417e81-c996-4f1e-b6d4-d801b808b5c7,True,False,False
74420c8f-2376-45ca-9bb2-8f34a2bbdd62,True,False,False
74435e7d-71d3-43f3-ba81-2ecf8059c253,True,False,False
74453456-0ccf-4d9d-aaf8-b7562a73915b,True,False,False
744e32d7-f72b-4783-a7a0-49a7b0fb4cec,True,False,False
745f2050-1958-4335-94f9-1ffd4cf500d9,True,False,False
7463c4b1-753c-4d9c-a961-b4a4c69b7fd0,True,False,False
746821c8-0218-41f6-d215-011ec5578903,True,False,False
7477c9f4-788d-4521-ab3f-e06b3bae6e48,True,False,False
747a387a-6d08-4d9d-9757-a15007ca6f4b,True,False,False
747aed5b-13c7-4a80-9f6e-8bee10063517,True,False,False
748a0c8a-93c4-4967-8b8c-82e97a830573,True,False,False
748b77d6-f17f-4a2a-a5d1-f3627479bcb0,True,False,False
7496082e-0b81-4c6c-9110-0e2ae298b3fe,True,False,False
74969be0-0138-4ac0-858d-db79be4dcf93,True,False,False
749775ce-7dae-45c6-bceb-22b47c0728a4,True,False,False
74991d49-e5df-4a57-9716-e66713eaffa1,True,False,False
749c8861-4f2d-4908-9a0a-22aa52d6d6a1,True,False,False
74a1778a-dd80-4810-be65-7225d4067b9e,True,False,False
74af0d78-fe5e-4ff1-bba9-1e298616cd64,True,False,False
74af8b51-ffd0-426c-9e71-c0143fddf74c,True,False,False
74b7f038-4100-440a-a657-d705c8642117,True,False,False
74bb4345-f708-42ca-827f-18541fe106d3,True,False,False
74bba8e6-9cbc-4e5b-a897-f73a9ecf2efb,True,False,False
74c06db6-f144-4696-b834-f8f201028fdb,True,False,False
74cd0f09-d651-465c-95bf-42718e1f82a2,True,False,False
74d3567b-fb26-471d-b716-bac061d0bf2f,True,False,False
74d87945-0c36-4c4a-b539-3a9119ac4e50,True,False,False
74d9f32c-896b-46e6-a36b-266e48168e01,True,False,False
74da67ad-9aa4-4812-a22e-c4894230ee71,True,False,False
74db1488-59a1-4577-a1d1-3ce7166356d7,True,False,False
74ddc3ea-8bc1-4f89-99b6-64b4a44c7e09,True,False,False
74eae60e-7581-4ca2-b0b9-5036f311b6fa,True,False,False
74ed60ed-cf58-4d2f-9d09-025d6c250bb5,True,False,False
74ef241f-4a84-4c5a-a40f-676bdb29a9db,True,False,False
74ef8c21-a5b4-4adc-ae56-8fd7545d537f,True,False,False
74f0999c-89ef-48b2-bdb4-19a1452fac26,True,False,False
75030ddd-63a2-4ffe-b8f7-b26619893817,True,False,False
750c3665-94ea-4148-9961-85303df452d7,True,False,False
75207786-6bf8-4fd3-9ebf-0f51bf38fb8f,True,False,False
75212b37-1528-434f-ae0c-5b2ee7b56cd9,True,False,False
752796d6-1ec3-4bc4-a570-7994ba4b303b,True,False,False
753611bd-2761-4619-810b-a94eb5f2e4b2,True,False,False
75363f4e-0880-48f7-b27d-10f38039dfc3,True,False,False
753c5739-a6bc-407f-a3ca-229edb20f34a,True,False,False
753df07e-476e-4afe-a50f-70eb97c2ae6a,True,False,False
7545ca30-b04e-473a-82e5-e075db7adc85,True,False,False
75463ebe-71f2-4924-951a-6d4e45856e0b,True,False,False
7548773b-383e-490b-b3ca-92b7092ef8a3,True,False,False
754c7e3d-ec1f-48f2-8be3-fff4b4254582,True,False,False
754e8521-fcd5-4352-b7d8-af03512b7203,True,False,False
754ebe1a-828b-41a2-af75-7bb59f166800,True,False,False
7551178d-4177-4532-b334-aecb8cc693b8,True,False,False
755349b7-5adb-4e22-9c27-fbf1e3e56f46,True,False,False
75535821-640f-4026-b112-d8f3f1da75ed,True,False,False
755422e7-9040-477b-9bd2-6a6e8fd97387,True,False,False
756218cc-26a6-4de7-a21c-5a54d68133b5,True,False,False
756a8b36-8e50-045a-7b6e-8b42244f4076,True,False,False
757736a6-41f2-4cbd-ae06-5185b095480e,True,False,False
758c473c-346b-4c5f-8493-c1066f4f08ac,True,False,False
759048f4-b6d6-46e7-8bb1-5271168368a3,True,False,False
759399b8-5c95-44c1-b1ae-da1b2583a868,True,False,False
759cd914-b5cb-441f-bb18-bf25bf98fd8e,True,False,False
75a59017-1269-46ef-97c3-1f9d1f5d46ce,True,False,False
75ab036b-59bb-40ca-91e3-ee965f5e0f18,True,False,False
75b000bf-1992-413c-81c4-a3df5318c32c,True,False,False
75b91d1f-e2b8-4317-9a68-772143e0ceb2,True,False,False
75bad456-65f5-44cd-8ce6-bdb29d787690,True,False,False
75c35801-ce60-44b7-99d1-838ae6fbc97c,True,False,False
75c46bf4-0926-4282-8c47-eed70e6f24c9,True,False,False
75c4fd43-8d72-4938-abb9-ed6f262b5b32,True,False,False
75c8f887-715f-4e84-bd8e-31a8bd4ce40b,True,False,False
75ce860a-ab6d-4a71-a976-09c5bfddc8f3,True,False,False
75ce8d44-de8a-4a0f-b45f-5709e0881af1,True,False,False
75d117cd-b318-461d-9448-fdd67d3992ea,True,False,False
75d39098-e0fb-4821-8a7c-140f07a9e714,True,False,False
75d58ff7-45fd-4494-a52f-bcdf849b38da,True,False,False
75d711b8-50cf-459e-8dd9-531dd76b849c,True,False,False
75d72df8-fb9d-4913-b1a5-0af72cb863ec,True,False,False
75d8e26f-60c8-47e4-9212-e26ab9c65bd4,True,False,False
75d9a0b5-0ce1-4538-924d-310efde0257c,True,False,False
75e41df3-05cc-41e1-992b-6718eaf8fded,True,False,False
75e911f5-4f02-412a-9b3f-ed87daff7e4c,True,False,False
75e985a9-de7d-4b83-b25b-c169f198e352,True,True,False
75ec5a99-9e9c-48b2-b4bf-b23221d49bdd,True,False,False
75f08b5e-29fc-4126-a0da-7e2a14c1d3da,True,False,False
75f53087-55a6-498c-9c11-b32390cd980b,True,False,False
75fa1e4d-4974-4abf-986f-206e7259a49b,True,False,False
75fdd7a3-aab5-481a-b2d7-106a267fdb71,True,False,False
75fdd9cf-c150-48ab-a961-1c5757cfe89a,True,False,False
760431f2-cdab-4a7b-83b5-76ba590acbca,True,False,False
760c3912-9f07-4fe1-a2ea-9760ab5793f7,True,False,False
7613518e-9cb3-4531-b18f-795b7d40ffd5,True,False,False
761399f8-17a4-4407-b81f-18c90bc73c42,True,False,False
76253d03-c927-494c-9d25-d595c196b1a8,True,False,False
76277a5f-e4aa-483f-bdf4-cd6d92bd0f68,True,False,False
762f1d79-efc1-419c-ae0c-8d2302e9888d,True,False,False
762ff4ad-f715-4d22-91d6-09b102c752d9,True,False,False
763fdc19-6016-47c4-b858-32ad638b00bf,True,False,False
7640c3ef-691f-45a6-8775-ec88f064545a,True,False,False
7645ed91-03cc-4265-82d1-0d2643d1b6c8,True,False,False
76471f1f-f6b7-4d73-a933-47efd6177a1f,True,False,False
7648fedc-938c-4d66-b117-0aa5e656b6f3,True,False,False
764b6316-7196-4e35-9110-4163932ab93b,True,False,False
7650a95a-5c90-4b6c-a741-a65f068f25e1,True,False,False
76537225-c839-4c6b-9375-2293746dfc9e,True,False,False
76548eac-2342-4203-905b-d82ad37f3132,True,False,False
765fb917-8a04-4074-aa24-f10fc4960610,True,False,False
7661b900-e716-4057-a26e-eddef9506fe8,True,False,False
7669030b-2c13-4781-b4ce-30e02399cade,True,False,False
766c976d-507d-45a7-b74d-b7a5874a7a47,True,False,False
766f8fad-e886-4224-bd90-0573ab15d58c,True,False,False
7675d6f4-21a1-4eab-85d3-a6b5ff660ac2,True,False,False
76772470-17de-4ed5-b6ae-b27f9883046e,True,False,False
7681c416-c0ac-4f60-8b82-8a9970c1c2fc,True,False,False
7692d2ce-7492-4982-bd5c-afca5aae7c9d,True,False,False
76950acf-8619-47de-a352-6c05f8ca9a01,True,False,False
76999aa5-2ab4-4da5-acaa-f6bb9d2e0469,True,False,False
769c463b-6e83-4d79-832c-5766cfbfb4cd,True,False,False
769eb44a-da76-4b50-9b47-240dc676acca,True,False,False
76a368c3-a4c5-48d1-8e56-8ec465903415,True,False,False
76ae1995-1912-4cc4-8c68-868a5f7d178e,True,False,False
76c352c3-b92e-4a6a-bf0d-68f8740ea669,True,False,False
76cc1dac-8094-4f49-8a4a-4568d7352d2e,True,False,False
76d0949a-a790-4c5e-8994-027ee90237ad,True,False,False
76e17ff2-8e5f-4446-904b-645fb8e01eb9,True,True,True
76e2668d-09fd-4013-9c33-2d2ee7e465ce,True,False,False
76e38bce-15a9-4295-a4bc-a4c2320d1dc5,True,False,False
76e5b0e1-d8ae-4fb3-9506-8d01c79efa53,True,False,False
76eaabd9-cf76-4841-b6fa-c113003bcf43,True,False,False
76ef868c-72db-4441-80a7-f9e98afc5dc8,True,False,False
76f1f8b2-e6fa-464e-8cd5-255ac65c6a16,True,False,False
76f2c0a3-be8f-41e4-8201-93505893d1d1,True,False,False
76f2f9b1-957e-4f79-bc65-11a42c1c7c8d,True,False,False
76f5fa0e-a7be-4bde-83de-320042c55c1f,True,False,False
770795df-afa1-4644-bd4a-a34200beea4a,True,False,False
771370f8-6f8e-4584-81b9-9b5a8cd8e674,True,True,False
7719bd0a-7a3c-460b-b3a3-eb2f4dff92d7,True,False,False
771ba904-9661-427e-ae38-4fa111886c3f,True,False,False
771cf99e-f64a-4101-bd52-b532af105502,True,False,False
772baa7a-f6ee-4ed8-aad9-0d2a173faab6,True,False,False
772bab5e-41ae-4d59-b0c3-3133528436b6,True,False,False
772c7d09-99f1-4575-80fe-b83aaa68ba6f,True,False,False
7730a8f9-6c06-4829-9c8c-b98b4f640e14,True,False,False
77311cc7-1024-4483-9e44-101887218a2b,True,False,False
773644ce-5796-4e9a-9bc9-70c0cec8db9a,True,False,False
773722e7-f399-48de-8355-9aa9da09d6ae,True,False,False
7744c6ab-6a6c-4bb4-acd5-8d5fe96aca6b,True,False,False
774c9778-721e-46a7-8f06-e238f08712ac,True,False,False
774d5146-e135-4c47-938f-4de9fc38b7a8,True,False,False
7752dd03-70d3-47e0-b4d1-4d8dd719dbca,True,False,False
77570f52-e5c1-4587-b257-042ba2cc6302,True,False,False
77672984-75f0-41cb-a3a2-1994bfc127b1,True,False,False
7767f044-c22e-42dc-aaeb-bde979f78f89,True,False,False
77691a26-1ec0-4984-8e5c-d03253ced127,True,False,False
776940e3-c75e-44db-8bbb-e15fe7bce4b8,True,True,True
776bc56e-0a62-40fa-a899-58245e7c9678,True,False,False
77721525-0370-45a2-9a81-7fe387ed32ac,True,False,False
777d6ec4-3ad0-49d4-a4b3-5fd174dc3d3d,True,False,False
778553f0-b231-43c4-910a-925401e9c6a6,True,False,False
7787402f-589b-47b5-bc4d-e60bf14630f2,True,False,False
778bd601-4a88-432c-a651-60284cf51588,True,False,False
778d532a-00d2-48c8-8ba2-c4ca1c678441,True,False,False
779547b7-045f-4740-85f3-8a4487a46a9d,True,False,False
7795a3ba-5408-45f2-b18a-453f648fa155,True,False,False
7796a08d-d806-4a16-a186-573fde70bdf6,True,False,False
7797c2f8-4800-4733-90b4-5831a1cbb1c1,True,False,False
779aacbc-349e-4016-8959-da2e161dc334,True,False,False
779ce540-c4a9-4786-b2e3-6bcec2049c08,True,False,False
77a10729-b8c7-435b-90fd-1eaa0fd9f01f,True,False,False
77a1fa10-d2c1-41d4-810b-f5d35e91f9ef,True,False,False
77a25084-86f8-4a0c-a9b1-147ead3f747b,True,False,False
77a3d584-241f-4298-b7b1-65eac8c6b733,True,False,False
77a81e54-57ce-4636-a73a-d62ca57a47e9,True,False,False
77aa4d76-ede8-4c92-86c9-b9b2728087a2,True,True,True
77ac0d41-222f-4248-a3bf-d159144c87d6,True,False,False
77ac7852-83f8-415f-afcf-3c4430729b69,True,False,False
77b27706-b335-4092-8515-f87fa18eb93b,True,False,False
77b557be-2b05-4f5c-b49d-6ffb0d3b5d18,True,False,False
77d59e0a-416e-4828-ac1b-c53bdb8edd4d,True,False,False
77d7493c-e9d3-43a3-a40b-b3deb77f095d,True,False,False
77d78dd0-90c2-4343-a379-fbef93a62ffe,True,False,False
77e0b3e8-c27a-4ee0-8820-063bfbc78624,True,False,False
77e2e89d-b981-4877-a624-88d55de1f672,True,False,False
77e372b7-7ba1-408b-b68d-03bdc38eeadd,True,False,False
77ebae51-6a90-49d4-8fd4-45ab6b566d54,True,False,False
77f5720f-6eec-4c7f-8da2-3c91b6942e0c,True,False,False
77f776ba-db70-42dd-9f04-93d73e65c073,True,False,False
77f8a95f-2f11-4cfd-9d53-5f62daa53a9f,True,False,False
77fb48f8-ff66-4437-82a8-abb51cafebbc,True,False,False
7803b898-09ca-4823-a3e1-f0a2ca69e024,True,False,False
7804a91c-aff0-4e6c-aefc-109e52a40c36,True,False,False
780961f5-402c-4887-926f-8e002b8cd6e0,True,False,False
7815d364-86a8-4d81-8950-60f6e66048a0,True,False,False
7820dce8-2093-4d8e-bb78-1781122afc08,True,False,False
782159c8-5aa6-4381-9e99-cd51cb768a6d,True,False,False
782d888f-6e1c-4bb6-aeab-18d3a4cc62f2,True,False,False
782f8c35-e5d0-43de-8f74-2f708d65f5f2,True,False,False
783afd12-7d6c-46b2-832b-874d2db8f45b,True,False,False
783deec0-282d-4140-9967-6fc86a6cb8d0,True,False,False
78401f94-5684-4eb3-9ba0-62724ef18c7b,True,True,True
7842b302-52ef-4df8-9f24-85a271cca02b,True,False,False
78440842-c4d9-4ba8-ba3b-37bab9012688,True,False,False
7845e159-4c5a-4944-8455-e0f810de4588,True,False,False
78479977-285a-40f3-9ce5-98226d4351f9,True,False,False
784c5e94-bda6-4769-b5e6-45019972633c,True,False,False
784e478c-8ffc-46b0-8014-3442ab801a46,True,False,False
785128a2-b753-4c10-92ee-4da7aad5eac1,True,False,False
785607b6-af7b-432c-9c71-8113c2922fad,True,False,False
785adf39-23b3-42f7-b96d-9710da3766fa,True,False,False
785bcb86-dd9d-4670-a7a0-14658ada0215,True,False,False
786670b1-0333-4074-9434-49b5986f74a2,True,False,False
786de7b1-bd17-4342-b39d-64809994e4aa,True,False,False
78755db9-e85f-4e3f-87c0-28c8e366ee53,True,False,False
78779b15-fb0b-4d68-8bbb-37ac2fac6269,True,False,False
7877c924-c4b3-4099-b870-ae1fc73d8a4d,True,False,False
787e60d2-caa8-4d44-84c9-d492cebc25ad,True,False,False
788045c5-7569-4953-b762-2ffed265b910,True,False,False
7890deea-16d4-4306-92d1-9cc197701bbc,True,False,False
78923678-34c2-49d7-ada7-26866773556c,True,False,False
7894ba54-51f9-40f3-bff7-11c862279d0f,True,False,False
789eaa85-a40f-47a4-9dd1-d51403a52fde,True,False,False
78a44c9f-2f4d-40c0-b20e-77a0a13c4d56,True,False,False
78a5be12-e4c8-4cf4-a129-105c8ce747d4,True,False,False
78a78b5a-4795-4b79-8b15-299118f29f01,True,False,False
78a7e11e-2990-cea1-0ec4-464a2fa01777,True,False,False
78c66b4c-b90e-4542-b670-6e4877c4ce97,True,False,False
78ccaf08-09a1-41a3-9bb8-602c7d1ee1a2,True,False,False
78ceefd1-f1dd-47f2-8727-fddd91295ac4,True,False,False
78d2b5f0-db26-4b66-b29c-e3560f6011fb,True,False,False
78da0590-d184-4bbb-8057-448cbc16cf2f,True,False,False
78df11a3-3ab5-43d3-bcef-c56a5c4bc3b1,True,False,False
78dfb696-1f43-4e7f-bcf5-4e0b381cf86c,True,False,False
78e5556e-d5e0-4da1-8cf8-820383496f33,True,True,False
78e70f1b-5968-4a8b-be5f-b56169c386d6,True,False,False
78e8e4b9-426f-4aa8-977f-65da3ba53a2c,True,False,False
78e8ec42-574a-43b2-9e4d-6aa213f9ffe0,True,False,False
78eec360-d499-4c2a-88e5-c89c75041944,True,False,False
78f22a72-8570-45d7-aadf-5e83bfa161dd,True,False,False
78fcfe93-d480-4b54-abf7-66aa8b152756,True,False,False
78fd198c-bb47-4f26-a15a-4682d6b92e7c,True,False,False
7908e721-476f-4f59-8848-e3992aced175,True,False,False
79092111-46dd-4e1e-8f5e-c223d893c680,True,False,False
790d4434-6108-4263-a8a2-2eb61b148365,True,False,False
791200b2-25cc-4f93-b910-859e7bd5420d,True,False,False
791dfa80-56a7-4c00-a6bf-ed976a12d511,True,False,False
79222290-dc52-421f-8d6e-f8bc986b6be1,True,False,False
792dae80-feb0-456a-97c3-57b0b2d1b387,True,False,False
792e0551-a420-413c-96ad-4484f7ec48e8,True,False,False
793320f2-aab3-4696-b249-94908ec73971,True,False,False
793905eb-93ad-4563-9c14-e991389e1eb5,True,False,False
79391be9-bcff-45cb-9614-dfaf015ea98a,True,False,False
793a5b5b-ac8c-4a1b-9ab9-e64eda94bf12,True,False,False
793a5eeb-676d-42a2-b23d-998a7589f4d0,True,False,False
794028a1-39a7-4abe-ba6d-a512d6cd73b2,True,False,False
794214f9-ff76-42e0-be96-2d949fe3e90c,True,False,False
794464c9-ad2a-49fe-afed-a2ac86ce0bf9,True,False,False
794a1ace-0101-42ea-bb1f-1b79b2989b59,True,False,False
794ad6ea-f5e9-47cc-b77e-ae0cc6878b29,True,False,False
794e3514-cd64-4163-830f-550e80339160,True,False,False
794fa9f5-efd0-4545-8fb7-68057ac83096,True,False,False
795119fc-9753-45d8-8339-08bea1686672,True,False,False
7956b652-d4f0-40b2-ac97-ec2cdfb3f455,True,False,False
79590e29-3063-4503-8500-2091ee33b029,True,False,False
795f67e3-8848-476a-83f4-ab8086598287,True,False,False
7964c631-ecc1-462b-ae82-f0c46b9415be,True,False,False
7965350e-f8f5-47d2-aa6b-18631934b0c9,True,False,False
796f56fa-62c6-4f39-a69f-15c1557667ce,True,False,False
79700e2e-afa4-4ac5-8978-56af39e1eaae,True,False,False
7973c7cc-a108-4c89-94fb-868fb4e3e357,True,False,False
797c088c-7ad3-4fe2-b423-d33c0152c6d1,True,False,False
7982b69e-74e3-4d93-b9c7-9d750f6532fa,True,False,False
7986ae8f-1d1b-4d43-adee-f22d305c43d1,True,False,False
798ad239-df31-4dbc-b8c9-7dc5d4077eb3,True,False,False
798bd648-7b8c-461e-ba14-06d7ac127afd,True,False,False
79908590-f277-40f3-8119-0c9a1e05d36c,True,False,False
799235ee-2e77-4968-ae17-6a8235334071,True,False,False
7993b33c-6ae3-41d4-a227-d32e1343b27e,True,False,False
799b8187-5c74-4d49-b1af-288d740858fa,True,False,False
79a0a809-fe7e-4bd3-b5df-a99abd640d3b,True,False,False
79a1f491-b6b8-4013-a5ae-d7bbcf472696,True,False,False
79a2116f-1d18-4d20-9728-7e360f8fd1c3,True,False,False
79a43e9b-14c8-4816-a0ea-a8a0f20c130c,True,False,False
79a8e688-048a-4b39-b5e7-025ed138e617,True,False,False
79a9c7ed-98d7-4ea0-879a-bd1061f4e3e1,True,False,False
79aa90f1-598f-4ab8-9cdd-a4ae27884430,True,True,True
79aca86b-ab18-43ff-8b12-a8fa2521d95c,True,False,False
79aed4af-f4b0-431e-b8d1-044f58ce8184,True,False,False
79b060de-7576-428e-85b3-b8600467e163,True,False,False
79bb7f6b-d8a5-44d3-9f08-c61267c30181,True,False,False
79cd2b1e-3889-48ba-b9fd-8a77955e6149,True,False,False
79dadc1f-fa07-4fdd-ae7f-dfad2f85b621,True,False,False
79e16fc6-7b96-7b83-6e41-4342d16d60bc,True,False,False
79e3ec2f-6f4a-4f76-8cf2-5b8e3a7b9531,True,False,False
79e65a49-3e4f-43c9-be64-fc70dee22166,True,False,False
79e70bbb-2779-4abf-972f-68ab392188c8,True,False,False
79eacc43-d0fc-4786-981d-2e935bcbf921,True,False,False
79f181fd-3b4e-40e7-b53d-06c09285b41a,True,False,False
79f4d15a-f498-421e-8611-40de53bb1e28,True,False,False
79f7704d-2fca-4631-9ef0-5af9eca00cdc,True,False,False
79fa53ca-f5f3-459e-acad-5c7e2910b614,True,False,False
79fed4f5-e447-288c-748c-5ac6eed499c3,True,False,False
7a04c140-c2de-4d8d-801a-dd6dfaf48d6d,True,False,False
7a07ddda-0562-492c-a82c-71bba1263668,True,False,False
7a080fae-9a9f-4413-8c21-02b7287fdaad,True,False,False
7a0a0168-3e5c-43a3-b81d-c541218ee06f,True,False,False
7a0b222d-6ddb-48d4-ad74-29383e29ed5e,True,False,False
7a12f413-6f85-4378-b636-be4357d6eb60,True,False,False
7a14fa0a-7547-4e7e-a324-364aa5dfec94,True,False,False
7a18ebeb-9290-4002-aea0-82ea79a9c90c,True,False,False
7a28dd3b-a242-4e12-a203-9805ff378329,True,False,False
7a2b653b-45c3-479c-af5e-d253c83cf90b,True,False,False
7a344c68-0c6b-472a-bb60-5f0c81d3bdd3,True,False,False
7a35dbe2-50c9-4878-8d8b-975ac87f351a,True,False,False
7a36e942-43d9-4abc-99f9-86367391b203,True,False,False
7a576aa8-7c2e-4282-bc21-c2d512a7421a,True,False,False
7a66aa5a-f17c-4115-b050-f872165e4912,True,False,False
7a6dde4f-d35b-4cfa-a2a0-e2096b3d9285,True,False,False
7a7b057e-b4f8-4e14-a577-70043193d57a,True,False,False
7a80c011-5c21-4cd2-b6b4-730432d8fdc8,True,False,False
7a870b40-5b07-4c01-8e85-765e1026093d,True,False,False
7a8e1b00-8293-4576-8bcf-454018914523,True,False,False
7a9fe0a3-f835-4e3a-b3e8-f25bd05f96fe,True,False,False
7aa994c6-3261-4c29-a3d7-48ac48806924,True,False,False
7aab5560-6d63-4375-ba55-d39249903cc1,True,False,False
7ab5ab22-7ea7-4178-8e9c-2024c09c035c,True,False,False
7ab96495-1b16-4241-9e52-8ec14007cb4b,True,False,False
7abd6f32-e9e0-4c59-b0a3-fda5742a3aa4,True,False,False
7abe3152-85bc-4f1c-92fd-569d84a5902c,True,False,False
7ac75740-99b7-4c2a-a69b-c21cc7bfd4b1,True,False,False
7acd924d-35dc-4b9f-b413-0afcd1020104,True,False,False
7ace96fa-2dca-4384-a09e-2a527e02007f,True,False,False
7ad0c8be-4fbf-4594-a2f2-d30dd0816c85,True,False,False
7adc1486-299e-4746-910e-115ded9ba978,True,False,False
7adf2cd6-99c2-4680-bb23-10e0c79ace24,True,False,False
7ae9411f-9ab9-47fc-8cf8-a3752e2c418d,True,False,False
7aec3726-0065-45d4-8c8e-d0f67cd18f55,True,False,False
7af3b711-ffb6-4a35-baa3-588e7c7cf49d,True,False,False
7af734f8-ac11-4828-a75e-4ba8caf0b801,True,False,False
7afc0a99-7088-4941-84e3-36bfdce67e4a,True,False,False
7b01d554-7523-48e0-9cbb-f2c0da15ac58,True,False,False
7b033b02-1ac4-4c08-9e0c-d0891fd0a6dd,True,False,False
7b0622b9-6699-4716-abdc-7a0d17307f80,True,False,False
7b0aad26-077a-4352-8520-06d7aa67854b,True,False,False
7b0da1bb-f8c3-4f24-ad9b-b715c59bc4ef,True,False,False
7b0da4f0-e1f0-4627-94d0-c65749e100d3,True,False,False
7b14119b-6799-467c-9e24-c5fe8702dda1,True,False,False
7b22c45d-96d9-4fea-ac05-febbed31215d,True,False,False
7b22ff85-8420-4267-a46a-2c244c4347ee,True,False,False
7b262e6b-1169-4440-ad61-ebbf150f92b7,True,False,False
7b36bc83-1949-40ed-be30-f292397257d8,True,True,True
7b37e4f5-8885-4020-8d95-279f25bc39b7,True,False,False
7b3d93c7-35f8-40f6-a0d2-01bb879c96ca,True,False,False
7b3dcf31-c41f-42fd-bd7b-7d2d832e6b96,True,False,False
7b424e94-340f-4793-9a9a-4241baf621de,True,False,False
7b4abe62-495c-4a8f-8b29-9be105589e4f,True,False,False
7b4efc5a-1280-4ca8-893f-963d134b6fe8,True,False,False
7b599dd3-6874-430d-8a16-1f540bba0f5f,True,False,False
7b61dc34-24d4-4082-a755-e71d627c9341,True,False,False
7b65aacc-98ec-46e9-a27d-578850a05ad9,True,False,False
7b660e03-cc09-45d2-a69e-c59509c4ac12,True,False,False
7b6b8bda-bc33-481c-99b0-2e604670ecdf,True,False,False
7b6e3d8f-f1c0-49ba-b058-af456bca8975,True,False,False
7b7b1efd-6910-4aa3-b96d-0389c04bd7d1,True,False,False
7b7efb7d-a2db-4541-9e82-0070a83ba4b9,True,False,False
7b82f5cc-9caf-45e5-9cb3-d4cc562f4447,True,False,False
7b8748d8-32ee-4765-99bb-a311e553ab2e,True,False,False
7b89f86e-2633-4f45-829d-e9b86919b050,True,False,False
7b8a4739-51d0-47d3-832f-6796a7625ba1,True,False,False
7b92f92e-02da-4a2e-8987-ae5885e26f81,True,False,False
7ba2a0fd-ff8d-4352-b919-5b234ab659ab,True,False,False
7ba90ee2-c9ef-41a5-a7ed-64b2331b1bcd,True,False,False
7bb13c53-502c-4d86-a109-1089112e1a49,True,False,False
7bb910e8-5ecc-8a32-083b-76ed4a5a8cce,True,False,False
7bb91fc4-1869-4573-b657-5f2970b30112,True,False,False
7bbadf69-558a-4e20-9c28-610c7cd3fb9e,True,False,False
7bbf8da0-f1e3-4887-8b91-94f44da16a10,True,False,False
7bc69671-8a09-4889-8cff-49df789d518e,True,False,False
7bc6a3ee-6cd4-448c-bdde-137e4b93a549,True,False,False
7bca05ed-d5f7-4937-beb4-a105237ac5fd,True,False,False
7bcbec1b-481c-4649-885b-2d3fe59d5b00,True,False,False
7bcd8218-927c-4a91-86c7-072cbdf64136,True,False,False
7bd23221-683b-495c-8fcf-d3ddaa9a4e72,True,False,False
7bdc105d-8e96-46a2-b737-1abef713040f,True,False,False
7be12b24-ae16-41da-bb3b-1d8f2474fdb1,True,False,False
7be511d0-9b4a-4767-9798-7e7fa5f77fb8,True,False,False
7be72a3b-ac93-4650-8c9f-a2554f310485,True,False,False
7becff41-3e29-435c-a2eb-1264ba9cad6b,True,True,False
7bed9b45-eb0f-4a21-90b4-a106c3dfd948,True,False,False
7bf8d40b-8204-483d-a125-9b2539799d42,True,False,False
7bfa2509-3d45-4d6f-a61d-76e294255de3,True,False,False
7bff1c8b-e7da-4a02-acf4-09330118adba,True,False,False
7bffe1b4-7c88-4920-bbf6-a5134d24101b,True,False,False
7c03cfaa-8933-4b3a-9163-d8d89a513b60,True,False,False
7c07e0b6-3a87-42c6-b57b-0dca55089337,True,False,False
7c087f22-d8f7-414a-b873-83279b3302ac,True,False,False
7c0a47be-b47b-4c5c-9b34-ebcd96dce802,True,False,False
7c0b7098-ab8b-4096-97be-dc319695d531,True,False,False
7c17434a-b3e0-4ffc-90ba-d387d556f590,True,False,False
7c1a4c08-0936-4023-9ba1-f4b0f89c3628,True,False,False
7c1c6eda-568f-4d09-84b8-8f462039f224,True,False,False
7c1db27b-f6fb-49fc-97df-8687801f801e,True,False,False
7c257104-6d84-4ef7-af7d-85ca96df7774,True,False,False
7c2e2e32-8e7d-4321-b02f-f0fb4aa10caf,True,False,False
7c2e7628-6ac8-4cb6-8eee-934b989d02a7,True,False,False
7c35cb32-bede-4295-a798-a60cd7136568,True,False,False
7c366197-61a7-455e-8b7d-72b0f51b30de,True,False,False
7c48d0e3-880a-4cb1-bd8b-4c97e11b95e4,True,False,False
7c4aaf4c-e78e-43c7-adae-9e45e8056907,True,False,False
7c5a6a4f-0663-44ad-8546-bb999fbef079,True,False,False
7c60b14b-ae53-4fda-aa6b-808dcdec348e,True,False,False
7c60bde6-2eb0-433f-85dd-df5638972480,True,False,False
7c6597c8-a8e8-4b89-bc48-dcbd56167325,True,False,False
7c65d9f6-b4fb-4796-8823-103825c663a6,True,False,False
7c65ddb4-8a69-44d1-8f3d-875f66017fe4,True,False,False
7c673837-57a3-468f-8e4f-ea7f34bf24b6,True,False,False
7c67c3f1-ea6d-4720-8016-4a5c51d7bf72,True,False,False
7c71ff77-ab4a-4b02-a62e-6625b5e5e2e1,True,False,False
7c726728-4c25-4edc-8e66-c7e44ce8b31f,True,False,False
7c96fff2-ebaa-4c3b-a5e1-5975750f7819,True,False,False
7c9a4f48-1195-4bde-885a-d504e09ab076,True,False,False
7c9c2cd5-0fec-4c5c-964b-64ec5b3d4efb,True,False,False
7c9cd049-9fca-486d-9eda-e1b50104bd85,True,False,False
7ca063e5-5682-494a-bdf7-baaa75d3d226,True,False,False
7cb288ea-2373-44b6-a822-3009554a888a,True,False,False
7cb6902d-df08-4e4b-ab66-ce66e55fcbb6,True,False,False
7cbff4b5-868f-4082-bd73-26826b9e9ad6,True,False,False
7cc03346-7e49-45f2-8201-a3f439fc214b,True,False,False
7cc3a536-1d5d-4381-a984-da7864bd2b7a,True,False,False
7cc474c3-f435-4c72-9ee6-767b3a11a103,True,False,False
7ccaec2a-dabe-4f9f-bca9-4e50abf2e183,True,True,False
7cce8f6d-702d-4c2b-987d-a73954b55ad3,True,False,False
7cd1796c-49c8-bd17-db04-240bb8ca5b21,True,False,False
7cd2ed00-b97c-4acc-b392-7a4536c61572,True,False,False
7cd76fd4-f249-4c3b-b837-dcfed3f7bd0c,True,False,False
7cd9fda3-ad75-41da-8414-ce30ce36286e,True,False,False
7cdfbe5f-10d3-40cb-9839-a01691b34f8f,True,False,False
7ce80a7c-57f9-4d9e-a136-a929e3464db1,True,False,False
7cef490e-aed3-41a3-98a4-577d85b44232,True,False,False
7cf2e3fd-7122-480c-abde-c46afb849edb,True,False,False
7cfa6b98-2fab-4aa7-992a-6da17451b457,True,False,False
7d00ed4d-9a5f-4d91-beb9-17e49036e369,True,False,False
7d12eb04-f664-46c6-a57a-3af2879cd501,True,False,False
7d187f31-8498-4fa8-9bdf-8117358bbbc6,True,False,False
7d1b7fde-929c-4543-917c-f24352598ac0,True,False,False
7d23ff08-5ce0-4186-9b33-f2afb27296ee,True,False,False
7d28b112-400e-4c0f-80d7-a008c235b40f,True,False,False
7d29db26-012e-433e-968d-0eba724c43b3,True,False,False
7d2ce473-3823-4394-86a5-c6f59bae2624,True,False,False
7d35f5c3-1a5b-472f-adb0-fb7457ac0e45,True,False,False
7d38a184-85a4-446e-9737-d14a055e02cb,True,False,False
7d3e12c2-2195-4ca6-9192-e1892e55f6a5,True,False,False
7d4387fc-dbd9-4b46-8d9c-6ba29d774a6e,True,False,False
7d43d6fb-2fae-497d-b4f7-6675591a47b7,True,False,False
7d495339-83c3-4f98-a98b-77c9ed3675b1,True,False,False
7d4c2595-57ee-4c02-b57c-d76eab1b21dd,True,False,False
7d4d87d3-4f1a-43d5-8b0e-1dbc854cad40,True,False,False
7d4fa964-dc19-41ce-967b-c2822010a9e4,True,False,False
7d59259c-db25-4b13-a54a-5e8e3afd1ec5,True,False,False
7d5be9bd-6d9c-4a7a-b7d0-5c4b9274822c,True,False,False
7d6ac13c-0bde-4270-933e-547c2155a620,True,False,False
7d6d4f69-0ed9-4804-96bb-5e894aea212d,True,False,False
7d705059-39bf-4eb6-8590-783dff270a2d,True,False,False
7d716ba4-adae-4b64-8e9c-6d2c38c652c4,True,False,False
7d7fa362-f18d-45b4-b08b-3a1972a9edda,True,False,False
7d896e66-6b8d-40fb-9017-1c3e888a3db6,True,False,False
7d8ab27d-27d5-4bee-8361-3f373fd53b95,True,False,False
7d91cc99-45a5-7381-fd32-8965713143ed,True,False,False
7d94ee57-b8d4-476d-811a-37f4b70bbb31,True,False,False
7d97a1bd-3f23-4d5e-9928-fe9aa13f3f4c,True,False,False
7d98508a-8a03-4903-b79f-da561f772892,True,False,False
7d9d3dd1-0ace-41f0-a0e4-b0c42d0d1929,True,False,False
7da64088-c589-4f6e-8cf7-cc9b22584175,True,False,False
7dac9bb0-ee39-48ef-bcb1-c96d2e6495c5,True,False,False
7daf9c97-89dc-4e38-8788-2a25a4438059,True,False,False
7db2c055-27ad-4712-b090-f81629ac65ac,True,False,False
7db45e15-4a4a-4584-9fea-6f518526bda6,True,False,False
7db4ff4a-aa9a-4411-80f6-90b4bfeea6c5,True,False,False
7db70660-1615-4d63-959f-0a91dce2561d,True,False,False
7dbac43b-0aa0-4087-a2d6-528c3bb6e8e1,True,False,False
7dbd7bac-1a1f-4f21-9ac0-b044bed7e557,True,False,False
7dbdd2b0-e9df-4d0d-9dc0-730e4e0f65a2,True,False,False
7dc01bd0-20a7-4ebc-849a-f9b854b94e45,True,False,False
7dc3559c-94d0-4f19-bbf0-acf2d4659b3a,True,False,False
7dd05987-5e72-4840-9127-c06d2f12a596,True,False,False
7dd2141f-cc55-4afd-93f7-81264f378478,True,False,False
7dd9698f-7756-4727-b421-fccc6dc21b3d,True,False,False
7ddd4b4d-7d11-44ab-bdce-13aeb2e9cb5d,True,False,False
7ddf48d8-0dd2-409c-8aa6-c877ab21533f,True,False,False
7ddfb9ac-e99e-4f6a-b779-8ce6a39b654b,True,False,False
7de208f4-2b58-40cf-b835-9bfcc4e1c938,True,False,False
7de23af4-7b3a-4fca-b587-ec2846369da7,True,False,False
7de36228-ba4b-4c8c-8dcb-7642dd6af84c,True,False,False
7de3d946-afb0-458e-bb6a-0a6597ca8f62,True,False,False
7de6f42d-fb3d-4769-9092-9c1844f07b3b,True,False,False
7df9a082-ba1c-4b28-9604-317f501fdbf2,True,False,False
7dfac9d4-b95c-4079-adac-a03160937eda,True,False,False
7dfae642-266c-4b75-8285-81fe90a7d269,True,False,False
7dfb11ad-2c6a-46f7-b09a-b5ec4b8686ef,True,False,False
7dff668d-3d69-4183-a160-21180f24fcf4,True,False,False
7e0a058b-688c-4674-bd64-e616369cd706,True,False,False
7e1308b9-0612-4b80-9a49-fc3bd76d6d6d,True,False,False
7e1398e0-fc91-4dd1-843c-902d49fcb2d8,True,False,False
7e22b116-58b3-495d-b2f1-00877251ca68,True,False,False
7e25cc52-791f-4d55-b2c5-cfb9426a9823,True,False,False
7e3abcd6-252e-4396-b2d5-8a61f36a8b30,True,False,False
7e3bb45b-5466-4a84-91fa-97757487cce5,True,False,False
7e3e47e1-1617-4b2f-800f-285b8ff41adb,True,False,False
7e428f83-222d-4719-b68b-393e01d04c17,True,False,False
7e4d3e54-690e-41c0-8de9-4f4b4c093637,True,False,False
7e501bad-7d6e-462b-bbd8-24c23374f30d,True,False,False
7e56a9c2-e4c9-4448-a631-21071e9257b9,True,False,False
7e58c1c1-1183-4665-868f-fab6f4382693,True,False,False
7e5939d6-3ee0-427b-8f42-a3cbaa1ce01b,True,False,False
7e64c031-fca7-4647-bf7b-e765ba022409,True,False,False
7e65c1ac-e000-4340-b189-c7ad0a2b5f4a,True,False,False
7e6bb51d-df52-4425-a0f7-64c85beb752c,True,False,False
7e84bbcb-90e3-486c-bafd-e6892de66431,True,False,False
7e885e24-a536-42d2-8c25-b0e99fd51d4a,True,False,False
7e8960e3-bae1-484f-b92c-9fc3060d4f20,True,False,False
7e93b75c-3cd3-4723-9858-30c55a437c0d,True,False,False
7e98e42c-5a46-46b4-b634-6c31f3d338fe,True,False,False
7eb67e2e-d706-49bd-b0c6-3e1bedbbaf4c,True,False,False
7eb858fc-266b-4690-8796-61b37ce57612,True,False,False
7eb9f9a8-1955-4908-ba55-bf487cbba17d,True,False,False
7eba065e-ccd2-4740-a051-285b5be094bc,True,False,False
7ebe9fba-e4b1-4546-b11d-31e0a49135b7,True,False,False
7ec2a719-5ac7-4934-a0e9-e550d9fbab19,True,False,False
7ec3e568-90dc-4fb5-93d8-fcdafd917ce8,True,False,False
7ecc80d9-3320-4a36-b316-848979a49d7e,True,False,False
7ed3f2d7-b1a5-4891-8476-ec4f769148f2,True,False,False
7ee09c1e-1b06-4e07-915a-4b4bbb24ea8b,True,False,False
7ee2dc78-fef0-4889-9e15-61c6a7bc7807,True,False,False
7ee72254-63ec-4457-afeb-375478c2c439,True,False,False
7ee7377d-7fb8-406a-9666-66dc773dabcb,True,False,False
7eed4ca4-7d16-4a78-9fcd-5f3a6a0a257b,True,False,False
7ef12c98-2db0-4a97-90fe-f2449525ec56,True,False,False
7efeda5f-9a23-40d3-bfbc-e88e8d792612,True,False,False
7f031fa2-ef4d-4705-bc4a-da19d40e5ae9,True,False,False
7f052943-9288-442c-9617-c4975f662e6b,True,True,False
7f05538b-b05a-4846-8b55-503988acb9e0,True,False,False
7f06bd1a-97a8-467b-9ad5-8e07243af642,True,False,False
7f1185e5-f1d8-4b6e-b526-d34fb74f9bb1,True,False,False
7f18a8a6-ac4e-498c-a958-0949491df5c2,True,False,False
7f1cfe91-c469-456a-a355-b9831135acac,True,False,False
7f2599c7-cdc9-4f3a-aa05-ae09a73f98f6,True,False,False
7f27da76-01a9-493a-8c0d-0ffa9e8e3ed5,True,False,False
7f2e1e01-3429-4fe4-80b0-455c0d0093bf,True,False,False
7f344445-80ce-4b09-89b2-c6d701686a1b,True,False,False
7f34d0bc-9f52-4ac1-b7ac-887b3d5904eb,True,False,False
7f3537ca-b008-4d62-983c-4d02d87fc68b,True,False,False
7f353de2-40a2-442b-86bb-4781031c6dfb,True,False,False
7f3899ce-127d-43fd-a22a-141bf73009b8,True,False,False
7f3a7f19-b91f-415a-a89a-ec7f1347e7d7,True,False,False
7f3aaebf-aba0-4232-95ad-5d2b5be55861,True,False,False
7f41885e-791a-4840-a51f-95a7fcb87559,True,False,False
7f43c8dc-ac6c-4ba0-91a1-f18efa1a4bdd,True,False,False
7f4acfdf-969d-49e2-a4f3-b94c6added1f,True,False,False
7f4cacc5-e9b4-477d-8ec4-71a9a6619227,True,False,False
7f4f58b6-b25e-4520-94a5-4253b74a9646,True,False,False
7f4fa237-d0fe-4f36-b2d2-6676fe985055,True,False,False
7f622e70-68f0-4995-ae4c-edf9ae7078bb,True,False,False
7f66c40e-64be-4125-bb70-a863cc3d8f51,True,False,False
7f68d122-3b13-4190-903d-337315b39198,True,False,False
7f6f09b3-ef0b-4e05-b228-eee5bd8877ee,True,False,False
7f71fa30-38c7-4438-bea0-5e297a73429e,True,False,False
7f7455d7-8ab5-4c63-8473-6bb284dc2a7e,True,False,False
7f7cdfb0-c2ea-4b37-ab61-1fd7061cbbba,True,False,False
7f8b711f-378b-49b2-acda-7c807001bbb3,True,False,False
7f8d2ea9-b774-47ab-81a7-60ab30f7b6a9,True,False,False
7fa9455d-4953-439b-b76e-66e768661fdd,True,False,False
7fac4495-5c2a-4ad9-9561-3bf8a553e5e1,True,False,False
7fadb60c-4f20-462d-91bb-7be23e938238,True,False,False
7fb04030-63b4-41ba-86a9-25ad2e3e9b81,True,False,False
7fb1964c-f2cf-457c-ba5e-a897cf315c57,True,False,False
7fb4da03-d55e-4111-97de-74eddfacde70,True,True,True
7fbae8ae-fa19-4bd2-bfea-cd605333f00c,True,False,False
7fbe5633-c285-4d93-95d0-5069c8a98c83,True,False,False
7fbf763d-938a-42ff-b485-9bf637e27199,True,False,False
7fc373be-2301-4bea-a4ac-3850018d39ea,True,False,False
7fd019cf-6129-4b81-9954-7381758d9577,True,False,False
7fe5ec0e-269d-462b-9342-e7928dc8c811,True,False,False
7feac2f9-90de-42dc-ab0b-569dca52d3fd,True,False,False
7fec6383-19aa-4927-9d07-40813d5ffe9a,True,False,False
7ffa387e-9d94-4d93-806f-592f5edbebec,True,False,False
800391d0-ed8b-4f2c-8d4f-005088c3b396,True,False,False
8010668b-059e-4878-ae0a-d38114b03855,True,False,False
801608af-a88a-4fd9-85ed-b8d47660723e,True,False,False
80192edc-4717-4d93-af1c-83730df90093,True,False,False
801ffb2b-3666-4944-97fe-47e57336d114,True,False,False
802a0986-d27c-4fbc-b879-1611e9f00e79,True,False,False
802d42d9-635e-4643-9944-9c175202e926,True,False,False
802e7755-7e63-4c66-9909-5fcd467c7002,True,False,False
80388056-6fdd-445c-9ad7-6c04a46b0124,True,False,False
80389aa3-6599-4963-837d-be9a9ec01e28,True,False,False
8040ac57-22e2-48ef-bb9e-e1a12f434aec,True,False,False
80498522-95be-4228-8169-596eb479140d,True,False,False
804b95d6-7bde-4918-bdcd-dbde1c6764c4,True,False,False
8057e970-9675-4d9d-80da-40e54fbe30e5,True,False,False
805e4061-9c23-493f-aad1-6ac607dcec4a,True,False,False
805f51ef-8e38-450a-9d5f-feb6138896f7,True,False,False
8062af99-d8dd-4b8c-b88a-ec41f351b9f3,True,False,False
806793c9-4bfa-4180-85d7-d49234f66459,True,False,False
8069a63b-5564-4046-9e1c-f320e4b45b70,True,False,False
806aadf1-a367-4e35-87a6-766581146aad,True,False,False
806e4279-33f2-43a0-826a-49539d4afd7e,True,False,False
807419f6-c125-4f66-9c96-3807d5c15f0f,True,False,False
807d3f56-395f-4598-bf39-c7cd0ce18d22,True,False,False
80803984-a10c-4cc7-99db-6a840c4e065a,True,False,False
8082fc5c-7f00-4bbe-85e4-a134cbfc8805,True,False,False
8084f657-6b7c-4c80-97b4-a35fcfee5588,True,False,False
80881763-4695-4548-9a39-f28995eaba37,True,False,False
808955ba-ec06-4c4f-9d40-20bc8addcaaa,True,False,False
808f97d1-6665-4f72-ad57-e80ae93e6d86,True,False,False
80935c38-02e4-432e-a425-b845bdaabcbe,True,False,False
80a15d32-e92a-4799-a79b-a9373f1808ab,True,False,False
80a37d18-2ed6-400d-93eb-ac6569b80458,True,False,False
80a43be5-1e98-44ec-b60e-5c107c51c839,True,False,False
80a7e7eb-441e-45a4-a8d5-79e898533e6b,True,False,False
80af66dd-e604-4f1a-99f7-e39f00320197,True,False,False
80b0ffd8-e56f-47ca-8d13-59db9e365c4d,True,True,False
80b70e89-85b7-43cf-be61-8f6404b2b8c9,True,False,False
80c0997c-e25b-4d5a-bd05-822def5e10f6,True,False,False
80c4dd27-7332-45b9-b5e6-3ded80b8acd5,True,False,False
80cbeddf-20a3-4b82-aea7-659a3f1c1316,True,False,False
80e40de8-7465-45f6-bd05-ad14dc2d6f3b,True,False,False
80eb97c7-59d4-4924-9456-f166569b27eb,True,False,False
80ec3d89-8513-48e1-9c0c-13832fb8c288,True,False,False
80f47439-2f68-4a26-8fe6-3f3b601d5db9,True,False,False
80f475ef-5800-4ef6-98e8-aff1968c4222,True,False,False
80fc4c05-6b89-4329-a3dd-fdcd282abff2,True,False,False
8107f82c-a33a-4093-a0fa-89736c31360b,True,False,False
81151096-2adc-4476-bce1-91105bb25582,True,False,False
812a669b-a293-4418-ace6-658a44ce997e,True,False,False
812c7b2b-3f9a-4719-9e3d-c15e8a361cff,True,False,False
812e3da8-7a62-4cf9-aa23-159199490c36,True,False,False
81310cc6-deba-441c-8ed7-248f6a40c697,True,False,False
8142d218-cccd-411b-a7a7-9362055e88f2,True,False,False
8143e731-2e3d-433f-8742-df3a50cd62b1,True,False,False
81470f52-a017-4b13-965d-615b69eaa403,True,False,False
81605f28-47a0-48b7-9589-0dceacd65815,True,True,True
81688cc2-4a15-4956-b9b3-46c8b65253ff,True,False,False
81698cbb-3eea-4264-8568-203d590f8a24,True,False,False
816a59f3-f5ae-4ccd-9b23-82aa8c23d33c,True,False,False
8174b9bc-9c7b-407c-bb6e-92d1c0593d37,True,False,False
8177efdd-e6a7-4e87-98ff-6a97a67f2f74,True,False,False
8185fd46-65f3-4a87-81ac-91311ed935fe,True,False,False
818c0713-0c7a-4e23-abae-b1bc6fae2b96,True,False,False
8196568a-8056-4b44-bac2-3f7b53ba888d,True,False,False
8197a396-d83f-4c21-81b2-71eef6939651,True,False,False
819c437a-6138-43e1-971e-efd02e408e63,True,False,False
81a3d49b-4f92-40e7-8247-bc759352acb9,True,False,False
81a4d149-96b0-4d0f-b6ad-75fe6cd2578a,True,False,False
81ab2705-597f-44d4-a98d-fcccc806dfb6,True,False,False
81b0cfcb-700f-8f0a-8f83-1f1e9de13b4a,True,False,False
81b2305f-f5ff-4bd9-8b73-0738f27a0ff6,True,False,False
81b80179-ad36-4993-83f6-9ad873b4f98f,True,False,False
81b85786-a16d-4224-9185-da6e1f6dfdac,True,False,False
81ba3a44-272a-45da-9e89-0e19f2c79c4a,True,False,False
81bd0f37-3f8a-4267-bb95-2eeb3ce9f86b,True,False,False
81bfe07d-a9e6-4cb1-acd6-9a2a04853e38,True,False,False
81c8e665-d53a-48ac-a419-c45cffe3aaae,True,False,False
81c91701-c2e8-4c91-9735-03850a70e834,True,False,False
81cc6969-578e-4205-91ef-170bfed2a420,True,False,False
81cf7364-ed8b-419b-9fcd-b24543f36690,True,False,False
81d5d3b7-c592-4624-8d70-6aee86f45795,True,False,False
81d9e1cb-53d8-4da2-8c48-4c67c4993dde,True,False,False
81dbea32-f99f-43be-be84-8499b0365084,True,False,False
81dc6456-2f4b-4354-be36-29b1976375ab,True,False,False
81dc713a-6156-445e-ae38-bb795830470a,True,False,False
81e141e1-1476-40e3-936c-f06414927c9e,True,False,False
81e174ec-b78e-416e-9132-88a7b9954d98,True,False,False
81e2885c-a2ae-caaf-fb26-bc15490763db,True,False,False
81eadc74-4a1f-4cbc-9876-9c270a8711ec,True,False,False
81eb5209-3845-4a74-be01-37db6aa4fb9f,True,True,True
81efa3bc-4c24-4a93-a83c-807267233b52,True,False,False
81f19e14-2be5-40b5-a282-b88734c699d0,True,False,False
81f1a0a3-7950-40a5-9abc-fbbb9d55ad48,True,False,False
81fc5fa3-a874-42bd-9fde-72a7a6d816db,True,False,False
82000d6d-f457-4d74-963b-283913633d13,True,False,False
8212f4c9-82c8-4f13-9bb6-1920a8f2a632,True,False,False
82174355-eaa0-4e9b-858b-d348540fc631,True,False,False
821f797d-f9f4-4108-a44b-dbcba4e96251,True,True,False
822bf223-658e-4f63-b73a-1a56bbb993a5,True,False,False
822ef9b7-63ec-403b-96b2-769f734b32fe,True,False,False
82352312-06af-4411-8207-8d9a6f8e1d6b,True,False,False
823c6425-312e-4440-a711-96dc9cf60fed,True,False,False
824ce458-9144-4211-84b4-5d8cb8278f8f,True,False,False
82517ab0-ed0e-4a14-b1fe-285b6e0abe67,True,False,False
8257cf87-424b-44bb-962d-7076d533a82e,True,False,False
8259856d-777c-4a7b-8767-c808b726f10e,True,False,False
825be664-7af1-402c-9c02-d495f69fb0d7,True,False,False
8260f65c-3355-41ad-b8e9-c3ffc2bc3160,True,False,False
82631a0c-9529-41a8-b52c-6f9e15e59f8d,True,False,False
82659672-dcc0-4a2f-9c0b-99133a80c53e,True,False,False
827ae8b9-201b-4723-afdd-42f7538ad6ef,True,False,False
827baa45-a687-4113-b54f-8de7883c97bf,True,False,False
827c4b72-387a-43fe-a424-37197f371259,True,False,False
827cc853-63cc-4c74-bfc5-49aac6071ed4,True,False,False
827e3f76-9f00-4fc4-a7df-63c3f0ca93f3,True,False,False
82846a1e-fa55-444a-8358-9e07aa54b0cc,True,False,False
828bc074-d674-4b92-a526-59877c4e1653,True,False,False
828c6fdc-7e81-4097-a686-3e1a450eb636,True,True,True
828d1ec7-7126-4a09-b85a-0c12a06d7089,True,False,False
828f7a85-1629-44b5-8735-c631216f6a93,True,False,False
82962364-6a64-4077-ab91-6f155a1b6572,True,False,False
829b5424-af08-42ac-ba90-4d9462018f76,True,False,False
829ecf86-5037-44d4-8a6b-7d3f33fb414c,True,False,False
82a28cda-7b69-498c-8943-a08b540e14f5,True,False,False
82a686f5-2817-4785-9976-f61b439731bf,True,False,False
82b49a76-c986-43d3-a937-da2287ab5e6e,True,False,False
82b5ca74-f096-4b61-b7c9-5683dec5bda7,True,False,False
82bc9471-bdc5-4d30-ab85-53927304a8e1,True,False,False
82be76b5-301d-4468-a742-18f114ffa3b1,True,False,False
82c32156-e4bd-421e-bbb8-9e6592ff6aa8,True,False,False
82cb145b-9cc4-4996-8a92-dacdca51722e,True,False,False
82d582aa-c2b3-4379-a3a3-0986a4af16d8,True,False,False
82d59b3e-203a-4ecd-9a7e-45a4e326af20,True,False,False
82d60325-88a7-4fd2-82db-ab8c79b93109,True,False,False
82dc9aa0-6a16-4081-86fd-9560193a6f6d,True,False,False
82e509d4-7a68-43bd-abc0-9afdbc3a8c0c,True,False,False
82e7818c-082a-45ea-8042-7a2533815c9d,True,False,False
82f4f30e-df31-43bc-8123-3f72af20c4e2,True,False,False
82f7f972-346a-41f1-ae58-3ccf1edf6726,True,False,False
82fa440d-120f-459c-80c7-7a399dc85d7d,True,False,False
830256f8-9915-49a5-81cd-d058c39188d0,True,False,False
8307d0f6-42b9-43a6-8a00-2cb028c88a3e,True,False,False
83081631-4859-475e-a159-c8843d020dd1,True,False,False
830c1297-383a-4937-ac0d-cf33899f1e1d,True,False,False
83113c5b-bb52-4555-81e8-afac7a962ada,True,False,False
831496c7-98d3-457f-8386-661a9206fb40,True,True,False
8319c67a-c3c5-42c0-a5b9-4b41951a0e31,True,False,False
831e68e9-84a7-42ed-bff7-aa39a22a5c4b,True,False,False
831f8f0c-2a4c-476b-b693-18979b4b1ae1,True,False,False
832c0536-d734-40aa-bf1f-8c5df99cba7a,True,False,False
83300c32-a839-4cb9-897e-98fadf54ac9a,True,False,False
83320723-1956-4b9c-8b34-01adc1928ae1,True,False,False
8332309d-c7b8-4836-b7d4-f9b95826797d,True,False,False
8333aa05-9d16-4b9a-9b3c-29c94bc73f6b,True,False,False
83378a55-5e50-4f40-9589-0d3085033ba8,True,False,False
833a9963-2732-4628-bab1-67c3ae3479cd,True,False,False
833d6b14-e9a5-4ba0-9bfc-9b99dc8b4776,True,False,False
8346b5cd-5079-4a9c-a469-a7e54792d439,True,False,False
834bdde9-202e-4581-96d5-506a2c67f1c0,True,False,False
834db20e-7c7a-4064-848d-934e2cd38681,True,False,False
834e3da5-3b3f-43a7-a919-0c056f5227fd,True,False,False
8350d414-c44e-47f9-90e0-0776ce34d744,True,False,False
8355fac4-fef1-488c-b7b6-789e1e32c891,True,False,False
835740c2-675a-4c14-bd45-ff86189bb399,True,False,False
8357be13-c186-4703-b894-96c63850023e,True,False,False
836c3140-f4a5-412d-b552-54f72d8e8fab,True,False,False
836e74b5-e9a7-4b0a-aea2-25083cb476ec,True,False,False
836ea22a-ec25-4e20-8c90-b5b4ac54587d,True,False,False
8376714f-421b-4c31-b679-dad8f26fcf1b,True,False,False
8385bb9c-a421-420d-adc1-3d88ff91267c,True,False,False
83872645-9eb0-4706-be59-ed8c677d6e90,True,False,False
83887620-7bfc-4777-a739-548208f2bbe8,True,False,False
838f7a50-8ef5-4def-928f-a562f7f72bc3,True,False,False
83901b60-64bc-4d33-9833-16a538146031,True,False,False
8394c9dc-f4d3-46c6-b2b3-a49dcf40966d,True,False,False
8396f855-cb92-4aed-9b6c-9fa76765af18,True,False,False
83a624a8-2246-43c9-a8d4-b1aab244d13c,True,False,False
83a706a7-9cc4-4684-9137-11238cbfd2e7,True,False,False
83b5b284-4132-4aeb-8092-457869ca05d8,True,False,False
83b5f890-8399-4ee8-a095-c1cf1ee2d4c8,True,False,False
83b610c2-2d58-4570-9d33-35d8170b0b8d,True,False,False
83bcd2f1-6ddb-40fc-bda7-59c255604962,True,False,False
83c0b815-57ce-4fb8-9977-cfc7e224fc54,True,False,False
83ddb02d-ef59-4b62-8901-f5312b48cd4c,True,False,False
83df74f3-e065-4af9-98c1-b354687cb048,True,False,False
83e14b87-efef-42e0-a053-548b4293a199,True,False,False
83e75b22-44fc-4c69-89de-3506bab5b2ac,True,True,False
83f539e5-391b-4cd0-b0f6-c1c897c08623,True,False,False
83f5f879-84ef-4db3-bae1-d800d4eafd41,True,False,False
83fa7b62-f1ef-4d7d-ac8a-d35ab27a590c,True,False,False
83fbfc3f-730e-4a44-98b1-b1d4bbd03724,True,False,False
83fcb2b4-5d43-47fe-aecd-8ab74ba8639c,True,False,False
84013fc4-79e7-4618-aee3-e9d000608e13,True,False,False
840234cd-e33f-fc9c-f271-d865f09d2195,True,False,False
8408c3e7-bf0a-4c91-babf-cc2f8c126a2d,True,False,False
8416de2c-d378-4c1a-a955-17bcc3c1275e,True,False,False
841f141b-d28d-49f4-a003-6fc5fc76330f,True,False,False
84210373-929a-4af3-93d1-36286acf6ec7,True,False,False
84239e7d-7460-4576-a9a8-5f673f72dd0a,True,False,False
842aca59-c059-49bb-bef4-766e0ec70789,True,False,False
842dc403-38fd-457e-8371-20244acc2b1d,True,False,False
84384de6-91ad-40dc-a68f-5af0da284074,True,False,False
8443a153-c710-422a-9496-a35a4aab3aff,True,False,False
844d49a1-c84d-4dd6-a5b4-fc0ea65da9a8,True,False,False
84520099-a934-4bba-b44f-6109f3fbc4fa,True,False,False
84548c7b-d6fa-8a6e-6519-647749832cf6,True,False,False
84562249-2b80-40e1-81e3-d4ccd7078151,True,False,False
845edc43-46c2-4d44-b1bd-8b6f8d97c86c,True,False,False
8472b0b9-7b1a-417c-80a7-e502bd149fb6,True,False,False
8478e3e2-4520-440d-9c78-fc78941d756f,True,False,False
8486e62b-e7c0-4077-be6b-0d24af52bfe5,True,False,False
848a80d8-661e-414b-9085-e77223bb79ae,True,False,False
848ba5fa-7758-40f8-9b2a-b064a7be9e0b,True,False,False
848bde0b-3271-4a17-af72-d71f363ec298,True,False,False
8491cb1c-9af2-4798-8988-5d7eba1e03a5,True,False,False
849314c3-4a9b-49dc-91a9-0adca6be9a6e,True,False,False
84958d1c-f745-4c26-860e-b4f3d0fa0d6f,True,False,False
84970881-b8d9-455a-a22d-24ef508b23c5,True,False,False
849e0892-6e48-4dc4-bf68-a7f15e462bc6,True,False,False
84a0468e-abf4-4df6-9f70-8c3c160aceb5,True,False,False
84a0ede8-abc6-487c-b041-40e02371fc84,True,False,False
84a80113-f002-4bcc-afbd-118db6eaad35,True,False,False
84aff230-72f7-4dff-b71c-6b31ca393917,True,False,False
84b09d3e-c522-44ed-9708-0d084429407a,True,False,False
84b2ab5c-fd2a-4e99-bede-4e2cba5631b2,True,False,False
84b53bf4-89b6-41ef-9cc9-1847ae560ffe,True,False,False
84c5aaa3-f265-418c-b8df-3afd3c8337f5,True,False,False
84c8a552-5f19-4f79-926e-0a53bf464f44,True,False,False
84cd49a8-a962-48ff-b9fb-b1576e04e3d5,True,False,False
84d5d270-2a5c-40d7-b6e0-f0738c1ab74b,True,False,False
84d9ce5d-eff6-40d8-a4c8-6ce388c9aa83,True,False,False
84e06fc0-976d-4c0b-b110-3510517bd343,True,False,False
84e6f4fb-6e82-47e5-840f-73ff5662249c,True,False,False
84e72711-12b4-4523-826c-28778e4646d6,True,False,False
84e89548-24a9-442f-81d8-0e86a5c4632f,True,False,False
84ec2e3f-e937-42be-ab9b-5eb8e6d14c1c,True,False,False
84ecfadb-66be-434a-95fb-d6f826b1cd64,True,False,False
84f24967-c7dd-482a-96f8-0ef4ee0a4e41,True,False,False
84f41ba5-c9f0-42e3-8b51-fcf998a79b42,True,False,False
84f8a121-f014-4c64-a117-2ee2462fe735,True,False,False
84feb1be-72a3-4737-b411-25c43b5a49f8,True,False,False
85014884-a861-49a4-bbb8-1fa56a86feb7,True,False,False
8506de31-5e72-4b6b-93d9-244d71a06215,True,False,False
850e3df2-df63-4b55-93c3-46eb9ccb15b6,True,False,False
85113d7f-b7a6-4244-8740-40844c3f7480,True,False,False
8517790e-d3fa-482b-beec-c8842468570d,True,False,False
8521e66c-fb92-4ffa-b35c-b3fde475c662,True,False,False
8527d46b-068a-4413-b7f5-5e16456acb71,True,False,False
852929d0-a15b-41b8-a278-0afc25439889,True,False,False
852988e7-f9f9-4d17-9dcd-a54dd00be503,True,False,False
852fbf47-016b-477e-bd82-85376f955396,True,False,False
85307d3e-b09d-4099-b6e9-02e45fb7beec,True,False,False
8536aa27-29b3-4798-94ee-196a7fa5ca5c,True,False,False
853ac92d-f60f-4932-a52c-a27f92983a61,True,False,False
85509ec6-92c8-4db5-b3dd-4ebbd9a66f19,True,False,False
855c2440-388b-497e-a77d-ac5e708eb9f3,True,False,False
855cc8e4-3cd5-4db8-a008-98fb85469b99,True,False,False
856514a6-712f-4abe-8956-e9419a45c883,True,False,False
8566521c-470d-4bdd-bbdb-5bfde4b930a9,True,False,False
856780bf-37d7-46ca-9431-34877a7f1822,True,False,False
856815a3-f049-4f0d-acb7-f236885a4cb5,True,False,False
85743395-0e60-4ec2-8e3b-222f28b91cc0,True,False,False
857d79b3-df26-446e-a8d5-f74162ee9d80,True,False,False
85869e1b-3ca4-4f60-aa54-90b6ef9a6cf7,True,False,False
858eb433-18e5-4ddd-9741-6fbd5f00c8b4,True,False,False
85919bad-ffa4-4c2b-b8a2-20b7394e580f,True,False,False
8591b425-0adc-43e2-9237-a339419afb21,True,False,False
8593beb7-3c35-4ec0-9b9c-24c30d2c41aa,True,False,False
85999d89-0954-401f-b08a-5de6b699b2ed,True,False,False
85a03027-0e46-4e22-a773-bfb4f66cdef5,True,False,False
85bdf061-a79d-489d-a0c2-8ef712c592b9,True,False,False
85cf17ff-7992-4ac1-90bd-dc58a3c9091c,True,False,False
85d70ade-d570-46ac-868a-df8b76c143d1,True,False,False
85dd8c12-3156-426f-a475-ec8dc87857de,True,False,False
85df3f97-c67f-48f7-8ddf-65054afc277b,True,False,False
85e08984-01d2-4640-a4d8-98634abc81cb,True,False,False
85e20501-f49d-4a5b-aaae-0107ea67c0b6,True,False,False
85edc9e1-10b3-4bc9-beef-44aba1c4ba8f,True,False,False
85ee404e-4d27-4442-9d83-d4b95aa3ceb3,True,False,False
85f11e30-0d57-452d-aadc-bd110497aa7c,True,False,False
85ffd8c5-267c-4f67-b10e-4f1410de0188,True,False,False
86060a35-ff7c-4d1f-a239-9d18513f5e33,True,False,False
8607900b-7a58-471a-b07e-2d766a9ff99f,True,False,False
86083d7a-7d3b-475f-b0db-8c239e106105,True,False,False
8613bfa1-7ca5-4039-82d4-10d9740082dd,True,False,False
86171b68-6479-4b53-b129-5be669c12493,True,False,False
8619001e-2617-4b55-ba28-7d1f73ece823,True,False,False
861beb49-d772-491f-aa18-f88a5f69bad8,True,False,False
861cceef-87af-4f4d-8c39-b0c4e45b964c,True,False,False
862025df-4d76-f895-7d8a-d915fed0a4e8,True,False,False
8636fc87-8c21-4117-ae95-67842c15dfa9,True,False,False
86374bdd-77e4-4b35-9574-1e95ec8d50c2,True,False,False
864f6ef8-6a31-475b-a5dd-89a884268217,True,False,False
865123df-f15d-4d8a-9338-8c6a2939dea2,True,False,False
8659a177-5c6c-4fb2-b5e0-e3a484ca46d7,True,False,False
8666f20a-d4eb-4ad5-b713-a312e9fab0dd,True,False,False
86696855-975e-4525-a156-c5b806402e70,True,False,False
866996de-fbcd-4fae-b404-6f38552dd839,True,False,False
867a1e0f-e357-40ae-9abf-15669dc457fd,True,False,False
867a2748-2987-4fd2-9555-3b60bbb1897b,True,False,False
868007d5-e36f-45c0-bc51-de0d6f54e7c5,True,False,False
8686a20a-1f0b-4a24-91b7-80850ee92055,True,False,False
868729ad-0f10-4fee-8d07-7083444c0cbf,True,False,False
86904898-f0a3-4c56-b7f2-7b50782e907a,True,False,False
8693715b-2f32-462b-b40b-5535eb559b25,True,False,False
8694e5a1-6b50-4b2a-af32-b121cdc8d4e8,True,False,False
86997901-8f64-43b7-bdd1-51ecd416eb1a,True,False,False
86a35097-161c-47af-bd9a-f03a716ec61b,True,False,False
86abed67-ebfa-4d77-bb7e-b4c2c209c996,True,False,False
86af5e9f-845f-4ffb-951f-2517682550ff,True,False,False
86b5742d-6c63-49d6-89c1-6cec90d59f19,True,False,False
86bc94b0-556b-420f-a5dc-66d6b989e41e,True,False,False
86bd4829-0f37-45d7-9ee7-a986d039ede1,True,False,False
86bd9418-ac42-4b40-84f6-f19ac84ac9a8,True,False,False
86c05caa-ac41-4c08-8d2d-d37f1c1c5e6f,True,False,False
86c5b6ed-734b-422e-a121-108a6e17242d,True,False,False
86c5cd2d-2a11-4073-ad4e-a783d40a7674,True,False,False
86c653ea-4c06-4841-b7c5-32df238d6700,True,False,False
86c84d8d-378e-49ea-9927-b28158c373d3,True,False,False
86ca5343-6f30-4ecb-8d82-c4988baaed0a,True,False,False
86ca71a8-5f58-40bb-bf1f-d5fa86308738,True,False,False
86cb01fd-24da-43e9-ba06-c4d0837bd126,True,False,False
86d1041e-c617-4af8-b63d-a60094ed9ec6,True,False,False
86d3e16e-875f-4576-9e78-61449a866b22,True,False,False
86dca830-7156-4677-a44e-e26e5cef091d,True,False,False
86e520ab-0178-b434-187c-d1d2e8d6b698,True,False,False
86ed0682-5401-4713-8a9d-f95c956f4e0f,True,False,False
86f4f7a7-bde9-4ed3-b782-5b4547fc5011,True,False,False
86f5ffc2-c1bf-47da-a3ce-fdd7cf8ac135,True,False,False
86f6b5e4-39a8-4f42-b9bd-08f33f443f64,True,False,False
8707aee9-1e66-4d64-a9cd-a7b917daced2,True,False,False
870f1726-362d-4a6a-be87-5ccf04c5329d,True,False,False
87121ba1-653f-4873-8b43-dcbfab9c04a9,True,False,False
8729045e-22c5-9fc6-9ec7-ddbd820f4b99,True,False,False
872e37f9-0db4-4a8d-8a67-b82c0880e0c6,True,False,False
8730db81-00bd-4232-823f-5f422d639625,True,False,False
873abb1f-4a2c-40ef-8d70-f9042d903338,True,False,False
873bb0c0-77d2-40d6-a8a0-1a0d493023a3,True,False,False
873c0257-1af6-4989-a021-a84b190c691a,True,False,False
874937ac-16bc-491b-a945-bc6d0db34edb,True,False,False
874bcb8b-7df3-4da7-a228-429c6042e366,True,False,False
874e4e60-297b-4865-8ce1-c8fd749d0f37,True,False,False
87513601-6c35-4586-8373-39af77b618b5,True,False,False
8753ca8a-6f3c-4cc6-a385-8d6d5cb30a08,True,False,False
8754d827-77fd-4c7e-a478-594da5ca2fae,True,False,False
875d67b1-5bb9-4b18-80c9-19e75db01102,True,False,False
877926be-1de1-4c0a-8ef1-ffda9997b8d1,True,False,False
8779369b-3c83-42be-8f6f-bd6e1bec6c54,True,False,False
877ba099-4b68-43a0-aad7-e5b8ebe68461,True,False,False
877d5bd9-ff5f-4ca1-91b8-9379625a5241,True,False,False
877e2ea9-6869-47a6-90f5-d0d1cfb7a469,True,False,False
87807542-bff1-4bce-9d39-2263cb710654,True,False,False
8796d908-657d-4c19-a286-5277a4c5ee46,True,False,False
879858f0-72d8-4cc3-860a-7a0945fea4d3,True,False,False
879b638f-5c93-4f67-9298-116563f00f78,True,False,False
879d23cb-e2c5-41de-b6ee-3c84397b1b3a,True,False,False
87a124e2-d0e5-4d77-b31e-452944c6d261,True,False,False
87a63378-fc25-41f7-bf6f-35c0fc9929c3,True,False,False
87a874c7-9c10-400d-b38e-211d3df9a26b,True,False,False
87aa36da-772d-49bf-bb84-80deddcc2714,True,False,False
87b35148-13c4-49d9-a8a4-1fe22981db82,True,False,False
87bab6ad-884e-4322-9426-0f6fc23aa5c7,True,False,False
87c256b2-a9a9-4c55-8867-4a3ab116aee7,True,False,False
87c2c36a-1ca2-4ed1-b826-989562d697f5,True,False,False
87d1b322-6306-4c3b-bc42-d2fcd46acc1f,True,False,False
87d2d38a-6647-4d96-a1a7-7588a1478633,True,False,False
87d63e5f-17a3-4049-b00e-6f6627c5f578,True,False,False
87d90b1e-451d-49ab-8538-0604f541b7d6,True,False,False
87dfe2c4-9ab2-4fd7-887e-68f6ee8745a4,True,False,False
87e28813-3e05-464e-9a3b-4b6e662dc3c1,True,False,False
87e6c39f-a4f1-468f-9dcc-8990d6de1736,True,False,False
87ebdf28-b921-4e3f-b823-a8a6a8c37b01,True,False,False
87fa5d96-59bd-465c-87fb-8aac39baa571,True,False,False
88087546-6340-4593-b052-874d09364353,True,False,False
8810b8ff-19bf-437f-82b3-6a892d36eb1f,True,False,False
8812d722-414b-4f14-a646-c042ae130afa,True,False,False
88178ec0-ad25-4470-954d-4f4c4593e4d3,True,False,False
8820639d-d300-4bed-b671-a53ea28cbba6,True,False,False
88228d63-dec7-47f2-9aa9-fd05987c67d5,True,False,False
88265039-206d-4459-8124-7a07de676308,True,False,False
8829b254-5741-4d19-9e2f-8ba908278788,True,False,False
88347f88-19d2-4e7f-aaca-3f7836ed9742,True,False,False
8836eb32-44d2-437e-aee0-2bd13370b38b,True,False,False
883703da-531d-4e17-b495-6222728ca243,True,False,False
883d3b4c-6802-41e4-865a-4c811545112a,True,False,False
88413d4a-e756-4498-ae37-62f20da27b08,True,False,False
88451482-419e-4750-8ffc-48d5fe87dd3a,True,False,False
88458760-8af7-41ec-a2a3-63fab6d7bf66,True,False,False
8847ab0c-1f0b-42fb-9ff4-f44b9f523b4b,True,True,False
8847bc04-230d-4612-9cc0-94548b65be27,True,False,False
8856b5ba-db59-4328-b7dc-84ed422e741a,True,False,False
885f1d22-30c5-4968-9f8a-0afbec30f7db,True,False,False
8864a589-2d70-4667-8f58-85e61c7e5079,True,False,False
886e69e1-ccaf-4a0d-9b55-6343bc2d7c91,True,False,False
88711d0c-b90e-4d5f-8b73-e64f345e1b6a,True,False,False
8874ab59-1a3d-487d-b637-c4a16bd21da5,True,False,False
8876d2f5-145e-4fb0-8b23-217ade5736b0,True,False,False
887bc643-d83c-4223-b68a-a80b60a6ca6f,True,False,False
887cc7ab-81cd-48fd-912e-a920805732cb,True,False,False
887fa914-7f6e-4ea8-a602-a71c44d7c094,True,False,False
88845b17-73e4-4320-9595-dc99c6cbe742,True,False,False
88878286-4a57-4214-80f4-6e6edf4d1b48,True,False,False
8887e912-bd5c-4966-b6fb-6d46ffbb3e9b,True,False,False
889dbc51-d7ee-4fd0-9fa7-09635c36b6c5,True,False,False
88ac8ff7-8e98-4a71-8172-956c767605cb,True,False,False
88b1920b-915f-4107-914a-3e281204af70,True,False,False
88b4ac87-dd30-4478-8037-baa78b1186f5,True,False,False
88b5db75-00f9-4e77-b33e-fef8e2239e87,True,False,False
88c83510-28fc-460a-8823-9701905232bb,True,False,False
88c8a5e3-4013-4b8e-a886-5a674d0f79ff,True,False,False
88ca9823-03cc-4e8f-8682-144fb2917263,True,False,False
88ce9bce-b321-415d-af1c-2aa8ba294e9c,True,False,False
88d4c000-00c3-465c-a172-dc478fcae284,True,False,False
88d5ae2d-e682-46da-9cd9-3d1adea0875d,True,False,False
88de936e-5961-444c-824b-da9046d6719e,True,False,False
88e42cc8-1431-4576-bb48-419852dc7f74,True,False,False
88e782d0-cb8f-4b25-b09c-6dd9bce06832,True,False,False
88ec2787-426a-4d14-b845-2d0429127fd2,True,False,False
88f16f5a-4b4c-4a67-8373-b1cc36a8af45,True,False,False
88ffe720-f28a-4afc-a837-4d813edb5387,True,False,False
8900b932-17cc-4011-847d-39e625185ca3,True,False,False
8903b902-32b9-4de4-a15c-a0fda13a8747,True,False,False
89050c63-f7b9-4aec-8e2e-ce32644e6279,True,False,False
890a3d55-1ac3-478f-bdf4-c4d1be94776f,True,False,False
8910c06a-752a-474d-a05f-a9333ab17b48,True,False,False
891273a6-1a45-481e-b87f-565f0780beec,True,False,False
89224601-ff6a-434b-b590-955fdb7cbf40,True,False,False
89228d3a-29b2-411a-b2b9-05754e89ca20,True,False,False
89266c5c-cb2d-43c4-8f07-9c34df406aab,True,False,False
8927064f-e423-4979-a5b9-4ae852c0095a,True,False,False
89286db0-494d-44f1-8aea-8cdf30f6f1ed,True,False,False
892943dc-aacd-44d8-94ef-b2bcbc0d6240,True,True,False
89340c87-e82a-4387-81ea-0685aa4e6230,True,False,False
893a2089-656d-47f1-9ec5-0eb3dc23f5dc,True,False,False
893c9886-1829-41af-b235-6498bc08561a,True,False,False
893f198b-7f84-4ef4-9255-5bac028753a7,True,False,False
8951343a-28cc-4fac-84df-ab04d4e97a1e,True,False,False
895599d8-f738-4fa3-9168-56d0f1ff3f28,True,True,False
8956f5fb-74c2-447a-8c99-123e3a6ab1c9,True,False,False
895a608a-79b4-4bf3-a0c1-59a1e20a523f,True,False,False
896431d7-5e5d-4d5d-8a41-a0def1a87ba9,True,False,False
8971f53a-ac91-4389-b686-cece1c07c01c,True,False,False
89773996-1e48-4162-9b4d-c2ad53a81fd1,True,False,False
8986cf02-6938-4bbb-8da4-d751aea40593,True,False,False
89872c4c-e761-45f8-af04-e76ab9d32b48,True,False,False
8989b401-2fdf-4e41-90de-b0b62989504a,True,False,False
898dae74-4357-4ae9-9833-09cfd2beddf5,True,False,False
898e17ac-c831-4836-8140-b6d6f846d8ea,True,False,False
89971128-12fa-437c-b69d-a163ac5fc3bf,True,False,False
89989c5d-073a-4f91-b8c6-fe6abd8fcc8d,True,False,False
8998ccba-73d5-4068-a76d-fa2327bbb5f3,True,False,False
899c35f3-b732-4fa8-97e2-e28cece2d671,True,False,False
899dd8b9-7d82-4535-b1fd-b370e6f6e187,True,False,False
89a130d3-22ac-430a-9e01-858d52f20548,True,False,False
89a1e4d1-8241-45e5-a1d3-93fd2745a345,True,False,False
89a927c6-1498-4516-90fb-fcda6e9c73ea,True,False,False
89a9ed5d-7148-447c-87a2-a4956b04aab0,True,False,False
89ab2784-7327-4541-8b9a-11c7201a6ee3,True,False,False
89bad494-b844-4847-9cdc-ef03ad1afb10,True,False,False
89c068f5-8ab9-4940-b226-7701aaa1428a,True,False,False
89c73c7f-0eba-4a0f-aa13-4969b1ff83ca,True,False,False
89c9eb52-0602-4723-aa25-aee259e63d91,True,False,False
89cbcd26-c4a1-4bde-9b0d-b337cf304454,True,False,False
89cc6e8d-be06-4bfb-991c-71aa9b849d9a,True,False,False
89cfe162-8c7d-41c9-ac80-00f2b4bfcf2c,True,False,False
89d58f53-d8ab-4647-a67e-2f8e528d9ced,True,False,False
89d63f14-1572-4d5c-b092-f08d51714c97,True,False,False
89db636c-270e-4364-933d-5a40360b70d0,True,False,False
89dc5a14-e3f5-4635-a481-702a4929ee57,True,False,False
89e4edbb-826a-4782-b790-30c2c3eb28f6,True,True,True
89fc3598-f500-4da4-9cb9-1fc6f8150f84,True,False,False
8a036ca6-b9bd-49b9-8df2-85f733d6e989,True,False,False
8a08e931-a929-482c-b947-af0cb0442dc7,True,False,False
8a137be1-1dba-4bdd-8705-c2656e740692,True,False,False
8a143ede-2085-45f3-b06b-9ddd32784168,True,False,False
8a150105-7798-43d8-968d-e612826e14fa,True,False,False
8a17ca1c-d501-468f-9e77-9acdf2eb0501,True,False,False
8a1f10cb-0dd4-42f3-a34b-ea1821bcb935,True,False,False
8a243ac4-6476-4e48-bb7b-b1e6f7eb690f,True,False,False
8a2a926e-13b1-48f2-bd83-304eab834a8c,True,False,False
8a2cd2cf-23d0-4523-a7b1-3ec621cdd9f4,True,False,False
8a36dc0a-f46e-45f7-ab33-5a85b665164c,True,False,False
8a3a5571-f2e3-4ecd-8926-0cc1f5fd4a6d,True,False,False
8a3dfbe0-61b4-4700-99e7-fb58a744360d,True,False,False
8a4827a1-e1b5-4150-ae6a-3acf9b3bcd1b,True,False,False
8a496353-e11a-4bdf-baeb-27572513eb07,True,False,False
8a49ebf1-1475-458e-a29d-93b2dbc19425,True,False,False
8a4c584a-05eb-4d34-a11e-5e6bc16c25c5,True,False,False
8a4c86d8-46cc-4d58-af72-a590f91151a5,True,False,False
8a53eb61-1181-4f4d-8035-2c652b0335c3,True,False,False
8a5578a5-3659-4fe3-93a5-82f80af95e7f,True,False,False
8a62e764-2e34-4122-9842-349faabbe5d8,True,False,False
8a63c1a8-7016-4fc8-a12b-6d9ae2c635fc,True,False,False
8a6b1655-1be1-4ecb-bafb-b1d435784e5a,True,False,False
8a6d6953-192a-4768-a5b3-87bdbeb70611,True,True,False
8a7019f4-bf06-4c77-b0b6-901bab5a0e1f,True,False,False
8a72c627-8eb8-4211-9641-c7a98fd7cf37,True,False,False
8a789b19-4b6a-4468-b62f-1da30ce264f1,True,False,False
8a7fdd4f-a133-49a3-b49f-8fcc70cb2fa3,True,False,False
8a87a456-a91c-41a0-aa8e-78e433ae5d3d,True,False,False
8a88c543-954c-4d8d-b2e9-2921ac998b43,True,False,False
8a88d021-347f-4f36-a67f-acebcf6523e8,True,False,False
8a8a003a-1d67-496c-b0eb-2bcfc7cbb337,True,False,False
8a8b9850-ea18-4253-8411-620081b40f9f,True,False,False
8a925391-3c99-443d-8054-2de3190dc028,True,False,False
8a92a597-9167-4480-8f69-b61636717e8b,True,False,False
8a950e98-0bba-4a91-a5f7-cb66294fe5c0,True,False,False
8a97cd20-5d5c-4ec3-8cad-267fe7d63826,True,False,False
8aa04c3a-984a-4a12-9700-6c887748345a,True,False,False
8aa941e2-b572-4d2c-bcf4-ddf82cd924b2,True,False,False
8aad069d-4246-4a33-8803-763ebba9b92f,True,False,False
8abcf6a1-a819-4ae7-a1aa-23fefeaf643d,True,False,False
8abebc8e-56c7-48d3-bfff-2d9e3b8bbe71,True,False,False
8abf3d35-c366-403b-bcf6-cd7c48f2352b,True,False,False
8ac5c621-7cf0-4600-8df0-6c3f109d0ab7,True,False,False
8ac63120-a457-4eaf-81a4-018164983890,True,False,False
8ac6c2e7-4213-4517-ba92-089e6d488809,True,False,False
8ad53115-1759-438a-b0ef-4fc5433c1df7,True,False,False
8ad548be-dd0c-46a9-8d85-eee9ded550c6,True,False,False
8ad54a07-2149-495d-8f50-5f3ede5d2cfe,True,False,False
8ad96e32-c6ca-482f-b8bc-826dec086454,True,False,False
8adaa1be-d34d-46d7-864f-f7e5acc4758a,True,False,False
8adbf153-090e-4b06-944f-ce7e67ee1f6b,True,False,False
8add2217-b46f-4aa8-a3c7-932199505b64,True,False,False
8b0340b6-9e79-4066-ac04-b700a66fcad0,True,False,False
8b03d6b4-f5a3-4410-80f3-3dc8f9af2f25,True,False,False
8b0dc18e-5068-48b4-af55-9b526760dde7,True,False,False
8b0fc03d-0a48-4268-86dd-da7c144f6a38,True,False,False
8b2395dd-0116-4fad-98dd-939dfd3843f9,True,False,False
8b263819-1740-4c72-8c78-b39e01c26df6,True,False,False
8b285476-586a-4a61-9404-61d31428b1e8,True,False,False
8b2d178b-b14c-4cdc-bb44-cadda48ae39e,True,False,False
8b2d8d97-3141-41fb-9d93-4236c2b00f25,True,False,False
8b2ec778-a181-40a6-843c-c8c5e4195321,True,False,False
8b31a1cb-c69c-420f-9db2-e5df4005e342,True,False,False
8b373b2e-0cd2-4df4-a669-e2304f9d407c,True,False,False
8b3e7ef5-f6ad-4c3d-9c2c-b5cd7117307d,True,False,False
8b408b53-c0ca-4df6-814f-74991156fca4,True,False,False
8b423a51-8df1-447f-b2ac-f9c95b79c37c,True,False,False
8b4519e6-4abb-41f1-92c2-bc313b793648,True,False,False
8b4a6a84-1300-4913-83f8-68f9b94491c1,True,False,False
8b4d5596-35c6-4d36-8d85-689eff29543d,True,False,False
8b4e0937-80d4-4b45-95d6-fbfd9e84013a,True,False,False
8b54295d-2407-4810-90b2-8e58c1559781,True,False,False
8b561295-7865-48f8-87e1-7bc2947a6295,True,False,False
8b593857-eb24-4c89-bcbe-3955470c01ed,True,False,False
8b613af0-39cc-4bc1-80f4-c60d5ef241c1,True,False,False
8b763d8d-b052-4518-aec0-860ead5fc694,True,False,False
8b8f72b1-fab8-486e-955b-8ba5c928b22a,True,False,False
8b98fed6-52e3-4807-b51b-a33dc78722ad,True,False,False
8b9da712-89e2-4a09-96b1-d59481ef807e,True,False,False
8ba76cc6-8fa3-440f-b93a-83e76385d94f,True,False,False
8bada790-d5fb-42e9-8fa2-c7df71ca38a5,True,False,False
8bb4df5e-b475-4aef-9c2f-79c349ae2e67,True,False,False
8bbbf6c0-19aa-41a8-b8dd-5aff1218e795,True,False,False
8bbcce10-c64a-448d-9c45-f18acc9c2b61,True,True,True
8bc2351a-e213-466d-9983-4d22b03e30d1,True,False,False
8bc4454d-647c-4626-95f0-30968cb6f57c,True,False,False
8bc4aff6-426d-4f75-aff1-5744467fd5c3,True,False,False
8bc5748b-472c-4976-99cf-086127af48dc,True,False,False
8bc68b7d-f043-4015-8ad2-ab65bccaa81f,True,False,False
8bc998dc-44b2-4afb-a119-51de0d881409,True,False,False
8bd1e993-58c0-4a60-a82a-51c3c31327fc,True,False,False
8bd5ef79-0f45-4444-bb1e-57d2a581d5a0,True,False,False
8bdff3d4-a6a6-4cd9-aa4a-0fd05d8229b8,True,False,False
8be30233-2cab-49ba-a746-cec4b879625c,True,False,False
8be38c07-c71c-423e-bb12-d8c762cdf464,True,False,False
8be7a889-ff69-4f6d-86db-8e1bf3b79bee,True,False,False
8beca037-9797-4039-87ba-fd978c4658d6,True,False,False
8bed2b30-1b52-4c67-abe5-48f1f83554a5,True,False,False
8bee658b-fc3b-479c-bc8b-b98ccf26d237,True,False,False
8bef6a5f-d76b-48f7-8cfb-e3fc398f9ee8,True,False,False
8bf8f55c-4f7c-4934-9158-acc5e409dc24,True,False,False
8bfabcae-2be0-43c6-b0fa-27a3e856b78e,True,False,False
8bfe561f-30fd-4e80-ab3e-409d01484ec2,True,False,False
8bff3223-fbbe-43b3-98e5-e4773d5d76b2,True,False,False
8c053e29-5fbc-4efa-a18d-df8787cb3f52,True,False,False
8c09c894-be71-47f8-b4c5-b015aba1f9d1,True,False,False
8c108b63-8212-402d-b6d3-a6f391f204f5,True,False,False
8c13de33-26f5-4b1d-ab93-a58ecb953af9,True,False,False
8c179911-b3f2-4880-bd80-97a542a3e65d,True,False,False
8c17ca8b-3dac-452a-af70-85b26f6684e8,True,False,False
8c1986ea-52a6-4d71-ba91-06f68e9aa5b7,True,False,False
8c1df64d-4140-42c9-97e1-425aa04f879d,True,False,False
8c258c5c-cd59-4e1a-87f0-6efae7b3e2ba,True,False,False
8c2ad40b-6ded-4537-a5d6-58f91fb3f315,True,False,False
8c2d73f1-3354-4625-bff5-31836787c7dc,True,False,False
8c32b2dd-8244-4acd-b52f-b829d35f1ca9,True,False,False
8c38a560-f3ed-4c32-b18c-6a0d698c63d3,True,False,False
8c3a5683-0369-47f2-ae8a-0be9fee5fb08,True,False,False
8c3c10da-73de-4018-9293-4cded2dbb275,True,False,False
8c445a28-2f48-41c6-ad56-437870a1de7b,True,False,False
8c4c463d-06bd-4fdf-979f-3a7338e89ec0,True,False,False
8c597f26-a11c-4288-ab3c-863e8573ecd0,True,False,False
8c59bbf5-84f7-41dd-a06c-06e1edcfd860,True,False,False
8c5b066d-9d12-4388-a33c-ffec188209c6,True,False,False
8c6f56ab-ed88-4d55-a69a-60fd49bc8628,True,False,False
8c70b470-bf21-44cc-8024-7728e371ff08,True,False,False
8c7183f9-d730-7e91-6739-37459a287485,True,False,False
8c7fa1b1-3111-4ec4-ba10-3425e397d28f,True,False,False
8c826893-40fb-40eb-8b41-44567c9a6a57,True,False,False
8c8272d1-d420-4770-ae36-578620398489,True,False,False
8c831a44-159d-4b5f-8ebc-b26cd5b4b637,True,False,False
8c83d458-5599-40c9-8ff5-5aad49bec694,True,False,False
8c8400ae-9a74-4fa7-9d5b-426e069e6b59,True,False,False
8c8c5311-3385-47c1-9a98-ef0017671409,True,False,False
8c8eeeb6-2505-469f-bcec-b4e7733673df,True,False,False
8ca40f59-b7e9-41c4-8f49-d66e39724a9c,True,False,False
8ca6a141-71c4-4b59-89f1-97b593d07a51,True,False,False
8ca83f99-e68d-47e0-9467-ed02e3507c59,True,False,False
8caacf2f-57de-4442-a588-809f1b7ff793,True,False,False
8cb4223c-2a49-400b-8c28-bac522ce379c,True,False,False
8cccf28f-136d-4941-9005-755bec0a44c9,True,True,False
8ccdc357-f108-418b-b74c-af2642ce42df,True,False,False
8cd74350-34e7-423b-ab02-53108a89354b,True,False,False
8cdf9e97-a0b6-42f5-ad6a-ca80cbdaf147,True,False,False
8ce43266-bfa2-4f1a-9e16-8f2f8fb4b6aa,True,False,False
8ce5a7eb-48cf-caaa-81da-adc6eecb5e81,True,False,False
8ce87bcd-5573-43f2-b72f-eb8c7bc1ed0b,True,False,False
8cedd387-bdde-4edf-a132-c7c9f977725f,True,False,False
8cf06d29-466b-4b1b-946b-443ff1e3bf64,True,False,False
8cf2001b-b2c9-4429-9880-4c9d100d2736,True,False,False
8cfb6a15-9e6f-4b23-bd87-507c5cadbe73,True,False,False
8d05517f-55d9-41a3-88f4-ea9ec0a2661a,True,False,False
8d07a3d4-0303-45f5-92a4-7f455b0506fa,True,False,False
8d09548a-6cd5-493d-8fee-7b9ef5be4e46,True,False,False
8d1082d9-05a8-45ff-ba0e-f0caa5d23a6a,True,False,False
8d15e2b5-38ec-4689-9faf-5aafa825c229,True,False,False
8d180904-45a2-4b01-af8d-096af9d13872,True,False,False
8d22d762-bb01-4942-a927-cd5cbefee711,True,False,False
8d232f52-1eda-43b7-af58-eb93ecb5b02d,True,False,False
8d276f84-1268-411f-824e-e0f67aa4b35c,True,False,False
8d2b4523-ad11-4b65-9fb9-265ee2076fba,True,False,False
8d2f8d25-5bc9-41ed-8027-b54115378a9c,True,False,False
8d39bc6b-0735-4b2e-b696-e2f04b586d56,True,False,False
8d495ee9-4461-4680-adec-b1db90849e9a,True,False,False
8d4cca1f-c907-4891-910e-2ec0b33195ac,True,False,False
8d4fdd44-2654-4569-9784-878c60ddf782,True,False,False
8d5781d7-b758-4643-b022-4e982215a929,True,False,False
8d609456-9c45-4544-8f16-55b70e7332cf,True,False,False
8d69441c-d19f-46d1-b022-396dd3898ce1,True,False,False
8d6cde75-0041-494c-a584-7913e440f999,True,False,False
8d734b68-7fe7-41aa-96b6-39fe366e836c,True,False,False
8d759c27-72d0-b825-2048-e46a760659fe,True,False,False
8d7d1407-c303-48f4-ab5d-b9e0aca80485,True,False,False
8d7e7968-1919-4166-aac7-b34ea3bbceb7,True,False,False
8d8327a4-5934-4d73-9dda-6efb20f6b46c,True,False,False
8d93cc81-2a68-4894-949d-4bdc54df6d87,True,False,False
8d994ccc-9541-4c32-aeb1-b1ba9a6006c9,True,False,False
8da341be-e538-4664-98c8-15333c0c735d,True,False,False
8da6ef70-bb83-4e9c-9854-7293af1882e8,True,False,False
8da7e39e-4f04-40b2-b585-5f85d4780a88,True,False,False
8dabfb52-a072-43c3-af1f-28338e80935b,True,False,False
8db2c62d-ab08-4504-896b-227c0c4092a0,True,False,False
8db526a0-5db2-44eb-8a18-f1abdeb4904f,True,False,False
8dbc7110-82d8-41d2-9cd8-eee602b0ae60,True,False,False
8dbd881a-79ab-4fce-9c23-08e4aa0b8c58,True,False,False
8dbd9eb3-93dc-4db7-b62b-e138a4792c04,True,False,False
8dbf8389-8011-4de4-9154-74b09d30e43a,True,False,False
8dc2f4a2-9ebe-4ac4-b1a5-d8d801c05da9,True,False,False
8dc647d6-8f8c-4c60-b81e-74b5bf8b68b4,True,False,False
8dc74954-bc27-4879-8a84-205cb318cd57,True,False,False
8dce3ce6-b481-47b6-84d2-d9a703415156,True,False,False
8dcfce3c-b245-4d60-9aca-3bde80a7d86a,True,False,False
8ddd8b79-918d-434f-a69e-8437135a60fa,True,False,False
8de5547d-622c-4610-957b-0033d31a1971,True,False,False
8df2f4cc-6ddb-41a2-9305-956c497765e1,True,False,False
8df60423-fd65-4cdf-9be5-e6437ae76ebe,True,False,False
8df8b658-d781-4c93-b8a5-b857ec328e3d,True,False,False
8e12d54e-75a6-4ed0-a882-c210b02d2d50,True,False,False
8e16891e-e4df-49b8-8028-7a1d63b28ad9,True,False,False
8e208a52-3eb1-d5dc-b22d-d3b5033cc424,True,False,False
8e23f10e-d5d9-4c57-99de-305028cd42b3,True,False,False
8e2b43d3-cfee-4cfc-9c70-a3eae757c60d,True,False,False
8e2db5e7-d1e9-4ebe-8672-baf32114c92f,True,False,False
8e2e9b9e-c205-47af-a1be-8642d1e73696,True,False,False
8e3412ca-13ba-4e90-bcac-367386f4079c,True,False,False
8e40d407-2521-4c71-99c8-817eaa54d8ed,True,False,False
8e41748d-8acc-4a7c-8882-1bddfaab14fc,True,False,False
8e425fd3-387e-4239-a6cb-2006a02750c2,True,False,False
8e487f04-68cc-4a0f-b474-d41fcf0a8ddf,True,False,False
8e4da02b-15a0-4eff-ab55-2cf1f628de31,True,False,False
8e4f9fa1-4b57-455f-91c0-3f8e13907b2a,True,False,False
8e53310a-62a5-4ab1-b9fb-2d952fc97665,True,False,False
8e5f3d3f-0766-44ae-9bdd-6214b66db3a5,True,False,False
8e5f4f83-366c-4f70-860e-ca7417414283,True,False,False
8e60b668-cfa0-4e41-b6e5-0b296693fb7c,True,False,False
8e61ea28-6592-4f33-8015-048fedea3265,True,False,False
8e64ce6e-7494-440c-abb1-4f2d639827f8,True,False,False
8e6ea1db-2713-466a-a881-502afbfc6081,True,False,False
8e6ef01b-003c-4ac3-be28-73c8fdfd4d2a,True,False,False
8e6fa185-c690-4048-8e4e-c6796830a4c0,True,True,True
8e7135cc-b17c-46fb-8be4-43e8ed9e953b,True,False,False
8e76db72-b07c-4a7f-8b6b-84a6e5016628,True,False,False
8e7afb54-2271-4126-9cbd-058cc92fedfd,True,False,False
8e7ef973-140c-489d-b91d-7366b38936eb,True,False,False
8e7f5776-2b66-4501-896d-0c06b3778c11,True,False,False
8e844784-ea9f-44b8-ae24-6879551bad5b,True,False,False
8e8c725b-9d41-44b2-8181-d59c4e67a8c0,True,False,False
8e8d03bd-30ba-4138-8997-01c88bfd8259,True,False,False
8e900c6a-447f-4dd5-b854-97be6a907cb1,True,False,False
8e9232a2-205a-464b-85a8-3f71a5e87c01,True,False,False
8e982d34-ed5d-44cb-aa78-6335d9ec3ff1,True,False,False
8e99dbd2-b3c0-4183-a09e-8124cb487de2,True,False,False
8e9beb36-c21f-441d-b2ab-dc1a9e9b8d5c,True,False,False
8e9c7017-d687-4195-ae40-3d4aaa8646c4,True,False,False
8ea313c9-2f8e-4c4c-a12a-4ee8da91f546,True,False,False
8eb67e3b-5ce6-4058-b3c5-5293b6744dc5,True,False,False
8eb74628-f6e7-4a59-84b9-cabccafe77c5,True,False,False
8eb8b430-8c95-4b46-ae82-d34e70ad8f27,True,False,False
8ebfb2ba-19ee-4e41-84ff-5ca326ab6b5f,True,False,False
8ec7f886-9405-4f3b-8c0f-c8a48312e885,True,True,False
8ecce3b7-8513-4862-ba32-d812b57fc9ff,True,False,False
8ed00822-d3cb-42a9-aabf-6219b9a71b53,True,False,False
8ed4cd37-b128-47e2-b84b-37acdaea9ad2,True,False,False
8ee77aaf-d6bf-4374-b210-5d1e7acfd44a,True,False,False
8eea297c-d7c1-4ad5-96d4-d887ae865cf7,True,False,False
8eef1180-77f1-4555-826b-3263a469a09c,True,False,False
8ef17011-b11e-45d3-92cc-857c695d107b,True,False,False
8ef5214a-86ad-4d0b-8df3-4280dd411b47,True,False,False
8f02684a-4fab-41eb-8e3f-795a689f6df3,True,False,False
8f063d93-0a01-48f5-a7a1-3cf60874c4c7,True,False,False
8f0e7892-98d7-437e-a3ef-fed5a688662c,True,False,False
8f185bf2-972a-441a-bff5-0afdce0ab9d8,True,False,False
8f18e65a-b1c2-4024-a413-b0d2d947fb4b,True,False,False
8f1d6f1a-c9c6-41a7-a88a-ebd2a4059dfa,True,False,False
8f1fbf76-a045-4b85-8bc7-51e967a20618,True,False,False
8f25b11c-ff18-4d3d-9d30-6c953004212b,True,False,False
8f27204b-3662-4dc8-a7d4-fe8ccc32bbda,True,False,False
8f2aeb13-b8fe-4fd7-92e6-6e634b8af0aa,True,False,False
8f2fb845-f1be-4768-ab5b-1385371b7dae,True,False,False
8f2fd443-5eea-4d54-a497-225c9741293f,True,False,False
8f326ee9-ed79-492a-939d-15549aa8ef4c,True,False,False
8f484d99-b124-45be-b314-74f09586b51c,True,False,False
8f4a264a-a0e3-4ab9-8745-21f89e70a657,True,False,False
8f51f2bb-d82c-47d1-91eb-9fcc162cf832,True,False,False
8f51fed7-6120-4904-8a8a-f0b634d05251,True,False,False
8f54e73c-b63c-48e9-98fe-b059f2a40a48,True,True,False
8f576800-9347-4070-8039-2f27fa8fea9e,True,False,False
8f5b7207-5944-4f1f-a3a5-69c1aa8174bc,True,False,False
8f5c323b-402a-4cf0-8d44-fb160d3f336d,True,False,False
8f62670f-08d7-4c4b-9284-db07936f1715,True,False,False
8f636d6a-4a2a-476e-8c32-7db9cc2af2ae,True,False,False
8f65dac1-e176-4b72-b783-d9c5615ae858,True,False,False
8f7827e8-f803-4903-9bb2-a96ef1487bbc,True,False,False
8f7a448e-79c8-47ed-bc7f-92e8f10ecd70,True,False,False
8f815088-cf3a-4d83-9e05-932909874cce,True,False,False
8f87b70a-7b2b-4701-9dce-e487f89017cc,True,False,False
8f8f80ca-8512-4e9a-9018-1d65767c158e,True,False,False
8f99cd48-22e9-4ca2-ad21-2daa90a3209e,True,False,False
8f9a06ef-7c77-40b9-abe2-f4d8e671d3af,True,False,False
8f9a4238-6cd2-4d28-ada3-e0ce49b9e257,True,False,False
8fa53990-46a2-4071-bb96-70a4ca149424,True,False,False
8fa7f6d0-202d-48e3-91b8-f15b588a8460,True,False,False
8fa9245a-9a89-46ad-9fbf-69679047ac36,True,False,False
8fad9fa4-af6b-4700-b42b-114199bdbbfe,True,False,False
8fb58fb2-6642-4a5b-b578-5e353f08938c,True,False,False
8fb9c0cb-c993-4cd5-a3a6-2d8474b047a1,True,False,False
8fbc7d60-6ae5-41c9-985c-cee9c52ab9ae,True,False,False
8fc5cf36-4df2-4b48-be44-3b2f22310ef8,True,False,False
8fcf2866-793c-42c8-ac4d-3fc108ad0244,True,False,False
8fd3839d-51cb-420a-a8cd-ed6e2cf20467,True,False,False
8fd5160a-6b8e-476d-994c-bb129de6f194,True,False,False
8fd92e05-15c4-4f3e-b279-83117c8fc0c1,True,False,False
8fe7ce10-1291-4f4a-80d2-cfaf0bbb7777,True,False,False
8feae114-6ee4-4ea3-892d-30031ae3ecdd,True,False,False
8ff1761f-6f76-4b4f-81b9-d23f9566574c,True,False,False
9003483c-3162-637f-1a62-f34ad7d31141,True,False,False
90058ff7-8eda-42de-96dd-5d0c802b8dda,True,False,False
9009534b-aa4d-4e54-b55f-292aa5d0e772,True,False,False
900b3b0e-0dbb-47c3-a326-7ba0367a5beb,True,False,False
900b9122-e369-4259-b457-43c887556035,True,False,False
9010c03f-61f5-4624-996e-035f06f0834b,True,False,False
9013cee8-5346-4ed9-8893-9c49c8f5f6b5,True,False,False
90174121-005c-43e3-8197-18386ed5f79c,True,False,False
9017ac20-81e3-4829-a6fd-9946cfa2221c,True,False,False
90186819-aca7-46fa-9eae-b59992d992b9,True,False,False
901b9c48-afd6-4837-bf73-ed5cc7f65d32,True,False,False
902f3b61-9654-45a8-98bc-9f1cd007fe2f,True,False,False
9035b07d-f789-4505-85ac-1751037fc429,True,False,False
903acf73-01e9-4680-877d-6df6f20bee93,True,False,False
904572a9-9101-4ad4-b04d-6acc2ce4b9c0,True,False,False
9045c830-e959-4713-beec-0dbdcda457d6,True,False,False
904b9c63-020c-4573-a53b-aacedb9f2132,True,False,False
904ddf61-cca8-4997-898b-241db98f0df1,True,False,False
90538370-57f0-45f1-8950-20897d93c2bc,True,True,False
90596836-cbfd-4cc9-842f-9a5ba564adef,True,False,False
905e845d-e85d-4a26-ac68-46130ab50e60,True,False,False
905fff2d-04d8-4ebe-95d6-bc7491b4846d,True,False,False
90608a6b-848f-4467-a124-2ae67da822db,True,False,False
90610c59-d92f-40b1-9b30-5f303eaeb124,True,False,False
9061e620-4cd6-4d8d-85c9-e5eb6904f2eb,True,False,False
9062cefb-2d7c-49d8-ab37-7b3199f73d66,True,False,False
9066cdee-c837-46af-abd5-0e088981b4d5,True,False,False
90768101-187d-464c-bfa8-0cfbdc5a295d,True,False,False
907a0e23-24f1-4f70-baa4-64793a4178f6,True,False,False
907aa6dd-9374-417d-8efb-062e660bb37b,True,False,False
907c466f-8f1e-4247-8e09-a9d7eadb2db1,True,False,False
907d538c-c2db-44f5-82bd-01d0e9b946a3,True,False,False
907d9d1b-5a63-4dd6-bc8a-80e887ef921e,True,False,False
907f9a5c-253d-4b40-a7be-9222ffd38956,True,False,False
9080435f-56d6-4257-8117-140cb8b7c96d,True,False,False
90814d07-b0a2-47c3-b8ac-62ffb3039663,True,False,False
90887fa3-5e4a-4788-a83f-445d43a1e611,True,False,False
90899f3f-a902-4347-b765-d1e836582ecc,True,False,False
90945306-4d90-4730-bfff-0a65ade0e837,True,False,False
90946cd2-451f-43f2-aa16-dddfb70c3d1f,True,False,False
90991396-9eec-4a2e-9fec-d370b6f98625,True,False,False
90a27156-5f4a-408e-8664-e01484e6caba,True,False,False
90a9eec0-7cea-41ed-a4a8-a9b11566910b,True,False,False
90ab38fb-d937-4127-9ed1-2ed636515613,True,False,False
90af924d-0ac3-4704-a6c7-b70946871bc0,True,False,False
90b39fe5-67b0-470f-b6ed-0389e0de7d58,True,False,False
90bbb88f-975c-472f-9da0-c43bf7373f65,True,False,False
90cd6fbe-14d2-45bb-b30a-2be2a8d9bf8e,True,False,False
90d113f4-9c46-42d2-bfc6-eee7733bb205,True,False,False
90d3457f-fb66-44b5-b9ef-1f9a3b661f22,True,False,False
90dde05c-cb01-4ad9-b9f1-edffb0ff22ea,True,False,False
90df48e8-1d3d-4e27-97c5-b5b4efaf475c,True,False,False
90e3a30d-58dc-47fc-8692-214e86249096,True,False,False
90e413f8-41d0-44b9-b7bb-7b4ec893ec31,True,False,False
90e801ce-f3cc-4063-b122-c99afc638c1c,True,False,False
90ec60c7-81d3-4747-844a-a9c16f01cf79,True,False,False
90f17a41-d706-4416-ad52-0ed3a8978f38,True,False,False
90f3b544-0065-4534-9989-d4d48670473c,True,False,False
91036550-c2fb-4646-af89-ea578d5645b6,True,False,False
910689f7-9df5-4458-8f29-1720adb150dc,True,False,False
91085855-67aa-4e27-af7c-835be79b180b,True,False,False
91093fae-4f89-4f6e-b456-46b2434a967d,True,False,False
910c3202-fcd3-46f5-82cf-f3187b3048df,True,False,False
910fc723-68f1-4196-8354-b79e4dc4b44d,True,False,False
9110d431-21a4-4064-9340-43512a5d79b5,True,False,False
911d1874-f119-4af0-a2ef-3f3ca1f29fca,True,False,False
91283eb6-b9d7-4239-a8bb-0bd37d01a3a1,True,False,False
91292f39-8e2e-46eb-b239-c9c384f2b175,True,True,False
912b82fd-f2c9-47df-8c14-cc49ed049fd4,True,False,False
913371ab-62b2-40e2-a168-2f64bf075489,True,False,False
91393a77-f5c1-4785-9b04-805ee9773ba9,True,False,False
913e9716-7e15-4f11-b86b-ab61d135e766,True,False,False
9140152a-fb2a-41ed-9bc5-9a70650b3104,True,False,False
9144bb2f-da01-47ab-9519-6577f30c6814,True,False,False
9145aea5-19a7-470b-89e8-4d729956657d,True,False,False
914ac10d-86a8-4617-a8ee-a09ed15b8fad,True,False,False
914b089e-bb46-40fd-983a-9e7df13c72f8,True,False,False
914b9bfe-8a8b-4ea1-8ce7-08b34c738d70,True,False,False
915687da-7094-44bb-bd77-540c46eb6dec,True,False,False
9156a7a6-09bf-47af-8741-7b662e5b30a8,True,False,False
91574b1a-4e2a-48d5-bb55-5c0c50770358,True,False,False
91668182-e646-4a2e-b050-6e9403c7038f,True,False,False
91754949-a36a-4711-883a-725846285058,True,False,False
91785ed1-9f04-4716-b53f-3fdffa60ecf7,True,False,False
917e4a89-12e3-4dab-b6bf-5562db2a33ed,True,False,False
917e64ec-0d82-4261-92e8-5e9dcc3579ad,True,False,False
918000ae-9ddd-4234-9d1b-2bc874eb8f02,True,False,False
91868eab-350a-4c34-aeb1-8761e89dc24c,True,False,False
919bcfdf-3610-4668-bbf3-61dcd661a88a,True,False,False
919eb4b0-ea81-477d-ab20-70ef7c476130,True,False,False
91b3f117-55b1-4191-a26a-604f3a130dcc,True,False,False
91b42ee9-0924-442c-87d1-ed35577e6a4d,True,False,False
91c2bde0-c6af-4e2a-bc1d-df06b79794d1,True,False,False
91c9278c-22fe-441a-9b36-91e83196ec80,True,False,False
91e36340-9e91-4966-8141-a78cfa4cb021,True,False,False
91e7647c-7943-0674-b1e3-e8ac63ba4af1,True,False,False
9209e357-e7b2-4429-a87c-cdaf4fff8c36,True,False,False
920de018-b09a-40a0-9750-06dcaee2de54,True,False,False
921b66e2-a85d-4a15-9d09-49acc9d2727d,True,False,False
922554d2-00c3-4bbc-a912-02d0ed1e7b48,True,False,False
922f8cc6-5923-432a-a4d8-3721f101e0a1,True,False,False
923056de-02c2-41d5-9219-87d9892c7e84,True,False,False
923085e9-9f26-4e90-bab1-0accabaa0179,True,False,False
9231740b-24a7-4636-96a1-63da2808410d,True,True,True
923299a5-b6cc-4dd1-af4a-e567a5526e7a,True,False,False
9237e1bd-3b83-4808-b212-1cf294324cc2,True,False,False
9238accd-b6cb-4d9d-8933-29e23f5108c1,True,False,False
923b207b-769e-46cf-b47d-7000cb21e782,True,False,False
923b30c0-2683-4632-80ca-dab551653b9b,True,False,False
923f850a-7adc-428a-8f24-940028a77972,True,False,False
9240c14a-38fe-429d-a84f-d8bc18981c14,True,False,False
92472388-f34e-449f-8fa3-94397da029d2,True,False,False
924b9fc1-8673-462c-9c39-c41b55655740,True,False,False
924ec84c-e4a3-498c-b1ca-b2b7b7b38c88,True,False,False
925494d4-8e5f-4fd8-9e2b-e9c7f3d781db,True,False,False
92567fbe-3d3d-4fea-ba70-adfa1d0d45db,True,False,False
925bcc2b-82ba-433c-98e3-5a7d4f603013,True,False,False
925e90ca-01d9-4fca-8f7c-86e849c69a7f,True,False,False
92685316-c7d7-4b49-9bd2-4a96da3dd61e,True,False,False
926dfdea-6619-4b44-9356-a16057716cff,True,False,False
92729e3f-3b69-4343-a855-228e6345292a,True,False,False
92753ec7-b367-40ea-a955-42cb969df652,True,False,False
9276d9f8-446a-4fb6-80f3-c23363387308,True,False,False
92833f00-64cc-4eda-ae60-3d657dc61994,True,False,False
928b2f6b-f121-4a63-bf5c-ab7d70007dce,True,False,False
92926a03-ff8b-43b4-9f1c-6d54366a584e,True,False,False
92993163-10b5-4341-9ed4-3d801ad79bb8,True,False,False
929ec02d-3fef-4bb6-b638-657bb8f2f03f,True,True,False
92abaa6e-ffe6-e1a6-456b-7229528ca67b,True,False,False
92b77b44-c30e-431a-a3ac-2aab2b95e0dd,True,False,False
92b90e5f-e607-4e5e-99dc-4bf477da8367,True,False,False
92bb38fe-a7c1-4828-af60-b2289a28b5e3,True,False,False
92bff985-66cc-4acd-b269-56e2a213a52a,True,False,False
92c18c78-571a-49fb-8108-2a15cecbf1a0,True,False,False
92c704e2-35de-4d13-890c-f99f271de38e,True,False,False
92cc76df-917c-4790-b785-7066ff8eab41,True,False,False
92ce01f4-0ab5-412a-beec-9aa30fabd96a,True,False,False
92d1c0d3-73e8-49ef-bc75-885928375406,True,False,False
92d61e8f-41dc-4b5c-952b-51c3770da6d8,True,False,False
92d7e366-ddc5-42b1-bc33-01d6845ab8d1,True,False,False
92e6d577-669b-431f-888d-be1e770e8921,True,True,False
92ee9813-7fa4-44a1-93ae-439a877353b4,True,False,False
92f24180-c95b-488c-9da1-1fe153413872,True,False,False
92f28602-cb86-4e9f-b820-c35b0b3a3ab6,True,False,False
92fd68e1-2d7a-4e37-84bd-0c32dcf18d15,True,False,False
930d9f53-f84a-4f50-b6ee-b999bc8a7f7c,True,False,False
931a7291-32ca-4295-952b-60ed229e6b06,True,False,False
9325fcbf-1e46-4c85-8007-d82976e1066e,True,True,False
932855c4-75e5-4095-be83-461bdb9157d4,True,False,False
932bee86-fca2-4691-83fc-c47d9cf05cee,True,False,False
932e4acb-4403-4d13-b4b3-babd462d6848,True,False,False
932f08ce-9774-4be4-8f87-ea52b9766e84,True,False,False
9333baff-bf43-4126-93f2-20b58ea62191,True,False,False
933a3cf0-f088-4e9d-9c00-9cf0e302a678,True,False,False
93444fb1-ac3a-4faf-be45-e2dbb50eb38f,True,False,False
93476518-09d0-4430-a224-d37a28d30488,True,True,False
9347e30a-7168-41e8-96d5-caa4624e7bb1,True,False,False
9348c6e8-d10d-488d-91eb-5a458679473c,True,False,False
934b3598-e2de-46f7-9c1c-5d3a2bf4e83c,True,False,False
9354f8d0-a6a1-4be8-a08c-e91dc3c68d93,True,False,False
93554813-97d8-4c78-9005-b9288263d9e4,True,False,False
936748a2-f0fe-4497-9bc3-0164febb4489,True,False,False
936ba353-5a65-4658-b8cc-bbc8109ef6b4,True,False,False
936d231c-0f79-4a43-9c22-430667aeb902,True,False,False
93709219-538a-4216-97b5-e9bf11e74a25,True,False,False
93724f4c-219f-4c5a-9cdf-d24b7140086e,True,False,False
937ca1f6-aafa-4995-a936-c2c50e3d2d7d,True,False,False
93807c34-b3bf-43c2-a1b5-a3ec47d72e4b,True,False,False
9382dade-ae2f-4a81-a1d0-74c4994c5cdf,True,False,False
938a86c1-1b0e-49ad-b0f1-1a42abc96ac1,True,False,False
938c2928-2f36-4aac-9307-45ffc756b3b9,True,False,False
93965b44-0808-4b48-a3f1-b298703815f0,True,False,False
939bbd57-84e0-4bfb-b46e-085bcf4143bb,True,False,False
93aa8a11-e553-4db5-ba23-b9f5eea52a57,True,False,False
93ad94f9-b293-444b-85cc-91e75e3b12ff,True,False,False
93b02a28-f2c3-4416-9135-b640b1186190,True,False,False
93b1858f-0658-4418-9365-45d6cb1e273c,True,False,False
93b6da4b-b98e-470b-b5b3-423da1364ea7,True,False,False
93b74730-ffcc-4be8-b36f-f8dee5950d64,True,False,False
93be1e62-f3b6-4607-b8f9-ff384b93ad26,True,False,False
93c02185-5d27-4992-a10c-74c69e90e72e,True,False,False
93c387e8-7fc2-44e4-b90c-344cbfd377aa,True,False,False
93c4331c-3c2f-498c-9b51-aa9f566e5dfb,True,False,False
93c7420c-d81f-4f29-a21d-a88312ca21e3,True,False,False
93ca7850-cac7-4422-b7b4-42e141779eb8,True,False,False
93cebcd6-6b6b-420f-9f7c-89f45e91cf61,True,False,False
93d089be-beea-47d3-97a7-cde3745d1501,True,False,False
93d6287c-70ea-4221-9c05-b93984c0a5e2,True,False,False
93d7b507-4210-4e75-a82f-108d3ce95825,True,False,False
93dfad26-53d3-4b4c-8a82-11b18f11b71e,True,False,False
93e1c62b-eb8a-43a5-8cb2-1f0e4c4f8e55,True,False,False
93ea93b4-372b-4529-99bc-8950ad1d4f50,True,False,False
93fbbca8-1e7f-492d-a67b-85b5ca44bb94,True,False,False
93fe31a9-47ab-4328-813c-dcb236ec7249,True,False,False
940915f6-8ddb-4667-8760-0321db7b9c2a,True,False,False
9412792f-2433-41d5-812b-44b787836754,True,False,False
94158a32-3c42-4aeb-a4f3-b849b4dc16ed,True,True,True
941759dd-c736-42ec-8f80-4232d3e53c57,True,False,False
94227cf1-fdc2-4b9c-aabb-53ac9e78914e,True,False,False
9422f6c2-822d-4a50-ab20-2cbed086add6,True,False,False
942584a9-1db4-4f9a-b275-ed8478aa5206,True,False,False
942ad605-66ec-4512-a17d-f37357bc9ca6,True,False,False
9430d64c-c63b-4888-925c-edffe390383a,True,False,False
94318a89-1a6d-4010-836f-65fba9c7fabd,True,False,False
94345c91-948c-4c76-84c3-a9fdf27bd9b8,True,False,False
943949e4-82d0-419a-add8-73a390673602,True,False,False
943b347d-8ea3-43ad-803c-c36641a6037f,True,False,False
944c0d2a-4918-4be1-893b-5e6762fae92f,True,False,False
944c6888-7142-465a-9462-c20c28575e86,True,False,False
9458906e-f61e-439c-9ca6-14c114908441,True,False,False
9460957d-4278-4bf2-8e2b-1d42597a0eb0,True,False,False
9464f916-4072-4fec-aa09-1a1148743851,True,False,False
9465c930-241f-44fd-a04a-76142d3b4022,True,False,False
9467a8e5-44a6-48dc-95e6-6b3e21305098,True,False,False
9468770d-5ff5-459f-9251-98f8fd422a6f,True,False,False
946e13db-9193-4949-8edc-9d967180ee7b,True,False,False
946ec1f6-1897-4975-b9f5-e2165b49c06d,True,False,False
94737489-5c8c-49c8-867f-bb0375c74221,True,False,False
947af14b-c3cc-41a6-9bc5-bd3cd114a9bd,True,False,False
94877c6b-66ed-41cf-89fa-391fbe10984c,True,False,False
94892a83-8e4e-428c-9401-78b63441e82b,True,True,True
948ae68f-1328-4103-bef6-de39b0ebf51b,True,False,False
948bee09-ca45-4ca5-8e72-351b8cc868ce,True,False,False
948ea668-9124-44e7-9f7f-631fd9936ade,True,False,False
9491d355-7b47-43dc-853f-ddbdbbdbed9c,True,False,False
949f172e-bbb1-47f7-a224-2ee0863deca5,True,False,False
94a51372-da39-419b-892e-2fc5a93496d6,True,False,False
94acd4c6-540d-4b82-98c2-4e61653b547f,True,False,False
94afedc0-0290-40c1-809e-74adcf5698b8,True,False,False
94b37d8e-fc79-4ade-ac9f-c0df9ff88b06,True,False,False
94cb0274-a644-4781-8b35-3aae0bd95e71,True,False,False
94cb0579-e991-47ce-bcb8-112a0f10948b,True,False,False
94ce2572-1655-4284-9afd-26fc14975ec4,True,False,False
94d3d877-773e-4e86-abf3-c68b4eb8954f,True,False,False
94d84226-4fe1-4b91-aca9-e7db5473e882,True,False,False
94dcae11-02f0-4f5a-807c-b81ec00c68c6,True,False,False
94ea85ea-7dc8-4850-a47f-034a143f2fb0,True,False,False
94ea936d-08a3-40e8-bd2a-8b5534ea823e,True,False,False
94ead26b-3f74-4e63-9239-1fee6f21e5bc,True,False,False
9501f72a-5098-4e7b-81d4-19b0e994f127,True,False,False
9516dea0-62ab-4c3c-aa68-6c10bed0bd50,True,False,False
951b8d90-0ca4-4914-96f8-b1a4c3e9151f,True,False,False
952b12c3-44a3-4c43-b683-d52a6cb974a6,True,False,False
952bd011-07ea-4d09-b2f8-8b099b558e6c,True,False,False
952bd026-d4f7-4972-b691-b3ad88343139,True,False,False
953c8b5b-5f23-49f2-be2d-7fda510510f4,True,False,False
95403514-8fb6-4e7c-98e2-a0f8cb918518,True,False,False
9540f0d1-1d3b-4291-a54a-e6ce1b76b833,True,False,False
9543c1a6-2d4d-4154-849c-d81c57f1a0e8,True,False,False
9548eea8-545c-4aa6-81fc-70c52ff22f0b,True,False,False
954a4eb6-efec-4fdc-a9a2-6e4255ad8901,True,False,False
954e9b2b-8a90-4a4b-a4b8-450d150cc567,True,False,False
955289d0-9613-4a54-9000-22b961aae3c7,True,False,False
9555b9c0-29aa-4a8e-bcbd-0ea6557c68cc,True,False,False
95631d0e-802e-5a38-62d9-eacaf520abb8,True,False,False
956d7451-468f-4efc-bb2a-8d08c78f4c3c,True,False,False
9574ab4b-a804-44cd-a077-080b01a290ba,True,False,False
95783ed0-9c85-415b-b224-70c94905e9c8,True,False,False
9579fb80-6046-472d-bea9-e5a054b87f68,True,False,False
957fb264-ac05-4a40-ac21-6785ab46e47f,True,False,False
95939bb0-f9ee-4c11-8e4a-f3bc285a0e7d,True,False,False
959923f9-1c18-43ef-a583-935bccc02d13,True,False,False
959acac6-161c-4d75-a00e-ed5c848750e4,True,False,False
959e4254-2a73-433e-bdc4-5da60b5713dc,True,False,False
95a0958a-4da9-46a1-8893-495f1c245d37,True,False,False
95ab5d5d-be19-4118-84e9-534d65b7a687,True,False,False
95af44d6-9699-4883-bc59-ff8e0189d099,True,False,False
95b1f71b-f4b0-4c87-9a2c-4c70d834c851,True,False,False
95b4deaf-1fdd-4ccc-be9e-b310f1968441,True,False,False
95bba038-cc68-4630-8510-f3f26f22319e,True,False,False
95bc7ca5-222f-4a90-899d-c1f741c4bd16,True,False,False
95c04a12-9fe9-6abf-9a9e-8f060db66360,True,False,False
95c67a49-df73-4999-808e-14648aef4946,True,False,False
95c7de6d-c0ab-4ec5-92fe-d7adad2c2994,True,False,False
95c9377b-f56e-4775-ae49-abd8d952915b,True,False,False
95d613cc-5621-4dcf-9aaf-9d7b01f371a6,True,False,False
95d638a8-a57f-4982-bfbe-c1736d2c0b19,True,False,False
95e6c0e0-aabf-45a0-b6e7-2e8658a9a89d,True,False,False
95f74130-a630-443c-a767-3e2eaaf59033,True,False,False
95f9b934-5b08-482e-a432-6818c25fb682,True,False,False
95faba33-02c1-4e51-a71a-de8bd74c381e,True,False,False
96006ff0-6d57-4998-baed-190776eb2dd8,True,False,False
9602cc76-0d63-4851-89b6-add5fbc0c6cd,True,False,False
96089a23-8355-45bf-86a9-437b2d02d5c3,True,False,False
96095bb9-b382-42d4-b65b-37962694170d,True,False,False
96205f7c-f996-485a-8823-bbd22801be15,True,False,False
9620e3f9-82a3-479d-bcd6-bb2222eb1f69,True,False,False
96215992-770d-4967-8a58-663387825536,True,False,False
963230d4-938d-4377-863f-af08bf41ca57,True,False,False
96325016-c72d-47a3-bf77-e6efaec76508,True,False,False
9637d23e-f3f4-434b-af8d-f825d0f2b12c,True,False,False
9639cc17-1661-4463-9bf2-5e9eaa085828,True,False,False
963caa2b-4529-484a-8707-1abfb4fa7442,True,False,False
963ff77b-e6d3-4ec9-9780-dad41a73684e,True,False,False
9641b46a-5c82-4655-b767-a88026249bd1,True,False,False
9641c5b7-563d-4541-acb5-48d49dbff222,True,False,False
9646aeb1-96ba-4a94-8536-4e48486568b0,True,False,False
96492b10-72ea-48d1-a441-a21cbf6c28da,True,False,False
96497404-cc0b-4b48-8818-c7a8c5153523,True,False,False
9650f4d1-5838-413f-a9e9-80c3a420d113,True,False,False
965b6891-61b5-4c41-a0e4-b9d8cd694a42,True,False,False
965d5ad7-9bfa-49b4-8f4a-320f35b66ec1,True,False,False
9663c0fb-0aa3-4e79-906b-959853c99031,True,False,False
966a8ab1-4388-4ad8-a7ac-a7a7519b99d0,True,False,False
966ae779-86d7-4713-bfa4-73b58af36093,True,False,False
966ae8b8-5f94-4f0d-9be9-1811e52df2a7,True,False,False
966e3ee8-a94c-4e19-a4d6-96fe7949e24e,True,False,False
9670374c-b97e-418f-a282-4b9eeac16a6f,True,False,False
967420b6-2891-4eab-9a90-7beec3279cb9,True,False,False
96745178-e9e2-4fcb-a420-7114ad3fc71d,True,False,False
9675f884-362e-494c-9d82-d19ad1f33cab,True,False,False
967e0822-8203-4be7-b597-5b7e5fed9cdc,True,True,True
96850d4f-8edf-49ce-a279-7a12876afedd,True,False,False
96876068-ce8f-4c78-99de-4712e8b75cb9,True,False,False
9688579c-9920-45e8-a3bf-6872ca75a2b4,True,False,False
9698be58-cfb7-4cbf-b013-b1ad56456b74,True,False,False
969c2628-0675-4753-9b59-ffeac622a88d,True,False,False
969ea68f-a919-4d32-8925-b709d87c539c,True,False,False
96a47944-3276-4e28-bddd-1d66b75e5578,True,False,False
96a4a95e-fc3d-f110-9b91-c89ace68ed6c,True,False,False
96aacc09-3eb1-4b9f-807d-67ffb720002b,True,False,False
96add5a6-00d7-42a4-8022-d80a5f896a38,True,False,False
96aeedf2-1768-467c-8fdc-8117f97c744a,True,False,False
96be8470-3484-47dc-85fe-c0c0a67776b4,True,False,False
96cd3ae9-5df7-4a39-a14d-c3ca9ef3a634,True,False,False
96d57780-fb11-4cb6-a444-db3fd3bf491d,True,False,False
96d9df3c-829a-4512-924d-5d882d498a34,True,False,False
96e9b817-1888-59f0-f75c-55dcc8389a94,True,False,False
96f4fc6f-d1f6-43bf-b696-a0d89bd3f901,True,False,False
96f59893-ee38-43dc-8861-291c9d88ec46,True,False,False
96f658e9-5769-4b74-85eb-f461667386c7,True,False,False
96f7ef79-6d2c-4255-b4fb-6ba8327d92cc,True,False,False
96fc9d7f-cc55-4e16-9be7-7d083b957518,True,False,False
9700e129-eeb4-4386-be57-ad1b2ce8d79b,True,False,False
9707fe7d-1341-4e10-bdaa-7a0cc42c591c,True,False,False
9709345e-8c2a-4cde-b442-38bafe8ee081,True,False,False
971eb11a-62dc-4609-8d1f-14a90256986f,True,False,False
971efa45-7f77-48b1-b512-aadd448b56b0,True,False,False
9721302b-fa6c-4e64-a22a-20e7396dec58,True,False,False
97238f5a-df24-4c64-947f-8c402a0974a9,True,False,False
972b65a3-4587-407b-9b27-c4576070ea22,True,False,False
9748d726-fd31-4fdb-b53a-b7259bcd4aef,True,False,False
975422da-da7b-44df-a73a-066040c6dc7a,True,False,False
975a1e21-ee7e-4b2c-bedc-06e783b9f9cc,True,False,False
975bca3d-d274-4709-89e9-63f3b098a054,True,False,False
9763a524-ed20-4d0b-889c-35a7b5d3451b,True,False,False
977715ee-3267-4083-a8a4-dbf22bc86fc2,True,False,False
977bdda9-8000-4fe0-bc9f-546fc0584dc0,True,False,False
97968438-81ef-4369-8dd7-6bae6984bfd6,True,False,False
9796b53d-f858-4174-abfa-e0dd201667d3,True,False,False
97a63fce-5787-4391-aaa1-d41b388c0c02,True,False,False
97aeea58-792c-4a79-aa92-7fd6387199db,True,False,False
97afaf75-49b0-4c48-9088-b1b181c5dada,True,False,False
97b8162a-2ba7-4ada-b650-738f19eb778f,True,False,False
97c53deb-78a6-412a-adb3-3f36712badce,True,False,False
97ce8768-833d-3f7a-0f47-0739b67e3316,True,False,False
97d94414-25d5-4cd0-9645-3790503c012e,True,False,False
97db3b35-27ea-4008-be25-6172b9724c91,True,False,False
97dc1638-90ea-450a-8499-a31fd8f2e9b1,True,False,False
97df746a-31b8-416c-8cb1-4ebc406ea05c,True,False,False
97e42071-76ca-49d6-aff1-e28054a158f1,True,False,False
97e6298e-9863-420d-bf32-f04ce1f185a7,True,False,False
97e8b77e-ea47-4dd3-95f5-f48f87d39839,True,False,False
97eb4807-b969-4aea-9287-f18cd83077c3,True,False,False
97f1006b-cbcb-46b0-9fd6-07003b7da293,True,False,False
97f5686b-4cd6-47e4-95a8-d0e00580e544,True,False,False
97f8a636-c6c4-4f05-a4db-ddb4c1d98ac8,True,False,False
97ff43d9-97e0-435d-b4c0-a1796e463864,True,False,False
97ff599b-afc0-45c9-ae3d-83bd48f6df30,True,False,False
980122fc-6429-4d67-b786-9c347a74074f,True,False,False
9803c1f0-9bbe-4f51-8bde-8a01f0341a54,True,False,False
9809335d-71a3-416f-bca0-48505db951db,True,False,False
980c3aae-db83-4e9c-9f30-6a2290652fee,True,False,False
981f77ca-1c36-4303-9d26-d64b22812698,True,False,False
982c44b5-b300-45b3-b012-bb35725648bc,True,False,False
983ad665-7b9b-48a6-a9fb-f6336bdf1df3,True,False,False
9844988f-8b38-4d6b-8634-6b1a7f163e68,True,False,False
984f166f-6fc3-4748-9726-7406819a58a6,True,False,False
98524bbf-b182-440d-bd6b-d822df4ca309,True,False,False
98555502-8b25-4903-8a4b-f532cbbece8b,True,False,False
9855dfa4-28e5-45b0-bca4-c09076cc50a6,True,False,False
98593a93-a458-49ca-b09f-5f6962553356,True,False,False
986a3154-e654-4ba6-a504-6ab60dd0e99e,True,False,False
986fd2c7-791a-4545-afa8-b4cf662e57a0,True,False,False
987b61e0-eeab-4929-97eb-92cf50c32704,True,False,False
987ec3ef-24a2-45f3-b508-62e8584e4cf3,True,False,False
98835719-1430-4bac-a8ff-a852afce14fa,True,False,False
9888dd46-6c2b-4e21-847c-2ca7a2a17c37,True,False,False
988c7678-7626-4329-a68c-2439fa4399a4,True,False,False
988ccd1f-7dcf-40e5-8cc1-226d70e48140,True,False,False
988d544c-f43e-4584-8e7d-76d8ac6c4b70,True,False,False
988fa14f-c550-4088-bd44-1ceded6e5a56,True,False,False
98a12974-b589-48fe-b6f5-a55cd844cdd8,True,True,False
98a3e35f-7e56-49f9-823d-4c87f0f98e34,True,False,False
98aca281-5de0-44ac-bfd0-dd3ec2a9fe57,True,False,False
98ad33c2-4c24-479c-a8fd-8a7e739f8466,True,False,False
98bf1067-b7a5-456e-ae1f-94b9f85490dc,True,False,False
98c8401b-1951-400f-846e-b0b4af14c0b5,True,False,False
98c9ccfb-222b-4512-9d2d-8918db3f1b51,True,False,False
98cb97e6-3fde-432c-9e19-27b457913629,True,False,False
98d1713f-5dc4-456a-8b54-b6d1874a7be5,True,False,False
98d4de79-3b2c-4d3f-a579-8b1940ca1e96,True,False,False
98d7487a-c6ad-4d60-81a9-555bdbd9ae0b,True,False,False
98dc4f28-a354-c4dd-56ce-d12c33a8f80f,True,False,False
98e2454d-0042-4420-ba1b-db09c3545b2a,True,False,False
98e7383f-c85c-4c03-9f64-d100aaea0f90,True,True,False
98e91cb7-cb6f-4dd4-8fcd-6eb6c5231274,True,False,False
98ee8596-1fea-488c-9823-aa1201b5f7f5,True,False,False
98fb1070-9499-4e31-8743-a5706e078d22,True,False,False
98fc2417-5578-4b03-a49e-6546ffe3d052,True,False,False
98fe791d-feaa-4e4e-a6a0-4db25c850438,True,False,False
99023f7d-5965-4dae-a02b-49d4d95417b9,True,False,False
991085a2-4eb1-485a-96ec-2c8c0463f540,True,False,False
9916b609-f4c1-4c08-9268-9f5137cccf54,True,False,False
991bd019-9f18-4f30-b51b-55484056e36e,True,False,False
991cff37-df7a-42cb-8be3-0e9160259e21,True,False,False
991f757c-766a-4e81-88d5-97fc9de5680a,True,False,False
991f9593-a202-4cf1-a735-f4a801c6e51a,True,False,False
99237d8a-0c70-463d-ad8a-ef146520ab72,True,False,False
99269f24-030b-4760-90c0-640cdd2894f4,True,False,False
99280788-7f33-44e2-9645-ce65d298c02a,True,False,False
992daa02-27f7-4d5f-aea0-d19976ba8c41,True,False,False
992e0b0b-855a-45a6-b556-979a4737b164,True,False,False
993462c4-c483-4360-887e-e731109800d2,True,False,False
99385808-f86c-4a20-843e-590e7cef6207,True,False,False
99447259-913d-400b-b93f-81566525a42a,True,False,False
9951fa71-859a-4f1b-9776-1946aaa0b605,True,False,False
995d5aa0-274a-49e6-b5aa-744c7c8fcdd7,True,False,False
99615ebc-fa3e-4f32-ba3a-a158d053d84e,True,False,False
99677c37-c388-4ca6-a8e7-3eccd746a4c0,True,False,False
9969233e-e8ae-4109-bc02-b8fa25fd3d68,True,False,False
9969bd15-f10e-4418-b5f6-73ca55cba220,True,False,False
996df21d-1113-4b93-9607-64a215306def,True,False,False
9976502c-e9ea-4d3f-8af3-ca828213ccd1,True,False,False
99774c5a-0b00-4f98-ad6f-3b761a23881f,True,False,False
9995688a-ab96-4a44-8dbe-5455af7dcdf8,True,False,False
99967df6-7788-4594-a384-4e514b425c6c,True,False,False
99a0ff5f-ebb7-4326-98d2-7817f79c60ec,True,False,False
99aba9a6-7c0d-4aee-b9f1-1cf26df9af4d,True,False,False
99b59acf-301a-4cc4-8739-c89b460001cf,True,False,False
99b722bc-12a3-4ec7-82af-752f578ae5e3,True,False,False
99bcca92-d27a-48ae-9794-37b48401f4cf,True,False,False
99bd6f64-b2e3-472b-ba89-3c087aa76cfd,True,False,False
99c211c9-dfa2-48b2-9a4c-e9d78db63878,True,False,False
99d0035a-4d92-4fe4-a281-9d4fd8f0dc38,True,False,False
99d6324c-f34e-443f-8d95-7205667949b6,True,False,False
99ed8e35-94fb-4e74-aec4-02d28ecc7b9f,True,False,False
9a022351-17c7-42bb-8b61-c7c817894a2e,True,False,False
9a036261-ad0a-42b8-956e-577424cfc896,True,False,False
9a09da6a-a913-4ee2-b068-76f56e89a5f6,True,False,False
9a0f4e55-0f2d-4923-bdb6-82ca87bf04e4,True,False,False
9a13b600-ed37-4f78-9955-8ab6283ece20,True,False,False
9a1a2920-0db8-40e4-8630-2ca446be3273,True,False,False
9a2056ac-2f02-4a03-ac4b-315c97c78c11,True,False,False
9a2312bc-c787-4d6c-a83d-3f961031e439,True,False,False
9a33dc7a-d27f-4182-af48-0d582f28d0b4,True,False,False
9a3a13f2-d3af-4f81-8db6-cb400f4a7c86,True,False,False
9a3d156d-7230-42fb-804e-f88eab593078,True,False,False
9a428d58-6c78-479b-88fc-19c8d7a696b4,True,False,False
9a45fbb0-ddf5-490b-b3ce-5d000b735f4e,True,False,False
9a505e23-6683-4cfb-9c98-baa063219176,True,False,False
9a50de93-c7f3-4b96-844b-8e83cf0affc5,True,False,False
9a5cc609-7f66-4ffe-a3e4-77df30d35291,True,False,False
9a5f47fc-6009-496b-9734-77953aa4a3f2,True,False,False
9a5f8477-749c-f668-baf4-7e9f06734598,True,False,False
9a6320e9-de52-4e67-bd2f-2009a6d2ae1e,True,False,False
9a6f7387-4669-4982-9d20-e1c57bffd409,True,False,False
9a71c39d-42eb-49c2-af28-ab6a6032b490,True,False,False
9a7fcc74-8ca9-41c7-a621-565aa3b0b32d,True,False,False
9a86a4bb-275b-4245-9b79-8326ecf5e4fd,True,False,False
9a8a0a63-7d87-420e-bc3b-03c7feedfb35,True,False,False
9a9886ae-eaad-478b-a175-1c5c83fa7afa,True,False,False
9aa12a0a-07f5-42a5-ac97-a92a7865b579,True,False,False
9aa46755-76c5-444f-8a54-6461333e2be5,True,False,False
9aa5bd4e-ad3c-453f-bf7d-89dd7c5eca57,True,False,False
9ab20500-a0e1-4b1d-8f5e-8099b1926a6b,True,False,False
9ab28a47-dd03-43b0-a805-b33e134dbd44,True,False,False
9ab34a7c-5c5f-4b27-9fc8-937f3d6e52b7,True,False,False
9abaf35d-fcab-4d5a-abe8-2c365e77f591,True,False,False
9abf180f-7d53-4941-b4e3-0a6bc646c2b4,True,False,False
9acbb7a4-8632-4a79-9531-040f8bf2b881,True,False,False
9ad2a49c-c21e-4ec0-b617-608c0d1827a9,True,False,False
9ad602c0-8a11-4b82-8f6a-8dd784b8a27d,True,False,False
9ad8da0e-909a-40b2-94eb-79bc50a79a9f,True,False,False
9ad957b9-495a-496a-b865-7ec83cab54c0,True,False,False
9adcde94-52be-4850-8e5e-7ca331a1ffac,True,False,False
9ae1596c-e965-45d3-810a-28b49c9df506,True,False,False
9aef1ead-1ee0-4b58-a548-b706f110d52d,True,False,False
9aef4447-cd32-4890-8e31-a0fec1c37e9f,True,False,False
9aef8bdb-d7bd-4335-8f47-d4b5669244e3,True,False,False
9af094bc-2513-413c-a1b3-85abd6c3b258,True,False,False
9af53313-0183-4c91-a6fa-eb821ba48a56,True,False,False
9af6f643-68da-4c29-8624-879c851bd7b5,True,False,False
9af8a392-633c-4daa-928d-f76aab6acf66,True,False,False
9affd7e7-4e21-4853-9417-fecee7f5f209,True,False,False
9b000b94-c588-4fe9-b15e-5731b7f1457d,True,False,False
9b0d1c9d-a19e-46c5-bd02-a9966922257b,True,False,False
9b12a8b5-3895-4ca6-a9c6-f9b7af13b6a3,True,False,False
9b146e57-d7a7-4786-922f-703ed027a844,True,False,False
9b14fe24-6513-4096-8f44-ea96e5ce049d,True,False,False
9b1d7154-2dcc-408b-83f9-af117ec5e253,True,False,False
9b2bb2dc-6aab-4a7c-8f3a-367df88f70ce,True,False,False
9b2cbd20-65bf-40f8-8639-5ee3cf7c44cf,True,False,False
9b2cd507-f8e4-42a4-9d4f-0eae46fc19a2,True,False,False
9b3a95cf-28ea-4f95-aea5-eb4a7f8107e0,True,False,False
9b47870a-793d-43b4-8777-d9b316382c38,True,False,False
9b480b24-e181-476b-83fb-787ffe140593,True,False,False
9b53f964-d669-44f7-8dbe-f76ca1e7773e,True,False,False
9b544d68-5670-4dfe-bc97-c33bd56ef8cd,True,False,False
9b5d26e7-07a7-4bd1-a4c0-abf4319756be,True,False,False
9b65333a-6409-4e91-ae64-319355405078,True,False,False
9b761a89-6d89-4a45-bdab-8fb3805724f1,True,False,False
9b79b07c-e547-455c-9ffc-f2cbf7b42155,True,False,False
9b79bcbf-d38a-4526-a0e9-f9552e052fde,True,True,False
9b7cc2ee-ad91-458b-832d-d597f516a84c,True,False,False
9b80c389-db35-4d76-b693-e108dd84487a,True,False,False
9b8b5aa3-2a1c-4af1-8b73-00f9bc4bb1ed,True,False,False
9b8e3224-1642-4741-8845-4c3d19720c50,True,False,False
9b8fc517-955e-479c-a7f4-fda7c0773f85,True,False,False
9b938904-297f-4401-be60-ed0e52deb1d5,True,False,False
9b94150f-ba94-41a6-9fb1-37526178ccb3,True,False,False
9b943f88-e3c0-491a-a9aa-b9b1f987f672,True,False,False
9b9a9894-d19b-4ede-b0bf-237465d9c389,True,False,False
9b9c18a3-9a35-4e73-8c93-0c125da4ee88,True,False,False
9b9e4cd0-10f6-402c-85db-7238df09bae2,True,False,False
9ba1534f-17c2-4686-9fe7-0a5df7978681,True,False,False
9ba5938f-3708-4307-aa0b-1d410dee4a4a,True,False,False
9ba5c90d-1894-4104-8cb3-e5c5f46367ff,True,False,False
9ba87e8d-c094-4fa2-a511-2b8b4cbce936,True,False,False
9ba9b595-5f29-4166-bb7c-8b3a2d927767,True,False,False
9ba9d0d4-818f-4a23-a2b7-3604967c7949,True,False,False
9bba055e-a5a0-4139-8266-52ee161326a8,True,False,False
9bc0c10f-377f-4c5a-b967-2573ecee1398,True,False,False
9bcbd984-5814-4f74-8159-4607b4694f74,True,False,False
9bcbda75-8908-45d0-b1a8-d471b011e37a,True,False,False
9bd444e5-e115-41d8-843e-0759d5fb51b9,True,True,False
9bd7694b-8547-4574-88cf-c7b79e58ade2,True,False,False
9bda8080-beea-4383-8bb9-52c22047a4ad,True,False,False
9be29859-aa50-48c7-bec0-ae1afe81beb1,True,False,False
9be383af-68c9-47a7-8c12-9bca8f2a370d,True,False,False
9be81558-1e97-497e-b2a0-45f04c3ca005,True,False,False
9bebd427-13dd-467e-b9cc-b2e561be471a,True,False,False
9bede397-b7f0-4ac4-a3cb-4eb8cfcf59aa,True,False,False
9bef7021-5031-4cff-9b5c-022a9ebd6afb,True,False,False
9bf68f2a-fd78-4b19-97ac-7d838c82eb4c,True,False,False
9bfd1393-c975-4e04-b32e-7ba0566a5f43,True,False,False
9bfe0219-ec07-44f2-9853-447996f611c5,True,False,False
9bfff897-9a01-4d6a-8086-fcd69a5d4b74,True,False,False
9c008e5c-0842-45c9-9b48-e3cc0ee73612,True,False,False
9c0132b7-aa00-43bd-be03-d8e3180f59e3,True,False,False
9c02a710-df67-4ce0-985a-678acb02954b,True,False,False
9c02ae0d-47bf-4635-a151-c7cac85c238c,True,False,False
9c070730-fbfb-405f-8437-3cbf2fac33c2,True,False,False
9c09e055-0e6e-4b1a-8009-cfa4568ea357,True,False,False
9c106bfd-ab7e-4c8f-9985-61ba00b8ec3d,True,False,False
9c1313ef-2bf0-4c94-b88f-823da22ad12d,True,False,False
9c1774a6-93fb-4913-a5b1-c77613eb312d,True,False,False
9c1b81ad-e6c5-4003-a2e8-26c61053e5a2,True,False,False
9c27e35c-9abc-45c9-90b8-f84e2fa29095,True,False,False
9c3055ff-c758-450d-84f7-42830eb12026,True,False,False
9c385027-4ef3-42a1-ad2b-a746d2be3388,True,False,False
9c394703-1e08-4bcf-b5db-fff9583ea7b6,True,False,False
9c3a2abb-f315-41ca-84ab-19e78249ce77,True,True,False
9c3dd40f-bc03-4479-af8a-4062dfc1ecf8,True,False,False
9c3ead10-5bbe-492b-9610-636af7a18134,True,False,False
9c487b23-6e08-4224-8291-430d7f2b8c8d,True,False,False
9c4cb07b-945f-4ef9-affd-450c036fb46d,True,False,False
9c507068-dbce-42b8-96f1-2667006f42b7,True,False,False
9c55e13c-1180-4cca-95af-01140ecffda7,True,False,False
9c5bc5aa-1b0a-48f9-963c-e04aa3163bbc,True,False,False
9c678f50-37e4-4919-a0c9-4dc09f32c444,True,False,False
9c69d10e-4c19-49de-9f3d-d8f68800181a,True,False,False
9c6e5433-451c-4eac-806b-7e5fe302563e,True,False,False
9c6fd4d1-193a-42a4-ba49-a9f5468d0957,True,False,False
9c72954c-a4cd-4d43-8aa3-e9e565a0cad4,True,False,False
9c8170fc-8209-4c79-a8d2-7fb0659a2ae0,True,False,False
9c8805d1-14e5-4863-82e1-30423d49d0ce,True,False,False
9c9017b0-1bc7-404b-83fa-78ab478530fb,True,False,False
9c94ffb2-37de-4a1d-b24d-d4965ee409eb,True,False,False
9c96732f-9b26-48d3-8021-5f23ec32cb1d,True,False,False
9c97cd1c-c40e-4be5-84c5-6fc24b879c86,True,False,False
9c9b1bf2-dae1-4bdf-a10b-8f0556619a0c,True,False,False
9c9be224-d546-433e-9f43-77414e0da530,True,False,False
9cb324ad-19ab-44bc-85ad-a35c6d4e1408,True,False,False
9cb3b7fc-d654-4363-b34f-f24e92b28903,True,False,False
9cba9673-477d-46c9-8a64-c22b5d399ef9,True,False,False
9cbf658a-e014-4ec6-8cb9-1471f84a2c0f,True,False,False
9cd17f93-fc7f-47df-aa43-a7fb34769ee2,True,False,False
9ce2110e-d5ce-4da9-b3ff-9140dcfaeaee,True,False,False
9ce7544c-28a7-4797-ba5d-e903cc95b217,True,False,False
9cea2ac1-ad3e-447b-b99e-0346bb855448,True,False,False
9cec0821-fb7f-4341-8d89-d3865405b08c,True,False,False
9cec64a5-f0a2-43e0-9486-541cb9196d5b,True,False,False
9cf01a93-2f1f-4d67-ad8a-9e310b392e98,True,False,False
9cf06a05-f4a6-4a9e-84c0-ed4dbb8648cd,True,False,False
9cf447dc-7aa8-47f2-8c3b-44318cf5608a,True,True,True
9cf6fee8-81a4-482c-90df-b23fe3e40e2b,True,False,False
9cf9731f-551d-4807-b3c1-f10b619bd6e0,True,False,False
9cfb664d-59a2-40ff-9779-275abc98a663,True,False,False
9cff2234-a677-4a0f-b069-964d90f14fec,True,False,False
9d0e0dc6-3bcb-4416-b141-486afae7d1ff,True,False,False
9d176353-4c9e-4f08-abff-4e655a2cf17b,True,False,False
9d231b50-8f43-4f81-9943-8892e19dc699,True,False,False
9d23e96f-365a-4212-9f20-1a270a458135,True,False,False
9d30f358-c2fc-4cff-8a47-2d6948720b45,True,False,False
9d323f2d-8b25-4d44-8b2d-cf584288f4f9,True,False,False
9d3583cc-258e-4b17-b8dc-d17b0abfcd35,True,False,False
9d386308-f494-43c6-9a1b-b2b31ed2c919,True,False,False
9d4cc589-1a17-486c-8460-14ee70b0072f,True,False,False
9d52a3c4-a3d5-4eb3-9178-f2d32ff8c58d,True,False,False
9d542fa2-b0aa-4f0d-9280-6d73e0adacac,True,False,False
9d544a52-1311-4ae9-a947-4364f0cd59cb,True,False,False
9d5b3e78-10b1-433d-b9eb-dbb41f956070,True,False,False
9d6841d6-b9ac-4acb-bbe6-84e1ed218218,True,False,False
9d74ae0b-1372-45d8-aa20-8de8c7236848,True,False,False
9d78de7f-6c14-40cd-a2ab-d950c18fb48b,True,False,False
9d80f148-4a77-4967-9d17-6ea6e1d68c90,True,False,False
9d811276-9c7d-40df-846f-11cd9f57ae8f,True,False,False
9d89196f-8ec7-4290-a9ed-0a55db334fc8,True,False,False
9d8f1bc2-54ed-4ff8-90dc-5953d9eca52d,True,False,False
9d9a6df8-9538-451f-8b88-5192074a3176,True,False,False
9da0191e-77ff-4a20-8b9b-cfa985e0e8da,True,False,False
9da4a153-0c95-4d4c-aa33-6666ee8babaf,True,False,False
9db29ea6-0469-490c-9bae-4d128e27673a,True,False,False
9db84175-c5c6-457b-a99a-7c35cf2c340d,True,False,False
9db8ee62-9bdc-4e6b-a120-245ceb75f4f7,True,False,False
9dbcdbb1-aabc-4497-8ab4-5544fc676930,True,False,False
9dbda68e-ca04-4adb-a7cc-f84f122d0917,True,False,False
9dbf3cf8-5aa2-4aa6-a400-54ac8c8d54e8,True,False,False
9dc93551-0c1b-4822-add0-fe2407a13f4b,True,False,False
9dd1e405-c14d-4c5c-aafe-f73ba447d786,True,False,False
9dd5671a-2d30-4c4f-89e3-4bc074f4b267,True,False,False
9ddaca27-9a10-4815-8848-c8b0526fee33,True,False,False
9de1cb77-267e-447a-9ace-24c81266dce0,True,False,False
9df1f0b8-7501-432b-b622-cc5fc3398faa,True,False,False
9df4de8f-5894-4d60-9710-063585923681,True,False,False
9df5d93e-a99d-4f55-8ac0-3e712ceb26b5,True,False,False
9df7ddff-7c46-4eca-b92d-4f8897fa98de,True,False,False
9dfd8890-afcd-4091-8e0a-3e0a47cddad4,True,False,False
9e0a6946-9099-4a63-b29f-d19b22e52d36,True,False,False
9e0fbdef-e589-4879-9dd8-0222a1664b93,True,False,False
9e152526-35f5-4f17-8bfb-0f058941f0e6,True,False,False
9e159de5-4586-441d-8435-fb66fe061fc1,True,False,False
9e1c5fe8-7c8b-491c-becf-32bbbf464263,True,False,False
9e1e1c94-8f37-473d-b39f-7da1798de02e,True,False,False
9e2a256b-4563-4ead-a78a-3c03268edc6a,True,False,False
9e2ef940-ec10-42a4-95f3-0daf93b877b8,True,False,False
9e371417-92ab-425b-b1d8-5d81dcb1a99c,True,False,False
9e379338-dee3-4852-b0e5-c3311fdb196b,True,False,False
9e39c627-f816-4664-96b4-eefa12f1c2f7,True,False,False
9e3abdbe-290e-46d0-9797-82be0c5ee7f9,True,False,False
9e3b3a5a-d969-4da0-98b6-25c709ef95b6,True,False,False
9e575055-22d9-4fc9-851f-3215c9c1a642,True,False,False
9e5b685c-4f9b-456f-a5f5-240e81a130ed,True,False,False
9e5d435b-4eff-46a0-a631-7b084de48dc1,True,False,False
9e5dd34f-4b4b-44d1-9948-2bc456b8a49e,True,False,False
9e60de23-2575-4ef5-9b5a-ed5877739e7c,True,False,False
9e75bafa-82d5-4535-ba7a-086200951d9b,True,False,False
9e7612c2-309b-4170-921c-12ce7f77b415,True,False,False
9e7e2178-9d99-4be0-aa41-5e24cfac26a2,True,False,False
9e85a63f-eda3-471b-bd55-e6b8c2c95c83,True,False,False
9e86ef07-75f5-4af2-98e1-72c267962e16,True,False,False
9e8baa58-573a-4dd3-b1de-22d310076354,True,False,False
9e90975b-0039-4cff-a2c1-5bd18ec676bb,True,False,False
9e972c08-bde2-4459-a993-7a8eaae9ae6a,True,False,False
9ea66dc9-b0a0-46a3-9741-35b91d1f81a4,True,False,False
9eb3a96f-6012-4bc4-b45b-018819d6b826,True,False,False
9eb9f0d4-da95-ea92-1aaf-8278645f4934,True,False,False
9ec180ef-b22b-406f-bcf9-99c06245f4d7,True,False,False
9ed0851c-a676-4856-b568-d75b76da0199,True,False,False
9ed20e93-98bd-4d79-9b7d-5b09a2a10d0f,True,False,False
9edd13a1-0bed-43ac-bbb3-afba239f49de,True,False,False
9edd201a-689b-4780-98b1-27c97fc94ef8,True,False,False
9ede8332-b4c4-4a8d-965b-af184437230c,True,False,False
9edfd466-89d8-4ede-90de-3eae4baf74be,True,False,False
9ee0ac75-142e-4781-a893-163c22fa8c82,True,False,False
9ee2619f-9e2f-4fa8-9e39-2bd139b61c59,True,False,False
9ee2b7f7-f8ff-48d6-96ee-7b8512b59c4f,True,False,False
9ef94a0b-bcee-4b89-8f4c-528f047650c6,True,False,False
9ef9fdbe-a279-40aa-8a3f-11606dcd4885,True,False,False
9efa2608-8011-41a0-b4b8-d6d032c2c117,True,False,False
9f038d3d-954d-4ce6-9807-69355acb08b6,True,False,False
9f09f371-33c3-4c8a-890e-d58556aab1bb,True,False,False
9f119ef9-cce8-4a90-99ac-50d67939770f,True,False,False
9f15b20b-5bb8-4bec-8214-d19580231228,True,False,False
9f1a2299-c677-43c7-8da0-5af0ec8287d0,True,False,False
9f23020b-3c5c-4d8e-9da0-4e0ee4bceba4,True,False,False
9f265fd4-6eb6-46ed-bc08-6c4211bf98ae,True,False,False
9f283eb2-6598-4365-b532-d1743b6fea82,True,False,False
9f286cd6-c9ee-4649-a581-f2efb68c2946,True,False,False
9f2c9fe7-62ca-409b-a706-c11a872eec40,True,False,False
9f2d7c27-cc0f-486a-acfa-6b70cd101637,True,False,False
9f36f263-47be-4644-bebb-1bf4f84261a1,True,False,False
9f391f8e-485a-48b5-9aee-a05ef531e67d,True,False,False
9f395745-2e99-4eeb-b72a-55d84b2d5005,True,False,False
9f3bf393-109b-44c6-a3e1-f7c109717a4b,True,False,False
9f3d4354-ead5-4712-9e07-8f26706ead08,True,False,False
9f41e5ac-d82f-4162-8c6d-426d44403857,True,False,False
9f48d41d-1d34-4688-b7b1-1a867df1d78c,True,False,False
9f4dbb01-e62d-4a5e-8165-fad6d9cb31c8,True,False,False
9f4e068b-d942-40c1-879f-e0de101e6157,True,False,False
9f59e561-643b-4fc9-9b7f-340bdafe3dff,True,False,False
9f5a263b-e117-4cee-b638-f27a58e0f7a5,True,False,False
9f6025a7-af1e-4cae-8920-b51f55dd3b61,True,False,False
9f653bbd-f395-47f0-93f8-80be2ba97c69,True,False,False
9f72c4a2-94e7-467a-8ad5-bfb393d276ae,True,False,False
9f7dd908-35f2-45da-9c3f-63a19cf47bb3,True,True,True
9f7e85d5-5a3c-408a-9431-fcd5a77ace9f,True,False,False
9f8e214b-3193-498c-b7ce-24b124ec38a6,True,False,False
9f9029e4-0c9e-48a3-abd7-937b4a546f7a,True,False,False
9f923f17-2752-44be-a4a6-0c9aba6e6345,True,False,False
9f958e6d-c89d-40a5-940a-3d49ae6c5077,True,False,False
9f968d67-d1f5-48dd-9614-91efe2d7f790,True,False,False
9f9798fd-21da-4428-8dd4-7e2a6d6eaf49,True,False,False
9f9b7d7b-6590-4079-9b2b-d03bbb238cc5,True,False,False
9fa401c9-b6f4-478c-9d51-a16ec329e43e,True,False,False
9fa41445-9b83-40df-a3b8-41b4c0ceaf4a,True,False,False
9fa61e8a-24c0-4a41-b78c-fa840782e84e,True,False,False
9fa9e309-65f0-4267-8218-6d98b06a0e3a,True,False,False
9faf3c0f-2920-459d-9d59-29dd3a6a850e,True,False,False
9fb07af1-d42e-4d3f-bff5-3cfae7a0d352,True,False,False
9fb9864d-83ad-48a3-96ad-7ced53674662,True,False,False
9fbaf7eb-0c83-4aaa-b7d1-910f4134a51d,True,False,False
9fbe19ee-6e13-4e7b-9eda-d3820e35bb6a,True,False,False
9fc007e5-0419-4da3-a735-5ef4a42a396d,True,False,False
9fc028c5-76a8-4cf6-a7b8-1288021362b9,True,False,False
9fc4e23b-1ad0-8c07-f748-0e4756b704ba,True,False,False
9fccee9b-44de-418a-bd01-5b1392617b57,True,False,False
9fd07c42-96cc-4826-a9a4-5b2cc2520d66,True,False,False
9fd2362c-e9b5-4766-801d-15f1d4e0964b,True,False,False
9fd380fb-f424-43ec-be1f-8d51d15911b5,True,False,False
9fdcd5f1-fe06-4c84-94b4-ff79e949586c,True,False,False
9fdf352c-20ec-4016-bff6-598e7c545671,True,False,False
9fdfcb15-e951-4c11-af92-1ae849065fe3,True,False,False
9fe08966-cffa-4fe5-8359-0ed43a1510dd,True,False,False
9ff3e082-a6b0-4c3d-b34d-7759d1301f3c,True,False,False
9ffcd362-8d8f-4bc8-9819-6d12222d1cea,True,False,False
9ffe4cd1-7c04-4a8f-9b41-da09de9a07e6,True,False,False
9ffeab78-08d9-45a4-b985-49fd2d3453e4,True,False,False
a0030cd8-e604-4491-a985-c62374cfcfb2,True,False,False
a005bfdb-5859-498f-8ed5-e9d782ab154c,True,False,False
a0063053-0747-4688-9930-9e916b120340,True,False,False
a0119390-8b4f-48fb-ab5a-1f645628cc6d,True,False,False
a014ea10-30ce-4134-ba86-162f32cbf658,True,False,False
a0190bcd-7d8f-4a09-b933-7572d822fa7c,True,False,False
a01bf498-c7ab-46b7-a15f-f9e033170d33,True,False,False
a01ed4d5-3cfd-4540-8174-53b4e433c57e,True,False,False
a0249e16-172c-4890-89bb-b47d27a8b5cb,True,False,False
a0282cba-4f31-40c4-b7ee-54c002710f41,True,False,False
a0310993-42e1-45ab-8f3c-e019505ed918,True,False,False
a035e63d-960f-4d67-b28d-978fb27dc111,True,False,False
a03bccc4-2ee2-4d28-9300-67d2f8e2d209,True,False,False
a050fff0-9dc8-440a-93b6-2a42a9d8624a,True,False,False
a0534d08-cc8b-488d-ae4c-0f6bc627ebb5,True,False,False
a05703e5-32e9-4d55-9cab-7dc7755eb948,True,False,False
a05c3f20-a72f-483f-a7ee-9810540eddfe,True,False,False
a05cd56a-12d9-413f-b5f1-20c7279497b7,True,False,False
a05d8f1b-bc7e-49dd-ad4f-53f1a7be5ed5,True,False,False
a065dec1-dd19-319c-0191-325e5b87da8c,True,False,False
a067c5f7-b8bb-4886-b95b-1b139fad5b2e,True,False,False
a06ac46f-dbe1-4648-abca-47492bae9366,True,False,False
a06b76d9-3147-45c2-8354-c6de924558f1,True,False,False
a06fbf2f-31dc-42cd-9651-874be8e614d9,True,False,False
a07221ba-a475-4454-bed5-70bacadc5a47,True,False,False
a07a0b1f-1678-4c7c-9394-0781f74d002f,True,False,False
a0895f95-aa24-4053-ab06-5baa0e6e9d47,True,False,False
a0912384-e817-46fa-9f0d-ca5bdaf74fcd,True,False,False
a092fc2b-5b98-4cd1-b0af-a15f9c4dcc30,True,False,False
a096384c-a9b4-4fca-a75f-b4de04e01c2b,True,False,False
a0b3e609-62f5-4ff5-a2db-38d00c612e07,True,False,False
a0b624e6-1371-48d3-9e73-2631470386b1,True,False,False
a0b84019-30c1-432b-b730-e4b8845c6873,True,False,False
a0bbbb61-dd03-4cc4-a112-20deb8931af3,True,False,False
a0c359ef-cd59-4074-8ed4-edf4bb007206,True,False,False
a0c51347-4b5b-4523-9915-edb7b867e535,True,False,False
a0c8c5fd-af96-454c-9da8-bb7cae82cb04,True,False,False
a0d7cd74-6ca3-4ab9-9a1d-9e17df0884fd,True,False,False
a0d882ff-9dae-4f77-9e8c-f2e5589e7ac6,True,False,False
a0e14af2-3df2-4c6e-b771-dd302404afab,True,False,False
a0e6f34f-1969-48af-9bfe-a9bb428a4ca8,True,False,False
a0eafe73-7004-4704-ab9a-af2e7b8e53a9,True,False,False
a0ee562b-71f5-4ff8-8c28-547b97ffc591,True,False,False
a0f2dfe9-0bc2-4478-ad9b-76b8cee95052,True,False,False
a0f3918a-6f2b-4569-8183-d88f8989a3ad,True,False,False
a0f4baa9-128b-400d-9335-63350b4d1bfb,True,False,False
a10ba4f8-26bb-4ecf-8f71-6626711bfd2f,True,True,True
a110fa89-c61b-4676-8770-611a26223a97,True,False,False
a11cbf07-e6f1-4be7-bcdd-92eeccdacb3b,True,False,False
a12a179f-939c-4fe4-9f18-ad4056d84298,True,False,False
a12f71bf-33b9-45cb-b3fc-a01163284951,True,False,False
a1311ec9-9640-465c-a736-536b61cba163,True,False,False
a1397834-ea15-468f-86a5-de8cf4efe713,True,False,False
a1448fa6-8ca4-4244-b286-3ee1d49e9078,True,False,False
a15b0c18-1e7c-4782-8b95-268ec379374f,True,False,False
a16b32af-83ee-45c9-bc07-d3200f59e595,True,False,False
a16fb7b5-0d3d-4484-818c-35e62e362123,True,False,False
a17515f0-7c8c-41f3-932d-1ecaacd98f05,True,False,False
a17c87d3-094e-46ca-b5f9-e10091792042,True,False,False
a17d8d63-0235-401d-95fb-32570dab0658,True,False,False
a18389e2-7294-42d2-abde-23dc07cef439,True,False,False
a184398d-ecc7-40f6-a93f-ad92f642fcec,True,False,False
a1882e08-df06-4959-bece-c4d31000f9f4,True,False,False
a18a29b4-e792-416d-b4d2-71b5d8f25c59,True,False,False
a1a6ca28-e452-48f8-9aaf-7643f9e178af,True,False,False
a1a91019-8e26-4f99-946b-250e004ff126,True,False,False
a1b02a2c-93ad-42d0-b563-c1e679bd4bcb,True,False,False
a1b53c2b-6629-4b43-947e-102fdb9cfe5b,True,False,False
a1b55276-8885-44af-9a0e-e04a76de449d,True,False,False
a1ba9f82-b4cd-49b0-a763-36c788a93e45,True,False,False
a1bded17-f309-4472-9410-c7793298176e,True,False,False
a1c1d0e5-c5a8-44db-9c59-56fb10302e5b,True,False,False
a1c28b3b-0665-430b-b7d6-d017cd2c554d,True,False,False
a1c3aa96-41af-47c7-a65a-78ff0a7ab30c,True,False,False
a1ca9e58-a88d-43e5-ae85-54108e18c994,True,False,False
a1cbaa80-c443-426f-82a9-6279fcaf4742,True,False,False
a1ced652-21a3-4d2b-bcf3-4dabc2e6c9b5,True,False,False
a1da4e4e-00c5-40d6-a184-09b4ef17573b,True,False,False
a1da4e98-e92f-456f-8e29-fc0352f9885e,True,False,False
a1e07da0-9585-4651-a19f-74466c4cc7c4,True,False,False
a1f2ff5b-7419-4d31-bb51-5a5441a73e16,True,False,False
a1f35a19-be10-4f03-9b5f-e53bb95b38fe,True,False,False
a1f55726-069c-40bd-8007-bbdbf5a482e8,True,False,False
a200e69f-16e8-4851-bf59-5cf435c2a47c,True,False,False
a2036012-f801-40c3-b178-8247885b7ed1,True,False,False
a2091136-b001-46ef-9857-3e64a8b0da3a,True,False,False
a20913ff-23b3-4500-bdf7-a4b0ffd5a188,True,False,False
a209fe34-9f3a-4d10-9d81-7b4d6ad03b57,True,False,False
a20e85c0-5657-4682-9a32-40189ea62466,True,False,False
a2173d3a-974a-40f8-b8f1-3ea4192dc36f,True,False,False
a2179661-50e7-404b-8e2c-7286c27d9edd,True,False,False
a21f6537-6922-4acb-872e-6d284d6ce321,True,False,False
a223e767-c85e-4e2a-9d7f-ecc6d9e0b789,True,False,False
a22b01e1-a7ce-439a-bcde-fae0f1e8f8af,True,False,False
a22fa1ab-bac3-49a3-a110-72f1c88582b3,True,False,False
a22fdc4c-f06b-4546-829d-defe055fbede,True,False,False
a2355eb3-9374-4105-bb9b-0957c4dd0481,True,False,False
a23849b2-aebc-4d0a-84ad-29bcd13e3865,True,False,False
a23852bd-b17c-4df8-9629-d4db394f579b,True,False,False
a23cab32-ae22-4beb-b63b-828906d1ad9d,True,False,False
a240333c-6558-4ecf-a158-ffc4cef020f7,True,False,False
a240bb6d-40ab-4b1e-9c58-f55b4100f88a,True,False,False
a2448a62-1fc0-4b38-9d3b-a7f0d5d049bf,True,False,False
a2455a3a-d010-45be-b9f0-d523a032b7b9,True,False,False
a24ba61b-c5f5-430c-9b60-b39ff7d79996,True,False,False
a24bd828-b0a0-4d2b-be0d-9a00fc41b938,True,False,False
a256323a-0f10-4345-b90e-ed6dd4fb8706,True,False,False
a25e97a2-a016-461c-badd-3a8edbae9b5f,True,False,False
a2672909-6e31-40bb-a97b-f9c758f333c5,True,False,False
a272901c-d866-4336-9187-c515416b84cf,True,False,False
a2775578-b753-49dd-8077-7df0ab5642cc,True,False,False
a2798ff3-7ba2-4dc8-aee3-8e21c3550c9e,True,False,False
a27f1806-cc26-4f6a-97a1-9abfa1d70fc4,True,False,False
a28dabdb-2b49-4fab-b973-0bac4df43ca7,True,False,False
a29175b5-03fc-46be-a74e-9ed67278d76e,True,False,False
a29d88ac-2879-43bb-a608-9e3e4db62158,True,False,False
a2a703dd-9a36-458e-933c-7ed3b5e7b6d0,True,False,False
a2ae32d1-add4-4045-a526-127f7806e81f,True,False,False
a2b190d9-396e-42fc-8089-99be94989692,True,False,False
a2b4420e-abd6-4b31-ac32-d57086cd8dcb,True,False,False
a2b54c9b-4ba6-4b38-9e69-81c66f93cc66,True,False,False
a2b6041e-fa0e-4bf1-9b4a-f03cd089f371,True,False,False
a2ba5c76-f278-4950-8a51-5140b9433a65,True,False,False
a2bd8750-ba26-44ae-93d1-b416a1924848,True,False,False
a2c378df-24fc-4e30-809f-217ee54abbd5,True,False,False
a2ce81b2-a730-438a-8a2e-8df7a16bf259,True,False,False
a2d8b2de-d11a-47d1-9ef1-78382bedd537,True,False,False
a2dfee28-0b19-49aa-a589-15ec39793443,True,False,False
a2e3b157-8039-41e8-9968-2ecdeb3c9b80,True,False,False
a2efe093-0f87-417c-8f4e-162522f6e37a,True,False,False
a30d3f22-42ef-41af-97df-d01d49913861,True,False,False
a310329f-0aa0-4152-9013-47f7f697a833,True,False,False
a311e230-5e62-40a9-af82-096243254732,True,False,False
a317efc6-2001-4dd1-b334-b4cb8e78ffa6,True,False,False
a31d63ac-31ea-4fac-8a5a-c4da548f0d27,True,False,False
a31f965d-833f-4d98-890b-db5c883dd3b6,True,False,False
a325c7fc-8c5a-421e-b215-62c00fd3a326,True,False,False
a32b473b-e9aa-480e-909c-e6c536952569,True,False,False
a32dca53-0a3a-4d34-9142-1d5fb56b7c60,True,False,False
a331b1c4-b884-4b0e-bebd-b0ead6c51d35,True,False,False
a336b47d-08a6-4cf8-a0b6-f19cbaec1a16,True,False,False
a33b4a0f-7d5a-43e7-b431-3bd5aca42966,True,False,False
a3494783-cfe8-4679-9f6d-fb35802eaafb,True,False,False
a353a687-8cc9-42ec-bc77-c9d00750ada9,True,False,False
a359b903-63a0-4531-a2b5-9b7d18cf97b8,True,False,False
a360c3d7-5f9d-4db5-993b-a35a8eb9edf1,True,False,False
a363059e-91d1-4bf7-8bdc-7d0cd999bf4b,True,False,False
a368efc8-858b-4345-ad6b-db1dc63b59d5,True,False,False
a36c8583-2b34-40ad-a113-f934b0924442,True,False,False
a36e7b87-0a57-4398-90f0-59a1c0fccdef,True,False,False
a37589c3-9130-4621-9a1d-0fb1a79f8e8f,True,False,False
a3864524-b7c4-4a5e-837f-fb73b9b4af23,True,False,False
a3936248-8a26-4cd4-a05f-50fa59b5b2d1,True,False,False
a3967e88-de36-4f44-b113-ee7734d627b8,True,False,False
a39884db-76db-4760-9b8f-71b33ff20d83,True,True,True
a3a0d029-b6bc-4919-9df0-ed5db83b8579,True,False,False
a3aee9b2-30fb-4ae6-947e-5bc97759150d,True,False,False
a3b24a24-6bc7-44c7-a83f-310c54fd0ae7,True,False,False
a3be7fe5-e85f-4004-bcef-5bc7f303a394,True,False,False
a3c1ac43-f2d7-41ad-aef5-06de88ca0389,True,False,False
a3c1c9e2-5ffa-42f0-8957-021177d6dc73,True,False,False
a3c5153c-2664-410d-8aab-6a0b9e73f1ac,True,False,False
a3cdd3cb-3afc-439a-847a-bcfb6e9fb2d8,True,False,False
a3d77c39-03a5-42f5-a4ae-72b844e1ca24,True,False,False
a3e65997-14eb-4a16-aa4f-d075053676e9,True,False,False
a3e923ea-15f2-4d91-a603-88ec6311f0d9,True,False,False
a3eae27b-973c-4f5d-aae4-dfb65ba72a97,True,False,False
a3ee0336-d230-4271-a1ad-cbceab3ed9a0,True,True,False
a3f0f63b-bb2e-4d93-a96e-31eae3cfda7b,True,False,False
a3f34fc5-5d9a-4dc1-8da4-32cb42d73db8,True,False,False
a3f6af17-97a2-45e5-98bc-f20779764bcd,True,False,False
a3fb25a6-caae-4304-856d-d9324ac485d8,True,False,False
a4067d32-9215-4008-809d-73b8b82fb249,True,False,False
a4080f03-8542-4b22-a6e7-07e09d9e423b,True,False,False
a40a14ef-6421-4339-a95d-f07737ce245f,True,False,False
a40c5857-cc89-42a0-86c0-4e30a3c8de69,True,False,False
a41450c5-efc7-4ac2-9930-25c4397e78af,True,False,False
a41d53bd-78aa-4390-b293-c79e78c70d16,True,False,False
a41e8849-ca5b-49b3-bea9-99f1cb3dcb30,True,True,True
a42134fd-5c14-4f9f-bd4c-060eb27ec14f,True,False,False
a4219079-555a-4046-9762-4d7845f040ac,True,False,False
a423b98c-a920-4be4-b9df-45067fa0c2d6,True,False,False
a426ed82-316b-4eb3-b744-a69ef2cb0121,True,False,False
a428f4e1-6645-4ed4-8fb2-6e8771f80733,True,False,False
a4312722-bf95-4c36-8a42-1ed273f8c57b,True,False,False
a4316a25-6afc-4fd4-b077-f32ec8af81a5,True,False,False
a436fbc4-6e99-460c-95ad-a281ca1d458a,True,False,False
a4426db4-2536-40d6-8d59-b493c3ea8cac,True,False,False
a4437c90-efe2-4764-9892-a09751ff88f9,True,False,False
a44ac748-76ec-479b-9415-6dbfaaede28e,True,False,False
a4561431-df59-480a-8b04-339ed54580e5,True,False,False
a45a61a9-3d4c-4280-9d11-89e1a7a6fa5b,True,False,False
a45c5c9b-f8f5-4a06-a9b9-1faeb2f729c6,True,False,False
a45c7301-1179-44fe-b029-a5af720c7550,True,False,False
a45f4d7e-24dc-4a9d-87ff-c59184581d13,True,False,False
a473cae4-72ec-43fe-bbc9-647d0e37280e,True,False,False
a47712fb-29ce-4978-bf8b-41720ea7884b,True,False,False
a48a30b6-61b5-4816-8fe6-d9e69b65aed4,True,False,False
a48ef314-d586-4e39-a703-60bf5eb00895,True,False,False
a491b663-eae9-4492-8bfe-919b30e951ee,True,False,False
a492375d-2ead-4e84-a689-57907d2dc877,True,False,False
a493c2a4-893a-44ae-abd7-bb9201f54315,True,False,False
a49a5b17-eb90-e83e-e18b-072f45618cc8,True,False,False
a49e103f-40db-4206-86ee-d0558abe26f9,True,False,False
a4a05150-1453-46c4-bb10-5752deaf5539,True,False,False
a4a1d79e-6072-40a2-8907-f986d826753c,True,False,False
a4a2dc80-ded7-4571-8c4f-95ddb9620508,True,False,False
a4a307bd-940e-4e2a-b8fb-32376b760ff0,True,False,False
a4a88902-b04d-4d11-8948-869420094c92,True,False,False
a4aedd98-c070-4d46-ad9c-b5cd31b8cc81,True,False,False
a4b2873f-9dc0-4cd2-9742-58ed714d3a7c,True,False,False
a4b6ee19-5a9f-4075-828b-4a6530242595,True,False,False
a4bf1d23-0c9b-4297-b63d-5621e39c4bfe,True,False,False
a4c4b911-159b-41ba-9eb9-1a45bd37561d,True,False,False
a4c7b586-2c4b-46bb-b5d5-47cbe35a4c8a,True,False,False
a4c9e82e-1e1c-4910-922c-5c6d2396819d,True,False,False
a4d83a36-98c2-44fb-b3d0-02a75ac613b2,True,False,False
a4d88b4e-f95b-4731-b168-0d1b824b42b4,True,False,False
a4e3b077-3593-4bef-a733-31165f6eddf3,True,False,False
a4e91d92-7850-4e92-9fb4-a08b5353da2d,True,False,False
a4e9fdea-4a82-49fe-aff4-b4d8fb8079ec,True,False,False
a4f2f6a4-2e0c-7195-0240-659fbb5a6534,True,False,False
a4f38f7a-97d5-466c-aab2-f8e18cb5000e,True,False,False
a4f40e18-90bf-4c0f-b841-0c5e24eb4b46,True,False,False
a4f64261-2e78-4459-a9bd-5dccf97dda70,True,False,False
a4f6fce0-af47-4f34-ac1b-c329e80160d4,True,False,False
a4fa3765-f630-436d-804d-cf768cee37de,True,False,False
a4fc8256-c970-4c76-afeb-ae9a4604d5f6,True,False,False
a5038302-da3a-4cd9-8d09-da06c36eb547,True,False,False
a507133c-4115-47df-b28f-91f70716119b,True,False,False
a5112ee1-2e18-4e72-aa2b-560fccc9f12c,True,False,False
a514bf51-47cc-4996-8cef-7776e78a3b22,True,False,False
a5199e57-73ce-40d7-957d-6a6ee745cb86,True,True,True
a519c576-c78e-493d-90db-5a6c28eeed93,True,False,False
a51b5632-b66c-4bfe-9453-f6501b7099db,True,False,False
a51f4bbd-2bba-489e-914f-4ef9f1448b65,True,False,False
a5200462-0162-402f-af94-06c414ffb11b,True,False,False
a52977b2-827b-4f00-b464-27853f0ceb61,True,False,False
a52ebc55-30f3-4176-b703-5f495b828a44,True,False,False
a5332285-bf26-4e13-890b-0d085da12d45,True,False,False
a536d845-a75d-4f11-bc10-0da6d024731d,True,False,False
a539a50e-df52-4683-bc56-dd800354b368,True,False,False
a547a508-8d85-4dbd-95b8-527f5d72a9df,True,False,False
a54b896d-2734-4320-aa98-e8fa1a659462,True,False,False
a54e66bf-3ca8-496e-abda-c09c52478ea7,True,False,False
a559d048-ba6e-4976-9cbf-5e492a8ee7bf,True,False,False
a55bdf62-e3cc-4472-93d1-13dbedeefcfd,True,False,False
a5612822-0173-409c-8a1e-b4b8f0f354f8,True,False,False
a56883b8-0947-4762-abad-9fae0a57b3c7,True,False,False
a568a748-946f-4eb4-acf3-fad5eaf70e9d,True,False,False
a568f51a-e9b9-4dde-adc7-9156460d4f69,True,False,False
a5732988-4ff7-4caf-868d-b432a3f1ce67,True,False,False
a578dc37-9cd2-442f-838c-9af1b6b48573,True,False,False
a57d4cc1-d5bc-457e-a582-a8d4c1254b79,True,False,False
a57ddfcb-064d-4a23-b2ba-dee5e274195b,True,False,False
a57f14c0-dc93-407d-b7bd-0627b9c39e36,True,False,False
a5800e33-c6ed-4096-8f22-2e2a02237744,True,False,False
a58d94c8-c0d4-4f24-bf3c-04c4e69ea153,True,True,True
a58dcf29-d311-4d4b-a276-4a7e1b132e36,True,False,False
a5927174-c248-4a48-85bd-252207affb79,True,False,False
a59786c7-c597-4ad3-94d0-289406402bce,True,False,False
a59b0e20-19c9-4b4d-bee8-7cde5dc696a4,True,False,False
a5a07d5f-fe89-45a6-97ba-9e4ea68aa56f,True,False,False
a5a1600b-870b-461e-85a6-0200ae994b43,True,False,False
a5a417d4-89aa-4fc1-a191-6a0c9ecdd8a7,True,False,False
a5ac486d-2578-45a1-a53e-2ef5291d7193,True,False,False
a5b3ed48-c112-4749-948b-1f3cf19d73db,True,False,False
a5b52d05-e7f4-406a-9427-8426616903e8,True,False,False
a5b5c894-69b5-443e-a374-9fa537cddd66,True,False,False
a5bde2e2-064f-425d-98c3-234e10b0cbf8,True,False,False
a5ce56a8-49f6-4334-b359-2cfbb88bca92,True,False,False
a5d4bb64-7864-4b79-b6ec-07de3177143a,True,False,False
a5d74ba5-58c7-4d25-8e72-33de644816bf,True,False,False
a5da15b7-6e1e-4d3b-92d1-f1db742b44d2,True,False,False
a5e1aa64-f528-4618-a9ba-19b69bd65c26,True,False,False
a5e3eee0-322a-4936-ae50-019a8ba8d28f,True,True,False
a5eb7838-3c09-4e97-b96f-b874bb469492,True,False,False
a5f03a28-f27b-45d8-a099-047956a87901,True,False,False
a5f06779-ca96-4df7-a456-d57186f88c80,True,False,False
a5f38783-4c32-4735-a722-8251c1233a41,True,False,False
a5f9cf5c-fb07-4a1f-a338-9049276f177c,True,False,False
a5fa31a4-5c6e-4d4f-aa5f-591b85335af4,True,False,False
a6039ce7-5822-4d26-a926-583641626809,True,False,False
a60840ec-8db5-4340-9cb2-cf45a2d97ba5,True,False,False
a60981e2-7f1f-42b2-acc1-ee73089a688d,True,False,False
a60c5826-9f7d-b11c-8527-b39c1edd7425,True,False,False
a60f94cf-30ca-4963-badc-a141b7374b46,True,False,False
a61237fb-9a12-4047-87f9-cbd8cd68a65d,True,False,False
a61542f1-f1af-48e9-9fff-e4d469bd18a4,True,False,False
a617a908-3a8a-45fd-a1b1-4d2236b6c9ba,True,False,False
a61fa14c-8932-4594-a2c5-9d16ca6f847e,True,False,False
a6245799-8869-4f16-a429-3c4b35b47986,True,False,False
a6299113-6e13-4b24-8691-dbffe921d584,True,False,False
a62d4235-82be-4466-93a5-7c2ea29e9747,True,False,False
a6307e7a-3597-4232-8122-3a555409c9e2,True,False,False
a632d89f-6362-4b38-92f1-b87ccbe0bb70,True,False,False
a636ab8c-6b39-420f-990d-27652a9ad5c2,True,False,False
a6386fd5-a87d-453f-a7d8-fb76ddf24dd6,True,False,False
a64098d4-de6b-4f5f-aca8-77acbecf52e0,True,False,False
a640e986-0b3a-49f7-809e-59d4c3fd6c34,True,False,False
a649173a-1813-45b4-bc20-fbf30f735c4a,True,False,False
a6498da4-7359-422c-962c-0b3ae292506b,True,False,False
a657f67c-f5cd-43ed-9e10-5cfa46d07840,True,False,False
a65d7633-2e46-4e5a-9b89-e3f1603dc63a,True,False,False
a6600325-11e5-4b7b-8b04-170e41940fe7,True,False,False
a66a402c-f36b-4e9f-81ad-d9a2110b6e8c,True,False,False
a67a5135-a253-41b7-a35c-cf52a7629933,True,False,False
a68682d8-ccb4-4d6a-98e3-13fa2435aa1a,True,False,False
a686c788-b0cf-4f05-bce7-78db11e771cc,True,False,False
a68e857d-d35b-4326-9036-41030cb6d5cf,True,False,False
a68f0df0-f058-4f24-b959-0ee184ca5845,True,False,False
a694b4c3-02d4-43bf-9877-396bfd1594b5,True,False,False
a69bb438-d8ea-416b-8274-475a431823a3,True,False,False
a69c354e-91a9-4ad9-8aaa-2df15260e5e6,True,False,False
a69d41e3-540f-44ba-a1d4-de36b8a06399,True,False,False
a6a16e49-36cb-434e-b411-5e6107944d9e,True,False,False
a6a3b4b3-8bf9-43be-85cd-985ee8778a08,True,False,False
a6a471b0-10d3-4029-a21b-61cdc7c7d30e,True,False,False
a6ad9cde-4259-4723-811a-198f7d5a34d9,True,False,False
a6b3c24f-03b1-4a57-bc4b-56b1d980098c,True,False,False
a6bb6c95-ef84-4559-80d7-ebcf44fa6556,True,False,False
a6c67b65-a3f8-40d1-b02e-23e0ccf69cef,True,False,False
a6ccb961-d425-4ed7-8782-cf54df3dd8bc,True,False,False
a6ceefa4-97ae-4079-810f-2e0be4a3e804,True,False,False
a6cf96bd-4296-4138-8633-f1317c607236,True,False,False
a6d40fc7-fa52-81d5-a035-d1cc89aa1316,True,False,False
a6d4f4ab-9e98-4623-8064-4478283f3aec,True,False,False
a6ddb375-fd65-466c-bd0f-3762aa1beff2,True,False,False
a6dde6e7-73bf-4448-b4c1-6b7a657e8134,True,False,False
a6e1ca60-9a44-4be4-b345-2248df3ee4f0,True,False,False
a6ebb7f3-0197-4774-b0d3-54d754c19cf7,True,False,False
a6efb284-d3de-e8bc-5d76-045f436f631b,True,False,False
a6f2382f-9882-4056-93a4-2ed52172f1a8,True,False,False
a6f2a4ef-8719-47a4-b7ca-5901a78ae053,True,False,False
a6f2dd79-7fe6-4f9c-8c82-26843746c47e,True,False,False
a6f7c732-fdca-4887-b14e-a021fe4114e9,True,False,False
a6fed589-c703-42f0-bed8-641366a02391,True,False,False
a6fede84-2cf8-4a3c-9721-98095e32481a,True,False,False
a700029d-57b0-4f17-9f9e-ae8e1ca7db23,True,False,False
a7007a5f-9ea5-42c5-8097-d697728c0dac,True,False,False
a705337c-db3e-45e3-8612-64f690ecfe7b,True,False,False
a7057bda-1fd1-4ca8-9cd6-3197a37b4d4f,True,False,False
a70787d1-1821-4c37-9010-798c07374b7b,True,False,False
a707ddf0-27e9-4694-8254-aa4a5e622fcf,True,False,False
a70990a9-9cc0-4fa1-8cdc-5b7aa5ad6ffc,True,False,False
a70a9f47-d982-49f9-9d56-506693dd8a30,True,False,False
a7118b05-571b-497a-9778-f739d880817a,True,False,False
a712475b-40b9-4aa2-8810-02fb5687ca76,True,False,False
a7134faa-fdba-46e9-888b-a4ae03ef60dc,True,False,False
a713d953-29c0-4fa2-be63-a6355f2fae69,True,False,False
a715b1ff-01ef-4cee-94a8-89a86a9b1dd4,True,False,False
a716e59b-5801-41bc-beed-95517df41e70,True,False,False
a71fe98b-9b1e-4d5e-bc6e-67147315a360,True,False,False
a720f95d-9e72-46f0-bb1f-f0a76d8d1f1a,True,False,False
a7288ae1-48ee-4d59-89d1-cd59c881c2a7,True,False,False
a72f686d-ade4-4350-b7c9-92188ce114e8,True,False,False
a73eed84-cd80-48a0-9a41-492e597afb42,True,False,False
a73fe3d3-a080-438b-89e7-88c8db6196a0,True,False,False
a74eaec3-ff4c-456f-b761-1917a7c9a70a,True,False,False
a75e5e02-e64d-4fb3-ab40-606b7d434615,True,False,False
a75f015e-ba8a-4e9a-a26b-fd19c0a3dc17,True,False,False
a769a598-6ac2-4f16-b758-1202d8e73a23,True,False,False
a7752b4c-f62b-407f-b3e6-f4c1719c6a6f,True,False,False
a776a899-045e-4f8c-ae44-f9abcf60f46e,True,False,False
a784f452-8f41-49e3-9a24-2a358121a334,True,False,False
a7907b4f-a78d-4d7f-a277-bf545df6b991,True,False,False
a79171eb-7d81-4536-8623-8f3159da5229,True,False,False
a79293ec-b9f5-413d-af74-f6ce9dd4e23a,True,False,False
a7a3c2d2-01f0-4770-8c62-f354b964e57d,True,False,False
a7a87af4-2226-473c-bb60-b76b4d9648cc,True,False,False
a7abb22a-01f9-46b4-b558-a9a19948a505,True,False,False
a7ae79da-f7d3-4476-9533-9f7507d664ba,True,False,False
a7b0597c-004e-4a50-9947-3ecde295a1b2,True,False,False
a7b196d9-afe5-4dc8-9648-d578fef55abf,True,False,False
a7b5e5f6-a479-4dc3-b8e1-39fa1bc6d67f,True,False,False
a7be6374-2c3d-4748-a6f2-1b64e189eb91,True,False,False
a7c0f850-920c-4089-9707-5d9d09f155d3,True,False,False
a7c43390-7d8c-4379-ad52-7d2ad2ec5521,True,False,False
a7cc90af-b8f5-4777-9f54-b9c7124ea6fc,True,False,False
a7d82a81-d4e1-4b1d-82b4-0869b3c970d3,True,False,False
a7de60c6-37d8-4544-a9c5-89c5dcc90a77,True,False,False
a7e7bac6-a12e-4a32-ac9c-8752c91a54f8,True,False,False
a7f771f9-f160-4d9a-a4a8-e5dbe34995a1,True,False,False
a7f93123-ca27-43a4-84b8-8ddfb78e410c,True,False,False
a8045401-28a8-476a-bdad-af87205af130,True,False,False
a80c1fde-32ee-4c92-8915-4ee6936c36ea,True,False,False
a8112b98-ed28-4f3f-9bdc-b0fc9c6bb800,True,False,False
a81909ca-5b31-4ef4-87d7-9532df0d1dfd,True,False,False
a81fb1ad-c5bd-4f15-bb9a-a5248dc5eac0,True,False,False
a81fd8f0-0c4a-4bdc-a71c-23114e582daf,True,False,False
a8257be9-96e9-4f42-84b6-5c3802b1347b,True,True,True
a825fe2b-e416-4027-b1c3-62988f6463e8,True,False,False
a83427e1-6718-4299-b835-cb68de487720,True,False,False
a8357844-843d-43f1-a5fb-a1b51706388b,True,False,False
a8373142-5473-4137-9b10-0302da0b9781,True,False,False
a83b93b5-7294-442b-9673-94dbbcd49d64,True,False,False
a83e48c9-ee17-47ea-9f8e-3271ee4dfb6b,True,False,False
a840a089-1ea3-4fb1-a67e-fd9d0d130805,True,False,False
a840e9a9-bdd9-43dc-a52e-688eb69b36ff,True,False,False
a841d5c2-2d12-40f0-95ab-28b6daac9ab4,True,False,False
a848cf57-c900-480f-8133-8993f003edb9,True,False,False
a8501836-ec61-46d7-b5d4-4dca5c1e3561,True,False,False
a85101b6-1661-4574-bc22-e20cfaa4bead,True,False,False
a8595edd-0450-3e8f-861c-509e5ae24a7b,True,False,False
a862aeed-dda7-464c-bc89-f8f147216830,True,False,False
a86ad5da-b715-4c90-ac12-24fd8b476c8c,True,False,False
a87165bb-5651-4fee-929a-0b004a13bef4,True,False,False
a877b67a-ec48-4c78-b7f8-24e78ead3fa6,True,False,False
a87b41e9-d1d0-48d7-911b-e3fe27e54dc5,True,False,False
a881fdee-51bd-48fe-804d-28abdd5c92bf,True,False,False
a882c8c6-7d5d-41a7-91ae-5a6a7d1cc906,True,False,False
a885004d-0c74-446b-9fd7-6858982e581e,True,False,False
a88c923f-d3d1-4d24-9525-21c7ffbab9e6,True,False,False
a897af1c-2e37-4ca6-be15-1d90f0f3f9ea,True,False,False
a89b4d0d-4b35-4bd3-9b94-5fc456c9be85,True,False,False
a89b68b8-d3e3-4049-973a-3401d6b51fcf,True,False,False
a89deb4c-16c0-42c5-ad80-3ae4402cb016,True,False,False
a89ecec8-f086-41c0-b43b-49adb32ce8ef,True,False,False
a8a453b2-b833-4d59-9c7c-acad49165627,True,False,False
a8af2fbf-76c1-4534-8829-66dc30a0fbf8,True,False,False
a8b09f1d-fbcd-4f86-9fa4-48ec4b9ba4fe,True,False,False
a8b526e8-1aad-4ac9-8400-e53c56afaab0,True,False,False
a8b74dfa-c918-4469-9217-de95b49b1538,True,False,False
a8b87cb7-f783-4032-be2b-75d2f4a11230,True,False,False
a8bbe937-af79-4813-9841-2c26d2484ab8,True,False,False
a8bff69b-1a1e-45cc-9488-601192173b19,True,False,False
a8c39073-3c47-4acf-8a51-687b0f79bb08,True,False,False
a8c3b3c2-07d2-415a-b56f-df63a8545353,True,False,False
a8c4eebc-d3f0-4c80-8dc4-febff583d6f9,True,False,False
a8c9e358-5b67-4407-8169-84c496ddd8e9,True,False,False
a8cf243a-a899-425a-8ec2-c805d46658c8,True,False,False
a8d08c89-04ce-4708-aab6-28aa5ed22755,True,False,False
a8db6cc4-a1b0-4421-b6c8-e66baa4379cd,True,False,False
a8dce280-b9bc-49a1-a84a-6e09eebeebf3,True,False,False
a8e02477-8fdd-4412-84eb-dc1d9a376e09,True,False,False
a8e187b3-58fe-4c87-a9d0-7e411edfaf85,True,False,False
a8e6462b-8612-4955-a167-c2fea4e87056,True,False,False
a8e710f5-af15-4912-a519-46e68d44f423,True,False,False
a8f196c0-2de1-4582-9966-d88ccc090d35,True,False,False
a8f7a8e8-87e9-4dbf-9660-3f6bdcbae42b,True,False,False
a8f9515f-cd93-4fb7-9929-960bdac28444,True,False,False
a9038343-8a1d-43b8-a922-90e401c5e1b6,True,False,False
a9084488-d462-42e2-8a38-4bbbc401904d,True,False,False
a917245e-232f-4c04-8899-2913c9cdd653,True,False,False
a917e5d7-145a-4098-8694-1f59b5b70e62,True,False,False
a91b270c-a9f3-4bcd-b53c-e7d144a94fca,True,False,False
a91d6197-c8aa-4b05-b5f7-d04d534f0ddb,True,False,False
a9238705-66ce-45a2-b64b-11ef967d2e58,True,False,False
a9284ad2-fd79-489e-923c-a92c8b9e7ce8,True,False,False
a92b0898-3264-4c81-8166-921dfb0b1f47,True,False,False
a92bf09d-522c-4e89-b648-99ae0ebc5a4b,True,False,False
a9301619-ccfc-4866-89b8-f06fc7337dee,True,False,False
a9344275-e947-4ec2-9e84-9e7cbff7299c,True,False,False
a938a986-d087-4af8-8d61-ceaf8db3a675,True,False,False
a93e06af-677e-40ef-8a82-cd4d5c00d9a6,True,False,False
a9410e21-9962-496d-83db-91f46cd787e3,True,False,False
a94a7c5f-67ee-4aae-ba88-3e2e7b828f9e,True,False,False
a94ad1e6-19ed-420b-8535-2a81e9cdc80b,True,False,False
a94d2480-3a11-47d7-876e-00fc55428ec0,True,True,True
a954b13d-f654-482a-850e-d078976d7410,True,False,False
a955bc75-fe48-4f20-8604-ebb60406a2f3,True,False,False
a95b50e0-b386-4166-8b66-b1f4f44bcfd6,True,False,False
a969120d-bd28-47ef-8b07-424c760821e0,True,False,False
a96b20fe-526a-4155-9416-69dbaff86041,True,False,False
a96c412a-a1b7-48d1-a8ab-72daf19b6fb6,True,False,False
a975b0a1-b5d7-44b4-8459-369bd1e509b0,True,False,False
a97d39e5-03cd-4a01-b5d2-a8aae544807a,True,False,False
a9842ae4-ba37-4a90-887f-5fba56ebe32c,True,False,False
a98bdda2-c6db-4024-ba02-27ed96aab097,True,False,False
a99124da-4947-42c7-91f3-e83eb954a576,True,False,False
a9a0f7bd-5169-48e0-8336-ec9a37e52e6c,True,False,False
a9a84247-be1b-494e-b7bf-5ca6e1b9d440,True,False,False
a9b4271f-0f85-4f87-85d5-4c487af57289,True,False,False
a9ced51e-527a-430a-9d2a-6a8ecc9d8587,True,False,False
a9cfeeba-9417-43b7-bc78-6dbe9ee61379,True,False,False
a9d1e6eb-49ff-410e-adb2-817bf2fd713a,True,False,False
a9dca904-1beb-4c79-b4ae-e0059899bae4,True,False,False
a9de468b-2d90-4a80-910e-95a4ed5550bc,True,False,False
a9de86b7-c8df-4b26-9863-9c9d204f790e,True,False,False
a9e5a322-c765-d52d-b382-07af17908468,True,False,False
a9eaa286-80d4-405e-881c-697912f6d53a,True,False,False
a9eba05f-3012-4b20-873f-2bb501496632,True,False,False
a9f1b52c-5778-45e5-b77a-6a9f7d797dbe,True,False,False
a9f27ca8-d230-4e1f-b83d-094b2fc97d2f,True,False,False
a9f664aa-6b4e-4837-9b86-523ba462b1ad,True,False,False
a9f8b076-58a2-4b2e-a9bd-ec5aaf3b2609,True,False,False
a9fc8bc0-6eda-47d3-a792-8601f9a59f5f,True,True,True
aa099050-4db5-4bf9-ae25-2b5c021d4ccf,True,False,False
aa0e9d4a-4dae-489f-acc0-c58a8e919ba3,True,False,False
aa10f52a-7fea-4ec4-b29b-7078bcbb6408,True,False,False
aa169aa6-36d3-4d22-9cbf-a4eacda65e90,True,False,False
aa16b32a-8e18-41ba-881f-5ef84dd53f85,True,False,False
aa2285f1-b353-4d75-bd74-d945feb38c30,True,False,False
aa26c576-581f-4c97-959d-97c4cd792602,True,False,False
aa2d8a19-bf41-4457-8bc5-5aef72db1426,True,False,False
aa33b320-aa81-473b-8a77-a71593aa4dde,True,False,False
aa34101a-9c84-4e8a-a492-a3c219842215,True,False,False
aa3b0f59-f7e9-4149-bff0-9037a01f8cad,True,False,False
aa3bad51-15b8-4d30-9b97-30f79abfe486,True,False,False
aa3d64c1-7694-44ac-a51c-71c5301056dd,True,False,False
aa3e881a-bcf1-41f4-85d0-d65442b323d3,True,False,False
aa415ef0-237c-42ab-98a1-a4faa2c06384,True,False,False
aa4793e2-1c95-41b1-987a-57b1c77fd637,True,False,False
aa47de0f-2310-464b-b342-5a4f3c38fb08,True,False,False
aa4f4a4e-a22d-4200-958f-b28c15b22750,True,False,False
aa5c32f3-64fc-4e3c-93cb-50aeb3a89979,True,False,False
aa610ab3-5c60-4551-8a2b-8c999dddf843,True,False,False
aa6b40f0-1590-48df-a6a0-c7971257d9a7,True,False,False
aa73cc0b-d63a-4826-ad23-4b17d1001b96,True,False,False
aa75df25-567b-48f8-8c26-c5cbd620fd75,True,False,False
aa75fb5c-bbbf-403c-b466-be3c310a9136,True,False,False
aa7805c5-76bd-4682-a0d4-bbfd863892cd,True,False,False
aa7e2bec-c16f-43ee-a32b-de73b3cbdbd1,True,False,False
aa806835-b14c-45af-9538-cd4d1849be3e,True,False,False
aa8a1d76-d365-419f-b00f-adc770aeb4ff,True,False,False
aa8b3dd7-ae88-4fe6-adab-4de1c852dccd,True,False,False
aa91524e-72be-4345-b0dd-a3f6a3f98731,True,False,False
aaa24e73-e94f-4996-96ab-18504b5d07da,True,False,False
aaa40309-8c93-415a-9f2c-237e200dc05c,True,False,False
aaa52d97-4366-4edf-854e-e97c168d1d5d,True,False,False
aaa590ae-685e-44e7-8655-5a513152846b,True,False,False
aaa646f9-fd39-45ff-a91c-7a1a7ab0dc4c,True,False,False
aaadceef-9110-4e8f-9377-3183a7c52e97,True,False,False
aab18e1e-c325-4c6c-a9dc-a2d50e813825,True,False,False
aab321e2-dbb1-4f92-a72b-8643be5a6f67,True,False,False
aab33a9a-29c3-4d50-84c1-8a2bc9256104,True,False,False
aab83570-3f16-4086-93e3-097369d66aac,True,False,False
aab94961-05c7-4f48-ba28-5e91de1a9d0c,True,False,False
aabd62c7-d774-4562-9ca3-b7ede43d7eba,True,True,False
aabff4d0-081a-4e86-9b07-6ed200562ce0,True,False,False
aac49568-350f-45a9-90b8-45545d9037d8,True,False,False
aac65441-7bfb-4182-81bb-1c388c79e896,True,False,False
aac900f7-8868-4447-ad80-0acdf3a6034b,True,False,False
aace9983-17cd-4648-9b0d-68152efa342a,True,False,False
aacf3cca-c44a-4821-a61e-9ecd946a8632,True,False,False
aad54077-9361-4a4f-b42b-88c22911e0a1,True,False,False
aadbfa0f-fe59-44aa-a570-7a83af00da24,True,False,False
aadf52e8-7cc1-4c9f-bc51-b941124df8fd,True,False,False
aae0546f-60e7-4779-9d95-bb013a14fba3,True,False,False
aae5af6d-d2f0-41c5-bde2-085e96989e28,True,False,False
aaea0013-bce5-4074-b84e-c350de0f1d45,True,False,False
aaebf527-ea25-44ea-8581-e01534e0f015,True,False,False
aaf61f75-9070-492f-8c71-6eef4c5ee7d1,True,False,False
aafcd9b0-cc5c-4b2f-a143-8f6d71806703,True,False,False
ab080f3a-1a07-4c51-ae35-512cf726a871,True,False,False
ab1b3d66-926e-4dd0-8551-94530019fd43,True,False,False
ab22d6b9-6e9c-4b7c-90cc-7bd289af526b,True,False,False
ab271dde-8ad6-4299-a9fb-fce24487460c,True,False,False
ab2757b2-8f37-4baa-b46b-65c2fdcb6145,True,False,False
ab2a023c-0331-477b-8959-1bb21baa5f92,True,False,False
ab2d3c10-251c-4fe4-9911-b7ff9989fc8a,True,False,False
ab2fbcf9-9d85-48bc-a1d9-577ec04d5cca,True,False,False
ab310b47-1eb2-45f8-8e5b-21ab2010925a,True,False,False
ab31b55c-5ac6-4fef-a9c5-8a5cff142b80,True,False,False
ab36cfe1-938a-4595-8da6-2c4b0f10ab1c,True,False,False
ab3bb134-2dc1-4688-a265-964c053bdc62,True,False,False
ab432391-6398-4553-8c82-8dc6d29b5c4e,True,False,False
ab480e63-eefa-4e73-b1a7-2b46b98dee56,True,False,False
ab4e1a31-23a5-4ee6-ab1c-c357183ad592,True,False,False
ab4f96e1-eeb5-4652-a6cb-4ffbdb58936f,True,False,False
ab511640-16c3-4a28-9b4b-7035914a27a8,True,False,False
ab54ac5e-1856-4667-a1b3-837daa3740f5,True,False,False
ab607d07-bef5-4ed9-a9e3-3ea5188641ac,True,False,False
ab63482f-b16d-4824-bb1f-4d2791977377,True,False,False
ab6eee1d-419a-44b8-b941-07e115a195bb,True,False,False
ab72860e-82b4-440b-b6e3-b293632a350f,True,False,False
ab791028-1798-4685-bf34-0a17358ad7e6,True,False,False
ab79b090-03b4-467a-888d-f91430231bab,True,False,False
ab7d926d-7575-434e-ba49-6296af8c966a,True,False,False
ab80e687-1b74-4ca2-8ce7-70fb9fbb4239,True,False,False
ab84dc39-518e-48e5-ae27-e76481667fc1,True,False,False
ab8a0972-5d94-419d-8c6a-c7e914d68741,True,False,False
ab9d398a-5e4d-4d62-8693-64a2ee2512d0,True,False,False
ab9ea6ae-667f-45fa-a90e-776d947afc12,True,False,False
aba545a4-be70-428c-939d-69e2613e0015,True,False,False
abad5ec2-623a-4648-9500-0ebf1018eb36,True,False,False
abb331de-0301-425e-b334-d4f41227baa8,True,False,False
abb67100-8aab-4701-9b5a-60036d1dd539,True,False,False
abbd2fd1-b6cf-49ee-9721-30595a105c29,True,False,False
abbf568f-5c6c-4377-8cfb-575524b9a8ba,True,False,False
abc7b770-61d4-4216-94ca-db46f46bc343,True,False,False
abdaa465-f394-4847-884f-5433f3cc87c0,True,False,False
abe407b3-f3bb-4b58-9341-2bc771960d77,True,False,False
abe56e20-fa4e-4bab-a5c6-ac608f26f232,True,False,False
abe7f658-c2e7-42c4-9f7e-0ff633c8643d,True,False,False
abee4e72-3d2b-42b8-aadb-ffedab02ed75,True,True,False
abf85c6d-e890-43fd-8c0a-b6a131977f1f,True,False,False
abfa4d5a-253f-46bd-9e7f-a89a7740f753,True,False,False
ac03e8cc-6f12-434d-9f78-15156ded546b,True,False,False
ac077882-8827-4fcf-b2e7-ac4013114e63,True,False,False
ac093278-04dd-4c7d-b26e-d9807b04df61,True,False,False
ac09a44c-2a42-48f4-81eb-e326f11af823,True,False,False
ac0c4679-e00d-4f2d-a192-fdee5a4a0dc6,True,False,False
ac0d10e6-d8fb-4e75-85ab-561e21c1f143,True,False,False
ac107412-4cd1-46d4-b71b-f4c7f1459f67,True,False,False
ac1177f4-e40c-4dc5-a24f-5161c2ae530e,True,False,False
ac11e5fa-9cd8-46ed-ba45-7830cbdc06f1,True,False,False
ac121edd-eb44-4663-9d04-6c0a4a324520,True,False,False
ac1298e7-b5b7-4218-8839-78ee0ce374eb,True,False,False
ac19130f-764c-406d-9bbd-7f57750f8375,True,False,False
ac191469-8878-474f-8280-318f27b2f781,True,False,False
ac1ff056-d500-4a4b-838a-720ff538c06e,True,False,False
ac20ad0a-468e-436b-bb51-6546ea9f9685,True,False,False
ac296530-fb04-c7a4-8cc9-cc7da0e55875,True,False,False
ac2b00b2-e820-4467-84ca-aed795d7b930,True,False,False
ac2c22a6-123e-45a4-8f27-5f93004bd406,True,False,False
ac2fcd40-d0e0-43e6-9729-449012d70c8c,True,False,False
ac36dbf9-0158-4008-a071-4e950849f805,True,False,False
ac3aa8af-6f60-4ec1-8de8-463106de5529,True,False,False
ac3b549e-b971-4ecc-8528-6a2e1ca3650b,True,False,False
ac405345-aed5-4d25-8f12-2dfb26c0a885,True,False,False
ac429105-69b7-41c1-901f-b4ce339b1445,True,False,False
ac4bf26e-bad4-462d-a5e4-30824e45efda,True,False,False
ac4c5d2b-4999-4c8b-a584-2d5a12caecac,True,False,False
ac52b34e-0a78-4725-bbf8-3474ea6c67a4,True,False,False
ac578cba-19f5-4572-9bc3-6da8f8510d78,True,False,False
ac5a20fd-1ad4-4ad3-8a6d-312a103fc70c,True,False,False
ac5a5fbe-51cb-4cba-a884-ed1067fcb3e3,True,False,False
ac5cd7da-fa56-4e67-97c0-815aaaffcc1e,True,False,False
ac5f8bec-2f27-4ea8-b56c-a1cef2f2a4b3,True,False,False
ac613962-e829-408d-bde8-57f6a850ce33,True,False,False
ac63a684-c564-4c2a-9b57-3aae1981a8eb,True,False,False
ac6bbbb5-ded9-48ba-8300-50b4563f25af,True,False,False
ac87dfa9-46e7-4b73-8b01-0e9576ec469f,True,False,False
ac8f759c-65fd-41b5-b945-277a0de9abeb,True,False,False
ac9445c1-f790-46fd-9434-b7d3b4be7b59,True,False,False
ac95d79c-1631-4882-b4d5-981d1254b05f,True,False,False
aca39b9f-8030-4dda-9d4a-903a5f2baa7b,True,False,False
aca712c3-7af1-4404-91c3-d6a7e9b7704a,True,False,False
acaada10-44a9-4657-9182-429e28a2dbd4,True,False,False
acae6238-3a30-4fd2-9765-1cd9a0f33690,True,False,False
acb14a87-b477-458a-b42b-e955e03b4bdb,True,False,False
acb4fe7e-1c5b-4204-ae15-4467f176a4a4,True,False,False
acb72237-58d5-4275-828e-112b5c039e85,True,False,False
acb7bc96-1d88-43b5-8dfc-eefe4d5e793a,True,False,False
acba0b24-ba64-498a-85f2-ad3e6cb51164,True,False,False
acc427b6-c7e2-46e9-9e13-a2b6385fe47a,True,False,False
acc5e0a8-df52-4e95-80a2-6f0828bcf884,True,False,False
acd1b616-4cc4-401e-982a-7cc3c479d069,True,False,False
acd99b23-d4bb-48a3-b38d-7ec5392d9169,True,False,False
acda82d6-9110-4dfd-a29e-fbf171373156,True,False,False
acdacf95-a75c-41fa-85f0-5189c92f4a89,True,False,False
acdc3091-865f-4c85-8261-3a87d3d9b366,True,False,False
acdc362c-6e56-4e34-843f-b193841b502e,True,False,False
ace21412-2026-432c-aeca-c50c3ace827f,True,False,False
aceb6f62-595d-4eaf-86d2-bb3c15eef937,True,False,False
acee8019-d5ab-4436-b63c-0320716daf02,True,False,False
acf26298-4553-4be9-bad8-9961a75b8b23,True,False,False
acf6b96a-e7e5-480d-a47d-ce48aa304a76,True,False,False
acfe400e-a6ec-4bfe-ae4e-059cd7b735cb,True,False,False
ad00c2a8-6336-4de6-8c15-a347a5e369b2,True,False,False
ad0c215b-0976-468a-bd04-4e781cd86112,True,False,False
ad0c5b1a-9b14-48f8-be2b-daa8c827de76,True,False,False
ad0e540c-153d-4617-ac42-5d2433adae2e,True,False,False
ad108e9a-4f4a-4082-a178-c3814adf0093,True,False,False
ad1480d9-5eaa-43de-a78a-9e7e882a1659,True,False,False
ad23271e-5fc6-4060-bd45-d60c673943cd,True,False,False
ad2e956f-1c35-456b-bab9-d6193e244459,True,False,False
ad3086a0-22ad-4da4-8c2e-695bdf3fb085,True,False,False
ad31f016-29a7-4d6a-9de3-d042016192e9,True,True,False
ad40bc6b-5722-422a-8db9-afe275052c4e,True,False,False
ad47ca4c-fdc8-4d7c-998d-6257e5420a63,True,False,False
ad48c7b1-b238-4924-880e-729671731537,True,False,False
ad4fe882-2d3f-4c45-b72d-7cf219b69025,True,False,False
ad50777d-ef29-4ac4-9824-fba7dd9e0c5c,True,False,False
ad61a0c0-feed-4451-b9d5-23d35186b021,True,False,False
ad6ef562-d36a-4ce0-b7bc-529385c1a2a7,True,False,False
ad735bf9-a76f-4f44-8a28-802d638f9d46,True,False,False
ad740c78-52a8-4d81-8446-bf4395a602ce,True,False,False
ad789442-8756-41d7-b05a-11b90124032d,True,True,True
ad7aef9b-f6f6-47cc-abc8-82c9ecf10e54,True,False,False
ad7fb961-b9b8-43fb-9052-fe0f594eacfe,True,False,False
ad832bc9-8bfa-8a93-6046-eb380ff6865c,True,False,False
ad87eaba-df26-4881-8b69-759fc2c051e3,True,False,False
ad946a73-cbec-40d4-8506-5985b25590ff,True,False,False
ad96e790-8efc-4bc1-9d38-447971a0479f,True,False,False
ad976dc1-fdf5-4788-a22c-fa5b78c3be83,True,False,False
ad9ba5e1-2c27-497e-90dd-504e6b5d26a2,True,False,False
ad9d60f9-2fd7-4b8f-a5ec-1a2568757dd9,True,False,False
ad9ebbeb-f966-46e5-8a90-59eb8cd706b7,True,False,False
ada39ef4-bde3-4166-9135-252b4e6e93c3,True,False,False
ada60a28-47e1-48e2-a683-7e8c061291ec,True,False,False
adb17ea7-d076-430e-88b9-af2eb7f0c4a8,True,False,False
adbe001a-5103-49af-b14e-bf898bfe49f7,True,False,False
adc611ae-1692-4a3e-ab3e-8ea5311acefd,True,False,False
adc6261a-ca4d-4152-b9cb-3e9cd6bc5587,True,False,False
adc79193-a004-4e4d-a53d-444004c8e405,True,False,False
adce1576-e9b0-42cc-9bbe-06273c8723f0,True,False,False
addce2e2-258c-4682-ba79-02fbedda80d6,True,False,False
ade18c8c-919e-459c-964c-d52188f39d8d,True,False,False
ade4676b-e9cf-48c2-b477-4e0977c5bdbb,True,False,False
adeab45e-43af-4af3-86e5-40d4a55d9842,True,False,False
adeff2a3-9468-4c7d-b596-ecc8e036fcd5,True,False,False
adf57aa6-b068-4c58-89f8-6e589219d135,True,False,False
adfb8e6b-e2a6-49bd-9fe0-f9ba9a115c47,True,False,False
adfcfa70-3f45-4e78-a21a-97ca8803a87e,True,False,False
ae001eca-2dc8-4ce3-805f-8a2a04c6211c,True,False,False
ae00f00b-9866-4132-93e5-997b1c81d4ba,True,False,False
ae04ecd4-3c39-48bc-9386-916fbd4c31fa,True,False,False
ae0ed515-4da7-4025-a046-36f0a7e7e18b,True,False,False
ae1cc080-156c-42f8-87f3-d0d50be70ff3,True,False,False
ae289348-f57b-4593-9e87-4e261fed085d,True,False,False
ae2b7c8f-6727-308d-4e03-b63b0cecc707,True,False,False
ae35ef1e-b211-4c16-83b5-b17488f7d705,True,False,False
ae35f8a1-4bec-8abc-7e40-cad22aee7ad9,True,False,False
ae40b738-a3b1-4b2b-a438-134a19d788cb,True,False,False
ae4888c4-3cdc-407f-acc0-2247a116449b,True,False,False
ae48f9b5-e7c4-99a5-2fb4-44f69ff579b6,True,False,False
ae4bbf6e-066c-49cf-a952-821309d886bb,True,False,False
ae51013f-c818-46b0-bba6-dac3557331d2,True,False,False
ae5e1fcc-c306-4806-ab73-1bcddc73b551,True,False,False
ae612b21-b7bf-4bcc-8634-e5523513a241,True,False,False
ae65dac7-d547-4df4-942f-c1a395ea9e67,True,False,False
ae6aecc4-f75b-46df-bba9-f998cc044a88,True,False,False
ae6b6fba-1e31-4826-b1ec-dbf83e79f8a0,True,False,False
ae70f494-d6d7-4411-8567-564f9812ef4f,True,False,False
ae7317e3-0a0c-40fb-8ab7-50fbe76861bb,True,False,False
ae748386-d4ae-47c0-a28d-bc82e064a7e6,True,False,False
ae771d3d-a2e5-4df4-808b-df0b2d94ceda,True,False,False
ae7d9314-4410-4b94-aefa-e838de1d90f4,True,False,False
ae7fc4cf-9d2a-4fad-a4ab-125e0a9a7fc5,True,False,False
ae803496-1bee-413c-ba60-42cb49cb232e,True,False,False
ae857e93-49a3-4117-9038-ebf59ea35620,True,False,False
ae88aa99-0a5d-4fa7-a4b4-a79c8cf6a7ed,True,False,False
ae8fd34d-50ee-4ff9-9595-cf8439adeb9e,True,False,False
ae9f91a1-ddd3-4b8b-8f28-44a84487045f,True,False,False
aea2e229-e178-4031-a45a-de0bcd500405,True,False,False
aea7e8a6-7d7b-42b9-a042-be8d44971d06,True,False,False
aeaad89d-6084-4298-ba14-3be8a2c30adc,True,False,False
aeabdce5-3a55-4bbd-bd3b-c51e8678f143,True,False,False
aeb009ae-a24b-4819-b5b4-1f03bc40658f,True,False,False
aeb677f0-200a-48a7-ac1c-e08f7cd5dd47,True,False,False
aeba797b-1db2-4912-a28a-406dbcc63615,True,False,False
aec269aa-7cff-4d11-b3e9-400b622525e4,True,False,False
aec81406-aa3f-48b6-b96d-f2815325bd4c,True,False,False
aec90f16-8439-4aa7-b352-12fc8b18e5f5,True,False,False
aed1dd6a-7f6e-497a-8369-02e9ad1c48e6,True,False,False
aed78aa6-1965-47ac-a16e-0ca90845387a,True,False,False
aeeef26e-72fb-4f84-8799-b1f234c9c883,True,False,False
aef42b8d-25da-4a2c-9543-845c4d880927,True,False,False
aef7cdf5-7dd3-4fc6-81ac-a2619d430670,True,False,False
aefd3b36-abb8-4b28-a912-9a7591b45677,True,False,False
af046e1c-7e90-4d19-94de-c2df6dd84b58,True,False,False
af082653-4efb-4586-a033-8920b5bd3ce9,True,False,False
af0ec7c0-eada-4f1a-a87f-8fde9610f08f,True,False,False
af168cb6-4e1b-42b5-986b-4b302e642947,True,False,False
af17fffb-9aa0-470a-a7ee-375af47084c7,True,False,False
af1c72a4-cc47-450c-b101-cc15ce22215d,True,False,False
af1d70be-8aee-4b1d-ba3c-29758ab85c8b,True,False,False
af1eee70-b3ee-404e-9c53-fe8f32ee0e91,True,False,False
af26c81c-a281-4c92-bed7-5fe78ca6d625,True,False,False
af314193-0ba3-4ea0-9024-69b08d16afe3,True,False,False
af3c240f-fc25-467e-9f23-8e38e5f47d0f,True,False,False
af46fe29-db93-4291-b219-c77be775e047,True,False,False
af48aa35-c497-4299-af94-c295486627f4,True,False,False
af492b5c-85ea-413a-887f-e3219c4ed7b5,True,False,False
af498b97-8118-4d8c-a3f5-7cee9578deaa,True,False,False
af5db5f8-538b-4b19-a660-ceeb94ef6e19,True,False,False
af5e3d5f-8ab9-47f5-b9ac-93c6f4d2726c,True,False,False
af5e4c2d-1396-4134-bbaa-d5922cc5ddf2,True,False,False
af666c76-439c-4c2c-bfa2-7391c61f88fd,True,False,False
af6ca7ad-1253-4e58-88f4-e7fd7d4a6542,True,False,False
af783d99-8dde-4b59-aeb8-ac8680e342b0,True,False,False
af78bae6-7e09-4475-ad44-ceca01aeecb9,True,False,False
af870d64-5720-479f-8ca2-c24f27d26c2b,True,False,False
af8d751e-d4d4-4766-8902-f98137685b72,True,False,False
af94cab4-0c7b-4859-85a1-ee61a14f179c,True,False,False
af95bb12-1956-40a4-a703-fcae492b2fb6,True,False,False
afa1ad69-55bb-4ef8-9d02-6648596ca5ec,True,True,True
afa23640-e38b-4e04-937e-9f2f6a885898,True,False,False
afb08a76-6411-4588-9606-889b77a41cb7,True,False,False
afbf0aaf-daf5-4794-a174-824a6fa274f3,True,False,False
afcb4da7-2c28-4df1-b3ad-d9750a417044,True,False,False
afcfe15b-5536-496e-b65c-253deeca0349,True,False,False
afd21a75-ebaf-450c-8592-ba1807cee33b,True,False,False
afe1c652-c382-4cce-8681-83a069379152,True,False,False
aff4415b-33c3-491a-9d9a-fd549a0f3b22,True,False,False
affffbc5-872b-47e1-bb81-14da7e398520,True,False,False
b006d15c-0c8d-4e13-aa47-fc5453ad65f6,True,False,False
b008ce4a-39fa-4b5d-92c9-21e7919361c3,True,False,False
b00a5af2-9555-49ff-a4d0-a66904b33092,True,False,False
b016924a-1467-4a26-8f09-992a2c62507a,True,False,False
b0178042-be4f-497b-8583-79770e88c084,True,False,False
b01a1438-b11f-40f7-aae1-c5c1bf9560d7,True,False,False
b0225203-d979-4f54-abbf-ab3759a6f950,True,False,False
b0241c01-e35e-4b99-b1d3-a716ac5cacc6,True,False,False
b02575f5-fc35-44b0-9eba-fe5aa1ce486a,True,False,False
b025b94e-c56e-4e83-b878-3e1ec4c4f51f,True,False,False
b025d368-d2a4-494e-9dfc-270e9b5929c8,True,False,False
b030aad2-2ce4-4fa0-8390-4962140a2ac2,True,False,False
b030ae79-df44-4083-92d4-e8598177bc7c,True,False,False
b0359452-0f34-4a54-9bd9-faa93c723b27,True,False,False
b0369e6b-d319-467c-b62c-ede85bab6d9c,True,False,False
b04827d3-c3ed-4220-b258-3a745a5c3e90,True,False,False
b04da33c-8650-4bfc-ab80-8082f87ef6f7,True,False,False
b05b52a0-7be6-41f7-a8cb-b6435f18665d,True,False,False
b05f4bd2-be48-4d21-8683-c96a5e6cc84f,True,False,False
b05f953e-0bf7-4f79-b7e9-3e0d2db7602f,True,False,False
b06060bf-9fc4-4433-9ef2-dad329a2617a,True,False,False
b062f33b-ce1c-41f1-948b-d1704acea970,True,False,False
b063d3a0-5770-4bc6-a414-7645aa4bce33,True,True,True
b0655d90-4c91-431a-9996-346e6386ec08,True,False,False
b0687a62-c88e-4fc1-9265-1e3cd50bd5c8,True,False,False
b06ad956-3790-43a2-9954-bbe01253cd68,True,False,False
b0722719-fd13-4845-927c-21c37c82545b,True,False,False
b074f0a2-1ada-4f85-a6fe-8195f70b41fa,True,False,False
b0766333-2cd5-4239-af29-ebb8e76378e8,True,False,False
b08ab092-2efd-4c9b-a58f-8db457669508,True,False,False
b0919206-eeef-4c8f-8a11-67cf5e64541c,True,False,False
b0939dea-1df2-4e2c-9e85-b3e7a3e5e88f,True,False,False
b097de2f-4316-4ce8-913f-5bbd302ece25,True,False,False
b0a3ddaa-01af-476f-8716-dc3c2437dc3a,True,False,False
b0a70d4c-d5e4-493f-bc6a-288dd245a156,True,False,False
b0a90265-ba2f-4a09-884a-fed6bcaef498,True,False,False
b0af9f06-053a-4f0f-8161-f9000ed8288e,True,False,False
b0b711df-5790-42c9-a283-f17ec900650d,True,False,False
b0b7a82a-c9fc-4089-8d8c-bc9144256c0d,True,False,False
b0bf2f3d-80ba-4195-b13e-70af5147fe2c,True,False,False
b0d15b36-5ec3-44e3-8377-9ce6de5bd60c,True,False,False
b0d23e5b-ea82-424e-9613-dcb11b32b1c7,True,False,False
b0e0e093-f667-43e3-96bc-6b71ff871b9f,True,False,False
b0e87b5d-1603-4864-9f9b-79391b3c37a2,True,False,False
b0f08bbc-7998-41b8-964b-4bea58894348,True,False,False
b0f0ccc3-1cb7-4dc3-ad84-4f297b0c1a32,True,False,False
b0f4d3d2-8e26-4771-8357-976bf54f17b4,True,False,False
b0f98426-433b-400e-870c-a4a864b64f9f,True,False,False
b0fc4a61-c763-46f4-9292-d1c80ca475f5,True,False,False
b1036c38-4857-4ad7-9e1e-5e19db8f9c71,True,False,False
b1041a36-719e-4ccc-84f2-3fdb929ce6ec,True,False,False
b105a7d4-aa67-4d5e-95ee-4269e435db55,True,False,False
b107ca2d-4ec2-470b-8aab-d99b389313e8,True,False,False
b108e06e-2cdf-4b91-b44e-0d5770e695be,True,False,False
b10b9041-8a46-447b-9817-ca7e8bb5baae,True,False,False
b117e340-6844-4ed8-9e63-62497d5bab6c,True,False,False
b11c8b0c-c340-4494-a59f-0b2b8538b3e1,True,False,False
b123de91-6383-4300-8374-3fb9ebd7aae3,True,False,False
b1277348-b346-4fe2-a980-25ebbb611c2b,True,False,False
b1293c36-ac49-400d-a71f-88f125e8a31f,True,False,False
b12c9ed9-8a0d-4ff1-8d60-f706e635cec9,True,False,False
b12fb1bf-d8e5-4ee2-960b-8f1974ae741c,True,False,False
b131b5b5-3ce2-4de4-8d26-7b43b3e72a62,True,False,False
b13775da-1bf8-434f-9275-ae8c680ec150,True,False,False
b13ca333-d8de-4e8a-b617-94bf9437ea32,True,False,False
b148a001-d298-4d46-b2d8-f00d0a5c9335,True,False,False
b14da73a-6417-4085-9fc5-19fed1b27bc5,True,False,False
b14ec901-27ac-4924-ae71-a341c31cc7de,True,False,False
b1560b14-3db9-4e98-b019-e1d5a05f699b,True,False,False
b1562ac5-36b3-4752-a1db-ebeab0543162,True,False,False
b15c460e-dc39-414c-b7bd-3f98d509e100,True,False,False
b163e75f-e2eb-4faf-a7d6-0a070bc0f48e,True,False,False
b164934c-bfc2-4fd1-aa5c-1a635b9e83e8,True,False,False
b166f21b-d8ab-447a-b585-65cb1817725b,True,False,False
b1677701-d1eb-4005-b178-fce3903514c5,True,False,False
b16890a0-58dc-4b47-b824-8aebf9e876ab,True,False,False
b16d7cc9-0b4e-4ef0-b5b7-c7125cf2020d,True,False,False
b16e573c-58c0-48c1-b480-8debe921a01c,True,False,False
b177a9c4-f9b0-456d-93c2-731f0e7b1338,True,False,False
b1786074-3abf-4e01-afe9-fb785bee517e,True,False,False
b17a776a-1590-4e54-92cb-c798ca23578f,True,False,False
b17e059a-83b2-4d35-952a-dfdd16f707f9,True,False,False
b17e4320-3357-432c-a998-3fa0658e4389,True,False,False
b17e917c-3cbc-428b-9b6f-1502d8663527,True,False,False
b18a57d3-c1b7-47a4-ab38-bc07a55f4782,True,False,False
b18b1579-21fa-474d-a577-9227d98bf3d4,True,False,False
b18c386d-fd90-4089-b997-ce4f71249062,True,False,False
b198c91c-47af-4777-911d-a17a5a6bc146,True,False,False
b1990fea-468e-4fcb-b0ef-590a89299b09,True,False,False
b1993889-fcc6-4d72-84f1-871234690ba4,True,False,False
b1a354ec-74b0-41df-91b7-d37734308bee,True,False,False
b1a474ca-94a0-4033-a0e0-352915fc62d8,True,False,False
b1a6ee64-ca71-4fd3-b87f-93e211d9a16f,True,False,False
b1a7e00a-9d68-41c1-9ea5-2b2689a8b45d,True,False,False
b1ab3863-bbf5-4370-a3d8-bfa70580dd09,True,False,False
b1b2e77e-86e7-4f39-bb79-60c355398973,True,False,False
b1bbbaf2-71a8-458b-a8b9-185ff2f7098b,True,False,False
b1bc4d3b-29ee-4d4d-abec-b7bb6b9aff25,True,False,False
b1c31931-2d36-4ce4-a435-8306fe02a088,True,False,False
b1c77b0e-9932-4870-beec-f3927b9c0c50,True,False,False
b1cc8eef-1512-4119-b9fc-d430a5fe5b3a,True,False,False
b1dbd295-f55e-4370-a29e-1e49dc3bcf39,True,False,False
b1def33f-376b-42ea-a21e-45e1d22f1b24,True,False,False
b1df0fce-6e03-47cc-b777-782b77b1b100,True,False,False
b1e1b07d-90ed-444e-aaa0-0616e91a1a6d,True,False,False
b1e6cdbc-56fa-41da-95c5-124ea47736b4,True,False,False
b1f6d4b4-e3f4-49de-bebc-0eada221a70a,True,False,False
b1f89bea-0e40-45ef-9924-fb59327a458f,True,False,False
b1fe809e-c64e-44c4-8258-71afe11a3c16,True,False,False
b2008433-8677-4b99-9cc8-93a3ba61352b,True,False,False
b20453cb-ee7f-4352-b403-249944924a05,True,True,True
b207e869-0fab-4806-bdd3-91a4bac06844,True,True,False
b2126bdf-2dcb-41dd-8b39-52b586d5b16f,True,False,False
b21d44ba-4e84-45d5-a9a2-f3795a04ebed,True,False,False
b227318e-2247-4ebe-bf04-f9e5bfc73210,True,False,False
b22941d8-2ca7-455a-a895-ec40690290e8,True,False,False
b22b9101-bf99-4823-8e0d-4f4a757eca62,True,False,False
b23aa9a2-447a-45f0-9c28-2ed8307374b6,True,False,False
b23d1934-08b9-91d6-1239-bbb3b27c33c4,True,False,False
b24c43ef-d447-49ce-856b-80f2905eec64,True,False,False
b251bc37-f803-4cad-a108-1ce9aa93e04b,True,False,False
b2597746-0c71-43e1-945b-a01f69e36b70,True,False,False
b264ffb5-6b78-43ef-89b0-bd5ca0e6220e,True,False,False
b26931a0-b56c-49c5-9bb1-a16dbc2816c5,True,False,False
b269bbef-3dad-4bb4-9b4f-a215b2d49a91,True,False,False
b269e20e-c075-4ad2-b0e4-0d499f270cc1,True,False,False
b26e6fc2-ea7b-417d-9442-64a52159f25f,True,False,False
b2766b5e-34f0-40bd-885b-61e7afdbe0b4,True,False,False
b27789be-19db-4eed-b34b-c22b6bf35a99,True,False,False
b278e5eb-712c-4148-acdf-9a2470eb6d8d,True,False,False
b28b2d8f-5ad8-4273-86f4-e3c38956f825,True,False,False
b298c52f-d5e2-4edd-a6cb-612f38865c38,True,False,False
b2995c14-fcec-4ee5-9e33-d4c2cc20b1ab,True,False,False
b29be3ef-01f5-437c-8cdb-46d45291ec0a,True,False,False
b2a9704b-d788-4f8e-9136-c1d61e4d1a3c,True,False,False
b2a9af60-2d41-4e8d-9ff3-f86a859f28cf,True,False,False
b2b53417-91ea-4e78-a42f-50e403836f3e,True,False,False
b2bfed01-252d-4725-bde0-5e5f122af398,True,False,False
b2cafa42-d27c-47c7-92ea-83d9f69ecaa0,True,False,False
b2cc732b-83ce-45ae-a321-e6c4af88d8e1,True,False,False
b2cdc47a-3807-47da-8955-3b1f424eac50,True,False,False
b2d84f94-c26c-40e2-bf4f-e1d2d8790ff4,True,False,False
b2da6f0a-6eeb-4502-b62e-dd3b4ce97ad1,True,False,False
b2e1a2d0-204a-48b7-8560-252200be213d,True,False,False
b3126970-58a2-4eed-a346-39241dea2f0c,True,False,False
b312ceed-0070-4c2d-859f-f44a32c96975,True,False,False
b3138efc-080e-4357-899f-b832a7e85eac,True,False,False
b31605a5-44b8-4b99-b8b4-fa3d5d5abb45,True,False,False
b319296e-fb85-4810-aa2c-c30e954b652c,True,False,False
b323e6a4-d707-46aa-863a-6483c9e27d41,True,False,False
b338bb5d-d71f-4880-8d6b-fdd8d9ba3e42,True,False,False
b33ca7ee-7058-4fb7-9fee-c18c1d2768ca,True,False,False
b340bb22-a529-46d6-9c59-7b2e5cc864b1,True,False,False
b34a5191-8b20-4778-89f0-17a1f8fbf95d,True,False,False
b3518902-f6df-47f1-abe2-563ae93f3844,True,False,False
b3663448-fdf4-453c-9cff-b5a0538a65d0,True,False,False
b36a7084-888d-4e37-bad4-cec9cfb1fbce,True,False,False
b36adae7-a187-4e09-8fd5-29e7368b547a,True,False,False
b3747164-e7c6-453c-b061-297aa303fbfe,True,False,False
b3789e17-2e81-403d-9349-8f2d8f933b92,True,False,False
b37bfd1a-5a77-4cbf-b2f2-86338aa1ed69,True,False,False
b38637d7-9416-4cbc-8bcf-c2796ab69ace,True,False,False
b38a1063-423e-4cf3-b26f-5a20ed586c41,True,False,False
b38dc5ac-b014-45bc-a404-3fa62369389f,True,False,False
b3927af1-79e5-449e-85ab-75c68f16bb90,True,True,True
b39a96f9-30ee-493a-881a-94d98bae47e6,True,False,False
b39b7f9c-b7e2-4b7e-874a-92e7dc7b4198,True,False,False
b39ddc51-cd7c-4246-8c66-8717744d6c1b,True,False,False
b3a27752-d83b-41aa-b2f7-973d055e8d91,True,False,False
b3a6065f-5808-4c72-9964-d93f7989e321,True,False,False
b3a982f1-f65f-4d4c-ad39-d88b95106133,True,False,False
b3b1ba11-e13f-4fca-a5d5-6f4e707dbd96,True,False,False
b3b4007b-571f-4040-bfe8-1618078e9b13,True,False,False
b3b922c1-a7f0-4ffa-9e8f-49c3f93d0a05,True,False,False
b3bbf6e2-f995-4482-aceb-2a5695406d93,True,True,True
b3bcba15-8ecb-4714-82bc-9121a6b0c52f,True,False,False
b3bf9010-fbc7-4b6d-accd-637eb6f870ae,True,False,False
b3c5c3dc-7dc0-49fd-8c08-48bdbcfd69b0,True,False,False
b3cb0073-2941-4748-a686-736bb8cc7337,True,False,False
b3cc24eb-ab28-4517-86a8-96dd03d41d5f,True,False,False
b3cc6c7a-c04d-4a2b-bff6-62ed9fb217e5,True,False,False
b3d75eaf-43f8-4a25-a035-8fcb20457d9b,True,False,False
b3e2e031-4999-445b-99ad-7b0e32229532,True,False,False
b3e70f87-485c-45d3-b10f-df89a11a214b,True,False,False
b3e9671b-ea41-4e04-9116-b025d456bdb3,True,False,False
b3eafa13-ccba-4a9d-95fe-9ecab3d4e42b,True,False,False
b3eca5de-ca20-4737-ab41-bb0b5c2f7bc6,True,False,False
b3f99da3-1cd0-47b3-b0b1-6236025d11f9,True,False,False
b40775dd-a5e8-4719-a669-8ddee4b5185d,True,False,False
b40b2362-a001-4158-a83a-633c6501886d,True,False,False
b40d722b-df40-46ca-bfb3-f0da447d0b84,True,False,False
b40e4c16-7587-4d0a-b42e-62e12ef02ede,True,False,False
b4132ee2-8031-4760-a4d4-61921aefa18f,True,False,False
b416ae4d-b70e-4b88-aec4-c9f15b59d1b6,True,False,False
b418c976-dbb3-497a-88b0-0a48673a1040,True,False,False
b41f25ef-fd71-4bb3-9367-394aca4a7e62,True,False,False
b420b57b-dee1-4d94-a9a1-1a78f9e93d96,True,False,False
b421af11-ff81-45a4-9bb6-647119ec48a8,True,False,False
b425dd2d-dae4-4915-8e8f-b1d4d2717471,True,True,False
b42f7c80-ce3c-4202-b068-3e1c36c43777,True,False,False
b4346bb3-7cc7-4ff3-828c-b0bb828dd5b2,True,False,False
b436105e-971f-4b92-8492-30eee1b676a9,True,False,False
b43ad178-4501-43da-9cd8-179f81a46cfe,True,False,False
b43ee38c-ee5e-4221-97d2-b922bb61fb60,True,False,False
b43fea58-d4da-4f32-9181-82fc864984a3,True,False,False
b441be33-98e5-42eb-9b7e-08baa0ef678b,True,False,False
b44f03c1-4803-46df-abcf-3310f120950f,True,False,False
b4518c9c-0e8e-97db-a262-dbdbb59332d5,True,False,False
b451d06a-50ff-44a2-8895-ba116a44fb1f,True,False,False
b453a838-b1f7-44a7-9c41-b7ac5127a592,True,False,False
b458094f-df35-4a61-80d8-2834aed87e4c,True,False,False
b45d7b6a-e93f-420e-874f-9c65c78d708a,True,False,False
b45fcefe-9359-4812-89a8-f0da7623eaca,True,False,False
b4615cf3-42db-412c-b29e-0762d47ed25f,True,False,False
b4628ebd-b419-434a-ba25-78edc0728297,True,False,False
b46621aa-cdf8-488e-8169-fd15a663ee78,True,False,False
b468e7b1-5e4c-48a9-b2a6-6da644d32867,True,False,False
b4691ff8-6f92-4a7f-95e9-17f9a8cb0aab,True,False,False
b46ea16d-e5cf-4932-890b-be06a26ec90d,True,False,False
b479cf15-9732-4d17-ad79-d89d36ca3e0d,True,False,False
b47b303b-2114-44e7-a6f1-a9e73d4d0704,True,False,False
b4887d83-cc53-4050-bf0a-9d506789e49a,True,False,False
b48a0ad2-81e7-470c-bf01-986fd04f3590,True,False,False
b48d5e5a-e401-46a2-8a83-0f1db187038d,True,False,False
b49034e6-20bb-404e-b361-53988df9f9f7,True,False,False
b490831b-3082-4d9c-abcc-dc946e8ebdfd,True,False,False
b4929f60-d35f-4b17-b526-0f79d4263b59,True,False,False
b496d9d5-213a-4c37-b1f6-7aa6c66a2fdf,True,False,False
b49a14c3-1c94-4709-a6b8-488a618a4ed1,True,False,False
b4a49cd0-086f-4a02-9e3c-8a3adb492140,True,False,False
b4b7c3e2-fed3-4350-9886-01ec2633471a,True,False,False
b4c0ea18-ddd3-48c9-917d-34d56b6bfe63,True,False,False
b4c3fa06-c607-47ef-9406-b0ca1d34bc37,True,False,False
b4cab589-e89c-40fb-b6d9-df607805133f,True,False,False
b4cc302c-4da2-bfea-b635-3123e3f7bbb4,True,False,False
b4d18b27-1593-47e3-a986-5165b7640cc3,True,False,False
b4d67e5e-3ade-4dfd-98bd-d58249b1e672,True,False,False
b4e5d08f-2e02-4475-b5a5-b3e6ec0c1eaf,True,False,False
b4ea97c6-4c6c-4288-83ba-9fc7d3db6dc5,True,False,False
b4f2b5ec-33d9-4dd8-bef7-69a67efb13d3,True,False,False
b4fd51dc-90d3-4cd3-b196-52a81acbd9bc,True,False,False
b501606a-a71a-4d87-b55f-34046b94f921,True,False,False
b502628a-78d1-4b5a-83a3-dd286073702e,True,False,False
b503ee3a-6990-4d8c-8cc0-803d71ff55cf,True,False,False
b50cf7fc-89d3-49d0-a23b-e75656fd10d2,True,False,False
b50db6c2-f8af-443c-b264-1594286960df,True,False,False
b50f942c-b5e8-4ec9-a8fe-f34a670a0292,True,False,False
b5119ea8-9b48-4f8b-91d9-a602f6086a0d,True,False,False
b513b5ef-e1e1-4416-8406-67bd846d7c5f,True,False,False
b515c8e4-898b-466d-8c28-b13f542c1d5d,True,False,False
b51c54cc-22c9-49db-8b9d-ec7db27ac623,True,False,False
b51ece5b-8f8e-4c43-b13f-b994abb41d51,True,False,False
b5268a14-6cec-464a-ada9-f4f9048194a7,True,False,False
b52ac6b7-ff81-45c6-bdcd-49e65cbc7380,True,False,False
b52cd4f0-4e83-494c-8edc-08b7168bab74,True,False,False
b5355437-08f2-447b-9108-e002ddd74dab,True,False,False
b53aa00a-7d47-457c-94af-e34f99b8f7fa,True,False,False
b53e70c6-73b5-4605-a632-b518dba3c593,True,False,False
b549c1f7-a673-4e18-a2f3-3364d24f0a9c,True,False,False
b555015a-4702-43cc-9a48-09848fedd9b9,True,False,False
b555ede6-b116-4b04-a70f-ed072f797b8d,True,False,False
b55c8335-a52c-4d09-a8a4-d92519c1e9ef,True,False,False
b55d9e5a-9fd5-424e-bdd1-a95d5ff0db11,True,False,False
b561039a-1ed3-47f6-bc70-c0babf6b75a2,True,False,False
b5760b05-fd7c-42c1-9a08-28d824cf45ae,True,False,False
b57890a5-0d8c-420f-ae05-3a68b83ecc9f,True,False,False
b5793a1b-4238-4fb5-8791-714f1b9727f8,True,False,False
b583259f-a930-471e-b6e6-757e6c9a3e6a,True,False,False
b58b0bd2-33e9-4b08-9e5a-e624fd660002,True,False,False
b58c08b4-58fe-4087-bc8c-d706e7481d6d,True,False,False
b5928c48-deb0-4514-a526-f79f5e53a8f0,True,False,False
b59c0d74-832b-464c-a7e6-bedbbc90e816,True,False,False
b59c79ec-ddb1-41f8-8a6e-5753963b9607,True,False,False
b59f38f4-dc13-4a05-b62a-81acfebed4d5,True,True,False
b5b6ded1-bf09-4d73-b104-bf3bcec3cae9,True,False,False
b5c1061c-5261-45d5-9e6c-9be817196504,True,False,False
b5c3a1d0-88d1-4c12-865b-1aa9c1b8cccd,True,False,False
b5c45cb9-24d7-4641-b419-c19f37cfd6f1,True,False,False
b5c581d9-3f5e-4711-9811-f1331ff4b1e3,True,False,False
b5c8181b-b388-4d81-a162-40402aeffc8e,True,False,False
b5cdace6-3f2c-4ad9-b242-e4c9f47a9b78,True,False,False
b5d17035-7d6b-4914-996f-8cc0d760df05,True,False,False
b5db4da6-63ec-498c-82d8-c3709b246022,True,False,False
b5e2a591-caf8-404e-a09b-ae2b4d12b2e7,True,False,False
b5e96f54-e52e-47c5-ba95-4a32aff43056,True,False,False
b5ed56c3-3d2e-4f5a-84ed-374b3b316cd6,True,False,False
b5f5d70e-033e-499f-8931-1d8cef407a9b,True,False,False
b5f5e8c1-93ba-4570-9980-e563f2a55a1a,True,False,False
b5fef240-cea0-4109-aef3-f5189a6fa2b5,True,False,False
b6020317-ba3f-474b-9ddd-ff854aa2ba05,True,False,False
b603c4da-e9c1-4980-9bec-10eef1ea9979,True,False,False
b605d1d4-3c02-4fdf-aa5b-7abb8340c643,True,False,False
b607fd41-1d11-49ba-8542-ad39aefa2359,True,False,False
b60a5789-75d5-4f98-a6ce-1ed7d6ad3d65,True,False,False
b60aa075-db6d-439a-bc58-a565eb7e0fd4,True,False,False
b613c700-5cb5-40e1-a011-4f12911af322,True,False,False
b61a07ad-5594-411c-8aa6-aa07be8d6ec5,True,False,False
b61bba97-75de-4780-9f58-ccf0c9b0e531,True,False,False
b61f50d7-f609-49db-b440-44183c0d359e,True,True,False
b62a8ce1-c739-406b-9a3b-ca4989aaedbc,True,False,False
b62d0727-d9ba-40d3-9fde-8c68507b10e5,True,False,False
b6315461-e7df-4506-8211-efe173b393a8,True,True,False
b635a403-0759-4688-bd4f-9fed6796e687,True,False,False
b636e9b9-2bf7-458c-9b3f-9aa1558a11d4,True,False,False
b6425582-388d-43cf-9361-05f24932c8a7,True,False,False
b64b2eca-779a-48c8-aac4-a6eaa0aed7aa,True,False,False
b650cb3d-900a-4603-a4ef-2caf68e3744e,True,False,False
b657a8d3-ab77-9a3c-2d97-3e565b500b1d,True,False,False
b658b849-a122-4f57-86d5-c8a2e24d2492,True,False,False
b666eb61-6677-4dc1-87e7-b1ea140468f0,True,False,False
b667c11b-7b7b-46b8-92d0-68b2228f381a,True,False,False
b6699f2d-28e2-451c-805c-ed492444ae7b,True,False,False
b66a1ef1-09af-44f0-862f-51e3ce1595ee,True,False,False
b66b9705-8b9f-4239-b4f9-dfa06ec9b986,True,False,False
b66bd201-4628-4120-8b98-fab60e796d9c,True,False,False
b66d705e-9e45-4536-a84d-26e7d2ccdd32,True,False,False
b67288c0-4db7-46c0-8a8b-55eb454bb7fe,True,False,False
b6728b4f-622e-4519-af79-5230548d25a5,True,False,False
b6828c21-86f2-480a-990c-85080e4d885b,True,False,False
b68561d4-9650-4268-bd09-d916bb9e07ec,True,False,False
b686e00a-6174-4925-bc03-30788d4b1b8e,True,False,False
b68d89f5-077a-4257-acf4-1ad0034b04a9,True,False,False
b68d9c59-45d0-4667-a30d-87ef24b4dc10,True,False,False
b69b183b-8705-4e44-bf11-993efe3f5473,True,False,False
b69d3522-cfd0-4770-8712-21ae30647bce,True,False,False
b6a3d6b2-be7b-4046-9abd-9399ea33c4ff,True,False,False
b6ab8866-b540-419c-a709-dfe29d21ce62,True,False,False
b6ac7136-5466-4ebe-8307-09b1f672c87d,True,False,False
b6ae22d4-9505-41ab-8213-a590daa98fcc,True,False,False
b6afa9ed-a8bb-47e2-ac29-47b4038a0d58,True,False,False
b6bc760b-4aa4-4f39-8aa1-896f4b33d19c,True,False,False
b6c55b04-92d8-4437-b197-ab82fcc521bb,True,False,False
b6c82c38-c89f-406b-a59a-521864eeb395,True,False,False
b6e02a16-aeb9-4cf2-9ec2-2ac28937fd70,True,False,False
b6e7b98d-130b-4b72-b701-c0e1bd46b284,True,False,False
b6e86a17-f9d9-4bbd-a485-c334233132d7,True,False,False
b6ebeecc-2d3c-4b96-9abe-dd8a10d69972,True,False,False
b6fccc29-9d93-40fe-b19c-34b37ce7de9e,True,False,False
b6fe36ed-78db-46dc-963a-4ac5e59b3e2f,True,False,False
b715987e-b8df-4569-b643-e5231bcdeb8c,True,False,False
b7163309-ee91-4524-bc21-352c0e6f9706,True,True,True
b7182d8d-2c7f-411c-a944-ebc15bee2949,True,False,False
b71a8efe-0982-4861-96c3-ccdbcc7b8492,True,False,False
b71f192a-3700-4dad-b59d-03682fca4262,True,False,False
b7249b6b-0580-400e-934c-e31434f8b2c7,True,False,False
b729bb75-1e05-45ef-a1b2-efe530dd5fb5,True,False,False
b72ed7fa-bcaa-418a-8afd-de4864443ad9,True,False,False
b72f1c85-9089-48ff-8406-f5d9241b3359,True,False,False
b731c80e-2549-41dd-b898-25deb4fab1ad,True,False,False
b733c355-9e75-4201-ae54-1014cd01160c,True,False,False
b734043d-fc46-47d1-ad0c-87efa733d55d,True,False,False
b735aa28-ce4f-487d-a8af-57b31d3800f6,True,False,False
b738f216-c3a7-4577-9c04-3143b3d62737,True,False,False
b73a1614-6997-4f4a-82a3-df1d2daecfd8,True,False,False
b73a854f-5437-4416-9023-c671c2c3ac09,True,False,False
b7428287-1de0-4fbd-8a25-13ac87590677,True,False,False
b74b452a-29b1-4651-a43b-1acbaf341a6d,True,False,False
b74e77fe-5cf3-4f92-ad64-61820b4d1ea7,True,False,False
b74f55fa-038f-47f5-8cd0-827126b0dd57,True,False,False
b75889cc-ecf0-4b4b-b856-e649a8898c12,True,False,False
b75c6888-79e9-4122-8fab-8174a0083926,True,False,False
b7689965-9f7b-46a7-8371-18c26d22a009,True,False,False
b773af10-118b-475a-88d7-eb3074fe0605,True,False,False
b78041f1-f4d4-4762-8893-a24b61510b25,True,False,False
b783f032-d4e3-4ed0-b9a6-19b2c04b433e,True,False,False
b79345cd-32e0-40c6-b8f4-753db412fe49,True,False,False
b7a2187d-9018-4eb7-8156-10cbce953655,True,False,False
b7a52a8f-03b8-419b-80a3-e64040ab15d8,True,False,False
b7b02354-9c76-4377-86eb-dfbf1571a359,True,False,False
b7b3e04f-53ba-4e59-ae8c-980fab52fb5c,True,False,False
b7b990e4-0e3d-4811-a365-663d559ef7c0,True,False,False
b7bdae51-c541-464e-9cd3-d204dacd3d70,True,False,False
b7c4137f-0fd8-48f6-8112-7c10990e2216,True,False,False
b7c9c4f3-d3d4-4e24-bae4-2af53d6710b6,True,False,False
b7d0aa7f-5b3b-4a2d-86ae-0362d47719fe,True,False,False
b7d33f24-2e5c-4b63-8b8e-6bc399787c1a,True,False,False
b7d534a2-5ddc-4f61-972a-41ddf51665ff,True,False,False
b7d579bf-834f-4cff-a7ba-a06f9008034c,True,False,False
b7e10d38-d456-4076-83e1-4082fe1c0468,True,False,False
b7e675e6-ab3e-408b-b36c-fee670fa9a9b,True,False,False
b7e8845d-bd74-454e-a3c7-dbcf15be68d1,True,False,False
b7efb518-1c79-4f7d-8a8c-7562a628ef1c,True,False,False
b7f5b64a-96ba-415e-8340-d5d926b36c24,True,False,False
b80419e9-fa2f-445e-8fa4-50585855d98d,True,False,False
b8047ec6-4f7d-42cc-a392-f51e6b205307,True,False,False
b80c0fea-4ae0-45e6-9c53-c0fceda7b683,True,False,False
b80f1c1f-ab2c-417a-afc7-a321517a4317,True,False,False
b8113915-80cc-4780-b7a6-ff04f655cb64,True,False,False
b8150c15-5857-4410-9d93-f850614757b7,True,False,False
b8167ccc-e368-41eb-9245-067d3195c3df,True,False,False
b81b1834-5cd1-49d6-8a4a-f086827861a3,True,False,False
b82c07e4-5fe1-4428-8996-e41a997bbcb0,True,False,False
b82f0126-2f46-4238-b467-a11399689528,True,False,False
b838b0ff-4a7b-417c-825a-2f92d12ef104,True,False,False
b8416b23-6ff9-4fcc-92d3-53d15f094d51,True,False,False
b8454ec8-74d5-45bb-8811-b2f4bca95bf2,True,False,False
b84ca5d0-7957-43ef-a349-9f638cc73a33,True,False,False
b84e0e69-e532-4e71-b0af-19c7556739b0,True,False,False
b84fab14-b7d6-4bdb-afdb-42bca63e91fe,True,False,False
b8560ce5-ce65-4c91-b569-aabce9f27263,True,False,False
b86254e6-3e3b-4a63-99bc-7101420d7412,True,False,False
b86b533e-d767-444a-baf9-edbdf5587599,True,False,False
b86c0313-d0cd-4222-888f-2ed03a1d697f,True,True,True
b86d016d-3433-4c6d-933b-f2a2a26d4c3c,True,False,False
b8711ab7-5ff4-41b3-833a-628afb88611e,True,False,False
b8723628-4c83-4204-b3c9-cb4d78218db9,True,False,False
b88750b5-0fc1-41c4-b201-c07e67369093,True,False,False
b88aa8bf-9f3d-464b-b8a2-d566edc5b30b,True,False,False
b8913c80-cfa0-43ef-849c-61a199bc67ee,True,False,False
b892c5df-4839-4cbf-841a-0bae31e903f8,True,False,False
b8942f31-7f1d-4be0-a723-f063b7ecbd38,True,False,False
b89d6b42-7dc4-4cdd-a19b-185d7ca77f7b,True,False,False
b8b64d5f-9834-4886-9f09-3026a729ad28,True,False,False
b8c73820-728b-475f-aa91-614558a7b1ba,True,False,False
b8c85e4e-f508-41fa-8545-7d63224a1672,True,False,False
b8ca87ed-d538-40ce-8519-e31e3a59f504,True,False,False
b8cd6785-c2e8-4673-8459-dfac4d429974,True,False,False
b8ce96e6-a47d-4248-852b-f0f1ece98f24,True,False,False
b8d6cf3f-3a01-4ca5-b3f3-e2918883b894,True,False,False
b8dacb73-f2c0-4cc7-b727-2fee8d5c3372,True,False,False
b8dde162-fa7f-4336-8db2-87a0679b1e3c,True,False,False
b8e43efe-cfb4-4585-9b4f-a9583dc14d59,True,False,False
b8e4f166-c905-49e1-ba4a-d041005e0033,True,False,False
b8e5b40c-fcd5-4342-9e4f-22c31fab13e4,True,False,False
b8ebac17-5739-474e-b3aa-4d36a46f9611,True,False,False
b8f0e1ad-75e2-4caf-ad7e-7451cbfcd74a,True,False,False
b8fda018-e5fa-485c-9d1e-0f23c4465825,True,False,False
b8ff2db4-257a-4eed-8801-4b93c42ef3e2,True,False,False
b902bf5e-a4dc-4d35-9320-052123e4f7fa,True,False,False
b9076a7d-555e-4309-af7d-28ba0d7830df,True,False,False
b90bf32b-96e5-4990-b108-9ced2b678e1d,True,False,False
b90d152b-9b4a-4fb4-81c5-87560cf581ba,True,False,False
b90e1ab6-0695-47f9-9c1b-c7dd5987688a,True,False,False
b90e5bf7-aab4-496a-a0c9-245caca7d0e0,True,False,False
b9171fd0-1b75-44b2-9fc6-401efb0afd42,True,False,False
b921e7d2-e207-439a-984d-0a019f4b492d,True,False,False
b925a0b2-4265-4c7a-a0a0-6b30fdbd42e1,True,False,False
b9269c30-a331-4eb7-ba1a-12e10dd50897,True,False,False
b92778c8-b627-47d7-8b42-4b671aae9ef4,True,False,False
b92988bb-2356-4149-a8d9-10b84b607743,True,False,False
b92d452e-2539-4c1d-8000-f6114a0f6ebc,True,False,False
b92e5b45-9925-4fdc-9e88-4ebb22a20b32,True,False,False
b937acaa-d00f-456f-a4cf-1b761b31d867,True,False,False
b95084e6-a4f8-49f7-a5e6-8cc6742092e7,True,False,False
b95ea97f-1c1b-4e2f-9817-89f52af04bd8,True,False,False
b9670f56-94b3-4e99-9901-b420ac7c2cb2,True,False,False
b9698d5b-1867-49c1-9d1e-6b54f73c2483,True,False,False
b96bd613-3fba-4b8c-b187-f323364414ba,True,True,False
b96d35da-7716-4866-84c4-2c0c913e560c,True,False,False
b96e24ff-ad34-4616-9a65-5082f0b2e211,True,False,False
b974c01a-d83d-443f-bbff-42a1b0b436ab,True,False,False
b977ffd3-0de3-4c82-9c6e-aeae9a64cb93,True,False,False
b97993ae-41a3-479e-a3f1-be53b45870bf,True,False,False
b97a14db-7470-4524-9d62-4d81f8388602,True,False,False
b9802fb5-60e3-420c-90b3-1e0b99d7d3f3,True,False,False
b980a11a-7599-47c9-be7e-6f19347fb1da,True,False,False
b98115e7-e9c5-4684-88a6-7179c27d4274,True,False,False
b982372a-f1f3-4ee7-bcf6-a8603830bcef,True,False,False
b9839309-02d8-4c35-b38c-aca5b18e38a6,True,False,False
b984b799-acca-4bc2-b10a-af0a0efdce34,True,False,False
b9948734-cffd-444b-8236-9b24c3e2a825,True,False,False
b99a42f8-7870-4942-8703-c9f2eb72617c,True,False,False
b99b703d-1132-4436-ba13-6aa8e2b4f089,True,False,False
b9a4fe21-e070-435d-8b9d-af80459fad06,True,False,False
b9ab7d70-0fea-4841-9b06-7c1e7dbbb2ab,True,False,False
b9b1fd34-049a-49c7-9d00-1ad4bfda575a,True,False,False
b9b42823-9277-4461-9120-7b2eeb804a37,True,False,False
b9b7e3e3-17f9-4877-a0f5-70719d1fffaf,True,False,False
b9bd3c3f-799f-4f3a-93b1-426dfb25ef4a,True,False,False
b9be6af7-00ef-4f2a-94b1-09c24e116f64,True,False,False
b9d39770-e02c-4837-beed-1b3ea13a4dfb,True,False,False
b9dde2d5-c04c-4075-b019-68dc984b3090,True,False,False
b9df41ab-39e9-4b17-a264-81a5de0c87a3,True,False,False
b9e6ba3d-2821-4f1c-b902-3f503ff86d0d,True,False,False
b9ea12f6-19d6-440d-ae6d-a39c197cde7d,True,False,False
b9ea8878-fd54-4d12-9723-196ecc237dc0,True,False,False
b9ecc13d-b646-48f2-bacb-b0240b2704c3,True,False,False
b9ed2a3e-8412-41f9-b9e1-22d617789674,True,False,False
b9f58030-6a6f-4076-9112-c5f8425d768f,True,False,False
b9f71643-2362-465d-be1f-5a27c76d8608,True,False,False
b9f8dfb0-ab82-4ed9-bf59-156ad72da611,True,False,False
ba066264-8ed3-4a9b-97f4-19f22acd8a4d,True,False,False
ba0e3b71-5a5a-4ef4-92c1-f8c531c39ed6,True,False,False
ba1668ea-6d86-4377-bb3c-55be024f5d73,True,False,False
ba185665-e5b3-4e8e-9d18-087c73f819cf,True,False,False
ba2bd752-b0fb-4621-b31a-bbed0b54baf7,True,False,False
ba2d1276-bd0b-4b4c-9765-81ca39b10572,True,False,False
ba2dabd3-0086-4a37-83ed-fc1e547106f5,True,False,False
ba2dec3e-a7a6-45d6-bd61-02753f7d5e76,True,False,False
ba2fcf5d-9119-4d27-8060-e6d9108e0e7b,True,False,False
ba31ff37-56e9-4727-8464-c709459d580a,True,False,False
ba35f32c-eccd-4182-94b3-7a3f01b37e18,True,False,False
ba40a10d-fdd5-4389-a674-81eb9948bd70,True,False,False
ba55410d-7ae0-4907-b6e1-4ac0fc6e454c,True,False,False
ba5c10e8-7b66-4bfb-a9e9-31cb17765e15,True,False,False
ba613530-6e77-43d7-9af8-8587dd6fb868,True,False,False
ba618165-370a-4b2f-8169-89b9cd4d473a,True,False,False
ba654b43-8572-4ac6-8dae-d6bb6c020a6f,True,False,False
ba68d98f-90dc-49f8-a637-9131cadb342c,True,False,False
ba6c2812-d799-48f2-8c87-1a764eff9815,True,False,False
ba6d9d49-4306-484b-afb1-ee374f1849d6,True,False,False
ba74dd50-668f-4a62-bf36-2276719fdf5a,True,False,False
ba75d395-ebcd-42bf-8aac-277a1b4e0b52,True,False,False
ba8d8765-bd5e-48bd-8a09-b81fb195a8e0,True,False,False
ba92e399-68ba-41a9-bd53-721e2d1ab205,True,False,False
ba942a4c-fb73-448b-b5c6-a3aecf7706f8,True,False,False
ba9af4c2-cb12-4b45-8b56-b779cff80b50,True,False,False
ba9fe845-6063-43cb-b3fa-33b6caff3462,True,False,False
baa10d8c-1a82-4ea1-b260-a5101ca809b0,True,False,False
baa37d8a-401a-4219-861b-3c0181abf05c,True,False,False
baa62082-2dfa-47b2-a84e-24c94f903ed1,True,False,False
baafcc28-8d17-4c32-a652-297beeb9a31f,True,False,False
bab20349-f8e0-4a91-8d8a-c22474047ce3,True,False,False
bab7d004-693a-46fd-a89e-222e075c7da4,True,False,False
bab93268-ee3b-4040-aad6-9ee59da05c0e,True,False,False
babb1d0b-a483-4837-9d6e-4e1bba1e05a0,True,False,False
bac8bf60-c1e6-47eb-bd8b-3016c47915dd,True,False,False
bacad8bc-b01c-403d-8980-902e18e22d00,True,False,False
bad0fbcf-0cdc-48e4-8d79-c478bfa076e4,True,False,False
bad397bc-66b1-446a-a402-b7913a77cef3,True,False,False
bad5b985-71a4-4ec7-b55e-3dabffb5633a,True,False,False
badbe472-1a73-4e1b-8987-2fa88dc16ca2,True,False,False
bae29599-ccd5-4bdb-942c-13c71b7cc7f9,True,False,False
bae3dd56-f6c1-4e8e-abf2-f6b8143a679d,True,True,True
bae54fab-e48e-49ad-85cf-018aa500e651,True,False,False
bae7c054-633a-4123-a3b9-5353a18825ec,True,False,False
baf5ec9e-a971-4b7f-afe0-bf00b829a9ee,True,False,False
bafada73-118c-447e-81b5-d930439af266,True,False,False
bb03a4f0-e74c-4bfa-9d21-64a231b93eff,True,False,False
bb08667d-887d-4869-b40d-df3f36e92ed2,True,False,False
bb09928b-2267-4ea3-9c55-78c600a5d988,True,False,False
bb0f071d-5578-4f62-adb0-76c777738867,True,False,False
bb11aef4-8f3e-4de2-90f6-0bdae17ebaa6,True,False,False
bb1a2556-b297-40d8-9a6a-3323190224b3,True,False,False
bb1bd7fd-745b-4bfb-9d88-f549d7482a89,True,False,False
bb1cb381-659e-4b00-b2bd-957984783ee3,True,False,False
bb1ef267-be7b-4a0c-b3a7-f8c909f2d8d2,True,False,False
bb1f4e9e-e47a-47e9-98e0-cccd4015de99,True,False,False
bb28181e-dd81-42a8-98d1-fc8c3e04dc26,True,False,False
bb35cca0-b716-4553-9a8d-416951ede1ff,True,False,False
bb3f6794-6088-48bd-a2c3-854d76c09ba1,True,False,False
bb44572a-9d4b-4ad8-9f09-bdf77acf278a,True,False,False
bb45b783-30d3-41b1-8e16-4be4b035fa10,True,False,False
bb473c20-3691-44bd-9f9b-434585a17439,True,False,False
bb4d588b-4715-493d-b054-cd3d713b4837,True,False,False
bb541899-f9f0-415e-8abf-58a46e7d9742,True,False,False
bb55e30c-7c76-4104-be6c-78a88c572ea7,True,False,False
bb582aee-9eac-4326-a505-c0e139060084,True,False,False
bb598eb6-f09c-4b13-90a8-df09c7750694,True,False,False
bb5aaefd-1e44-4408-81c2-a2ae63f2e355,True,False,False
bb5b1e09-ff1e-49d4-b0bd-76027c517d1a,True,False,False
bb5c4ae5-2d62-435c-ac10-d09f812f5e1d,True,False,False
bb5fb50f-ac86-4e2e-a68e-843e4891f65f,True,False,False
bb6000e0-04f3-4db2-b209-13e0c47d4a6d,True,False,False
bb6099cb-7fbd-4dd4-9ae3-1b494cb3caf7,True,False,False
bb60b8e1-21a2-48c9-b649-36264a32e96b,True,False,False
bb61bf70-fe22-4226-af47-dc6ace9d8528,True,False,False
bb657773-1a1e-465d-b742-c54d32e0d82f,True,True,True
bb682b36-0264-4f9c-b180-b3a164277d86,True,False,False
bb6d30d9-82de-470a-9c5c-47013ee17011,True,False,False
bb6dc267-92e5-40c1-b279-a9eb3dd16b61,True,False,False
bb77afcc-9e87-4166-ac6f-3e32fa715d64,True,False,False
bb77b9f3-2a67-449c-8d61-9d9808bac2f9,True,False,False
bb7daabf-47bb-4cb2-b095-295455ee5e6c,True,False,False
bb8a186e-d9b5-43cf-af90-bda645fc08f8,True,False,False
bb9a921b-80d9-4150-9817-9518a9dd1952,True,False,False
bb9e50cd-f04f-4f09-b8d8-ea834e9c467c,True,False,False
bb9ed5cf-960b-452a-bb7d-c2c68a4d6b7b,True,False,False
bbc4a481-28a3-4acc-963d-7b8cad5de081,True,False,False
bbc4df40-86f3-4a14-9715-9631af6498cd,True,False,False
bbc7e56c-4c45-40e5-983c-a10e5a1c543d,True,False,False
bbc9298c-2073-405f-83a1-6724914ca388,True,False,False
bbd04eb7-7190-40d5-9e74-262deec6ab6f,True,False,False
bbd7ce29-5406-4c52-b239-f0dd3b12427e,True,False,False
bbdc6e62-cb31-4ea6-9bd8-7bc08e13f8da,True,False,False
bbe5c771-48d4-4892-9fe5-c7bf03f41f0a,True,False,False
bbef24a7-c3ce-46c6-a6da-0e75c8dd5602,True,False,False
bbf4add2-d125-4355-a534-e49320bb8608,True,False,False
bbf5f1fd-3e9a-4590-9c9b-3c75cadcc865,True,False,False
bbf8fcae-4256-4d23-adc2-3f21c8cd32f1,True,False,False
bc02cd47-751c-48e4-9c18-850a101ea4a6,True,False,False
bc06891f-dfe9-c642-4fbb-0b4b8ed98c0b,True,False,False
bc0db4bf-59a2-480e-a955-dababa41991b,True,True,True
bc123fc5-6e92-4365-92ee-eb9eb4532022,True,False,False
bc1a9137-be43-4588-b439-f0752534425d,True,False,False
bc1c6076-b918-44d0-8ca6-8608c3cb7f5a,True,False,False
bc22d303-c9a3-4da7-9ce9-3745d8887400,True,False,False
bc253f79-ed4f-4dc2-84c9-2eccf5f07b16,True,False,False
bc270e22-703e-2da3-6e4b-72a3d49d49f8,True,False,False
bc2c3a57-33d2-4f22-808f-b500362f2666,True,False,False
bc2efc96-25e4-4006-a153-4dce0049859e,True,False,False
bc3d32d2-3c93-4cf8-bdaf-0509dc40755b,True,False,False
bc42879e-38f7-49a4-9b23-4d8423bd4fc0,True,False,False
bc445e4f-972f-4146-9a3d-cbd1d6744c41,True,False,False
bc4460ac-b9e8-41a6-a73f-661dfc1f10b6,True,False,False
bc457dd1-44c7-4a8a-a012-8e63249e6740,True,False,False
bc46348d-abe9-4f60-8482-8bf731a80903,True,True,False
bc4a2e4a-4cf2-4d8c-ae18-038c169bbf8b,True,False,False
bc4a5c6c-4cf5-4b20-818d-59cb61a4a17d,True,False,False
bc4c1b03-5cf0-40ea-8215-d25f56ed17d2,True,False,False
bc53b7e6-145f-4fac-b881-f4b43cf0018f,True,False,False
bc56ca44-6875-4b55-8861-a5c2cd48fd75,True,False,False
bc58a1d0-feaa-450f-88ce-62c56a4a961e,True,True,False
bc5e5fe2-b467-460e-aaff-1037057c2ab4,True,False,False
bc5fad17-26b3-4a47-a89e-0eb64e95e01c,True,True,False
bc61eb8c-d01c-4c02-bd42-4b0a2cf206ce,True,False,False
bc6a1ec3-e458-4928-a4d7-3166e3b8dfb7,True,False,False
bc800db5-9c1c-4fa5-b2fd-13fb7f3b96c8,True,False,False
bc835a0a-45c6-4346-8fc7-164a6e2e2f26,True,False,False
bc83a02d-6f78-e6ac-9619-137f3481d1f7,True,False,False
bc83e799-588d-4e1a-9b0f-d39c51a4cf45,True,False,False
bc8528d5-231b-4ff1-a3c8-a148895c651a,True,False,False
bc93ca4d-5a4c-41e2-a1cb-54b37c763dbe,True,False,False
bc958e74-9d6d-4a25-96d8-a9751cf43f5d,True,False,False
bca50535-f4f2-4c06-9006-db3ed38a775e,True,False,False
bca9260d-ad09-4759-b6a1-3e76aafdc447,True,False,False
bcb4036a-1b25-47a8-834a-439875080ca4,True,False,False
bcba8f75-2745-41c8-b46c-cf84831c1d88,True,False,False
bcc2bece-97e8-4202-b7a5-58d5ba5fbc04,True,False,False
bcc94ce1-a91b-469e-bc5d-c9ccdfebb753,True,False,False
bccd9ffa-77bb-4e66-bd1a-d569bdab61df,True,False,False
bcd0266e-b28c-4022-bff6-dc6f72290336,True,False,False
bcd137f1-608c-4011-be64-bc64909d66f8,True,False,False
bcd44edb-708f-2984-c2cf-4b9d9e75e29d,True,False,False
bcda1c95-04df-416e-9c10-6d8588715968,True,False,False
bce7c3b4-258b-4d41-b009-4e95ff86bdb0,True,False,False
bcecd5c1-7bdc-4a42-afb2-686cad9a9a6d,True,False,False
bced7220-305a-4e25-8bc6-aed5d8857626,True,False,False
bcee7187-aa88-4d57-962b-d97c8ae39897,True,False,False
bcf69b43-24ad-48b8-a876-3a02179de622,True,False,False
bcf7c69d-37c5-4c89-87d3-17c43e8ba0cd,True,False,False
bcfb9293-abc3-4daf-ba3e-dbf46a09769b,True,False,False
bcfecbc4-10f7-438f-b5ea-2b20a2bbd246,True,False,False
bd1524cf-75b0-4fdd-8a8f-3272e5bdc464,True,False,False
bd1bf1ed-aaae-44c0-9ba3-c02161428419,True,False,False
bd1d99b3-0c06-4e1c-a6fe-8c797ff574dc,True,False,False
bd2717d0-3754-4ca6-bcb0-bcd1d8899cbd,True,False,False
bd2a035c-9a97-48a5-9449-095f933b795f,True,False,False
bd34c376-aec7-4e0b-8f8b-290d6930f899,True,False,False
bd3d2542-e845-48be-989a-0c9bc5ce1bea,True,False,False
bd3e17f4-0d26-4c80-942a-d6e5a7c07429,True,False,False
bd420507-ddeb-44d8-b8de-c06d5805fe24,True,False,False
bd45a4cc-d907-4833-8250-7af9cd41e812,True,False,False
bd50c67a-a88d-44d3-a5ba-8c17acf79beb,True,False,False
bd513e0e-c059-4378-a347-70b2d443e0df,True,False,False
bd51e7b1-359f-48cc-bb3d-1b7319a8c83f,True,False,False
bd5a85df-07de-47e6-b13d-1a725bf5d7c2,True,False,False
bd5c5e8a-583c-4dc6-b265-bdb707f07356,True,False,False
bd5cead1-0444-4d0a-8391-20c4c60fe146,True,False,False
bd5d8ce6-9299-4fa8-b01d-b5c8fb752a0a,True,False,False
bd60088a-1f69-43fa-aad4-b58e5d4f991b,True,False,False
bd6109f3-3a21-457a-a582-fb3818759331,True,True,False
bd6289c5-18f4-4e7b-9208-5f79f393b0ef,True,False,False
bd6cd4dc-2e43-4720-9e3b-372c15171ad6,True,False,False
bd6d7618-c5b3-43c6-b94c-dc7ae3a9c23e,True,False,False
bd6e1921-07e3-4a72-998e-5cfdb105ce23,True,False,False
bd6ef4b8-c37d-4fb8-b294-9e648f369262,True,False,False
bd786712-1953-41a8-98e5-efc4e8fdc6ac,True,False,False
bd7b1d80-0384-4a65-b982-eac73fdd83e7,True,False,False
bd845cb2-061c-4ed8-9b79-56af4024a785,True,False,False
bd870557-b6c2-4c9f-84a5-1090b91dbd8a,True,False,False
bd872eed-5b67-4d24-b4b3-35c4f4656ec5,True,False,False
bd8f1103-1001-4b69-9106-da32f2c62653,True,False,False
bd9284db-7f4a-45e2-bf33-372c5e84e17d,True,False,False
bd9559b3-9717-4566-bc9e-d5c74da50a09,True,False,False
bd9d4ba9-b389-4abf-97d7-8e5feb3d049a,True,False,False
bd9e10a7-30b3-4079-b189-96c8073065ad,True,False,False
bda1daff-0a0c-491d-91a3-d183d55894d5,True,False,False
bdabf665-1c32-478d-af5c-956a4f7d5429,True,False,False
bdb447f0-ceaf-4fd7-b76f-ea56a4449118,True,False,False
bdb58797-f510-4eb7-ad7f-34d6a9b35997,True,False,False
bdc3a442-870b-4249-9427-f1775bc126a4,True,False,False
bdc6dd92-f32d-4bc3-af42-a1f51aa6bec8,True,False,False
bdcb2228-7e12-4827-8510-30159ac46f8d,True,False,False
bdcb7979-1844-4e21-824b-cc494337fa41,True,False,False
bdce154e-e913-4a38-9779-3a53a99d020d,True,False,False
bde5f4ff-3d41-41fa-9a22-ba11bca11da4,True,False,False
bde9515c-fa1e-4af6-88ec-ff5b4998c5c8,True,False,False
bdf3dbb1-b90c-47fa-80c1-236028eec1d8,True,False,False
bdf752b2-03dc-4428-8f29-22b23f4f3cc8,True,False,False
be025ab8-284e-4739-bd8a-74be5b2f38fa,True,False,False
be033d4b-1c07-469e-95e8-9666d61444fa,True,False,False
be0fb1e8-3f99-4cca-8fc1-810850ab103b,True,False,False
be1132a8-1c78-4747-989f-c77f57c2c81c,True,False,False
be126a1a-1f98-4b65-91c2-d8d8502b79f4,True,False,False
be174951-a374-4ffe-baf5-a21666a3a156,True,False,False
be192239-48ab-4487-97e0-9d18a747ddf5,True,False,False
be22d2dd-0a0c-4830-8c5a-78af7beaf856,True,False,False
be26d96e-ef56-4b26-a070-cf48705b1ab7,True,False,False
be2f51a3-ab8f-4320-b4b9-47fc16d5e067,True,False,False
be324716-5d7d-491a-9bca-307ce74ba205,True,False,False
be38b769-7972-4c18-a881-445becdebf60,True,False,False
be3d176a-68fc-4c54-a8e7-c768b3970e44,True,False,False
be3f6fc8-8062-4c23-b893-c075b8f1d657,True,False,False
be3f9663-eac5-4073-8e35-7a33412edb8f,True,False,False
be45810f-d6b6-40c8-8b47-a3a9e404479d,True,False,False
be57453c-c715-4c5d-89ee-524897a2d702,True,False,False
be5b7df7-822f-4a1f-962e-cd6f2ac9ade8,True,False,False
be703381-3349-45d8-9a86-a5ef5d87d131,True,False,False
be719501-c536-45b1-9405-dd3445ff6477,True,False,False
be743459-e4f3-425c-97ce-4b1b9c4021e5,True,False,False
be7e31ca-d978-4d11-a1d0-c9573589c19c,True,False,False
be850d88-c1cc-40ca-b584-5baf46d385c1,True,False,False
be8a0958-c83d-40fd-b90a-1a6c7ee96532,True,False,False
be91976b-01b6-4df3-8695-c4ac22dc4dec,True,False,False
be97d54d-eb35-45b8-a6e7-8d6329f681ef,True,False,False
be9909dd-af49-463f-aee6-fddbcb72dbfe,True,False,False
be9b112d-652f-47c1-9e79-d91aa9d7a8d2,True,False,False
beb8b05b-499c-4514-8c4b-8876a48b861d,True,False,False
beba4970-de56-4f8a-8f60-133b42af002a,True,False,False
bebef043-94a5-44a7-a26a-4697e28603fa,True,False,False
bec49a98-c0f4-408b-845f-35d449825771,True,False,False
bec5af08-a1f9-43ed-9d3d-b645cb50b988,True,False,False
becefcb5-f6b5-4aeb-b207-9a4b8361c11b,True,False,False
bed0671c-9ff3-4687-9e70-14513ccbd313,True,False,False
beda1955-2fa5-45dd-95f7-9e80cd473909,True,False,False
beda1de7-a162-4b8d-9e33-274dd11454f9,True,False,False
bedb22dc-5fe4-4567-ac83-f31efa2b060c,True,False,False
bedbf1d1-c50b-4f3f-a2c8-85acb76cb486,True,False,False
bede9703-7156-47a0-b7f1-a91b4da173b5,True,False,False
bee0622b-eb75-4953-a020-67dfc29c9ace,True,False,False
bef6c6a9-b5cd-44d0-84af-e3cdc9e26ec6,True,False,False
beff9777-71f4-41d1-91c3-a45c6becee5d,True,False,False
bf04069a-42ba-4bd9-8a4c-27915fb62d42,True,False,False
bf04df68-cd6f-43c8-92b2-937a25a7b12e,True,False,False
bf0be421-e651-4f32-90b8-bc864a205d49,True,False,False
bf0c63d5-e9d3-4f58-8358-84f5ff7a8666,True,False,False
bf10fdb6-ceba-458d-a191-e03a993c03f5,True,False,False
bf16889d-ce62-4f1f-9686-c0192dbf3dc4,True,False,False
bf17ac92-29c2-4a34-bf8c-7fb102e0cae3,True,False,False
bf1e3750-9b15-4e76-ad43-18da4b44a461,True,False,False
bf1e9b0d-6c1c-4726-9e54-5fe57ac0ec8d,True,False,False
bf2044d0-60ce-46f6-9070-25094e9143cb,True,False,False
bf23fdf4-9a9e-4cd2-93b2-2de6baf4c70c,True,False,False
bf2576be-7da8-4f3d-b81f-630e051ed8d6,True,False,False
bf275008-0eb7-6253-003c-f61d8227b520,True,False,False
bf2c2eac-ea1a-48dc-9935-4daaa2fbc645,True,False,False
bf312943-e9b9-4ad3-ae9b-65682b62dca5,True,False,False
bf4787fd-b414-43c1-b39d-ef4a22f312e3,True,False,False
bf4926a5-a9dc-4dfa-9c4f-697fa20d78a6,True,False,False
bf4e687f-99d6-4c43-8d4f-c099023a49f3,True,False,False
bf5ce502-4f52-4a31-bd21-153fb794ae5e,True,False,False
bf5f163d-3543-4d94-be0b-f3c1792fc35b,True,False,False
bf687b73-726a-4a36-937d-39cce6038e8d,True,False,False
bf6a7117-62bd-4622-956f-4bd7c3d08e65,True,False,False
bf6c252a-1e61-4b6f-a786-815bde63ae07,True,False,False
bf6f433c-db37-4c1d-ad42-047c512f3061,True,False,False
bf741b79-080f-43bd-aaba-6b334f9cb1e7,True,False,False
bf783270-59f2-4d1a-a1e6-e13b1e214adf,True,False,False
bf799805-2a6a-4e6f-9552-1e5b974d6a9e,True,False,False
bf895b06-5ac2-4c8b-9cd0-3536c3fb5378,True,False,False
bfa1400d-f347-4ffe-9ed0-6f3be51f0bac,True,False,False
bfa5fc1e-ddff-43a7-9c9b-9730502ac8b8,True,False,False
bfaa311b-5000-4898-85fb-c6b3e90e1343,True,False,False
bfad79da-ab1e-439f-8729-00d08d329c4a,True,False,False
bfb0ef45-66e7-4edc-9382-345dcf5eba6a,True,False,False
bfb71d25-ffb3-4dab-8738-ead89e39448f,True,False,False
bfbec315-9c7c-4e90-a6bf-ffeba0b41a75,True,False,False
bfbf33a0-885d-4995-a43f-1e4211e40524,True,False,False
bfc42277-448a-4c26-9c4a-9b590fd5e9c8,True,False,False
bfd0a53a-1714-4105-beb7-7e0ff712e0e2,True,False,False
bfd1cbf0-d6cf-493a-aae2-8bcae043f504,True,False,False
bfd932ec-1d7c-4beb-a90a-70025c0b7ddb,True,False,False
bfda25b3-be5c-4a85-bd71-c6bac8b4316f,True,False,False
bfda8a76-9461-48f2-b825-6b266421dc94,True,True,False
bfdc280b-5dcf-4048-9bd0-67bb7b88fa6c,True,False,False
bfde0615-f105-4517-a67f-b857833608e6,True,False,False
bfde0675-9eca-4622-ac20-e8944cdf485e,True,False,False
bfdf4973-b41b-404c-a47f-c4778bca2e9a,True,False,False
bfe661a3-057a-4761-a975-5d31efbf058e,True,False,False
bfeb1665-6f5c-462f-806a-e388b872d07b,True,False,False
bfef23b8-86bb-43c4-b36d-cdc2488b190a,True,False,False
bffcdc6e-9dfb-4b67-86ba-23cbca504b6f,True,False,False
bffdb8ef-cf55-44d3-ba83-f5cb703d4602,True,False,False
c00cc49b-84c2-4f16-aa94-66494bff5efb,True,False,False
c00f409d-6c15-42e8-8c25-b4818796cc63,True,False,False
c010c405-f1b7-4e48-8114-508d79ff736c,True,False,False
c01267e0-fa88-4a84-8aba-d86c2c40ed10,True,False,False
c013908f-5bd0-41da-81f3-82368a341ae6,True,False,False
c01bbceb-fe59-4bde-aff4-a3c5278f1110,True,False,False
c03c9639-52e1-4aae-a516-273d0ab4dbe9,True,False,False
c04820ef-b046-4710-b029-7357c66d9759,True,False,False
c04bcb32-470d-4a5a-bae9-9523018ea69d,True,False,False
c054fd6c-ac68-49f6-b3c9-7f3a17bac34a,True,False,False
c05b51e1-c1ff-42f4-aba0-76005cb6162a,True,False,False
c062d24f-8152-4d29-9263-e20447ca9f36,True,False,False
c06d9bbd-84c3-4053-9e54-16efa2610ea2,True,False,False
c07132b7-a2a6-41a1-8fab-c54f1885b5d2,True,False,False
c0722d2f-22ed-4d63-9a60-cd65dafb30d6,True,False,False
c0727a4c-9d7c-4a72-b3e4-23e404e94198,True,False,False
c0892c33-0a74-4dab-8f28-f913130906a4,True,False,False
c08f8a02-d44d-41e3-b901-bb775444b571,True,False,False
c092f021-62ff-4f3c-954a-e133a7b40b91,True,False,False
c09521c5-f17b-4635-a9df-455fe43a9658,True,False,False
c0958596-d5dc-4924-b5b8-fb005195308f,True,False,False
c09e161f-5acf-413f-9175-b2bff6a2190d,True,False,False
c0a61cc8-dc1f-4a30-9232-64d11c7407ce,True,False,False
c0ba5c34-7000-4a20-9423-04d68e008523,True,False,False
c0bb1120-a788-4c75-9d36-23bcbab09cf5,True,True,False
c0be81ca-17f2-4bb9-a386-5231066a3e0a,True,False,False
c0c568ce-e479-42fb-8bb2-e1c6f651cc38,True,False,False
c0c935a2-7a36-4a3d-a534-d4560cad3d61,True,False,False
c0cb1648-2a84-46de-9e54-c10d043074f1,True,False,False
c0d1bfe9-66d5-4153-97d3-c4527e1a8b55,True,False,False
c0d8723d-9dce-4fea-b01d-498a77fd72eb,True,False,False
c0e20548-2653-46d8-ae43-f1f26229c1bf,True,False,False
c0eb57c4-ab50-493c-ae6f-dc9ef273c97d,True,False,False
c0f40470-c2cf-4ecb-8ad3-c8b1b7f5cac9,True,False,False
c0f72b7d-4b57-43b1-913e-d277649b1388,True,False,False
c0fc6fbd-c969-494d-8cf9-94f48fb37a13,True,False,False
c101c529-bf24-423a-b7e6-ded07b081a3e,True,False,False
c1076b08-142a-4fab-9e21-b14d5631d637,True,False,False
c1097641-9350-4484-9b30-67d38a4c4cbb,True,False,False
c10c1b31-89d8-45cb-9da7-af015babc330,True,False,False
c10d0f1a-7da9-42f8-8e42-255b97bec8e3,True,False,False
c10e637b-4cbc-4716-a5fd-6c4fcf632621,True,False,False
c113734c-d12e-4d3a-9927-87f51e573cf8,True,False,False
c116d1c0-239e-4986-a5d0-ccd1c903f1a1,True,False,False
c117482e-d1a7-4db1-aad1-b45c8159a6c8,True,False,False
c11b616a-f538-424b-b20e-c07e853bad7f,True,False,False
c11fc116-b9cf-4a9d-ba30-ce385821f6eb,True,False,False
c1251906-a4ba-4dd5-a931-7eef38e4ca61,True,False,False
c1255b17-9386-48e2-ada4-5afbef7ac8c6,True,False,False
c12ab6b4-104d-424f-b3c6-33f03a3e4b90,True,False,False
c12d72c1-de99-4aed-a513-f4fec523820e,True,False,False
c12e0ff9-3763-47be-9b54-06f37b326d0c,True,False,False
c132d44f-3433-4db8-b989-6affe8f4ab24,True,False,False
c139d782-f049-408b-bc7e-2a8d1569e8a7,True,False,False
c13e8044-9015-0b71-accc-79a24ea86fb2,True,False,False
c142690f-f432-4d03-9146-a192f23aa169,True,False,False
c14c223d-349f-4fd5-910e-6517dce0920e,True,True,False
c14d7536-61b6-481c-9a6c-9ff2c21795ce,True,False,False
c1504af6-d211-4134-b3ff-ac13640a749a,True,False,False
c1544f43-7690-4e5c-a904-79dab1effc85,True,False,False
c156edeb-330d-4127-8db5-cc12f0254435,True,False,False
c159051e-f03d-4ac7-9aa3-eb17d8db0188,True,False,False
c15a7f6c-b2c7-44ed-8dd1-06b1822ab66e,True,False,False
c15ae9c2-2e80-49ff-9543-e5756b7a6fcf,True,False,False
c15b14f1-518b-4bd8-9e48-116fed13251a,True,False,False
c15f36de-e9e0-40b9-8eb4-ca455de20342,True,False,False
c15fcaf6-6baf-4b09-8532-89c32596c7b1,True,False,False
c169253d-df18-4b83-9346-3f0f38736c54,True,False,False
c16a62a8-a2ad-485f-a6dd-5906be22da0e,True,False,False
c16bd76c-8e9a-4cbd-b702-94317a109b42,True,False,False
c1760619-1973-42e2-b689-fb23f91f510f,True,False,False
c17a9733-fd85-4336-a47d-cb259f025367,True,False,False
c180ced0-7bc0-43c3-a59c-e01488518395,True,False,False
c192b8c7-8a34-463a-959b-14b2a38a589b,True,False,False
c1949110-6535-48be-818f-ff36c5c0cd52,True,False,False
c19499da-672a-4902-8af1-28af91d6a4e1,True,False,False
c1963daa-b875-4a94-a07d-fbf3c75ea772,True,False,False
c196987f-2d27-46ee-ae4f-109b28df75d4,True,False,False
c1999f28-06eb-48cb-9e6b-befe72f0563f,True,False,False
c19a31b3-3e53-468d-859c-5a3eaf05e773,True,False,False
c19d0136-f812-4a87-ba99-0e4a544c7921,True,False,False
c1af6133-b5e6-49af-92eb-880cebf4141a,True,False,False
c1af65f9-ed17-42c4-a4c1-b57a9d36ddce,True,False,False
c1b62ad0-ad08-4f7e-8326-b218c2e476dd,True,False,False
c1d02886-782e-446f-92b8-bad53c6c2b35,True,False,False
c1d2268e-f343-443b-8e0a-f62040fcf84d,True,False,False
c1e1dbd0-8484-44da-9b7f-62e8d6921a41,True,False,False
c1e9dc65-29c4-47b2-9f22-d8e1024d3f86,True,True,False
c1ed06a4-8f91-4077-a192-d9eb97ed2be2,True,False,False
c1f89872-5649-459b-9335-2861b11c6bb6,True,False,False
c1facdeb-1eb6-4873-9665-6ed98de60865,True,False,False
c1faeb64-a091-4315-9813-07f5d611564e,True,False,False
c1fbdca4-7bda-4e43-a65a-f86aecec530b,True,False,False
c1fbf2ed-ace9-4adb-ba69-0824faf54553,True,False,False
c215b791-0c4a-496b-9409-857a3834bc71,True,False,False
c215fa22-3980-4d81-8238-83e1208d0fa3,True,False,False
c217390c-8f4b-4cee-a7fa-ffafab7b77e7,True,False,False
c2253f7d-7ffe-4b5f-b2d7-338c850581c0,True,False,False
c227775d-0090-493a-b1ae-8786049496a2,True,False,False
c22a16f3-1070-465b-a283-e4957cd73478,True,False,False
c232e29c-6b18-47cb-a9aa-0be40128f889,True,False,False
c2373656-91fc-43f6-b441-5b4461591113,True,False,False
c23a2edc-9972-4486-94d9-87af0b1059d1,True,False,False
c23abb2f-7c5f-4fc8-94ad-716ad91455f5,True,False,False
c23f019d-e174-4fa0-a471-21d15ea157ba,True,False,False
c23ffd2c-fe27-4eee-b175-7befb7889296,True,False,False
c2417f73-dd3e-446f-a60f-70e7dd663251,True,False,False
c2445671-f2bc-4672-ba6c-9b333f46b8f1,True,False,False
c2455959-c82a-4b6f-9c1a-95729e4a582e,True,False,False
c24efc64-a669-44cf-a71f-ea14e1f3e283,True,True,True
c2531992-6c40-4db0-88e3-d0954fbd62fe,True,False,False
c2563fb9-3406-4153-90b2-5f49977d9feb,True,False,False
c25c0e3e-295f-43c3-872e-dee4b5765035,True,False,False
c25c3ca1-28a6-4db9-8855-7dcde74c6042,True,False,False
c25faf3c-24f8-44c1-843c-6a991a801e89,True,False,False
c2604558-d6fa-47e3-aa2e-a16d67f474f1,True,False,False
c260c8a0-ff9f-4ed6-bc75-3e24bc0bbab5,True,False,False
c26155e1-204a-4b4c-b294-29fb0ec1be5f,True,False,False
c26915a5-1264-4edf-a2f9-c08fedb52f8a,True,False,False
c269202b-b6f0-4ebc-ba5f-1076aaf32b60,True,False,False
c269740a-2c61-44b0-8828-c7184615f25c,True,False,False
c269df5c-464b-4520-afee-a5a6e7d4353c,True,False,False
c26a3282-d1ec-41d1-8331-0695fb56c91f,True,False,False
c26af85e-5a94-4083-9e00-4bdb715e5aa5,True,False,False
c2777ff8-d395-4a5c-8c60-5147581fb6f5,True,False,False
c2793f85-6698-4a8e-9e8d-b0a8451f3fd1,True,False,False
c27aec93-5685-49a9-8736-b9fde3c43a44,True,False,False
c27d7d1b-e4cc-409d-8f52-5d95afb7e83f,True,False,False
c282eb60-e9d8-4b2f-bcd4-0e47f45a57ee,True,False,False
c289b572-9ad2-4806-bd60-420a77008720,True,False,False
c28a758d-9762-4473-a107-34c2e864b286,True,False,False
c28b2300-ec85-4b04-a050-93c6da2ab016,True,False,False
c295d881-9127-4702-a8e9-9de0f75d5c9b,True,False,False
c297ae6e-e09f-4c89-8a57-93df68492e39,True,False,False
c298d1ee-4f5b-4b3d-812d-6e7124be227a,True,False,False
c29c511e-aab6-4c58-a74f-d28bb451f003,True,True,False
c2a845cd-3318-4160-9719-ddbf7ecfe3ea,True,False,False
c2a8f4ff-0a5c-40da-9517-8076d172d4ee,True,False,False
c2a9d4e6-4125-46a1-a9b0-569f955dbde2,True,False,False
c2ab9577-251c-44d1-ba0d-fbeab9554142,True,False,False
c2b1d87e-3f28-4463-aaa5-df9bba1ea69d,True,False,False
c2b2855a-f9eb-4a18-b143-5646e4a4a9bc,True,False,False
c2c01a15-633b-4c71-be14-ce202109db06,True,False,False
c2c3856d-6459-40d0-b05a-680e3672f01b,True,False,False
c2c77559-b8aa-4e63-a84a-6b5dad5ae1ff,True,False,False
c2cec628-bf6f-483f-a139-56f94b6ca1ce,True,False,False
c2cf2e04-78a0-4422-a508-32f4736dafb6,True,False,False
c2cf5249-1931-418b-bc82-c300f827a488,True,False,False
c2de6049-6008-4503-b0cc-d75536c9095f,True,False,False
c2eed5c8-0d20-4ebd-a7eb-63f27d9ba3e0,True,False,False
c2f10db8-680a-4681-9df9-b5ec4d292cd2,True,False,False
c2f571c4-bc37-4830-b98a-f24e264d7531,True,False,False
c2f87da6-7d89-4e93-be75-a18bb84f8ddc,True,False,False
c2fa20c1-b2b4-431e-a2b7-eeff7a7d0bc6,True,False,False
c2ffebf6-7977-4840-a715-00c1ee7f7bcb,True,False,False
c3064099-04a0-4b64-a4ff-f7e301c73554,True,False,False
c30b84a8-3744-ebc3-15c8-18d7c546d662,True,False,False
c30f292a-a296-4170-9072-db2d2bf14749,True,False,False
c31a2fbf-4fe4-4a79-9f3e-1e0292d1724c,True,False,False
c32fb851-4d5a-49ff-83dd-6f60a37473fa,True,False,False
c3344a21-3a40-4335-82dc-622a48598e6d,True,False,False
c33f487c-bc30-4a0c-89d8-1f5975507060,True,False,False
c3455b9d-8b70-43a1-bf49-0fd889f6885c,True,False,False
c34868cd-a054-4417-babb-549b92b85cb4,True,False,False
c34b1200-a257-4c22-8b5d-29b714d44a0a,True,False,False
c353f50e-4e46-40ac-bda8-bd2ba478cd50,True,False,False
c3586ed0-3603-4e72-b142-8e73ed837688,True,False,False
c3629853-7682-4cab-9c50-fcaeaea17b99,True,False,False
c368cb6f-6483-424b-9089-8e8751da5216,True,False,False
c3690da8-6bfd-40a4-908e-9ff3981c1d8c,True,False,False
c369f948-27b2-4aac-b4ff-3d6308d9f2da,True,False,False
c36b933b-f3fb-48ce-8ccb-ce3499496b2f,True,False,False
c370f01f-9222-41a1-af7c-8685d93eb4d9,True,False,False
c375eab1-6be3-42ac-a58d-b32f9e4ad943,True,False,False
c37645c1-5037-425b-8c01-da3f6152f98c,True,False,False
c379f015-cac8-4f19-8c62-58d51c7e58fa,True,False,False
c37bf134-6834-46ec-8f1d-edfeaaea43f6,True,False,False
c37f0aee-68d3-478b-9e11-beb9e5a6ce59,True,False,False
c3848fac-a6a0-4fb3-a193-f17f9738324a,True,False,False
c387e32d-3990-4ef6-b035-548ec9fb88a4,True,True,False
c38bfe9e-090b-49a1-9329-9242268fc2f7,True,False,False
c38f791d-8e5e-4e2a-b02f-a416bef87841,True,False,False
c3942855-d5e6-48ce-8018-5cc4f36959d8,True,False,False
c3945d3a-6f0b-4c25-970f-f4181f26f0e1,True,False,False
c39b16de-4a66-4f44-b97d-fe71c4ac276b,True,False,False
c3a30d39-a4d5-432b-99fb-49a8bcf11810,True,False,False
c3a77bcf-5132-46eb-9c0f-8c4bc4bd5c7d,True,False,False
c3aa640a-3933-4180-9e3f-44bb94a87f9d,True,False,False
c3b4d364-5e16-47f6-b0b1-e63fa20c4bfc,True,False,False
c3b51a0d-62ee-41dd-95fd-870af6275e30,True,False,False
c3b86b0f-8e11-48a6-b40b-52afc37826fa,True,False,False
c3bbf077-f0d3-411f-8e68-57ebeae61e87,True,False,False
c3cf6091-a43f-4e30-90b5-88b6f2461cf4,True,False,False
c3cffe27-aa14-4e6d-b0bd-8ceed0721890,True,False,False
c3d71d87-75d0-44c7-901b-a9153a4420bb,True,False,False
c3d79fe1-a277-448c-aeb8-bff32fab3b3d,True,False,False
c3e9c705-dc5d-48ea-b6cd-9852322a5672,True,False,False
c3f37024-0571-4055-9cf4-72134253a8e6,True,False,False
c402579a-316a-431b-acb0-5a0d47e14d13,True,False,False
c4115ebc-a17e-4bdb-88a4-be11db03a1b5,True,False,False
c4175322-e6ec-4613-960b-7465e4de04b2,True,False,False
c41c44d5-ef9b-41b9-9cd6-8d96dda6e927,True,False,False
c429ddbc-e895-4455-8b84-2b0f38bc1821,True,False,False
c42a8e44-0bb6-43bb-98c7-c2f6403c1e6e,True,False,False
c42dcc8a-f513-426a-9538-984fb40cef76,True,False,False
c433783a-323d-4b6a-a447-ef5d35d08001,True,True,True
c4358a0e-c023-425f-a444-8cc14e260b65,True,False,False
c43b43dd-dc54-4d1c-bfd8-3bcbdfb94870,True,True,True
c44417a6-f25a-4a8a-bdf0-bf65e67abca7,True,False,False
c44bd4df-169e-4271-81ba-8350e99a8495,True,False,False
c44d58cb-01b8-42da-b7a7-bd2c03792d45,True,False,False
c45094b0-759c-4b10-b0bb-2169deaa7fa2,True,False,False
c45affa5-5800-4cf2-b58f-a29a05c60561,True,False,False
c45f1f0d-e274-4f8b-ab24-62e86d4d95a5,True,False,False
c46234f9-28d5-4f1b-85a2-027edfbc56bb,True,False,False
c4697a16-ae8f-4aef-b827-7907a4da1d3d,True,False,False
c470085b-7951-45af-a613-595545ad894a,True,False,False
c4738071-5283-486f-a6f2-fce6c3d9e2df,True,False,False
c4801256-5669-45b0-b985-3b844c52e094,True,False,False
c4822e05-0c9e-4ea0-a2f3-52759deeb06e,True,False,False
c4834bed-c255-4567-ac71-cfa20b8830ae,True,False,False
c48baac0-77b5-40af-9e44-8ae28f51ae29,True,False,False
c49bb313-5e10-4c4a-b785-259e398a1b07,True,False,False
c49bdca8-cb69-484e-89a8-36bc8f56961a,True,False,False
c4a474d7-d78b-4211-829c-d70814c92309,True,False,False
c4a8dff3-9c9e-4907-b807-3e283b68c77c,True,False,False
c4ad1050-6e4f-4d0f-b8df-c4c064a8e8bd,True,False,False
c4b2a3f6-f5a6-4d9a-adc9-e5cfffa3c226,True,False,False
c4b2d6d9-014c-4a77-867d-2ae543dafef2,True,False,False
c4becc27-c8be-40e1-a9c1-d3d7df4508e1,True,False,False
c4c1c0b3-3e78-48a8-8413-84f0295756d2,True,False,False
c4c361a9-5e19-4122-85c2-61fa91c4cd4b,True,False,False
c4d0d2ff-878f-4169-8feb-881c81e1a4d5,True,False,False
c4dd2ee4-c9d8-4ad0-86b1-278e98f23834,True,False,False
c4dd90cd-fbfb-48bf-9398-34fba17d1fc4,True,False,False
c4dfc06b-014b-42ed-95f4-353d564bc534,True,False,False
c4dfcae4-f759-4eed-bc5b-fb63cf681300,True,False,False
c4e2d0a9-bb7c-4753-8436-82bd8b75a658,True,False,False
c4e64786-fdc9-401d-897a-5b2e900ba7b8,True,False,False
c4ef0fcc-8db8-4fce-8cef-f03bd6f34a53,True,False,False
c4fdfe97-5fd3-49f7-97df-91573073365e,True,False,False
c507dbe5-1817-4aba-a300-6acc80fe7d01,True,False,False
c5087ab9-627d-414e-b779-16d127dd549b,True,False,False
c5107d2e-1731-498f-96e1-19ebfc9a3c8a,True,False,False
c5143d67-20b5-430f-87b5-cd099665f24c,True,False,False
c51d343f-524c-4735-bb54-ee8bccd12abf,True,False,False
c5215534-f240-4fea-b5c8-ce73855aaec4,True,False,False
c5215e98-e7af-45bd-b289-80c25072defc,True,False,False
c5270b85-7392-440d-abad-73a047976c87,True,False,False
c531f88f-b1bf-8caa-e191-95474ce32ad4,True,False,False
c5351095-6a02-480d-bfb0-f1a17861fd77,True,False,False
c53bc699-53f4-4735-809b-6cd0c8ab1861,True,False,False
c54b0e28-a07c-47d7-bd9e-e1ca96e515d3,True,False,False
c54b2676-670e-4543-9a7e-5623e66d91a4,True,False,False
c54bb549-27fd-461b-9812-e2cb2b13bb54,True,False,False
c54bf2fe-5123-4d8e-a248-0c921e481d47,True,False,False
c54e70b6-3882-4388-ad2b-8c5f7da4dfdb,True,False,False
c551227f-2b82-462d-97fd-55eb063d8584,True,False,False
c551feee-6887-4825-bb9f-3abdf4577227,True,False,False
c5577217-084d-45d9-a34b-aa627032d8fa,True,False,False
c55fda23-3d15-4597-b4d7-58b5cbeecd84,True,False,False
c5664cb8-1e00-4359-9f82-0ea7cc3a81a9,True,False,False
c56b31c5-649e-4edc-9c4d-ef95e0648a5f,True,False,False
c57815f0-900b-426f-8531-a990fef4a1dc,True,False,False
c5786b50-dfb6-4828-9b85-df9e6bc4515f,True,False,False
c5808ffe-1a93-40fa-8c67-4b778186420a,True,False,False
c58130a3-b2d5-4af0-a3e8-a886494343c4,True,False,False
c584a141-67d6-4f38-bfd8-5f891ac805f3,True,False,False
c590d3d8-e1cd-43ae-9d05-0b313005d67b,True,False,False
c593dff7-13d2-49e7-9705-d7139674bd90,True,False,False
c5991d50-17e8-4627-abb6-d20190991c1f,True,False,False
c5a471cc-0b49-4b50-99f6-b01a133f86b2,True,False,False
c5a516e0-a8a4-481c-9bb3-6af97db977c1,True,False,False
c5a5ccdb-ed0b-4706-b25d-829f00441279,True,True,True
c5b53640-4bd4-47d7-b450-d11672f90f2b,True,False,False
c5ba2f9a-958a-40fa-8c85-67879efa1bfa,True,False,False
c5bb7cdd-9196-45b1-9075-03c637a7e5c9,True,False,False
c5cb8db5-d96b-419c-8601-bd6cdea63265,True,False,False
c5cbfe20-31d2-4e95-ae12-3703e0978386,True,False,False
c5cc0299-8b9e-4069-8caf-1d16b8c342d7,True,False,False
c5cde77f-4923-4a92-b07a-03aab531094d,True,False,False
c5df5049-77ff-4e7d-9386-96b69aa3c498,True,False,False
c5e85ef7-00bd-4f6f-a8fa-e1af61110079,True,False,False
c5e9c8e9-9e49-4fd0-b3d1-d204690c17ae,True,False,False
c5eb08e3-d455-4cee-a187-5f7611870134,True,False,False
c5ed2550-9903-4946-9109-7c81b728502c,True,False,False
c5eeb587-9198-4201-836e-7eb2872ec3da,True,False,False
c5f0aedb-fd6d-4fa5-8740-935b40ac6762,True,False,False
c5f258fa-9bc1-4e43-8861-1c98debeac99,True,False,False
c5f279bf-d22b-4aed-81f5-2a033c1ad541,True,False,False
c5f70044-5f49-4b7c-beda-82da82e5b296,True,False,False
c5f937f0-3143-4d86-8992-c0c96ce9590f,True,False,False
c6039ced-3c60-4924-b099-8e2e59b4c88d,True,False,False
c609b522-27f8-447e-9b56-0624402fa892,True,False,False
c611af0e-7de7-4bb6-8e00-8eae67ec9511,True,False,False
c619f42a-00b2-4f69-8e00-6c252ba17b6d,True,False,False
c61d2f35-6c7f-4c5c-b714-37143414b00b,True,False,False
c6204337-3505-4b78-a7af-5898df9c7e00,True,False,False
c6230313-aad3-435e-97a6-ed4b053b7424,True,False,False
c6230809-bcd0-41fa-8ffa-f86ee0c3837b,True,False,False
c6260f60-1736-4140-91e2-1a76a335ece9,True,False,False
c629ba9e-9fca-4051-a704-e975d0a049f2,True,False,False
c62a8b2d-979f-4dfc-a81c-84deaa7462a0,True,False,False
c62e144a-364a-4ff0-b029-aa419eae95fb,True,False,False
c6351c56-f308-4c40-a152-fb32c15b4e97,True,False,False
c636ad1f-8aa7-4251-b078-844eea5a993e,True,False,False
c63c5c65-688e-4de8-8710-501d8af64a91,True,False,False
c6427af1-9383-44e2-b39e-c0149646a39a,True,False,False
c65760ee-3930-4af9-bd13-822cdb0ba620,True,False,False
c6581600-73c6-4e68-b001-a97d18b63c03,True,False,False
c6593d15-6bb7-463f-8ff8-69163d5fd789,True,False,False
c65ba18c-1403-4d8d-9148-9acdf141f1f0,True,False,False
c663e2a1-2bfb-4c18-92d5-632c14ebb2a2,True,False,False
c66af1cf-dac2-4f5b-a628-85c9360e7858,True,False,False
c66b16fe-88a5-42d0-803d-262111e76e75,True,False,False
c672beec-90f1-4bee-b35b-38c7053fcb5c,True,False,False
c677e278-4397-477c-8eb7-042d690480f5,True,False,False
c679a6ed-ad3e-4c66-b3ae-c347f7f935f2,True,False,False
c67a799c-bcfb-438f-b7ed-9d9afcc60711,True,False,False
c67ac0f6-0e36-402d-a46a-6be693ecc73e,True,False,False
c67f6a7a-f0a1-4e6f-be3a-fb858c99a58f,True,False,False
c6936768-3453-4ba0-866f-52cffa301c9a,True,False,False
c693a529-2ab5-4685-baec-b464da4ba486,True,False,False
c6954099-2cea-43e1-a960-06360d65d958,True,False,False
c695882a-1a47-48fa-9e73-b35bc5d9ee5a,True,False,False
c69f9c63-7098-426c-97d9-8cb94a0a1083,True,False,False
c6a19e1e-13a4-4872-96eb-a55b4ca25922,True,False,False
c6a80541-9b77-421f-a476-d4ef5614f0d0,True,False,False
c6b1e4ee-9655-42ec-b6b8-30d1e7309778,True,False,False
c6b434f4-0b3c-4d71-8cb3-0a752ebc2a0f,True,False,False
c6c4cd5d-e186-4094-ae3f-c38a0fb4ad20,True,False,False
c6c93cfe-cf49-496b-88d3-55cfb2233ebd,True,False,False
c6cb8682-5825-4e15-ab32-0e679531f583,True,False,False
c6d6bdb0-3b97-44a5-ba7e-024c396fa094,True,False,False
c6e468f6-f677-4bfe-b395-4293743d0007,True,False,False
c6ecf52b-b3b4-4eaa-93df-921bc3c15557,True,False,False
c6ee5d14-9d4b-47d0-b28b-ccf04ec9b111,True,False,False
c6f1103c-56a4-4afe-9d87-9691d099b747,True,False,False
c6f5b866-4bc7-442b-ac0a-9617bb24c656,True,False,False
c6fe94e4-50fb-451f-9042-b205ebc9629f,True,False,False
c7011305-1497-4d62-9c3c-e3324e8d1990,True,False,False
c70182cd-9740-4c98-8ce3-7d95dae69096,True,False,False
c701d217-235c-42b1-aecc-b967fa310c21,True,False,False
c70daf8a-3d75-40b7-96fc-515a1b09f3d5,True,False,False
c70dc3f5-ca2a-4b50-aed4-163479b89e24,True,True,False
c70e1e25-f45f-45ca-993b-a6ac94825aec,True,False,False
c710f07d-a0b3-478e-8844-0b4bee99c932,True,False,False
c71ab3b7-a6ed-4a94-9901-8263e9cd6df0,True,False,False
c71bac6f-842e-4e0b-b95e-a2d3608583e1,True,False,False
c71f6148-d53e-4c4e-9eb5-db436ae25484,True,False,False
c71fbe7c-8dd9-4f0b-8a9a-dfe217289eaf,True,False,False
c72a3ba8-0d6e-4dd3-b70a-a6c5216a7175,True,False,False
c72ab0be-9f5e-4b01-ac7e-2633d86196ec,True,False,False
c72c1d75-bc07-4e1f-ba10-8e4b3c455ee3,True,False,False
c73a4e7c-bd1e-4a05-81b4-25ad9de63856,True,True,False
c73d7041-a013-4c14-9004-a46d413e586b,True,False,False
c744d17f-7113-40b1-b515-69e2f7e09b25,True,False,False
c749f3cf-0724-4f75-935f-1efa69f27d46,True,False,False
c75c0aac-6153-4f7b-ab56-70fcc8742b5d,True,False,False
c75d0855-bd07-4b09-b933-33145ea9acfa,True,False,False
c76b99b1-8e45-4415-89c1-17335921e38d,True,False,False
c76cd5bd-ca51-42b9-9e45-4b0b0632d973,True,False,False
c77414e4-ec74-486d-b741-798db08bf39a,True,False,False
c7754a4d-bb32-4326-aa7d-1fe5825ccde9,True,False,False
c778707b-be79-4e0e-97c8-8b27490b900d,True,False,False
c7807218-a20f-49c8-8fa5-a15230fc644b,True,False,False
c785bb11-142e-4227-9428-c4576d046565,True,False,False
c78613ff-df6f-4f46-91af-e0f09fa85c12,True,False,False
c78bd75f-e8c1-4056-b961-909440a2c812,True,True,True
c7a5e679-442c-43cc-b126-3e5955327e02,True,False,False
c7a815fc-ce3f-46c5-a9ee-adacdcb23d58,True,False,False
c7abb5a0-493d-4601-8035-0e661a269c4e,True,False,False
c7aca11b-4af6-469f-88dc-656541df25a4,True,False,False
c7ae0d81-2afe-419a-b7b1-d8c745916042,True,False,False
c7b05f67-4ddf-44eb-a7ad-fc3d002fabe0,True,False,False
c7b95c77-8aba-4e31-a758-99b1304cdcdd,True,False,False
c7b96698-7bfe-4d9c-a136-17853240c064,True,False,False
c7bc5bdb-2660-4272-8c10-2b5ce9e0be20,True,False,False
c7c76791-a810-4a07-aa84-bba86e4754e3,True,False,False
c7ca15c5-35a5-4f36-96a7-c97dbfd7388e,True,False,False
c7ce8dfa-8d4e-4c90-b15e-a51a32efab70,True,False,False
c7d1bf15-ca05-4eb5-8197-1f02dc133fde,True,False,False
c7d560fc-2de5-4fc3-a6b3-37d39f274da4,True,False,False
c7d7e5e5-6186-44b6-a660-d3c87a551ebe,True,False,False
c7da8e01-81a9-4a2c-9965-efc2f8923fed,True,False,False
c7de47ef-de14-4b6f-8079-0cae818e23da,True,False,False
c7e1b507-7a38-460e-986b-01514e467fe5,True,False,False
c7e2474c-5059-4dc4-babf-d76753440df9,True,False,False
c7ec1cb7-69ff-4961-ae9e-1c1386ad7145,True,False,False
c7f0c14b-3f94-476c-9418-8335509fac1d,True,False,False
c7f362e3-d08e-4eaa-8a34-a07b1966b128,True,False,False
c7fef721-d15e-4966-bc04-276bb0a5c046,True,False,False
c80424e1-e8b0-4252-90cb-fe9b850929e7,True,False,False
c809878a-cba5-4535-82a0-2ce9575366e9,True,False,False
c80f08a3-e18a-4221-b42e-a9a5e2e707f1,True,False,False
c81222ad-7cdd-48bd-9ee7-d75f09a0467b,True,False,False
c81a76d7-2321-42b7-ab3b-03ed2675219c,True,False,False
c81da396-768c-4930-864f-2e5ee1b8f1c4,True,False,False
c821a397-a49b-42b2-b74a-5379f8d69e89,True,False,False
c825600e-32b0-427c-a8cc-6337ff769518,True,False,False
c82896c4-219c-47b3-af65-e7f3735a48e9,True,False,False
c82919d1-89be-4091-825a-a4841b1659a0,True,False,False
c82b30ea-dbb0-4a10-be06-0cd2c61e1443,True,False,False
c83561b8-3ba2-4d4f-9d4e-162c61426612,True,False,False
c8366a1a-8453-42d8-bff9-6a784f421b65,True,False,False
c8478e97-cc3d-4b86-8d4e-f413face81a0,True,False,False
c84828d9-7c41-4d02-83a7-aa41b4273562,True,False,False
c84aab89-f442-4559-93c6-a30fb03b6356,True,False,False
c84c744d-b841-4d68-aa49-767c7891a866,True,False,False
c8520cc9-5568-41ae-b955-6cab1ae30d89,True,False,False
c85fb2ff-4e10-4ddd-ae0b-23b0bedc3ca5,True,False,False
c86066eb-b57c-4690-a48b-9c82c3dace64,True,False,False
c8636b9d-cfe7-49b2-b967-c36d08f799d2,True,False,False
c8659de0-c907-4cde-ace8-92ad774db5cd,True,False,False
c86f591d-a6a5-4adf-9607-49f65a3a3c31,True,False,False
c8721e8e-57d5-4acc-96de-adb8889d18b1,True,False,False
c873fbf0-a27a-4129-a79d-3dee9834b9b3,True,False,False
c87c6ce3-5714-4a07-bf71-71a066ff9211,True,False,False
c87decd3-7e83-4cd3-9ac2-22da34a87f6b,True,False,False
c881a2e8-e799-47f2-a562-d7e0949103c4,True,False,False
c8829610-f1b5-4d92-bc7c-8cdcd618af5c,True,False,False
c88a1bee-bc30-4380-9485-24524d058583,True,False,False
c88f8232-c544-47b4-9ddd-e48827bd5c3b,True,False,False
c8991cb2-a302-4597-9d62-b079c4b6d5db,True,False,False
c89b0d96-247f-4044-9c91-bb5f38c6af9b,True,False,False
c89b3171-32d0-4be4-a336-6b143ab1959c,True,False,False
c8a04d88-83eb-4ddd-b063-1c4a1a798919,True,False,False
c8a22e0f-19fc-41c8-b8f3-6716bee16faa,True,False,False
c8ab07b3-6792-4359-9637-80a8d44fb9cf,True,False,False
c8ad7b2b-98cf-4d0e-873d-2437dd736b87,True,False,False
c8bdf710-b84d-420a-abd6-edfaf31220da,True,False,False
c8c15d44-81c5-4741-8c44-872da6927781,True,False,False
c8ca96b6-11af-4765-90e5-fdd52249df68,True,False,False
c8d0b684-3084-42ca-aa87-db943f297924,True,False,False
c8d759dc-ee1d-4a2e-9ebc-b190a85b4660,True,False,False
c8df1d3a-bc85-427d-b381-121a5a09fb55,True,False,False
c8e1bebc-32be-480d-9509-58f140e50d46,True,False,False
c8e72c32-97da-4c34-9875-3856fab545e9,True,False,False
c8ef7d34-7c79-4d70-9bd8-3ec63beef077,True,False,False
c8f1f56e-5a49-4b4d-a9fd-a839e04bdd49,True,False,False
c8fb8149-090b-4f16-b5cc-b01a24b4207b,True,False,False
c908ba5b-0311-4617-9cfe-2e62a06c20fe,True,False,False
c90aa850-f002-4398-b6f8-1dbcdac01a90,True,False,False
c910827f-223e-40ec-9209-718851957383,True,False,False
c917628a-ec38-4259-a032-a75107dafdfb,True,False,False
c917f1e1-72c7-4b0b-8b3b-2f942e2b72bc,True,False,False
c91b47c9-86f2-47dc-86fd-38a795bd24b3,True,False,False
c91c16c6-fb0f-4b3e-b1b4-e9815dc408c6,True,False,False
c9256cd9-a140-422e-8a72-34c428629c25,True,False,False
c92aa05c-2660-4318-a307-c1429f548094,True,False,False
c934694a-dbb1-47a0-bf62-4317a28fbc88,True,False,False
c938153b-0f4f-4193-99c4-3f28cb5b8eca,True,False,False
c938c8ba-5542-4e09-a683-1e37656169ad,True,False,False
c93e642e-b0f3-430c-8f10-ce0bcc5b5904,True,False,False
c94485d9-3d9e-4c16-8b12-06de12a19b20,True,False,False
c944b43f-8ee2-4ca3-8181-cd1f4cd57659,True,False,False
c9453376-7d32-474b-b689-01e9fdbaf6a5,True,False,False
c95025c9-751b-4cc6-8fbd-9b969af49bcb,True,True,False
c9516cd4-712a-4fad-895c-234588929ac8,True,False,False
c95b1210-5e4d-4897-b428-5712d43014ed,True,False,False
c95c5fab-c6c5-41f6-b592-e40d510420f9,True,False,False
c95cb60e-a31d-417b-890b-2f4ab8198c0d,True,False,False
c95e65ca-c693-46a6-88a2-2f994e373bca,True,False,False
c963033b-9cd6-47d5-a337-72e2e3ccd8ca,True,False,False
c96fcf6d-66ce-41fb-81ad-e8ac097828a9,True,True,False
c973f6a4-6774-4f11-b772-aca8f394b697,True,False,False
c973fe58-0ac9-4452-a890-074d3bfaf50c,True,False,False
c974deaa-f746-4e3e-a65b-736ec0b0d9cc,True,False,False
c9760a0c-3663-4658-8814-f86fc003dce9,True,False,False
c978eab7-95fd-460d-9a85-9fe4d611adc2,True,False,False
c97a5f47-81af-4629-8437-28bebbd80f79,True,False,False
c97bf185-04b8-48f8-bc28-73c28e8f2bce,True,False,False
c97c8fac-adc3-4c75-8039-4464c9aac0f6,True,False,False
c97ef9ab-60ef-4473-8c14-d60060f62a63,True,False,False
c9807d3e-f25c-4d04-8c83-744e4990c48e,True,False,False
c983c8cd-e858-4c78-8bc5-9593d0c83541,True,False,False
c984ce47-cfc2-4930-b744-a34b564a92ad,True,False,False
c985d5f1-5a7f-4625-8c67-7167d74c5f4a,True,False,False
c988ffa1-d91d-436a-9aac-80f2c9ce4352,True,False,False
c9938005-4ea8-435d-ab55-c8a465067144,True,False,False
c99414d1-ce7d-476e-8164-40e6c7969680,True,False,False
c997cad9-7d73-4477-a0d6-22017cf793cf,True,False,False
c9a257d8-736e-4599-a094-fe53d54abb1f,True,False,False
c9bc71cc-d303-4f3c-9b9f-10ffb2717216,True,False,False
c9c20182-2942-4f99-9993-aa3ea993fd0c,True,False,False
c9c2fdf8-95f9-4093-a6e8-1e9b2e612c59,True,False,False
c9c8d35d-cf73-4879-8799-ca7ca8134f19,True,False,False
c9cc0601-949d-4fb4-9719-bbe44ebbb6ed,True,False,False
c9dce2bb-56d1-478f-bc35-f96c5f09339b,True,False,False
c9dfa96b-6c6d-479f-81b4-b1f5fbfb204a,True,False,False
c9e4feb0-1666-4891-9242-8b38f1df6754,True,False,False
c9f11742-d13b-4124-9529-a166f8c919c7,True,False,False
c9f3c9c3-92b3-4767-b919-94e3353b7970,True,False,False
c9fd65c0-dcdb-4d0b-a575-5c80cc80dc1c,True,False,False
ca11ec39-9a32-45fb-afad-83e7359b4e53,True,False,False
ca22109f-ce51-4aea-b46b-df72ad679c3a,True,False,False
ca247eab-0ffc-4efb-a64a-94d8af1127d3,True,False,False
ca29112f-98ed-4120-963e-12ecf9bbd470,True,False,False
ca2b8e0a-f11f-4272-83d9-cdc3f3ec2961,True,False,False
ca33565a-7e51-4b82-b37a-2fad279a14d0,True,False,False
ca33e1b9-ecf5-4b50-ba76-007248bad43d,True,True,False
ca3caf3a-54cd-403d-a444-bffedd63d951,True,False,False
ca410a35-93c6-4dc2-99f9-473ab917a7de,True,False,False
ca43a2a6-e01d-4819-ad7d-769d1de441e9,True,False,False
ca4405b2-a874-46fe-860d-102f8ffcac35,True,False,False
ca45b06a-fe28-4c68-901f-37c8e84638fa,True,False,False
ca4e64a4-3d61-4959-8000-26f3c12619d8,True,False,False
ca4f0e33-38a1-4c37-ab81-3b7fd3c2f77d,True,False,False
ca51a6f6-5794-4427-806f-a5e820bfa700,True,False,False
ca55ab90-276a-4edd-bde7-6bc332da7e5e,True,False,False
ca589b02-84f9-45dd-bed8-3f36b2aa5a5b,True,False,False
ca5a71f1-33c8-4fcd-b793-5fcea6f260c0,True,True,True
ca5f8398-7698-484f-9607-ed53948e49ea,True,False,False
ca62caf0-7c6a-460b-8cea-30fc999b205b,True,False,False
ca64de0c-1f22-41c9-b3dc-32b952cfb4d2,True,False,False
ca6aab65-34e8-47bd-bc36-85e370a3aee4,True,False,False
ca727800-37e8-4f8a-9c62-60af49dc1c9f,True,False,False
ca75a1f4-315c-431c-87ed-87aaa42937c1,True,False,False
ca7a0d5f-318c-4ea0-bd57-2c45d9dda28f,True,False,False
ca8d16fe-afd3-4b9a-ab5d-3da4466e37fc,True,False,False
ca8ec3d1-7895-45c6-aaab-80bcfe969ef8,True,False,False
ca8fa9fe-70e1-41f2-ae6d-32482aab43ef,True,False,False
ca9879eb-9796-4802-bdf6-f0ad6e1cf2e0,True,False,False
caa0c8a5-7924-4243-b816-a70a5a60ab17,True,False,False
caac60c5-5790-4ede-9e53-35c6bdd9db5d,True,False,False
caadec22-705f-4528-830f-4dc5ac3ec352,True,False,False
caafd801-a95b-4a09-8d0c-55ed9e92b098,True,False,False
cab57c5a-728d-4703-8503-16c105b33034,True,False,False
cac7e0d3-dd42-427b-a445-d463141d100a,True,False,False
cac9ec0c-002c-4753-bb20-42a92c0c6c95,True,False,False
cad21ee7-57a9-4bd1-a79c-c26690c44a8d,True,False,False
cada09ad-eea6-4686-9efb-f0cfeb488f52,True,False,False
cadc3f33-0a3e-4cfc-b5cb-9fee6a37a523,True,False,False
cae16ad6-a54c-4744-86fd-4c33491c16eb,True,False,False
cae7636f-8e8a-4c48-94cf-1f351c186405,True,False,False
cae94ce9-83b3-4efd-ba7e-36fe4e4b8d15,True,False,False
caea978e-522f-410c-8cc1-bc196a6d0ac7,True,False,False
caf154cf-8a87-46ef-96c5-bd664e327605,True,False,False
caf452ec-ef21-4b0e-830c-47874513f739,True,False,False
caf6170f-d931-4085-94ed-573cc863bc0b,True,False,False
cafd7cdc-000d-47f6-a0ef-57e5c2af9b91,True,False,False
caff6d46-cbc4-451f-85dd-f1440388ec41,True,False,False
cb06bfe2-0556-46fb-bfcb-f8cde8de73f6,True,False,False
cb0b36db-0129-4e48-8f7a-e6eaa8385c19,True,False,False
cb1438aa-1a1c-43f2-82fe-75423a9d057e,True,False,False
cb1779a1-b528-4e0e-b3a7-ecc4ca952da8,True,True,False
cb1a4ea3-4f9b-4ca8-a1ad-efe12443cd46,True,False,False
cb25ba32-ee52-43fa-80cb-ace81e932e21,True,False,False
cb2c37f3-9d17-4433-af7f-d949298b77b3,True,False,False
cb352960-8cfb-46bf-afc9-1c32baaef1e9,True,False,False
cb4818d6-947c-4e30-ab8f-15b46347cd0e,True,False,False
cb4b7b9b-0e02-4137-b74c-3db016b951cc,True,False,False
cb4dbf4a-d088-4fd0-a6e6-4246ce7bfafb,True,False,False
cb634fe7-1f93-4944-88a6-91106d034e87,True,False,False
cb6781c3-acec-42df-87a3-1c201e0db0ce,True,False,False
cb6c81ba-d37f-4be2-948b-b737e1ce4570,True,False,False
cb6f8bde-d41a-43b3-b720-f3f94f477bce,True,False,False
cb7761c0-32d0-0609-58e4-f84e73eae5c4,True,False,False
cb7da48b-439f-4132-a9a5-cb9a77684177,True,False,False
cb81c90f-ca1f-4fac-b913-17dfbe96bb7a,True,False,False
cb8c9b88-8718-40ec-a8b1-4caaa6f5164a,True,False,False
cb931de6-d8f6-4f9f-aff9-afd5a3323568,True,False,False
cb98c1a6-9c8a-4e65-94aa-0ffb621b8306,True,False,False
cb9cc968-b263-4a1d-b3ff-df901dc42b76,True,False,False
cb9e822f-8353-4dd1-9594-f86749401ee6,True,False,False
cb9f758a-7247-4849-ab07-30393b944b96,True,False,False
cba58a59-8a1a-4a59-964a-2624ffce4d0a,True,False,False
cba91070-74e2-47aa-84a0-2ce80cb3bf5c,True,False,False
cbaa512d-3b5f-4fdb-9cb2-aec2b6f89eb9,True,False,False
cbb14509-f5c8-43a8-b249-f79bcc4f59c6,True,False,False
cbb88e19-493e-46b9-9e2c-e637880e7376,True,False,False
cbbb5322-2df8-4a6b-b6ec-93120ab7224c,True,False,False
cbc22503-b920-4617-bfef-2a5e528f002b,True,False,False
cbcb1524-39b0-d97e-6834-85bd91c5b525,True,False,False
cbcbce97-1028-4f06-95b9-8c37bf29990b,True,False,False
cbccc59a-a46e-4338-b4a5-f7f7aca72f2a,True,False,False
cbcf7dae-1f42-4199-ba9c-3840486df1f7,True,False,False
cbd2d027-632f-40fd-a5d5-bc497e578b6e,True,False,False
cbd4af34-3eb5-4f29-b5e5-28f79067db51,True,False,False
cbd9c216-397f-4f5d-a7da-1fa1068268c6,True,False,False
cbdde135-21c3-498e-86fd-0aa7c59706c9,True,False,False
cbdeada2-511a-4eac-b49a-bf5163df3621,True,False,False
cbe32717-d229-42e8-b6f8-919c2183bab3,True,False,False
cbe5e4bc-f684-4b9b-8c29-8eb630678646,True,False,False
cbf39173-16a6-4c2c-bbef-5e2d9281c843,True,False,False
cbfb32f0-bab3-41c5-b142-516e61c44d9e,True,False,False
cc0aa734-747f-49f8-bf3a-ca526ae4960a,True,False,False
cc0d1831-8921-43ab-9557-439f4b8dbc71,True,False,False
cc0eaa22-c36f-455a-b532-a8f0926552bb,True,False,False
cc1186ae-8c9b-47e8-a61b-b35e4e41f605,True,False,False
cc157261-f29b-4d8e-831a-bac7a6086198,True,False,False
cc1673cf-6b12-4727-a327-8b26b5be4714,True,False,False
cc1c3636-ca1b-48a8-a4b9-e05846a8b994,True,False,False
cc2c561a-fbe6-4189-a03e-37e86e1c18b1,True,False,False
cc353ae1-a1d1-4fd1-a90b-47ed2c197941,True,False,False
cc3d4232-35e5-4a2a-bedb-2ab33d657095,True,False,False
cc3e1c32-62db-4e9c-a53c-3023f5b450c8,True,False,False
cc481342-4445-4856-93a4-4b7264357e5f,True,False,False
cc493963-b2ad-497c-b355-db15d3915e56,True,False,False
cc4abbb0-0d1a-4a48-acee-cff20477f129,True,False,False
cc550edb-c0d8-4c80-95b4-45af5429d688,True,False,False
cc5bfef6-4b25-42f8-9317-d5130cc8737d,True,False,False
cc5c0e90-29fd-49d2-85e4-ce0a44308e6f,True,False,False
cc64c14b-274b-4f0f-aa96-d277e941789d,True,False,False
cc651deb-1939-40ae-8b4f-227d0a1b1cfe,True,False,False
cc660c39-b84e-6330-68c5-ce8a6f0d55e1,True,False,False
cc677b0e-745e-4de8-a471-45e7b490fee1,True,False,False
cc680fab-afc4-4345-aecf-9e463ab07246,True,False,False
cc757419-637e-4782-9bc0-5a07ad53dea6,True,False,False
cc76a14a-c929-432b-969a-002a1a614d6a,True,False,False
cc781dc5-21af-4444-bef4-ece5a0108466,True,False,False
cc78e81b-ba18-4190-a566-7daeae28c63d,True,False,False
cc826d2b-d247-4e98-a53d-4d1a3ce7ebc4,True,False,False
cc82ffbc-9d39-48a1-91df-581baaf30d58,True,False,False
cc83c3ba-8af4-4480-a415-ac22d09215da,True,False,False
cc853ef0-8d1b-44ed-a187-2e4a9d9f9f1e,True,False,False
cc8dfc2b-9df2-47e9-bbbe-749c23e20b3a,True,False,False
cc8e915d-1fc4-4e8b-9feb-73df397d7195,True,False,False
cc9580aa-feef-472c-a850-7bdad71d2616,True,False,False
cc95fe6d-a1e7-452f-a2e3-cecffb0655dc,True,False,False
cca06995-4cd1-4f0a-8ab9-e016e0540b7b,True,False,False
cca0b87a-909e-477a-9c02-0612a38a33a9,True,False,False
ccb1aadc-9704-4f9b-8eb1-03150086a4da,True,False,False
ccb85bb3-1e78-4f03-a865-bfe020ccc9be,True,False,False
ccc1e968-4486-4ef9-83ed-aea842101204,True,False,False
cce4c1be-09a0-473a-8cd4-3484b99a2e8e,True,True,False
ccef0ac9-3561-4ac6-9609-9d59db4e85ff,True,False,False
ccf67200-ee46-4599-9c8f-2fe0902adc1b,True,False,False
ccfac1cb-70df-4417-9e55-4e6f1ba9ea45,True,False,False
cd0093c8-5894-46f9-aeab-35d5934912f5,True,False,False
cd1ca8d0-4998-46b6-8c19-989c11b0cb8e,True,False,False
cd2413fc-06d8-4104-9a1a-431df408ef92,True,False,False
cd279af5-712a-4412-9e43-420032d4d8fd,True,False,False
cd2ae431-0a1a-4c10-8a48-dbe00f059c21,True,False,False
cd2cc89c-f169-48a6-8211-0784c919e64c,True,False,False
cd40ee38-8f4d-4d7f-adbf-8dc0ef41f5bd,True,False,False
cd4d32e9-c05c-467f-951f-94f0eee27603,True,False,False
cd53b4ba-5028-4ace-a656-aa04c6c4b21e,True,False,False
cd56faec-90f9-4ba5-ab78-437d1bb11bcf,True,False,False
cd5a4950-be68-45e8-81fc-f6ee1233f0f6,True,False,False
cd630398-53ca-4b2b-b153-11c233ea0e46,True,False,False
cd6607c4-0adf-4f8f-aa05-d97e0882be48,True,False,False
cd690d43-8024-4ff5-a30f-f35d0995fbf8,True,False,False
cd6af99f-ded3-44e5-8d1b-277c2b048f94,True,False,False
cd6eaf5f-4a96-49f0-979c-88b821a8bb55,True,False,False
cd6f1c7c-0966-4378-b842-86bf2df18f46,True,False,False
cd70871c-2665-4b00-b761-2185ee94263d,True,False,False
cd7f8d03-010c-4b02-a2f4-66084374900a,True,False,False
cd8080c6-1f3e-4d82-b80d-a984ca08c3d2,True,False,False
cd8bb097-f2cf-46d6-b80b-07da2ccbc339,True,False,False
cd8f8be2-1e54-4eb8-a7f1-02a7c88a676d,True,False,False
cd91285e-93d7-4650-ae5c-9fe19160c6d5,True,False,False
cda46dda-6ea4-4252-a8e3-8e2c0cc824ec,True,False,False
cdaa5fe1-409b-4e11-852f-8d9d80ac50cb,True,False,False
cdaea414-dd0c-4559-bb0a-8717778186e0,True,False,False
cdb37978-5318-4b21-9646-881fc00b5928,True,False,False
cdba6d70-e283-4a27-a520-4e4d682c8928,True,False,False
cddf8bb4-5184-4fc0-8b30-eb0ab479f68f,True,False,False
cde4c7f0-9f36-4f2d-a6bc-be22b0f2491f,True,False,False
cdfada98-393f-4934-949d-d0a0a8929e0d,True,False,False
cdfc21b9-6601-429e-b177-054a5997458b,True,False,False
ce0432a9-af36-44e8-ae2c-3d59258034d4,True,False,False
ce09696f-0838-484d-9c03-1200c6387270,True,False,False
ce0af46a-ac98-4118-bd8f-c45e1b5cbf78,True,False,False
ce0bb657-8a0b-437e-9bc7-010d96f96c8f,True,True,False
ce0d03d2-b5ca-4e9e-b702-bd7d8b96b484,True,False,False
ce0e80a9-bb31-4a18-ae89-77b7e531a2ec,True,False,False
ce10007f-9ac3-6d01-d041-24dc26993365,True,False,False
ce11b2bc-5d42-4f56-9d2c-eb2030be8141,True,False,False
ce1868a5-ef3e-47cb-ac04-c05a8bba9c9f,True,False,False
ce1ab5fc-beb9-4ac0-87df-bc52d00aa539,True,False,False
ce1fa4c0-0a5a-4d2b-935f-62b3af51aea5,True,False,False
ce20b51b-6ca5-4523-bd6c-a75f065ab608,True,False,False
ce2266aa-24fe-4930-a073-1d3f627d1dfe,True,False,False
ce22940a-ec3a-4898-8a03-721add298999,True,False,False
ce2364af-e02d-416a-8d9c-450bb8b22645,True,False,False
ce25daf9-0dc1-4bec-8155-fcd3f0d8f0cb,True,False,False
ce298156-5614-4d77-b7ed-706fa1856fe5,True,False,False
ce2a230d-9519-4ca9-a4c7-2357ed10fdcf,True,False,False
ce2dc1ec-e844-44b5-a5b9-4b90f0be34dc,True,False,False
ce340460-0a6d-43eb-8d67-41b17bd9e322,True,False,False
ce34dda7-cca4-4319-bfcd-7dfd004380fa,True,False,False
ce37b8f1-0fc0-4fc7-a580-aa5ba2d5e412,True,False,False
ce3a9892-d9aa-4ad9-88fe-1e83d0794c72,True,False,False
ce409453-5cd5-43e4-a5de-a0ae169160ae,True,False,False
ce409a70-9e3e-49ef-b0e2-8c7359f0e965,True,False,False
ce40f73f-8b0d-4b25-af8b-2a4426a5b9ef,True,False,False
ce428e03-3736-4b1e-99d7-92576894ec09,True,False,False
ce44b0fa-c135-4502-8130-a328baad09fa,True,False,False
ce472855-aaa6-4ff5-bc50-a65baa3e5249,True,False,False
ce4a5d90-7d49-457a-87f6-a49c86f93f77,True,False,False
ce50d16f-bfc9-4eb7-b9a2-c2fae83f60e4,True,False,False
ce56637b-f413-4c4d-a3e7-f38f19f455f1,True,False,False
ce5abe9b-dafd-44f9-83c2-e9920f07600f,True,False,False
ce6196ae-6cfb-4aa2-b474-08702561db47,True,False,False
ce64d9bd-c9e6-40ce-a173-f27972f6cb7a,True,False,False
ce6666ce-2e49-4d8a-b97f-ad8b99e54eaf,True,False,False
ce6b15e0-a858-497d-8f7b-cba108a4606f,True,False,False
ce72896a-afac-471e-b1f5-3a081422d175,True,False,False
ce74bf5a-d045-4242-a9a6-a76214ce4d06,True,False,False
ce75af01-4c57-4951-8888-38a4d37d8f9c,True,True,True
ce79715d-ea18-45d8-a674-9544f2d4d67c,True,False,False
ce7fe350-8ce6-4a99-a718-099c15aaf1dc,True,False,False
ce80c7cc-22b0-d220-99a2-61bf86878275,True,False,False
ce8625ca-a4c5-4c50-be27-f0d97da0efb0,True,False,False
ce867858-60e2-44b9-85cc-00272a770229,True,False,False
ce8ba240-337b-40db-a786-a258e048e44c,True,False,False
ce922287-b71c-4b6c-83b5-224138241657,True,False,False
ce9686ff-e14f-4984-bebd-b3c5c0fe9f93,True,False,False
ce9734ff-a319-4058-95b7-d75048838e10,True,False,False
ce9f4206-d840-4c4a-8e75-b5b53bb27666,True,False,False
ce9fed67-9b15-4947-b065-4c9e28e18ab9,True,False,False
cea341cf-f892-4ebc-9a8f-d7e94eff600b,True,False,False
cea96658-4d45-4d28-a479-87f0d4b238b5,True,False,False
ceacd72e-d402-4cf7-9920-eb154f6e69c5,True,False,False
ceb37d99-1a7a-405c-b5f3-f44bf9b636c5,True,False,False
cec245e2-71f2-4505-b214-aadb328a5932,True,False,False
cec56508-75e9-4127-a03f-2c0f7dd59f5f,True,False,False
cec64f15-583d-4f60-be74-0118b929b7b1,True,False,False
cec9bfa4-7750-4e99-af5f-939c56042adb,True,False,False
cec9d3a0-8f04-44a8-bb8c-ef458ab5494f,True,False,False
ced70050-4c57-46fc-8503-b6952fbe9927,True,False,False
cedbc04a-1ea2-4f91-9692-d2dffe713935,True,False,False
cee4d901-5b7c-4e4f-a9cd-e9171dedf9dc,True,False,False
cef21f93-5871-40d3-ae4a-3266093911f6,True,False,False
cef9e277-ded7-4dec-b4f2-fb2f013d8c3e,True,False,False
cefa66e4-9076-46b8-af06-9c2349339592,True,False,False
cf0d77b3-2167-4e6c-a743-d3f9bb457041,True,False,False
cf175e71-3ce3-41d2-877c-e8e6b0046ebd,True,False,False
cf17b2f5-1823-4890-ab57-d4fc86d60d8e,True,False,False
cf195583-4d4f-40b9-856b-7ebe21a335c3,True,False,False
cf1c3079-a5de-4734-8fc7-a4de6832535d,True,False,False
cf1cef24-a790-4ce6-9ee3-70e022bb6203,True,False,False
cf1f8fcf-8c91-4b5e-8372-d960e609337d,True,False,False
cf2a3d1d-27e0-4764-b887-db216c6a6ebd,True,False,False
cf2c87cc-a4ea-4c98-add1-f916c68e86ca,True,False,False
cf35445f-5921-49b8-8b62-d98a6a0d8b70,True,False,False
cf44eeb1-7db6-4386-aed1-da0d8167535f,True,False,False
cf492d7a-6113-47da-9850-e1e5f76b8b23,True,False,False
cf49c6cd-0d2a-4403-8916-84778dab5880,True,False,False
cf49d941-1c07-46aa-9ddf-3d32fcb1dbc8,True,False,False
cf5374c0-c8a1-4e56-bc5a-4082c0c43c6e,True,False,False
cf58a040-f8b2-40c2-9b4f-0b9122f834ce,True,False,False
cf62785b-ed84-43f0-80ba-3a458239c204,True,False,False
cf67ea3e-a68f-4cd4-a088-f421f110db83,True,True,True
cf6a4100-a383-4b33-a286-ec21a1b4ffcb,True,False,False
cf746f4f-ac85-484f-af1a-03682be91382,True,False,False
cf7beadd-fe74-450e-9ebf-f236750a3930,True,True,False
cf885b84-67da-44e5-aa82-f326d2574829,True,False,False
cf90a01b-dfc3-48be-abe9-5a0f18fa1dd1,True,False,False
cf9ccfda-84b3-42e6-837a-e64e62b021e1,True,False,False
cfa3ed41-d2ef-4526-8980-fc1493004978,True,False,False
cfa57d5f-0445-4fbb-8d2b-401e001c3a68,True,False,False
cfa68ad1-ecc1-458b-ae5f-4ba6341c17a2,True,False,False
cfa8a6c2-1b8a-4b02-babf-59d1c873797d,True,False,False
cfa8fd8a-9b1b-4be8-8258-29ea1d35a64d,True,False,False
cfad62e0-e40b-4ecb-a335-2de88259c339,True,False,False
cfb16c9b-f056-42ee-b9e9-a7094e77754f,True,False,False
cfb94b13-ed6b-47c6-a597-1791488ba38f,True,False,False
cfbdb44d-af89-4720-839a-843e94149566,True,False,False
cfbdeeff-51c1-4ab4-8684-b1d1f58e6f02,True,False,False
cfc27b7e-5115-4fdd-8c6f-9bc1dadb8628,True,False,False
cfd04d75-bbca-452e-adb7-c425d9663995,True,False,False
cfd06942-a611-46b8-a05f-b95bf72d9009,True,False,False
cfd6973a-7ccd-4d5a-a39e-dd5f2c97035b,True,False,False
cfd8ec45-dc4d-4aae-97f9-80f773a4c7d2,True,False,False
cfdabc07-1417-4880-b1e2-117053f79e83,True,False,False
cfe729b7-c27f-47ae-a564-ab530f9ff511,True,False,False
cfeaceb8-1ffc-4bca-9a30-7865346000b8,True,False,False
cfeafa58-770d-4ae5-bf9f-810e55299a8f,True,False,False
cfed92fc-fda6-4094-861c-3962eeb78a9a,True,False,False
cfee4955-0a71-40bf-9971-6701a01a92f9,True,False,False
cff18cb1-2c9a-4a47-822c-0eafcce0c2d2,True,False,False
cff83763-486a-4bc5-9800-0e65c0087ecc,True,False,False
cfff6a7e-4d75-4a12-af40-3aaac2620790,True,False,False
d002e602-e283-4d6f-a40a-0b2bd4728395,True,False,False
d007108e-f013-4701-b622-d34fca297671,True,False,False
d01b352a-caf5-403c-afb9-d2269d479804,True,False,False
d01cefc1-c3b4-3979-7377-22a4a9fab236,True,False,False
d01eeb71-6984-47e6-8aab-1fbad52ce7fe,True,False,False
d0212ebb-6b87-4e8d-984d-4283d88471f2,True,False,False
d021a584-5790-4375-b5c3-f46c839e2d50,True,False,False
d02649df-770f-4655-be86-677ec410e84c,True,False,False
d0270013-f597-4a68-a872-e1b8418b6d1b,True,False,False
d0292b82-df56-460c-b0ce-ff2ffaac811b,True,False,False
d0296c6f-ba99-4fac-8e39-10a2791d70a1,True,False,False
d02fbaea-2a3e-4c26-8eb9-102d79758160,True,False,False
d037363e-a1d8-4eee-8d60-15ad3f3c4c46,True,True,True
d03d2aa1-c23f-4b0d-bdf9-4d9dffc0407d,True,True,False
d03e642f-45bd-4719-94af-d66e0350c8f5,True,False,False
d0486c78-595f-4782-ad14-d632d5896ade,True,False,False
d0530eaf-841e-4b06-b97b-58912bb1b619,True,False,False
d05bb634-210a-4638-9ae5-b6b4f481abae,True,False,False
d05e3ab8-7761-4404-b520-fb7e77fa53db,True,False,False
d060ba1b-dd33-4081-bd8b-3ce8dab91cd9,True,False,False
d06f14a3-42b9-4975-a716-eeef747b3bbd,True,False,False
d0718e0e-4fa1-4c00-913f-a17218bcd43b,True,False,False
d076ab80-6d37-4f31-a663-7e7d7309148a,True,False,False
d0784f88-93d0-49aa-8f12-cc8f48e23baa,True,False,False
d079f23e-3367-4828-aa33-1bd77d18426f,True,False,False
d0810135-e9dd-4543-85eb-46378115ee35,True,False,False
d08629d0-cbad-4fb7-b7ed-77aed043664e,True,False,False
d08b4b31-7780-4d49-baef-5712833d008a,True,False,False
d08e3b8a-bf76-3c01-5543-c39e18e3b727,True,False,False
d09a9481-e53a-4f3a-8745-2edb8aef61c2,True,False,False
d09ad922-8612-412c-9e57-a26d1600d602,True,False,False
d0a57149-14be-4e9f-9192-7dba3dc2d851,True,False,False
d0a88f31-e152-4a1d-92fc-f73872f1bb2e,True,False,False
d0b2c12a-019d-4fba-a2ef-9874f190ab5b,True,False,False
d0b5a241-6d28-4ab7-9184-cfd1b030d695,True,True,True
d0b72449-b5c0-4aaa-b256-e016ec3441c7,True,False,False
d0bfd3b9-fc0d-43e7-8aa3-bb16dd088e70,True,False,False
d0c619f1-c127-4d20-9777-cd632ee08097,True,False,False
d0cfe936-903e-4deb-881f-dd519bf0c1a0,True,False,False
d0d1de08-497f-427a-8433-79c42e43a13f,True,False,False
d0d6fe2f-586f-44b0-8ecd-2ba02bc304e4,True,False,False
d0dce5d0-ffb9-449b-8ac8-d1977cc461a5,True,False,False
d0e5be18-5dd8-48ff-857a-732d802827f4,True,False,False
d0e6dccc-2e3c-43d3-966e-19690e78cbcf,True,False,False
d0e97689-431a-43b5-a628-f959ba905460,True,False,False
d0e9dc05-2a92-458e-88e5-9a7c73378066,True,False,False
d0ef696f-6c28-471a-a9ec-f9af6924d4ce,True,False,False
d0f1a843-b783-4c2f-80a3-2d421634082e,True,False,False
d0f6e551-281d-4fc4-9b42-b211ea0c2204,True,False,False
d0f7a132-73d4-4eb5-a6fc-26477218b371,True,False,False
d0fa0749-3374-49f3-9d5f-4dda2cef31b1,True,False,False
d0fa2a85-0fa2-47c5-8b47-39922043b68e,True,False,False
d0fc7e06-9a32-45fb-ac72-dd1fdd371d4c,True,False,False
d101190a-0cff-4482-8a61-c01a9bbd7aa9,True,False,False
d1081ea3-6515-4177-99fb-8d30e0788dca,True,False,False
d1086dbb-222f-476a-a812-732e9a7550cf,True,False,False
d115ec7b-e622-4c38-b9ba-3102f5c3b030,True,False,False
d122eba2-c86e-47f7-91d1-a53662780775,True,False,False
d127e4f4-c13c-495d-b7fd-312446647096,True,False,False
d1298cdd-bf1f-42c3-8444-377cf01f734d,True,False,False
d12a60fd-0770-4181-b20e-9b734a167208,True,False,False
d12c4e86-e06c-4180-a1c9-5c97ea8566cb,True,False,False
d131af60-aa3a-46b1-9183-3693d679a193,True,False,False
d13a2558-3f22-4aeb-bec6-99a0dea6d484,True,False,False
d13ecb16-4f97-4bad-9102-1118694f3f7b,True,False,False
d1401efb-2bdc-449d-a0e3-9f9c37edf76b,True,False,False
d1404bd2-b261-4b56-ac05-ec3374638f91,True,False,False
d1521d5b-36c8-4bb1-ad53-b13f21f99bdd,True,False,False
d152779d-4b04-4b18-8c92-a179e671886a,True,False,False
d153f026-70e1-4017-9689-ca483f7e217e,True,False,False
d1591bcc-a215-4c9c-83af-3ec36fee1171,True,False,False
d15a70cc-1358-46b1-b08b-68ca94f57f37,True,False,False
d15a8e03-94c0-4f50-b2a8-5072edaef1cb,True,False,False
d16042e5-8c8f-433f-85c4-8cbe7b9b4117,True,False,False
d16b6a03-fa50-4512-82f6-6ad4fa80f17b,True,False,False
d16ec00c-8748-42c1-a82d-ee5f1b98ece0,True,False,False
d1706431-67bc-4dfb-89d0-b0ea659fd8f3,True,True,True
d1745975-0731-42a0-a80d-2368211761d0,True,False,False
d17815b4-c599-4cf5-aeb7-74007f422800,True,False,False
d180bb77-dcad-48e8-8240-ce81712137d3,True,False,False
d181686e-deef-4867-b0ca-71f3e3d07b7b,True,False,False
d1868583-c00d-4149-bcea-5974c492d665,True,False,False
d18f0797-986d-4798-aeb7-ec1ee497b1f1,True,False,False
d193a30d-3979-40d1-aaef-5189e09eb759,True,False,False
d1955613-d149-4ec9-b587-3f255ac6b808,True,False,False
d1957bd5-a9de-437f-ac28-d61435a04abc,True,False,False
d19cbe1a-c807-4f7a-a45e-853095329a00,True,False,False
d19d04b4-c630-4030-a5a6-c9700775859e,True,False,False
d1a23e9f-46ad-42ef-8a6f-7eee574c608e,True,False,False
d1a313b8-eb95-4d8c-9cb4-8869ce86166a,True,False,False
d1a5e841-05ce-4689-9b47-045be2d579bb,True,False,False
d1b31e45-cc74-4d3a-a9cb-ddcba7fbebd6,True,False,False
d1b72aee-5d09-4c54-9fbb-2ab8b919b0db,True,False,False
d1ba3660-3868-4123-a949-33f8cdb9237b,True,False,False
d1ba8fdf-254d-485d-a2c7-099b9c05b5e1,True,False,False
d1c63d3c-9889-4fc8-b99d-5b1f2d33af74,True,False,False
d1cbccb8-9fda-494a-bc61-5217a23f3f96,True,False,False
d1d2375b-7309-498c-9adf-c5ef4881f62c,True,False,False
d1d85f32-b433-4d15-9b0e-13a3dca2cd72,True,False,False
d1e13988-5f8d-473f-bbc6-65f78cb4040c,True,False,False
d1eb232f-5b03-4681-9ed1-9382aadf9d67,True,False,False
d1ec5f54-ce32-47bc-8512-8639e2936ddb,True,False,False
d1ed395c-08c2-46c6-aeb8-723bb0e1c0c5,True,False,False
d1f46b6e-6a6c-4ed3-9c9b-cd520e343f9b,True,True,True
d1f57078-84ff-47b6-993a-32db10c71041,True,False,False
d1fa0112-0019-486f-b2a6-408fbf2fe189,True,False,False
d206c276-14c3-4efc-a2e1-3e95fc78538e,True,False,False
d2079c2d-e4f5-4a21-9b68-625357a7ed2c,True,False,False
d20e5ad8-8286-4bbc-bf3f-0466c57dcbcb,True,False,False
d2165dc3-9f7b-4ab6-93ab-5efe41201cfb,True,False,False
d21c4998-5414-40fc-ab96-600bb788e767,True,False,False
d221e596-e9f8-4d9d-ae28-ca846510bb89,True,False,False
d226447b-bc29-4aad-b275-2149a3c41ef7,True,False,False
d22c5061-270e-4d6c-b00f-93ff09a97edb,True,False,False
d22daca3-dd6c-4b23-b387-f13c4be58edf,True,False,False
d234941a-247c-84e1-90ba-900f41694ef4,True,False,False
d2353486-9b52-4bab-adfe-657d32efc9d5,True,False,False
d24347b3-0463-4be4-b7e9-b8ed2830a6c0,True,True,False
d245d9aa-ae20-4579-969a-5a526c7791c9,True,False,False
d249cc82-baf8-41c7-ac8e-cb8395029e20,True,False,False
d25ac45c-4263-4f15-8016-92880726b9d4,True,False,False
d26833ea-c185-4186-b888-0aba25261dbc,True,False,False
d26e0ac3-88a1-4519-a3ac-6fff885179f9,True,False,False
d26f24a0-487c-4ae3-909d-1e6c63b96d5c,True,False,False
d272866d-c181-41cc-bfe9-965eceb77f3b,True,False,False
d2757bfc-261b-49b0-8772-3a4c00ecc3a8,True,False,False
d289f91c-bc2a-4fa7-ac4d-3aa4371f7a54,True,False,False
d295f2c7-a9fe-4bb4-a4c3-5525c9bd1e84,True,False,False
d2996ac6-6893-4381-ba18-0ab19e7c35b8,True,False,False
d2a5a2c0-d465-49dc-afe7-9009f642f554,True,False,False
d2a7058d-92e1-46e6-be90-be084286df4a,True,False,False
d2ae2dc0-1608-4c7b-9d0f-b2aa0a2e941d,True,False,False
d2b28678-313f-46a2-8ec4-2ba369026034,True,False,False
d2b7f9aa-511e-498c-9bd5-4c76413577c3,True,False,False
d2b9ac20-b63b-417c-893e-787164c07740,True,False,False
d2ba2854-656a-487d-a80e-02164608e0b8,True,False,False
d2ba6b15-628b-48d9-ad12-15d4e03c71f6,True,False,False
d2bae0de-6d26-4c97-9d8f-c6c0d14503e8,True,False,False
d2bd7a46-a9ca-4675-b420-5c4026134337,True,False,False
d2c1f3cf-0625-4698-a952-1663bd56fa24,True,False,False
d2c3d8e4-31fe-45e5-8f51-5ff14bb7432a,True,False,False
d2cb9e3b-c55c-462e-87e4-d6ce708e141d,True,False,False
d2d0c3ae-159a-4642-85c4-66bd14100517,True,False,False
d2d3d2c6-631d-489e-9fb5-06f340b85be0,True,False,False
d2d78394-066b-4242-9933-58f25dbd18db,True,False,False
d2d8899e-dd58-43d1-92d3-f8f84495d367,True,False,False
d2e6a0e8-b617-48a6-9a23-4880ab17e598,True,False,False
d2f0d6c5-c207-4865-9440-76eefd91450a,True,False,False
d2f5d3e8-9e22-4120-9ba5-8463ac150ca1,True,False,False
d2f96bab-68f8-4288-9eca-92089f801d14,True,False,False
d2fa75e9-1ac8-4e14-9533-1b7ee14cd421,True,False,False
d3041ce7-2b16-48d8-ac09-b6abf29e3ff3,True,False,False
d3045877-20ec-4519-bb2f-30ec96825286,True,False,False
d3064eb2-eee5-4426-b296-0c4a86f94a7c,True,False,False
d309fa6f-5544-4be9-b125-f806103e3277,True,False,False
d30ae87d-ec62-4ea0-9ba1-6960391b44fa,True,False,False
d316a1df-e8c2-4991-b645-998270da05ae,True,False,False
d32c7c8f-2225-4459-9160-578b40814300,True,False,False
d33291d5-e3a0-4724-9b63-9ea140f52b5f,True,False,False
d336fa85-897f-4300-b7b1-997587d87e34,True,False,False
d338b046-c259-4404-8cb8-998a2c8d08b5,True,False,False
d33c82b6-0413-4659-a0ca-65fdf6d89d4f,True,False,False
d341a401-5749-454c-9f17-f1f68af18a6e,True,False,False
d34490d1-29de-4bf7-af88-7c457467d47f,True,False,False
d3478199-f7d0-4582-9cf3-b48f3c86122a,True,False,False
d34b9848-49a5-4133-aff3-cee0b6e91bec,True,False,False
d351dc8b-b31e-499f-bf8f-6c15375d33e8,True,False,False
d3567baa-cb2e-490a-936c-1f488b931e41,True,False,False
d35de600-c1ba-4d62-9b5f-88ee146ed754,True,False,False
d35e7ad4-a7c2-494d-b8a4-6c6052d45ef3,True,False,False
d3672a41-cb7b-472f-9633-9f3df1606ba8,True,False,False
d3680745-c602-4362-bd2b-10d19baab256,True,False,False
d36c333c-9d18-41b5-a7ee-0512b4fd2b73,True,False,False
d37c0a56-cc61-4476-98c7-7c9a5a843553,True,False,False
d3845c64-c50c-4189-a47d-cefcb1e49918,True,False,False
d38b8263-befd-4ce5-a789-fc2746820925,True,False,False
d38c61cc-2698-4ea1-a317-db1343372622,True,False,False
d38e3640-6cf3-4750-bc2b-643e2049a689,True,False,False
d391f9c6-8ef1-4811-bd8d-61c7c6d669b7,True,False,False
d3942afb-deac-469b-8343-3e8f404ccb8c,True,False,False
d39553e3-ed45-4355-916b-de16310d5e3a,True,False,False
d3988932-f10d-4339-ad65-c7194407bec8,True,False,False
d3a3256a-ad27-4996-b7d3-ad251c5d5172,True,False,False
d3a67c85-4ee6-42f3-a3b2-87d57618eba1,True,False,False
d3b0bc3f-b67a-4e5b-b78d-7264300852a6,True,False,False
d3b57c90-65b0-4642-9196-bbbc3f189cda,True,False,False
d3b58fcb-7d3a-4b48-9347-144634d182c8,True,False,False
d3bf83c7-0561-4d0e-be2c-78348ed63a6d,True,False,False
d3bf8e8b-6a26-4466-b24d-5b1a362eb625,True,False,False
d3bfdd5a-fb1b-4faa-af40-eddec7ec71f4,True,False,False
d3c0c362-cc72-4c43-9617-7f361eed29f3,True,False,False
d3c4532c-ff38-4eb6-9768-45a2d494e25e,True,False,False
d3cc5236-3b45-48ec-81b2-524d85291c3d,True,True,True
d3cf6610-3eea-4638-b50a-5a581711b606,True,False,False
d3cf824d-b329-46df-9616-f35e7f26b02d,True,False,False
d3d4b921-d28c-48ed-ae58-30134f43406f,True,False,False
d3d4ed82-5768-4c3c-a07c-c0497805c208,True,False,False
d3d9c51e-fb66-47f2-bf34-1c8bca6e7ff7,True,False,False
d3df0327-a405-4415-b572-cf3cab27c1c8,True,False,False
d3eb769a-a460-4be7-be38-f23a5de551c9,True,False,False
d3f00d23-13ce-41b5-88e1-e67b5a8c49dd,True,False,False
d3f1a905-59c0-4127-8726-5332a3c7985d,True,False,False
d3f29ad2-b967-4655-8dca-70fe7bd89821,True,False,False
d3fb8770-59ad-4c16-8632-34412d597a1c,True,False,False
d3fd6860-b305-4ec1-bbbf-1f11d88d61f3,True,False,False
d3ff456e-0537-4c72-b126-752dd3e135db,True,False,False
d411327f-c879-4611-bca8-de0b0a6fb584,True,False,False
d413819c-fd6e-42d1-8696-68f161454e68,True,False,False
d41ab0e0-2d10-4dac-9d72-28f41d410c9e,True,False,False
d41b4790-aff8-4fa3-935c-fc7a45f98528,True,False,False
d4229159-acfc-4b53-a4a9-0acc00889d7d,True,False,False
d42d6039-2134-4db1-bda6-ffd24ea06fe3,True,False,False
d42f8090-0f86-458a-a4d5-b69f690e1fd9,True,False,False
d4320842-65ac-495e-9fd3-55acab197e3a,True,False,False
d4479a05-921c-4b34-a0a9-fe30b9bacd04,True,False,False
d44a608a-addb-4695-8537-ad88753df878,True,False,False
d44b42e9-1292-4865-82ea-41df8b08809d,True,False,False
d45b48da-60b2-41a6-bc95-48ad46b1e473,True,False,False
d45ffb44-fa95-4f04-9caf-a5a2e5f6ddb3,True,False,False
d464db54-5829-42bf-9b5e-7a15cf81d02b,True,False,False
d465ab53-51c8-44f7-9e1e-1bc4802dc92b,True,False,False
d46dfcdb-fa4a-4ded-a1e1-3484da700e0a,True,False,False
d48079d2-4c42-44c0-8b3d-6c5050a1631c,True,False,False
d48255f6-cf3a-4ef6-b467-fe2808e9ff70,True,False,False
d48337b2-9919-4f05-9384-e53ba3a61058,True,False,False
d48bdf8f-c41f-4b24-bd98-67442351f882,True,False,False
d48dd5a6-02be-48d1-8a7e-89e682848900,True,False,False
d492bfef-a35d-470e-a369-c12e28bc154d,True,False,False
d49438f6-c7ad-487b-ae56-f6c93a842a52,True,False,False
d4963773-6fdc-4d1c-9352-8ab61d2e57f3,True,False,False
d4982ac3-3ed2-4cf6-b140-dcdfcb019191,True,False,False
d49d1ab0-9f8b-4f55-aca3-eacc7f951203,True,False,False
d49ed25f-a95e-4667-a962-77b6442c07ca,True,False,False
d4a40690-1098-43a0-b582-a6ee8d2d2427,True,False,False
d4aa5d5d-bda9-41cc-a9c0-cdcb3d703881,True,False,False
d4ad355d-07d8-4c1e-ae64-b1ad0e664311,True,False,False
d4b882c2-36d1-43a4-91b3-e19cfd1bea1a,True,False,False
d4b93a07-2753-4e63-8ef6-368dfc53c519,True,False,False
d4b97db8-eff7-4340-93a8-7336759729a6,True,False,False
d4c0e1b9-e1cf-4542-a8e3-90fbfb6272ec,True,False,False
d4c2b3eb-b0c1-46ac-9e8f-bd613f959650,True,False,False
d4c90811-8b7f-4933-b62d-1ebc0c1049b9,True,False,False
d4cd6c8f-b617-4347-b3f6-0547f8b1207a,True,False,False
d4cd771b-e4c4-44f4-b664-554e51aac585,True,False,False
d4d060bd-9381-d6dd-568c-48637e539c41,True,False,False
d4d33846-ddc0-410b-ae00-c9e03ad5dae2,True,False,False
d4d42635-0241-4489-81d8-104ca64d9437,True,False,False
d4d8888b-bb83-4b1b-95b3-92ae719fa850,True,False,False
d4da16d2-0e3a-419d-b81d-699963736213,True,False,False
d4dc5f3c-55ec-4d7e-961e-45909207dddd,True,False,False
d4e9096b-7236-490f-83f5-1497a2519334,True,False,False
d4ef052b-60e1-4f7d-b4f4-c71a5636d531,True,False,False
d4efd32d-8a8d-4192-b19e-758c4f741c07,True,False,False
d4f0b91c-b9df-4cd7-8d77-f065d6ad13ec,True,False,False
d4f24c87-8f32-402c-a271-26b8a37b17ae,True,False,False
d50c334b-7b31-45a9-befa-6d2fd446d4c3,True,False,False
d50eb431-e976-483c-aa47-9d7dc18d4374,True,True,True
d51424a1-a7e8-47dd-ac79-8d2f7b4b2f7b,True,False,False
d51f3c50-f580-4b1e-9efb-ab8d7ab07359,True,False,False
d520943b-e570-4b77-bdc8-a55251c24368,True,False,False
d520f9ee-6173-44c6-b940-acab4dd25ec2,True,False,False
d5253343-eb94-451a-a99b-3d007db3f648,True,False,False
d52f6b4e-7ed8-4e86-8fc7-2ebd824c153a,True,False,False
d5400e6f-bac4-2e9f-5ccb-07436fcce04e,True,False,False
d54424ad-cef2-4349-88dd-8cbf8039bcd0,True,False,False
d54590d7-9153-46b7-9fe2-c70ca130d739,True,False,False
d5469a76-4710-43c3-af0b-9d9f27d12f63,True,False,False
d54b616b-71b6-47b5-8f6a-071a3f63ead8,True,False,False
d551b4be-c60e-4c19-a0fa-1d586ffefd6b,True,False,False
d55630f6-8991-49a4-89aa-448059ee4fbc,True,False,False
d559615a-1eea-48ad-81b7-86da88b537b3,True,False,False
d55f8edb-a46e-4605-b650-d75cf605064c,True,False,False
d5702066-cd86-4c64-9d60-d15e0247b18d,True,False,False
d572aa8c-e6a9-4d2f-bd61-326803499a92,True,False,False
d583b289-3951-41a2-a2c3-11447068621e,True,False,False
d58bd43b-758d-491d-91d6-054b72729a2d,True,False,False
d59014fd-25d3-4a9e-9a91-a3f25687da63,True,False,False
d5951840-6687-4786-9c0a-83c9d7758cef,True,False,False
d5a5cd08-5813-4cf1-8044-f2f12a3cf6aa,True,False,False
d5a852fb-28e4-4c65-804f-99ca07a5b373,True,False,False
d5ac69eb-a4ca-46c7-9b47-494f803529df,True,False,False
d5aff9e2-091f-444f-8db3-930b50f3b25f,True,False,False
d5b02a5a-4d51-465b-8996-4a2e821465ef,True,False,False
d5b144c0-4841-4936-b9e5-5af85433e1b6,True,False,False
d5b2a1c9-91a0-4994-b642-c00b0310cfaa,True,False,False
d5b57198-5d20-47a7-a024-67dc661459eb,True,False,False
d5b5c263-27dc-47e1-b0a4-a825d9cc394c,True,False,False
d5b81a10-7087-4b3e-97da-1b58f560f3c0,True,False,False
d5b964ef-c955-4efc-a789-02e62621f5da,True,False,False
d5bc9329-6774-4929-b009-1c8f9a7b69f9,True,False,False
d5c022a6-7dea-4c9f-91c7-b47fda57f39d,True,False,False
d5d4254d-e58d-4266-ae6b-5a46ade830ec,True,False,False
d5d70ac8-18de-49ea-a904-72102fcc0adb,True,False,False
d5f5778f-f677-4706-87dd-e96ed3b77c4d,True,False,False
d5f6075f-b069-4aa1-9cb8-56d3f7b12ebc,True,False,False
d5f896cd-44c2-4ab5-b5b6-ea06dd0a01aa,True,False,False
d6014eb8-dbf8-4af2-9bab-e4c46a259ecb,True,False,False
d6032ff7-89d4-4861-8d5d-b0e9ddab319f,True,False,False
d6034fa2-41fb-4ac0-9051-55ea9fc9147a,True,False,False
d6060490-f76e-449b-8ce6-e7c7afc93ce2,True,False,False
d60943f1-5f1b-4960-b4b2-6dd8bfcf4c21,True,False,False
d6270179-33f0-4468-ae8f-7c386ed2b344,True,False,False
d62df63d-5c41-49d3-b9ef-e680ef0b21da,True,False,False
d630fc6f-6e56-4ade-ab60-efe7ec4951ef,True,False,False
d63485ae-557f-40a0-b802-085352734249,True,False,False
d641e3a1-c32a-47b5-a1ae-a0087162d0ec,True,False,False
d642f112-09db-443f-af89-0f499e5138ee,True,False,False
d646ae43-3745-401c-bc0e-bed99124671a,True,False,False
d64d1195-dc6b-42e4-bd2a-2ad11bbd2726,True,False,False
d65253c7-f20f-4228-979d-5fd8e5cf87e5,True,False,False
d65e8d37-123f-4686-8a21-0ea27a2b1b0b,True,False,False
d65ecdae-353d-4426-8c11-b84b6d757c56,True,False,False
d661c8f9-30d6-4b0f-b7aa-2bca5eb50abb,True,True,True
d6620360-a65b-452f-b003-449cff993b59,True,False,False
d66696a4-301d-4b65-bedb-46a39714bb70,True,True,False
d6696a97-97a0-46a4-a940-14e339876884,True,False,False
d66a2477-9eac-4aa4-86e4-dd355e737a50,True,False,False
d679b462-08fa-4642-a6cf-16ba0ac2f95b,True,False,False
d67efe84-f47e-44dd-8abf-a9122c706acd,True,False,False
d680a829-806d-4b91-9179-110d0468b064,True,False,False
d6837bd3-1fc4-4a62-9a99-b53cf59d2d6d,True,False,False
d689f133-5a1e-421a-883c-dcee8fab8b79,True,False,False
d68e0fc5-6d08-4e04-adfa-4b9df7d1ea02,True,False,False
d68ff4fb-ee18-4d03-97ba-d2a2c9cd7f16,True,False,False
d693cf7f-a5b9-4777-ae30-81d69a7e12fd,True,False,False
d6a20ea1-2b50-48cc-86a7-b2b1c136a0d1,True,False,False
d6a2bd69-2e13-4695-9758-181692ed82ad,True,False,False
d6a64309-b746-46c1-849f-412b9c7dbbef,True,False,False
d6b15c22-6e3e-485a-9b2c-bc1a79055003,True,False,False
d6b4f0fd-d11a-4350-9934-29423b30d2ce,True,False,False
d6b5e931-019e-4a15-b321-0f3f0989a456,True,False,False
d6c9bebb-6860-40ce-8f51-0a5b8b71ee8e,True,False,False
d6cbf19b-0d43-49b6-aa3d-53655cd35d30,True,False,False
d6f225fa-6594-4679-ae68-d410622833cd,True,False,False
d6f288dc-80c0-4b96-94e0-18ae8b155515,True,False,False
d6f7daf8-4eb8-41f9-a8ec-541ce9586cb1,True,False,False
d6fe110a-e894-4537-9e6a-3cb03a7c4114,True,False,False
d6fe961e-80ed-4641-885b-b15474508c4c,True,False,False
d70496fa-2109-4fb9-99fd-2ef4a3da8251,True,False,False
d70c0de9-369a-498a-a5c2-a64effd693f8,True,False,False
d70ccae9-c6e3-486a-82db-6b42fc65d7fc,True,False,False
d70d4159-4bec-46a4-8b71-73a25760f53e,True,False,False
d711378a-1199-4858-9f11-d35c998073a5,True,False,False
d7143529-ca38-47f1-9fe1-7bae9a24cda1,True,False,False
d71554cc-e3e4-4667-8e81-b2ce804c6dd2,True,False,False
d7178917-a337-42ce-a32d-0401ac897fdc,True,False,False
d7196940-7d66-4b64-89f5-8186153ec6f0,True,False,False
d71bc724-a534-4e76-b824-ffb983de1405,True,False,False
d71bff39-8b17-467e-a637-8e5d04a8cad7,True,False,False
d71e5744-cad7-4e09-bc3a-c58ce39bf84b,True,False,False
d7328030-c089-47d7-8b16-321bc4c351e7,True,False,False
d7337dd9-3c47-430a-9ffe-a521c736c2b9,True,False,False
d73a7aef-ccbc-4820-85f9-7b3d09efb7f2,True,False,False
d73c982a-2027-4524-901a-fee423fb5aaa,True,False,False
d748671f-e6d8-4de9-9713-bba314833c85,True,False,False
d7491de5-87aa-417c-9968-1e0261066fa5,True,False,False
d74bfdeb-898b-4881-933f-951f41158e3e,True,False,False
d75888ce-da2d-48cd-a164-c47bb1453c1a,True,False,False
d75da96e-8693-4b4a-8759-e86c00b198a8,True,False,False
d75f37e1-99ad-4d23-a4c3-abe3cfacdf1c,True,False,False
d76524a3-8b91-4b08-95d9-36c69129b8b5,True,False,False
d766f2ba-e95f-42e7-88c8-7926e4ad74be,True,True,False
d76958c6-5a05-4784-8ea8-f40f2c4b75ad,True,False,False
d76b7e6e-d95e-4c94-8a1e-c11b66c05ff2,True,False,False
d76c6523-79c3-4ff4-8dec-32d37b8ec02d,True,False,False
d773313a-439f-4734-af83-d98507771344,True,False,False
d7736e5d-c5dc-41f4-a09a-46ee4325709c,True,False,False
d773e79e-cd33-4ce9-9054-a4487c2af3dc,True,False,False
d7760835-8c81-450b-a37b-8a947937862a,True,False,False
d77ae42e-89bf-492f-b0e5-f5a6b782cf95,True,False,False
d783abb5-bb12-4452-8f18-b7f7863cc6b9,True,False,False
d7901b32-995f-4d08-b204-e7f4e4c8ce0b,True,False,False
d7923ca7-36da-40f0-a745-536dc02a42cc,True,False,False
d79398ca-2167-4ace-92ba-99c6283f3d9f,True,False,False
d798f7a6-dcea-4c8b-bdb6-9383487ff4bc,True,False,False
d7a00a76-bd37-421d-bdb4-3ae94d99c4a3,True,False,False
d7a34087-0120-42f0-8d4e-75ec32f77a1a,True,False,False
d7a3793c-87cf-413b-856a-4aa655be81ba,True,False,False
d7a4f9fb-6032-4b0e-bb42-c51ff9e9b41b,True,False,False
d7a9c9ce-26fe-44a3-a3d7-237bc25ec244,True,False,False
d7aa7233-b6ed-489d-b325-01cf6cc2bbdf,True,False,False
d7b40f61-3a64-4827-adf3-7bdf3ed11410,True,False,False
d7b4277b-a30b-416a-bbeb-7d7d0e36c54c,True,False,False
d7b83eb3-6f96-48d6-9bc8-d434650e43bb,True,False,False
d7b89d69-cadf-414a-858b-96dc3d298fcd,True,False,False
d7bff70b-a8b3-40a7-8c3b-954f941e874d,True,False,False
d7c091a2-75fc-4ff9-8260-f8ee55ea497e,True,False,False
d7c949c2-dadc-435a-9243-520e6e824743,True,False,False
d7d10f13-2054-47c7-8cd1-8320fd346f78,True,False,False
d7ddcf1d-6169-41b1-a282-226e1ec1a797,True,False,False
d7df0e6c-9c81-4c49-8664-2f839c64c883,True,False,False
d7e3af39-d398-4c4f-b25e-acf36692d1b5,True,False,False
d7e8be49-1bd8-b200-f7a8-607f6246b7e5,True,False,False
d7f7d35d-b5a3-453a-a948-3754944a3c7a,True,False,False
d7f9e256-3a4d-4e37-bb8e-b714d0faa33b,True,False,False
d802a966-9419-4b68-8902-e00855aac0e9,True,False,False
d8068b16-6a9b-4fbc-b736-0dbda5b18710,True,False,False
d80c2e7d-e171-4635-9076-57d14d834176,True,False,False
d80efcf2-a65a-43a2-9786-f4af095bc130,True,False,False
d8123947-cd55-4e60-8c40-cab9edb6a63a,True,False,False
d814128a-2959-4a80-bcd4-3c773aeb0b1e,True,True,True
d815b61c-e6ea-424c-8742-d81ac1cc8125,True,False,False
d81a3f4a-14c2-43a3-9cfd-66355be7e168,True,False,False
d81cc56f-4b95-4f79-a8f6-a47e57e6e21f,True,False,False
d8200044-80a2-4f16-9543-a4a412d4089c,True,False,False
d82923e9-ad1f-4c7f-973f-ad7ae245c887,True,False,False
d82d6f77-0fc2-4275-bebf-5189eb21c0ae,True,False,False
d82f070f-7641-4f62-bf0d-79ce50aa4d1f,True,False,False
d82f4a5e-f108-460c-98c6-d1bf489b8cd7,True,False,False
d8355030-a20e-48a5-a316-f6c9a9923983,True,False,False
d8387a71-ae9e-406a-863d-60522e654aa9,True,False,False
d83c7a81-2a0b-453e-a9f6-95350ec45335,True,False,False
d84f662e-e1ef-48dd-b0b8-74b8eaf10f9c,True,False,False
d8588f70-375a-4d4e-899b-d17a42927017,True,False,False
d8600d6a-6598-4004-928e-86362c98a32b,True,False,False
d86cff18-2bcd-42c2-a1fe-8684a9a415ee,True,False,False
d871f3f4-93e0-4204-ac73-9b669078a151,True,False,False
d87ea940-96f8-48ed-8348-9c91f165ef75,True,False,False
d883fa95-dead-4e1f-b7fd-04107b6de9d1,True,False,False
d88c5640-7a2c-4009-9557-13d42aab7383,True,False,False
d8912f10-dae3-4053-9e55-c0c63bdd70b6,True,False,False
d892bbb6-ae24-4868-a352-62a4fad8564d,True,False,False
d897cff6-0390-4f10-9aab-c1e48212f8f5,True,False,False
d89ee40f-a88c-4a33-8adf-ff45a63ea2e1,True,False,False
d8a1600a-3b0b-4e07-986b-233237d3c44d,True,False,False
d8a325e8-686c-40ee-8bec-16215be88c31,True,False,False
d8a4a956-1d7a-4ae8-95f1-605402901cef,True,False,False
d8abb2e4-81a1-4bf7-88fa-e33ce216b19e,True,False,False
d8ae6b70-ea14-4013-aaab-62b5162d19e3,True,False,False
d8bfd158-248c-493a-b099-421aff565f69,True,False,False
d8c04b8e-fb2f-4990-a662-8e7b2c80bf38,True,False,False
d8c45768-1aef-41be-9c0d-08efd651dec0,True,False,False
d8c75280-0ce7-4f37-96eb-5e7f3512d32c,True,False,False
d8c80ca9-deaa-41d2-880e-3861ec3e0c99,True,False,False
d8c83448-4929-4308-8f74-9cbfe361de9f,True,False,False
d8ccc857-8ff4-4b36-9ac0-0e7862f876b3,True,False,False
d8cf3842-3570-4fee-8c14-5861be2b1b08,True,False,False
d8cf45d3-c552-4472-aad9-4188a29db05c,True,False,False
d8d5007d-c9c3-4076-b1a0-2590fb6e15e2,True,False,False
d8d6a6ff-d00b-4085-859b-e29888cb3d5a,True,False,False
d8e1ba66-64a4-4023-83fc-92d2e513cab4,True,False,False
d8e23fbc-b13c-4fb6-8fc9-068bfaf203c0,True,False,False
d8e900d8-2518-4f0e-b654-2d497a0a4a57,True,False,False
d8e92856-ea9b-4a23-9ec4-e3798a0e0c64,True,False,False
d8ece47b-b942-4fd6-a57a-74613628fdf3,True,False,False
d8f63114-27ea-4099-ba90-e292906d53de,True,False,False
d8f66c33-0406-4388-a4bd-354368059117,True,False,False
d903b2dc-6a06-4410-8fec-440844776f28,True,False,False
d9094fff-7681-41c1-b7de-eb7bea628fcf,True,False,False
d90a7ed6-4406-4441-b4ec-e7ebdf0419c4,True,False,False
d9268612-e8a2-4fff-814e-b0bcb13cd672,True,False,False
d9297b96-4208-4056-9ce3-bf6a65777bf1,True,False,False
d930ab40-6ae4-47aa-a376-67147f88fadd,True,False,False
d930f81e-d6df-4a9f-bf59-5c9cdb8dc361,True,False,False
d931a4ec-3efc-4574-b824-9f25fc57efcf,True,False,False
d9341152-4c91-429c-8007-90ee4b9bbdda,True,False,False
d9368ac8-a1c7-4f3a-af7e-82d5e96835b2,True,False,False
d9371bdc-a5ac-4706-b8ab-c9d1c4353f5f,True,False,False
d93d38d6-2c93-4eec-bcb2-debd8d634534,True,False,False
d940443e-63a5-4c38-8e7c-a8ac520ba7e7,True,False,False
d943a9f2-4908-4ff6-ab59-f732eb49aaab,True,False,False
d948538e-9fd4-43bc-92cf-5559097b26b7,True,False,False
d95696d4-e846-4950-8e8f-d8a6f1198fd0,True,False,False
d95913dd-12c9-41d2-8097-c94f0bb10378,True,False,False
d95b92e0-b71b-4a86-8a66-e5c6eac8b9e2,True,False,False
d968f078-70f1-4695-b7ea-13c121b56d5c,True,False,False
d969c9a7-d8cf-464a-932c-b174e47e10d8,True,False,False
d96d6477-b86f-4d0b-99d2-444d94ab5267,True,False,False
d97520b9-8028-443f-82a7-51a157bf4051,True,False,False
d9797fdc-827c-4771-9284-28a613f55113,True,False,False
d979f014-b1a3-4669-a231-9ea969ff0a86,True,False,False
d980b68b-9986-44b7-994a-ecd1b986906b,True,False,False
d990eb9e-58ba-4e9d-a0de-bece398cb0bf,True,True,False
d99469a9-eb4a-4a17-a983-5758984ea43b,True,False,False
d99a73d3-6235-4d36-9206-9286ae0f5111,True,False,False
d99b7276-931b-48d2-b1c9-4d12129edd46,True,False,False
d9a068e7-301a-454f-860c-43d030249bd1,True,False,False
d9a846bf-54c1-4da9-bd89-34db1d750a8c,True,False,False
d9ab9dad-2095-4b2a-80e1-f5e5f34c9238,True,False,False
d9b3b705-ca5d-4fec-bbdf-33f5ee378c14,True,False,False
d9b433f8-64a8-430b-b290-f25ab109b39d,True,False,False
d9b83031-5352-4e03-b76c-84bb438f1a16,True,False,False
d9cf0ac4-c3ec-4e1f-83aa-326b1e7b1581,True,False,False
d9d43699-c63e-4711-b7e0-7e0f0727f466,True,False,False
d9d7b19c-4129-4689-9743-e8e66c6a718c,True,False,False
d9d7e09d-be08-428b-8b39-561514b1b0b6,True,False,False
d9df67c5-48bc-4826-b97d-081a59335be7,True,False,False
d9e4c9fb-a870-4a71-b317-ccf3b8e9205f,True,False,False
d9e90979-4509-405f-a78a-368ae6f79f52,True,False,False
d9f5ae4c-c02e-4cf9-a16f-a1a6ca14aeb3,True,False,False
d9f84fa3-e445-4c20-8872-86621cb604dd,True,False,False
da0b3022-de9c-4004-b020-457b7d76dc82,True,False,False
da0ff902-2c4f-4cc9-b807-96d3c66812d2,True,False,False
da11b9c0-7503-4041-b1dc-ae97a98e7b95,True,False,False
da1ec7bd-0774-480d-b715-aca08c6c6318,True,False,False
da1fc9ee-657b-43e3-bbeb-71caa9b5911c,True,False,False
da2459cc-27ca-4930-9bfc-8c04d199eb0a,True,False,False
da26042c-ddb7-4169-932d-a2fec04cafd3,True,False,False
da2d952d-06a1-4c5d-96fb-874a977a81cd,True,False,False
da3053cd-3776-4c93-879d-d87955c603c3,True,False,False
da3269d6-a322-4743-96e8-e8f2a1f0cff5,True,False,False
da3747a3-d10e-485d-86d8-1a2b495aa734,True,False,False
da3a44d1-4616-4202-bd10-9db50b20062c,True,False,False
da424f79-fc74-457e-8c1e-f29ebf2e563a,True,False,False
da42fa2c-3c94-43fc-ae9a-187e6cd19e35,True,False,False
da464ab9-f739-42ae-8739-01f002e57996,True,False,False
da4bddb9-8c0b-49fa-b334-7189b6c7bc41,True,True,False
da5090de-80fb-43f1-8a33-c862820a035f,True,False,False
da57eaab-8474-4bbb-bcfb-1841378dcf85,True,False,False
da5bf11b-1a21-49ef-8202-deb17db94224,True,False,False
da5faaaa-1b15-4b73-9336-9c51d1f180af,True,False,False
da70126d-81ec-499f-95d2-4630bddbf9c4,True,False,False
da744eb5-efb7-46cd-9f93-f1a9951905bd,True,False,False
da79083a-a8d5-4bed-acfa-24ad62d955af,True,False,False
da7fed3e-5ad4-7f42-ed5c-45bfa0f8946d,True,False,False
da857303-7d32-4bc4-817a-e22457869ffb,True,False,False
da86cf7b-7208-406d-83c6-5880d7a20746,True,False,False
da90df25-f6bb-4327-88b3-13ce46e4d1a2,True,False,False
da93e3c3-8c0d-4d08-af33-8497ea3e5ebb,True,False,False
da942be6-fb32-42e9-b2c7-a1c0175ca14f,True,False,False
da9452b8-0c76-4ec1-8771-c3aea003aceb,True,False,False
da966b29-8be0-4db3-8fde-03f923dbff6e,True,False,False
da9c833f-21d5-4a77-816e-0170261bd891,True,False,False
daa027dc-be28-459a-8c27-586f62a6ea13,True,False,False
daa660a8-fc94-4ca8-921c-d7c552aec3bf,True,False,False
dab118b7-9623-4966-98b5-c62f3e4ad1f7,True,False,False
dab89d73-4995-4034-b4fa-c443420fba36,True,False,False
dabde0c2-5664-4d1d-832a-5ee2f60f2e9f,True,False,False
dac04dba-a965-4f47-bda8-c21a82f491ce,True,False,False
dac446d7-ac74-4f04-a3f5-b12ffc2de732,True,False,False
dac862a3-8bd0-4474-ad7e-b3baab4c3722,True,False,False
dacb85b3-1e7b-4e35-9ce4-2f8291df14da,True,False,False
dacc1c2b-d20e-4faa-9f9f-045389ddbcf6,True,False,False
dacc3334-fae0-4678-9f88-604ddfa1b7ba,True,False,False
dad1077a-57d4-4601-b038-e090fd064a96,True,False,False
dad2b3ca-356a-4200-852c-2a53ea7aedeb,True,False,False
dad3a64b-f6f2-4e11-948d-fa47d4b64b03,True,False,False
dad591a2-02c5-4e2c-9ff6-cab849fa2858,True,False,False
dadadde8-a8ac-4c93-af1f-c12887e8319c,True,False,False
dadd5e30-2f7c-444f-8bd4-5ce4d9b6dfa6,True,False,False
dae06512-b520-49e7-afe2-0f386dc064d0,True,False,False
dae9514f-d2a8-47ed-b853-0c12932461d5,True,False,False
daeb6d9f-ed51-4c80-993e-65aed7266cfc,True,False,False
daf04700-a348-43fb-9ecf-6804178910da,True,False,False
daf0bf99-adf1-4877-8308-ae4557b6f01b,True,False,False
daf9c746-c99c-4b5e-a0e7-31f82a355d83,True,False,False
dafc94e4-5891-474a-bae4-575e375d7b8e,True,False,False
dafe8da2-e164-44a8-a35d-ac490a0688ca,True,False,False
db03c42f-1ab4-4ae4-aab8-0594fa574b36,True,False,False
db05130c-7923-4bf6-90ed-852c99f18bac,True,False,False
db0a0d3d-0d33-4744-be14-f208ccc7d708,True,False,False
db0cad91-dfec-4228-b2e9-4a0ee7a3ec69,True,False,False
db138530-48e1-4ba0-945a-d26502d5634c,True,False,False
db1c55a5-ed43-418d-a412-32c7c01c0d96,True,False,False
db2312ba-6c58-4ef3-aaaa-16e4900c798d,True,False,False
db237ad5-149f-4019-8533-67b61dca4bf9,True,False,False
db24d008-a85a-48cc-ba66-70e0908a4a1f,True,False,False
db26b28a-b26f-48ab-817d-1ddb0e31fb10,True,False,False
db2c29f3-6cec-467d-b957-33d6cf5398fa,True,False,False
db34bc39-32b0-4857-8ba1-fd016f310129,True,False,False
db3efed1-eb17-4d60-8ccf-99b11caaac2a,True,False,False
db415736-09a0-4a9c-b0fb-62f356235149,True,False,False
db42abca-634b-4773-a84d-f4d278be3e16,True,True,True
db43f522-bb21-4cbf-a950-f4026d9db00f,True,False,False
db49abd5-d042-42f9-a852-4e51be78de87,True,False,False
db4bd943-dd96-4291-a3e7-8296121dde70,True,False,False
db5721c8-8b54-4aa2-81b8-976b2ed10518,True,False,False
db579951-1387-4c68-b5a5-6597cdc00fd2,True,False,False
db596c13-7111-47b9-9f91-922e36c9bc38,True,False,False
db5a78fb-d8f4-49ba-ba4c-11ae2e3cb299,True,False,False
db5aba1c-dff1-4f53-8901-ef171c6e050a,True,False,False
db621522-4ce9-457c-b945-976775ca5389,True,False,False
db62280e-7025-4374-b94e-1c3dd4348e4c,True,False,False
db6469ca-51fa-45b8-a3cd-d1320005d955,True,False,False
db647be8-d1d3-4ee0-b5bf-1af058d13861,True,False,False
db6947cc-5fc2-453e-95a5-59cdc31cc946,True,False,False
db6f2dc9-9ace-47a5-9362-042e5bd62e3b,True,False,False
db768baa-6dc7-4711-8f7f-e5f99d164cf7,True,False,False
db806d50-074e-46ff-a807-accc240d7c17,True,False,False
db853c59-ffac-418c-a01c-6006a2dc3aa4,True,False,False
db884f74-53d6-4ca4-ad8f-b68433239290,True,False,False
db937125-7bd8-4eec-b610-b848017377ff,True,False,False
db97a896-bbaf-4603-8bab-e2b9ce7e8906,True,False,False
dba1ab38-31cd-49f4-bdf1-564e20bddfb8,True,False,False
dba37b9e-2782-4db5-8ae6-b0443cde9d09,True,False,False
dba3f0f4-6752-4e5f-93af-afdc98b71812,True,False,False
dba7e25b-5775-46ab-becb-884a9a257b8d,True,False,False
dbb2e44b-9184-456b-aefb-f7ce5317a48d,True,False,False
dbc11256-1923-4fd7-b41f-f79b1abe7e12,True,False,False
dbcb87af-9780-469c-9665-e11f945869ae,True,False,False
dbd04b8f-68b0-43ed-9e23-4e8663fc4d8c,True,False,False
dbd93467-cfbd-4af5-b7cb-7e76f97a7266,True,False,False
dbdb4d49-df78-4214-81eb-243ad04f8977,True,False,False
dbde5732-6b96-4453-9dbf-12af573033a2,True,False,False
dbe4ed00-7989-4d33-94d3-0f7f611b6048,True,False,False
dbe526f2-3a22-4b9d-bec6-c35920480a1a,True,False,False
dbe7e346-c218-4f5b-8049-bed4b934c1ea,True,False,False
dbf57c25-4086-4532-bee0-759cb3cf580b,True,False,False
dc094bc8-e377-4294-8e6e-6401ce88f14f,True,False,False
dc0d96e3-bb9f-4169-8f6a-2314e7005465,True,False,False
dc10c9fb-ec80-40d9-8c73-41edac1fff01,True,False,False
dc16014f-a8eb-408f-b333-1889b8b91d22,True,False,False
dc1a8b51-9cb0-4f54-a532-bc45f240c6a4,True,False,False
dc1cf196-c5cf-4af5-9fa8-5fb50f517c69,True,False,False
dc1eaef9-8e84-4b72-ad08-6577e537ac7a,True,False,False
dc22331f-0e80-45b7-bb7b-9cc8221c7508,True,False,False
dc236060-e983-4d08-982b-fbed7c4de8e1,True,False,False
dc25719b-6c50-45b6-9ccd-8197c194f220,True,False,False
dc2849c7-44bf-4658-a891-5259362588fb,True,False,False
dc2dbcfb-d4f1-4dc2-a0fe-bf32cde4dccf,True,False,False
dc302c27-00f5-47b3-8120-67cda3f8c464,True,False,False
dc3742cf-37c5-4a02-b3d3-9069d321c5d5,True,False,False
dc374b6a-786b-4227-a4c6-47de6cf8cf6f,True,False,False
dc383f34-f86d-48c1-bb17-f09c03474df2,True,False,False
dc4bfa3e-4264-4ed3-9b93-84d5af5888e4,True,False,False
dc4d54a8-4d1b-47ca-81cc-6f3903858792,True,False,False
dc4f0ba8-ec38-43c9-87fc-669a4671c2e0,True,False,False
dc56213e-8ea7-4e6a-91a0-221e041d7561,True,False,False
dc56341c-eebb-42b0-84ab-6ae2d2740ca3,True,False,False
dc588bb0-c97f-4e3c-94d2-dcbe085e547f,True,False,False
dc588e3e-a419-4e89-86df-23a124a2fb0e,True,False,False
dc62638f-5d40-48da-20ea-5229b172d654,True,False,False
dc63cfa1-4330-437b-9435-425fab1244b8,True,False,False
dc69ed7f-2e88-4dea-847e-4cbbb122b27b,True,False,False
dc6d0e02-029d-421c-b11c-65ab5803bbcb,True,False,False
dc6d7a8e-b8fd-4abf-b397-bbd0b01608e8,True,False,False
dc6e07e6-067a-4922-85e5-53ae3d3948da,True,False,False
dc703532-cd03-4520-8f1d-d66e695bd2d5,True,False,False
dc7123cd-adaa-4bd4-82a4-83b5892d9a74,True,False,False
dc84a7f1-d46c-4a0e-bb7c-1a9f25469edd,True,False,False
dc8835c9-bba1-46dc-bb6c-4c7255a9e051,True,False,False
dc9302e0-ca2f-40b5-93b0-d57aa5e2e4e9,True,False,False
dc99e16b-70c6-4a12-b720-fc67a49b3526,True,False,False
dc9eb29c-04f7-45b2-98f2-840ac4e36140,True,False,False
dcb158b8-821b-4792-9c1b-58af453a58f1,True,False,False
dcb20a39-3d38-459f-a63c-964b38519f20,True,False,False
dcb397a6-2e21-458b-acf8-c5213073bd19,True,False,False
dcbce311-e091-4048-997b-6c4530792499,True,False,False
dcbd50ab-998c-4bf0-9a63-91c2176602d5,True,False,False
dcbdc6e4-cd49-4ee8-95c5-e85f3c618fa1,True,True,True
dcc2a974-66de-48da-b6b5-b8ece7213d03,True,False,False
dcc69ec1-3d35-4446-97dd-abb19898ea23,True,False,False
dccf226a-1243-4496-bd36-cff27c9022b7,True,False,False
dcd24851-12f8-47be-9039-4e684e000250,True,False,False
dcd60a46-ab31-4e52-bef6-ae2cbee61da7,True,False,False
dcdf35a9-3aaf-4c6f-b99a-cd0b30b0be69,True,False,False
dcebb205-8fd8-4ce2-8f10-9a983bff8f49,True,False,False
dcf579dd-525a-434e-856c-d9323d5ec189,True,False,False
dcf6b3c0-007c-4200-8706-7ffe3e9e1eb6,True,False,False
dcfbb160-d8c4-4a49-ab21-18cdf640ac5a,True,False,False
dcfce8f9-2114-4344-8c64-bd7d18da42d2,True,False,False
dd00f522-f696-4d51-ba21-db8badd34fe4,True,False,False
dd057add-c2bb-415b-a5d8-f54eab271e0f,True,False,False
dd06d389-0d9a-4358-bea2-43f52b7a8461,True,False,False
dd0946fc-5d05-4c92-9325-c2361d938470,True,False,False
dd117dbf-db7a-43c1-8bc9-d47719f13a38,True,False,False
dd1c02c6-6415-479e-9709-0cb71c444f5f,True,False,False
dd25afb4-74d7-4878-80e8-85acb59b5a74,True,False,False
dd27a93c-8ffa-4389-9b02-f6c9d7f7fd02,True,False,False
dd304809-18f9-4be1-8e09-e254979fdcd9,True,False,False
dd353931-d643-487b-91ce-9e0985a01ac9,True,False,False
dd35e318-6823-4d8e-aa72-94d759c0a2ff,True,False,False
dd3d8f79-f104-4aca-8cfc-d4c0fd8dc15e,True,False,False
dd414eb2-0a39-4384-8a48-c607590ae26d,True,False,False
dd42c5a5-3915-424e-883e-bb841e2ae861,True,False,False
dd4340f6-4c98-49b0-a40d-823fb34b4d8b,True,False,False
dd58b980-75d7-4ce3-9ef4-245c476da4b3,True,False,False
dd5bbbfa-447c-4fb0-b0de-2780c1259566,True,False,False
dd6195e7-ef76-45a8-873a-af2ca848e209,True,False,False
dd64157e-4ef8-4035-90ac-75ab8cb12f1a,True,False,False
dd644802-f6a7-4e64-818a-51217541ab3f,True,False,False
dd6531ff-75f5-4a4f-a9ca-9f372acfc81a,True,False,False
dd70e73b-a530-484b-8f17-c979b7ba0430,True,True,True
dd78dc62-b1d9-47c6-94e6-bc2d25b0b971,True,False,False
dd79d0a3-c788-40ed-999b-9661081e3065,True,False,False
dd7b3b39-b502-4f71-b4bb-1910b681d06a,True,False,False
dd7fc20d-900c-4ad8-99f5-5464371ec2f9,True,False,False
dd873b7d-bb4e-44a1-a44f-303bf8c9fc6b,True,False,False
dd8b201e-4c8d-4a0f-b21c-890d8799c310,True,False,False
dd8fe756-c66f-4749-baa1-6beff556d56f,True,False,False
dd921207-f38c-4282-98b6-c9c63f180ebf,True,False,False
dd924676-7381-42ca-b83a-cef96d80844a,True,False,False
dd98a1bd-c39e-424c-8c28-c74556195426,True,False,False
dd9f62f4-b557-4502-bb60-141dee7a7124,True,False,False
dda2bfbf-7eb1-4105-b0d8-eeb8a9671160,True,False,False
dda43507-44fd-4aaa-b7aa-76e21e5d1c6d,True,False,False
ddafa3ca-7c19-4f8b-8104-766e0fc6f913,True,False,False
ddb1ab7a-7667-4f79-a5dc-b5ed461e6ed5,True,True,False
ddb671eb-935b-4089-829c-33b04fd81363,True,False,False
ddbf2bf6-9a6c-4c7b-8f06-7afbbc58ddab,True,False,False
ddcc9a94-9949-43bb-ae21-f7497f5c3842,True,False,False
ddd906e1-e465-44c2-a1d9-ee301f38922a,True,False,False
ddea2c7f-9a3b-42ae-ad4f-7f46e320390b,True,False,False
ddeb966c-173b-4c16-a21d-13f6dc9a715b,True,False,False
ddee142f-f885-4cd0-b22c-712bb7396799,True,False,False
ddf248aa-798d-4a1e-90a6-73b6accfed80,True,False,False
ddf48360-a53b-4c0d-af06-844c82d4f6cf,True,False,False
ddf6f207-0a82-4cc9-a2d6-18deb9a8c020,True,False,False
ddfa268c-49e4-4409-a28a-8116fdabfe04,True,False,False
ddfbf584-efcc-44b1-af47-b118f7d16b88,True,False,False
ddfd8083-9547-4e5c-867d-eb374eee8ec7,True,False,False
de029813-262f-4090-8521-9b10c7d8eaff,True,False,False
de07ed1a-21fc-4f54-b36f-58517ceef5dc,True,False,False
de0868d2-b6be-4b77-91fb-f58e96f2d767,True,False,False
de091fef-df78-4a68-98db-86260802b936,True,False,False
de0c10fb-5faa-4df9-975b-6fc7fbab114e,True,False,False
de0e9dfa-0248-4343-acba-b6b99f7ea647,True,False,False
de120dad-b2ac-43c7-bbd7-34730a6bde39,True,False,False
de17f9c9-a05e-4437-bf7f-941072782b7d,True,False,False
de216c6b-53df-4b8e-a567-080126b88cb9,True,False,False
de31e401-80ce-46ac-821c-a96e04b8f0f9,True,False,False
de36d6a6-606f-45f6-9d09-9b6e7e9aaf36,True,False,False
de3ca2f7-3679-421e-a5ca-7a229616dde9,True,False,False
de3e4803-9dd8-4c47-82d2-922fa2e25169,True,False,False
de3e9e8b-16a1-44d6-8da3-ea83392cd5f0,True,False,False
de440789-248f-4094-8a4d-81ae1d1c1816,True,False,False
de443d07-df8c-43a3-a589-8a29defc0d69,True,False,False
de4c439c-66d0-4b04-a07b-453b195dbfc5,True,False,False
de542261-3b53-48e9-9669-d80abf3e3e2b,True,False,False
de56521e-eb55-44da-b98b-fb9fa94e11f8,True,False,False
de572c8e-5f86-45d9-a58e-4afd4d2d2cb8,True,False,False
de5a8b70-9ff9-43b0-bcce-cd76408f43a8,True,False,False
de5cd6a4-0324-4f7e-9614-5ab1dd559176,True,False,False
de613823-8ac0-4a59-951b-a1a106c5f169,True,False,False
de679948-b69e-4e27-b639-0afc25eb4faf,True,False,False
de6bc4f2-5dcf-41e3-a29a-519a90cf4010,True,False,False
de6e3273-c621-4bd6-9776-f5ea91029932,True,False,False
de7d0105-9829-475c-b23c-8e4b0c9387e6,True,False,False
de7d521c-2c89-4565-b913-401a8670943e,True,False,False
de849c60-30da-4dcd-923c-c4208e0fa92f,True,False,False
de8782ca-6a35-480c-9ddd-88d66e55725f,True,False,False
de8797f7-0acf-46f5-b1ac-5709deef51e4,True,False,False
de8eae5c-2c30-427c-a5c2-1bf1b509e7fc,True,False,False
de96fdde-da6a-43a1-885b-59b933807159,True,False,False
de988183-ed24-4b19-94c5-117766d6f52f,True,False,False
de99cafb-a5af-4128-94ec-60fb6a03d608,True,False,False
dea14d3c-7e93-42e8-b91d-b20649a65369,True,False,False
dea29916-2d11-4c16-b3cc-68245ff3f833,True,False,False
dea7766d-5efa-4878-af48-8f5c1da54518,True,False,False
dea78bd9-1ce4-441b-8d62-f6a776e11376,True,False,False
dea796c7-c491-4193-a880-dc443f60efd9,True,False,False
dea8fc60-4fbb-407a-b366-ef8e509845c6,True,False,False
deb02d1a-060b-47c6-af8b-792e78c32c42,True,False,False
deb4f524-737a-4081-8ea8-cb76b7e168ca,True,False,False
debb05ec-c99c-4b98-8fa2-41a73a1c6d9d,True,False,False
dec2b6f6-792f-47a1-ba90-b49a50c138de,True,False,False
dec2d9e2-09b0-4719-988e-eb0019706792,True,False,False
dec85ea9-6b81-4841-9f07-35553863fa54,True,False,False
dece8e58-5ea5-49a2-ad78-b15d66c5df09,True,False,False
ded00d4f-dc7f-4c69-b676-052bfb85fc9b,True,False,False
ded023c4-8cc7-4764-94af-8d76a733ad4d,True,False,False
ded42e77-721a-48d5-8072-8e3f8bdd5c3a,True,False,False
ded45f92-8f15-438b-a758-de88a3f79cd3,True,False,False
ded4e771-fc1a-413d-882c-1b7c15cadbf2,True,False,False
ded97321-5c9d-4fdb-97b0-174557309234,True,False,False
ded99425-7849-44a8-915d-1cea76fb99b7,True,False,False
ded9965b-3c3a-424f-b2f0-8a567909c4cd,True,False,False
deda37b2-dfc7-4d2e-b87a-b85706d4810e,True,False,False
dedd645f-04b8-458b-8a6c-fecb40b8b33b,True,False,False
dee20e5e-07ed-45f7-89f4-fa3bb2dc751b,True,True,True
dee6e38a-8763-4b89-a1c5-ccad5bc58253,True,False,False
deed1a44-93ea-4bf1-9c7d-8b8c7de553bc,True,False,False
deed4810-6025-4b9e-8869-420022d2bef2,True,False,False
deedd36d-6ace-495d-b77e-2b7c8d5cb4d3,True,False,False
def04248-6838-4649-91d7-7d57f293eba3,True,True,True
def75407-06f1-4f85-8086-e1078f736ec9,True,False,False
defd0bed-3329-492c-a99d-74ff13ada668,True,False,False
deffe99c-37b1-426c-ab55-0192d6c86ff6,True,False,False
df063c5f-3da1-4432-8d08-2d26161727ce,True,False,False
df06f2f2-deb2-472c-934c-845dc91bd848,True,False,False
df074981-e046-49bc-8a34-7145bbd737c1,True,False,False
df0a5e3e-2bcd-44cb-af9d-432c6244d847,True,False,False
df0b5ccb-5b29-4c46-b74e-8482ccb70f4c,True,False,False
df0c3e89-528d-4b86-87b1-a7c05d1c5965,True,False,False
df13cfca-aa30-4274-8b42-ca8e1ca91b16,True,False,False
df17126c-5fdc-4ada-9058-a4ed7233143e,True,False,False
df17a065-3bf9-4374-bb33-24a8610ef295,True,False,False
df1a3a95-ba19-45b0-bcf4-46571590fe31,True,False,False
df1c2122-7573-4639-b133-6fbf10f99fa0,True,False,False
df1f796f-16fa-41a2-b430-bfecfd286ac3,True,False,False
df2d0766-6bf0-4960-ae19-5d13272fbae5,True,False,False
df2d27b3-ccb8-49e5-8bfd-4eab71606943,True,False,False
df385759-e34f-40a9-ad8b-42ad360f76af,True,False,False
df3c1bc4-1dcb-4a97-946c-01145f8b3cd1,True,False,False
df3fae16-654c-421a-a71b-4a126c1aeacd,True,False,False
df44e264-77cd-4415-a673-9f0f7b6ad262,True,False,False
df475e73-2b5f-4771-a2c8-8cc4c93f98e2,True,False,False
df4834a9-1f81-48dd-97f8-475dd7cda2dd,True,False,False
df52a827-b99d-490e-b482-829d4bda5ef4,True,False,False
df57309a-b486-4207-bb2e-655bee6687ea,True,False,False
df591141-16b5-4826-b2de-61efcac537b5,True,True,True
df603d41-18c0-4e4a-8e73-b187efb4caa6,True,False,False
df65417e-896d-425f-b0a3-efb168e23f43,True,False,False
df73a232-596b-4dcb-8029-5faf1729fcb2,True,False,False
df781526-7148-4a05-8e2d-f0eccbc67947,True,False,False
df7b722a-3b6c-406d-af35-7a3b0b06059b,True,False,False
df7da106-041d-4174-9bca-139c1eade64a,True,False,False
df8184cc-3694-4549-8c8c-6b5171877376,True,False,False
df86019e-9a4b-474b-ae60-6b011e7caeef,True,False,False
df8db6cd-95a4-4c76-9a81-a4afa78498b5,True,False,False
df9577ac-6810-4721-b60b-5c6884556983,True,False,False
df97084f-65d3-48f2-9c9b-6e724dc5f03f,True,False,False
df9e5994-cbef-4c95-bf13-71a81f0a3c9f,True,False,False
df9e9d5e-eb74-425f-a8af-59bca7ac603f,True,False,False
dfb2f625-503f-470f-9a87-738db5c6a89f,True,False,False
dfb9f168-e59c-47c3-a7ed-52500db37929,True,False,False
dfbfc7ea-a97a-4f91-92ea-6181e45c3579,True,False,False
dfbfd3f3-9347-45a1-b572-ec3897d327dc,True,False,False
dfc0b645-24c8-4032-b586-130c4dd3bbfb,True,False,False
dfc3074d-98dd-482c-bd1a-e8f3ef4fc980,True,False,False
dfc3c970-df97-47ac-9e0e-355b753bea5a,True,False,False
dfc45990-d8c1-4484-96d1-a5c8e161b0fa,True,False,False
dfca5e97-61d1-422c-80f6-30b9b50bc0bb,True,False,False
dfce2dd9-551c-4c7e-bfe4-fefcd167ac02,True,False,False
dfd09efd-eca7-4e19-a35d-ac4f3eb01615,True,False,False
dfd412b5-6bf6-440b-b646-82d5472bedc2,True,False,False
dfd485e7-cceb-48ce-99b3-d71c34b3739e,True,False,False
dfdff241-7569-4c76-b94c-e8d88ebb649a,True,True,False
dfe54743-73e0-4bf4-901c-99114aab6d22,True,False,False
dfea6fae-9614-4021-b2c3-4afb920b50f2,True,False,False
dfedea0d-dde2-4d49-8104-27e6e9a7af61,True,False,False
dfef2c6c-4248-422a-b0c2-f9724b88ff48,True,False,False
dff2088e-9c96-4d99-abaa-ef94f26962c3,True,False,False
dff43b30-e59e-49e6-929b-529c081d93c8,True,False,False
dffd0ee8-9387-47a4-ad25-4a2fb5ae44f1,True,False,False
dfff06a5-f506-436c-ab5e-e669c301397a,True,False,False
dfffcdfb-9185-4276-8591-153f863f0a80,True,False,False
e0015a56-4e7b-41ad-a577-013e0672a85f,True,False,False
e001a56c-da19-4323-9236-62dc4a92fe09,True,False,False
e0110094-5d69-47ba-b878-619658006e6b,True,False,False
e018041a-725b-4b5b-a7dd-0fb6b0c18cfb,True,False,False
e031ebf2-f711-440f-a46a-a9cbf9e91030,True,False,False
e032ea67-b75b-4e01-ae75-159da6015a08,True,False,False
e0390ce3-b97f-4504-814a-7c0302c55396,True,False,False
e044d902-6b8e-4b66-9345-da1eb9c89cfc,True,False,False
e0453fa7-83a6-45eb-953a-a9608d321b7a,True,False,False
e0480e90-9db6-42e9-84b8-85e1efc4072a,True,False,False
e04b490c-a3e4-4076-9117-353a3a4d99bd,True,False,False
e0580cd5-afae-4064-8a3b-ae3f683cd8fb,True,False,False
e059cd1e-6c53-403d-98fe-5011906adcc8,True,False,False
e05c6626-7270-4364-98a7-acaf914b2f6b,True,False,False
e05e7be9-810f-46bb-a4f3-ef9a8eb9f2f8,True,False,False
e05fc33e-77b7-48fa-b881-a530041e28c5,True,False,False
e0634c75-2a5e-4285-9dc9-1e3e13c7c116,True,False,False
e069fad2-24f7-4b6c-a9c0-38af1a0c2410,True,False,False
e06c535d-de15-496e-a3bc-773c94b7e68b,True,False,False
e06e9ca4-871b-4df2-8e39-0108b9b0ca90,True,False,False
e0705bb1-7670-44a1-b619-976634c6c03a,True,False,False
e0729b6c-eafe-4b0f-9d66-6ee777d08488,True,True,False
e07499fe-82c5-46ce-8e3c-478ed3435ea1,True,False,False
e07c4963-ca2b-434a-bd9b-04d39a7348da,True,False,False
e0804569-349b-4af3-86f9-bba706795be0,True,False,False
e081c80e-e55f-4f12-8c32-1605c0659cef,True,False,False
e0823a6d-9e44-4df1-af9f-4eada4ecdafc,True,False,False
e08abd3d-43ab-4e86-b7dd-20782de95e5c,True,False,False
e095a03e-bca9-425a-964d-ad8974970c2d,True,False,False
e09684bb-0c95-4f67-98d1-59fc593f3890,True,False,False
e09b902b-083f-430f-ad34-d359e67edbea,True,False,False
e09fcb9d-d5fe-4737-ab2f-a26111a1a9ce,True,True,False
e0a46ac1-4012-498d-9a6b-2319bc28ce9d,True,False,False
e0bccbb0-67c0-47ea-9f96-60a1af553b88,True,False,False
e0c5af25-8c5f-4a23-8a00-466445c5634e,True,False,False
e0c76c2d-318c-4f04-af28-9b61aa0ab591,True,False,False
e0cef652-fe02-486c-8088-ccbbb8447b04,True,False,False
e0d50ebb-bc1f-4ace-a4f0-40da10c4e820,True,False,False
e0d9f4ed-619f-4516-97f0-b8a0dc21f4d5,True,False,False
e0e061e6-d6d1-43ce-ae76-4bed9e491fbe,True,False,False
e0e15e28-4371-4e1c-9f90-68bfda823a9e,True,False,False
e0e2b02b-bdd1-4708-a146-8a1085242c78,True,False,False
e0ed861a-45ec-49f7-8637-c17c76353c8e,True,True,False
e102df8e-a6f3-47e8-bf06-312ec9aba445,True,False,False
e102e51b-d63e-4e36-8996-5e82a523e758,True,False,False
e1033a9a-18e1-4e55-8aa0-e09693dc8f53,True,False,False
e10343af-41c7-4c6d-9151-b8c2bde02755,True,False,False
e103d78d-b21c-4925-a5c4-cd96ac3ed18a,True,False,False
e1064a08-a810-435c-ad31-8b351db5fc3d,True,False,False
e1111802-d5df-48d2-b97b-7923ec9c1621,True,False,False
e11c4b34-9f73-42ac-89f1-f5f093e20efe,True,False,False
e11fc792-fbc5-4de7-92c6-a19abdb40ccc,True,False,False
e12004a9-73e6-4e30-a97d-2024419f1895,True,False,False
e12d918e-579a-4055-8b47-e32c799dd382,True,False,False
e141bea1-a1e1-4915-86a8-697092a233be,True,False,False
e144c767-2ce3-4ce4-a2eb-f1229c44b0c4,True,False,False
e14abe37-6223-4b18-9c4b-acbf55eb5cb5,True,False,False
e154bf48-bbd8-4143-b99a-f80ed32260a2,True,False,False
e1577f74-f5ee-49b1-affa-3a00b68a8807,True,False,False
e15efa97-385b-46ec-9df6-736e64f7924b,True,False,False
e1610d87-990c-4757-a869-73a80d40bbd3,True,False,False
e1645a6c-5037-41a2-b114-69172c5801f9,True,False,False
e16f79ff-e842-4353-827f-974266b836bb,True,False,False
e1708727-19a0-4166-92d3-6ea85f2786df,True,False,False
e17bcd20-7f8b-47a3-b62b-0748ea287bd7,True,False,False
e17c5584-6447-4d4d-80d6-28b0fcf2aabe,True,False,False
e17fd0a3-e368-4f54-9d0c-457af4957339,True,False,False
e1857495-b084-4aa6-b7a1-10e3ebad3572,True,False,False
e190d459-6069-45f9-8d13-9149430caf67,True,False,False
e1930f40-e391-4b7c-9286-5ef55da498d0,True,False,False
e19ca96c-8d70-4db5-af65-004cdde6f4b7,True,False,False
e1a578b2-5ba4-49c8-98d1-c1c07ec1549f,True,False,False
e1a5efd5-6956-4395-a6eb-6247d0eeff06,True,False,False
e1a6b0ff-35bb-4f69-b296-affc05564413,True,False,False
e1add8fa-fbf2-4e68-ab64-49470df6abf6,True,False,False
e1ae3a55-20be-4349-820c-1d6bab9ea23c,True,False,False
e1b31d67-d2c0-4233-9adc-c4da2759311a,True,False,False
e1ba426b-081d-48ba-bdb7-8205c9935681,True,False,False
e1bf6798-a603-43e7-b0db-67ddc08a885e,True,False,False
e1c8009d-ac0f-463c-993c-d86415dd0c5c,True,False,False
e1d19e54-b04e-4a85-8623-5e312cbf8418,True,False,False
e1d1dfbd-a84b-413f-98cb-0fc3fbaf3558,True,False,False
e1d3b13a-2f05-40b8-a686-8b0e3430dfd7,True,False,False
e1df1a2d-1f36-4b6e-95eb-3c37a5f2239e,True,False,False
e1e8125d-da26-49ee-a6fa-78b3ff8dc341,True,False,False
e1ec9ba0-8f13-4ca9-b301-410dc9ff3338,True,False,False
e1fea028-8bb0-4852-8cc4-1c348ff2cacc,True,False,False
e200d925-6aa9-4e5f-8a7f-a2e352783766,True,False,False
e209cdeb-98bf-434f-b658-66e5bc4097f1,True,False,False
e21654b5-22c9-4476-a0e4-eb9b0f303d5b,True,False,False
e21dcb07-e5d1-4917-bb3c-b7b4aa9d0211,True,False,False
e220304d-ba36-41ff-9d51-d4b9491b0f02,True,True,False
e2281bae-dd54-42ae-bfa9-c5c3a5aa023b,True,False,False
e22841d9-e462-4cfb-8d4c-b199fb12e9e9,True,False,False
e22cf1d1-b011-463f-aa1f-e9d46b53933b,True,False,False
e22cf64a-452a-460e-a162-634a179e44fa,True,False,False
e22dafbe-fa4f-4436-a56c-aa98a8a98b4e,True,False,False
e22ea616-9d89-471e-8e2f-5d1f0cd6b842,True,False,False
e231daf4-ba78-4042-974d-d320fe028028,True,False,False
e23a547f-9087-457a-a7cd-10b256b2595d,True,False,False
e23ab2b0-5872-4dca-ae45-07611c095417,True,False,False
e23df747-c1fc-4117-8542-d85bda0c3a78,True,False,False
e2569121-79e6-4b0c-905a-912234ee28fa,True,False,False
e25ce455-908b-40a6-9ae2-dccf04412564,True,False,False
e25d3351-1adb-464c-b280-16576b30fd20,True,False,False
e25d5d2d-34d3-4122-adf0-ee5c78ee5668,True,False,False
e280986e-033c-4394-a0df-73354b42b80c,True,False,False
e28506cf-98ad-41af-8617-e098f49d3eaa,True,False,False
e288ebe1-eaa1-48b5-8e9a-48ac1738ac97,True,False,False
e28f4ff9-fdb8-4402-88e5-fcfc2367b040,True,False,False
e293a1a5-33af-41e9-a688-87e9b5c5943b,True,False,False
e294fbb9-4027-4e95-bbf5-c24250e96291,True,False,False
e29d225a-2ba3-447f-bfb1-d5d47a599403,True,False,False
e29ee5ec-8597-400b-8ebc-cce742b3b28b,True,False,False
e29fabbc-4c54-4cbc-87c6-b570e32cc8a6,True,False,False
e2a411a3-eabf-44f7-b2c8-cf3ac4c5a3fb,True,False,False
e2a621aa-c57e-4d28-ad82-04e75d9a41c9,True,False,False
e2a83c65-9a6c-4544-bd61-9302a59d786b,True,False,False
e2aa2222-feab-4c2e-899e-aa53dcf6c328,True,False,False
e2aa402c-d752-4f3f-a8f1-011562bc0855,True,True,False
e2ab4e38-1117-47b2-a50f-86d7442f8884,True,False,False
e2b56b41-35db-4ab5-996c-83bedfa8fc73,True,False,False
e2b76e58-5ffd-4214-a1e6-3b2fef7dce4a,True,False,False
e2bf5446-fdb5-4f49-b656-a0d8b8c70392,True,False,False
e2bfe272-171a-8d4a-8bd3-1e11c6a0b96d,True,False,False
e2c04cf5-d5f1-4ccc-a9b3-5c7f7b4ad074,True,False,False
e2c0ab9c-7d95-4db9-8fa0-3f766d59152a,True,False,False
e2c87019-8b3c-4f5d-95a6-fabdef4eb4b0,True,False,False
e2c9d1ce-9c14-415f-9594-67946eeab794,True,False,False
e2cbab5a-fe84-45fc-b160-7dbcacdbe16b,True,False,False
e2cc87c1-be63-40a5-bee8-22b7a323cce6,True,False,False
e2d7722e-9ca7-4314-9b92-0126044acb68,True,False,False
e2da1d26-de08-4bca-b2a3-cdbdcd994152,True,False,False
e2dd2502-7b11-4150-9841-505dc5a2bf12,True,False,False
e2e0c325-e3c0-4f77-83b7-a11d600f5dd3,True,False,False
e2e44fd0-69d0-4def-aade-ad9263ac0f81,True,False,False
e2e5ebf4-1257-432d-887f-f9f1885f8f31,True,False,False
e2f2161b-a4cd-4148-868b-720c105d6f83,True,False,False
e2f318d2-157d-4789-92e0-c1d1b4ad0ca6,True,False,False
e2f35742-fe47-44b3-b2f0-d068ac596786,True,False,False
e2f37d44-9820-40f2-bdf8-8e962f77dec9,True,False,False
e2f47443-cae5-4db2-b7ae-809115541aec,True,False,False
e2f60f67-7994-4ee7-856b-a3a9e0128a6c,True,False,False
e2fc5e1b-d8f1-4dc0-a8bb-eba63a7eca00,True,False,False
e3100364-addd-4ae5-8f7e-705700cec43f,True,False,False
e310743c-5704-444c-a06a-59673e4838a6,True,False,False
e3165197-5ba4-4e34-b226-121af7971bad,True,False,False
e316ec6d-6b3d-4db3-be31-02d57b8c7546,True,False,False
e31a9b15-26df-4bfc-a107-6bbd0683b48d,True,False,False
e3256967-9243-418c-8648-d39f2ce389cf,True,False,False
e330d051-37ad-4dc3-b1ee-ff16a28b7998,True,False,False
e335db18-31d6-4415-ac8c-d381031fd645,True,False,False
e33eb484-5ec9-416e-9bd5-7a210ce66d88,True,False,False
e341863d-1e90-48d8-89a5-1832bd47d35c,True,False,False
e341ea00-2936-4033-b02a-4fa55c43c17d,True,False,False
e342260d-8eae-4074-a904-c655ac10368e,True,False,False
e34833ec-a299-4b4c-a0c6-26452ffe812c,True,False,False
e354c7fe-4d64-42aa-b42f-14c5a763908e,True,False,False
e35bee5b-33c3-4fc3-b218-841a66fefb82,True,False,False
e360bd3e-d596-4e7e-a8d5-66428ce8dcbb,True,False,False
e3667699-eca8-4382-935b-b703cc766755,True,False,False
e36c1912-3cec-4c74-a406-acff265cc0e9,True,True,True
e370a7b8-442d-4d69-98ea-c83a475ecdf3,True,False,False
e37467ff-50b4-42cb-b007-be228a36f571,True,False,False
e37666d7-7741-43c4-bfbe-cb7ac86c3e14,True,False,False
e37c6ab4-2d0a-4ef7-8ef8-df87e7507054,True,False,False
e37fab07-3eda-475c-8a59-86e696c7c031,True,False,False
e381379e-f227-4270-935a-e30d1ea4f4d3,True,False,False
e3867e31-0d42-4d6e-bb9d-74dc44768c86,True,False,False
e3890d53-607c-494e-8d7d-89f8a7fd7f79,True,False,False
e394ca79-ea93-404b-b46e-e21214bfea15,True,False,False
e397f954-7148-44f6-9a9e-add91298a684,True,False,False
e3a7d3ee-b2d0-44a0-b6ba-4ebb206ef69c,True,False,False
e3aced45-40e6-45e2-98ca-7fa5445ca65d,True,False,False
e3b152e0-7bd1-42fe-847f-dbad2df4b64f,True,False,False
e3b22f77-d5dc-4163-ac03-988840ccb074,True,False,False
e3b4a761-0560-4aa2-9fca-beeb44df8a1b,True,False,False
e3b95ab5-cae6-4a39-a631-fa0ed1b385a7,True,False,False
e3bfed78-f84f-481e-84c5-80e524a05188,True,False,False
e3c23e78-df22-408b-b709-b4ace37d2cfc,True,False,False
e3c6db90-db53-49bd-a36b-764a069f7eb6,True,False,False
e3c85f5a-ccba-449c-8cda-54590ba61cf8,True,False,False
e3d043f7-5f6b-4cb9-a3a9-1b7ec7278993,True,False,False
e3d4b21c-60a3-4b43-bc1c-79d427f36ac1,True,False,False
e3d7e6ba-3e3b-40a4-a2e3-080bc4236ada,True,False,False
e3d8ee91-bd1c-4c93-8a36-4395f8823c13,True,False,False
e3de8ef3-3256-4518-97d5-4a9455346d83,True,False,False
e3df52ff-af55-4070-925d-5437e0e1dc0c,True,False,False
e3df5e5a-8633-4e09-908f-6b46f87273db,True,False,False
e3e4f87f-dde7-494e-940f-3ee15e6d3465,True,False,False
e3f6b4b7-3d68-45c8-84f2-0202448f535f,True,False,False
e3f9f676-853a-4a3e-b7d1-239477ab7083,True,False,False
e3ff15e3-a6d5-46f9-81d2-be73d2d90ff8,True,False,False
e401dc28-8db9-40ff-bd58-bd1461aec2c5,True,False,False
e4027c2f-4cd1-44cd-a14d-ded499d38249,True,False,False
e406ccbd-7978-4632-be2d-1a4efb2b8012,True,False,False
e40d9f69-365e-4cfb-b3e3-5e90ff4d03ea,True,False,False
e4170aeb-ccb9-4b09-969b-43b5ab12b5d1,True,False,False
e417e5a9-ff9c-4ab1-849a-f47fd291b120,True,False,False
e41c7622-089b-4254-a1e4-847fd95d6f2f,True,False,False
e4214456-7758-45bd-babf-2bd0996900ea,True,False,False
e423f6a0-2d10-4f35-9db1-3e40fe5a00a8,True,False,False
e4270019-4913-4d83-ae11-a4af7b76963e,True,False,False
e4393ad3-6041-4555-83c1-b848c5e8e4c1,True,False,False
e43aa696-aefc-4062-921d-edbacc884a11,True,False,False
e43bd90b-ba5c-4512-b2bd-720b2b0c9882,True,False,False
e442cf58-cb72-42cc-816b-cf4cefec636c,True,False,False
e4472a49-02f0-4680-8bd4-fe67aeb9892e,True,False,False
e447d157-8300-4040-bb56-fe9972efa957,True,False,False
e44d4278-38a7-4cd2-8d5e-4a5a294e59a6,True,False,False
e44e9014-4513-4763-ba52-fdf94b5d5c8a,True,False,False
e450c46a-ee2d-480b-9634-600eb0c98307,True,False,False
e457e7f5-f2ed-4b6f-88e5-2da5ed06951a,True,False,False
e458cd50-42cd-4eb1-9554-ddf98072bff6,True,False,False
e45b1d95-109e-4d45-b4b7-a4117e896799,True,False,False
e45c7a3e-31b2-4ee1-acce-330cd27e9364,True,False,False
e46087d6-1284-4534-8e57-837aae18db1e,True,False,False
e4622796-ce19-4933-9b69-0dab8e4e22a2,True,False,False
e463ae69-d5ad-497c-92aa-206d84041e4c,True,False,False
e46522f1-0deb-49db-bb9f-020ebbf2d600,True,False,False
e4652702-685e-45e5-af5e-11d2d53cc801,True,False,False
e46bffd0-fe44-41fc-b0e5-e5578a621f88,True,False,False
e474f04d-09d6-433b-9792-05e9c5139f53,True,False,False
e4770c5a-0c02-4f7a-b500-3449f8e60aec,True,False,False
e47e587a-37a3-4b18-8f87-66df21409d43,True,False,False
e4812665-d0d1-4cf6-a3a2-b1798c1bd32e,True,False,False
e492bcba-0b00-c447-32a8-36909bbbd1a5,True,False,False
e49513a9-c103-4b4f-944c-f24fbd644ab4,True,False,False
e4a15985-3d89-427d-8d04-10f972a5b255,True,False,False
e4a84bd1-443b-4662-a4b6-0ac0f6f11b87,True,False,False
e4a8ec52-788e-4c1e-b57c-56a5171088c2,True,False,False
e4a8fd46-d967-4c73-bcf6-c07d9297577c,True,False,False
e4ab7f51-f1c4-42cc-9017-992e4804e00e,True,False,False
e4b2fc95-ecb5-462d-8674-c2c432d8c6be,True,False,False
e4bfb86b-5c52-4890-9910-fc43da207f32,True,False,False
e4bfc556-a2a7-443b-863c-9a0cd049c3c1,True,False,False
e4c63828-9eda-48bc-8a89-579cb3a41483,True,False,False
e4c82a5d-8301-4ef6-9780-9a1c1ee1a0cb,True,False,False
e4ca1004-cb3b-4572-88e5-d61e6e0f36bd,True,False,False
e4cac642-0772-436a-a175-8ef3d4fa469c,True,False,False
e4cd31c5-d054-4395-a72e-7d1e3c77c162,True,False,False
e4d41a72-531e-4429-a0a4-f49a5ec90591,True,False,False
e4da0f61-ff07-4185-8ec2-d879d2e69bfb,True,False,False
e4da2eaa-d767-4aa3-a635-ca305069399d,True,False,False
e4e3ea53-bfc0-48e0-bd41-1580086f897c,True,False,False
e4e43800-1ce4-4da3-8b69-7390087bff28,True,False,False
e4e57ce3-18f9-42ce-8fba-18c1ab2c1eb6,True,False,False
e4ea6261-f905-49ae-8fbb-087f73a9cbba,True,False,False
e4f28036-6ce2-49d8-9153-05d7bc6e7b6d,True,False,False
e4f3a86c-8732-4a35-8c88-271d0972bb20,True,False,False
e502235a-8138-4099-b0df-321d900fbb51,True,False,False
e50293f2-f747-49d9-9ee8-3fcb1f05cce3,True,False,False
e502b7ca-bbf9-4bde-a14b-d4fb2f15e5d4,True,False,False
e506b783-b5f6-448d-9aea-21841fc80985,True,False,False
e50b5c92-8135-411a-8612-d92fecae2745,True,False,False
e50bf0f7-9cb4-4e07-bef7-e1811be5ebd5,True,False,False
e513e396-23ea-4624-b93d-21ae43f7ff02,True,False,False
e514740e-728a-4f95-afe0-7993bbdeef74,True,False,False
e5296fda-056b-4c7d-82d3-d8c5769e0a66,True,False,False
e52c2cd5-0316-4829-8080-d03092895af7,True,False,False
e52ccb5e-93ea-844c-c621-fbf07bcb026d,True,False,False
e52e7585-0194-4639-a8a7-731c0f9b93f3,True,False,False
e53278c7-fd8c-41c7-ad55-1cee5c310243,True,False,False
e5332ac6-d9c3-40a4-a8ee-98ca258b9489,True,False,False
e53d6b3c-6af0-4b7e-a3a3-c5edf224ed9a,True,False,False
e5426ab8-2beb-4609-acf1-14db21536ae6,True,False,False
e54654a2-7121-45e0-923b-95d9a72d67f2,True,False,False
e54695b1-7866-486c-b959-7c6acd28761b,True,False,False
e54ac6e4-164b-4655-b0b8-7bc01df9129c,True,False,False
e5520fdc-8779-4459-9a40-e946475f4347,True,False,False
e5521541-bc5e-4e22-96be-098b1e2add66,True,False,False
e552e4ee-e032-4898-8efd-5fb20342663f,True,False,False
e55331c5-e018-4a4f-ac36-7be93d1377c5,True,False,False
e55cfbd0-816a-428c-a0e0-15fbfc907999,True,False,False
e55f5f4b-ecf1-42fe-ba30-a1270c7ceed4,True,False,False
e5633873-b2d4-4d85-bcc2-102e5e28db3c,True,False,False
e566ee01-e9c1-4faa-9898-e6fc4cf1789c,True,False,False
e56b6604-bf6c-465f-b5c9-9e1fdfbb4f89,True,False,False
e56dae95-48bc-44c0-a321-9e3372c7cbd2,True,True,False
e56e4801-3075-4e0b-b5cf-eb8b0265ad15,True,False,False
e5735de8-a38b-45ed-9672-c8c9baa69d81,True,False,False
e5759232-c46e-4aff-a00f-0dd8d9a51a0a,True,False,False
e5788f1c-f287-44c1-8f1e-e80725e6cd7d,True,False,False
e579fc52-494c-473e-8389-5e5f78bf1b71,True,False,False
e57b2b5c-1f95-4bde-86e1-835190bc0886,True,False,False
e57d3995-bdb3-40fd-9565-3f891db4f524,True,False,False
e5891fca-b56e-4dae-bb66-f3162a5d5caa,True,False,False
e58f2162-c6e7-472c-a668-503bd7b8c573,True,False,False
e599c10b-a1f8-44c3-853a-4e828b9e252e,True,False,False
e59ecf91-cbc0-4096-a5c2-174fb24a0e48,True,False,False
e5a335ac-18ac-4a75-a433-2e577562d017,True,False,False
e5ab0ad5-9e93-4317-acea-00ad10eb387d,True,False,False
e5ac2121-1388-4a82-80d6-7933cb9dcaeb,True,False,False
e5ae7ba5-39c0-9565-c8bf-3b5857b3d843,True,False,False
e5af603e-2263-4fcc-995a-020ea6ac654b,True,False,False
e5b2b7a7-8d90-4485-9853-1bd2ab0b8257,True,False,False
e5b8da25-d5e3-4a0c-a1e9-100431b91522,True,False,False
e5bbe45b-00c6-4b27-98f3-4edb27e44a39,True,False,False
e5c94145-dc2c-4396-afd0-df8a33855116,True,False,False
e5ca80bc-b98a-460e-bed6-0a8ba1ef679c,True,False,False
e5d0f6c6-2aa4-461d-9447-70d919459cef,True,False,False
e5d3811d-4de1-4d5f-a8ef-e8862a932037,True,False,False
e5de2548-ecca-4e0c-b7e8-39b34ae4f50a,True,False,False
e5e51c5d-13bc-4a89-b84b-613ff986add8,True,False,False
e5e82ae3-4037-452b-a906-f3b9f7b4a232,True,False,False
e5ea0e1a-a65f-43ae-be0e-189cacd55260,True,False,False
e5fc2a8c-74eb-19e2-7d50-5a898dce34fb,True,False,False
e5fc77dc-b6a2-46ce-9e36-e9b8970b7ea8,True,False,False
e5fe3a14-71ed-4614-b8eb-b171a667c0fb,True,False,False
e60284b0-9f00-4666-977b-c42a2227932d,True,False,False
e609173e-f181-47d3-b618-429c90bae0a0,True,False,False
e60a3e8a-216a-4c33-9c37-d250066f66ad,True,False,False
e60e9b63-c777-4fcb-bc5c-34dd50cd7896,True,False,False
e60ff2fc-779b-4f8b-b7fa-79fa602b76fc,True,False,False
e614f9f7-439b-4fb1-9b2d-9098e15e8b55,True,False,False
e61e079f-9946-4374-93fe-bbb11780ed5c,True,False,False
e62935da-e3c1-4e46-b670-08d566603e7c,True,False,False
e6333dec-ac88-46a5-9c92-1b8e99f28108,True,False,False
e639cb99-d79a-40ec-a947-eed44361c90b,True,False,False
e6468eae-7c4b-4c02-847e-abb39c12349c,True,False,False
e64775a5-753e-4ac3-9aa8-27b59bbfae45,True,False,False
e64991ea-cb54-4054-ac2d-8fa596acecff,True,False,False
e64a480a-af34-42fe-afed-7625a69b6381,True,False,False
e64e220c-c153-4b97-b60b-37e810e4133a,True,False,False
e650bb56-c549-4654-b041-0bb4ef521b02,True,False,False
e6510fab-44ff-40b2-bc42-2d11f6a8e5bd,True,False,False
e658c072-f13c-4ca7-a151-c37a81961fa0,True,False,False
e664abd7-56df-4e5c-b8d6-77b54f695a89,True,True,True
e666896e-6c73-4947-8394-3c930813da3c,True,False,False
e66f7ec2-0154-4a85-a908-eb3ac96b5ebd,True,False,False
e678e56e-53cd-41c7-845a-1996b6391e3b,True,False,False
e67a5c97-8023-4708-828f-07eda4010066,True,False,False
e67f77f3-aae5-4408-a669-48fb32d4e820,True,False,False
e68cf360-9d53-47b8-bb97-ea0fd2ec5094,True,False,False
e69747c9-9645-4eba-8d4c-2b9f1fd1bc30,True,False,False
e698592c-bbdb-4551-9de8-261a511e27c7,True,False,False
e69b578b-efba-41c8-a33e-6b625dd958d9,True,False,False
e69d2795-e20e-4557-bb1c-eae07eef297c,True,False,False
e6a6a750-48a4-4178-b095-1beec8246593,True,False,False
e6b011e0-9790-4cb9-9c13-f283df44ff72,True,False,False
e6b3e4ee-fe75-61da-d4eb-a33a2b34383c,True,False,False
e6b78a37-ec4b-4921-87d2-0f1c5e8c228f,True,False,False
e6b7ce9b-1938-4e20-976c-8b4163aea11d,True,False,False
e6b838c0-26ca-4768-affb-656a4d26da2f,True,False,False
e6bb24c1-9393-4aa6-8ea8-0be7dc2e442a,True,False,False
e6bfed38-0baa-4c06-80f1-cb0083d08ceb,True,False,False
e6cb75b9-7e7a-474e-bfed-1941a70b33c3,True,False,False
e6cebf4c-06d2-4a15-b6f1-63a163f269c9,True,False,False
e6d16496-bb1e-45c2-8a94-0196077e6c03,True,False,False
e6d653bd-d350-4c47-a542-87f9b0476a94,True,False,False
e6d9bdf5-a6a8-4480-a9cb-810618e68fab,True,False,False
e6e0c722-dab4-4e85-bbbd-fd456af461f8,True,False,False
e6e2cb92-9103-4e6b-a68e-e2103766e04b,True,True,False
e6e30e31-349b-4c89-b494-1eacafca6874,True,False,False
e6e56698-532b-476a-a17d-ac89b7106d7b,True,False,False
e6ec7bed-7f7c-454b-a84e-225966faa94d,True,False,False
e6ed4ccb-806d-4fc2-978d-65d80181da7b,True,False,False
e6f393f2-ee4a-47ac-9e46-0fe82e975d07,True,False,False
e6f3e995-6a0a-4e8c-8bc8-4309e6d5ee06,True,False,False
e6f488aa-1d39-4cbd-a6ea-a62f468307eb,True,False,False
e6f87826-9121-4b86-9886-fd0bdd1eba6b,True,False,False
e705cb23-62ab-4f54-a6e8-db0c6a1cccde,True,False,False
e7090c01-62bc-4746-b058-9ebd40b49334,True,False,False
e70bb7ff-90e5-4295-9c71-865a59249b18,True,False,False
e70bd548-0176-4815-9497-e6f247a56a15,True,False,False
e71924ad-1ff2-42a5-9b20-48411f19dc2e,True,False,False
e7254d93-d5e5-4655-bed5-51b49feed915,True,False,False
e72709d7-2f89-4be7-9a40-93fba86d99c2,True,False,False
e72a6d5c-f563-470b-990f-a583fda93be4,True,False,False
e7329060-854d-4b8e-91da-3a91a282ef7e,True,False,False
e735f535-8cd5-4cd3-aec0-10606a6ee21e,True,False,False
e7363470-3581-4475-b940-16c74fe655ff,True,False,False
e739d7b7-4975-477f-9be4-d3c3f4a779ec,True,False,False
e7409bee-348f-49f1-9d47-2faf4f4f7573,True,False,False
e7409ea1-afea-43f0-ba9d-dcc77944f8fc,True,False,False
e740a912-1006-4022-ac58-b0fc611343d5,True,False,False
e743e42e-03eb-4ea0-93ca-4650e59f3876,True,False,False
e74aea2b-349f-404d-a489-3bce3867cf91,True,False,False
e7533a8a-af62-492b-8b57-45804bca7bfb,True,False,False
e7537d52-442a-430d-9484-5a415047cdf0,True,False,False
e75f6c48-35c9-4921-a0ed-3eaab59dd1f5,True,False,False
e75f8f54-0657-4247-a32d-249c9b36755d,True,False,False
e776172c-a65c-4db0-bb6e-26624f8f2b29,True,False,False
e7773cd6-2e2b-4153-be5f-1661ab7905c1,True,False,False
e7787a4c-fe2e-4ce5-a265-bc8aae32320a,True,False,False
e77ca5c2-bd6d-4a53-b982-88d863b36a2d,True,False,False
e78121d0-d7e3-4fb6-a3e9-d32689bf360a,True,False,False
e7890610-ee64-408d-aa3f-aa1e032cac1a,True,False,False
e791da18-fd3a-4b7e-94f9-ca3617fa73af,True,False,False
e79ae66c-cdc0-4f91-99f5-96e454ee0da1,True,False,False
e79d4812-b021-420c-b3c3-2634c97d7ebe,True,False,False
e7a05008-9343-44e0-b535-71ee95cd1c85,True,False,False
e7a165c0-14ce-4577-aa42-9733cd215dd5,True,False,False
e7a64349-4875-430d-9058-e87df7207b94,True,False,False
e7c0e816-a778-4e6d-abb7-1b06d7461033,True,False,False
e7ca8f36-5f0d-4622-88b5-39530ef9f6b7,True,False,False
e7d1b15d-2660-4b19-b9f8-078272d83c1f,True,False,False
e7d27fff-2383-4ea9-8a50-341eaf9d0b0d,True,False,False
e7d91c50-cf90-43c3-b77e-a123a8dc33ea,True,False,False
e7dbc21a-f919-4fd3-911b-22a63620e7e4,True,False,False
e7e7445d-f99b-4cb6-a74a-b27f74420cf7,True,False,False
e7eaed42-130d-4572-9986-d5832fdfa427,True,False,False
e7f1ecf3-75c1-42bc-9bb9-78b8f38ce1b7,True,False,False
e815c6f2-2021-4c48-889f-eaf42fd11782,True,False,False
e81724e7-44e3-4f0b-8113-4c89094590f1,True,False,False
e81944f6-740b-4bd1-8299-370cea62315b,True,False,False
e81ad69f-2a18-4760-afbb-36d8e1087e3b,True,False,False
e82184c2-20fb-4e3d-bf50-a55ec923183b,True,True,False
e821df67-8a82-4155-a2a3-e1bd5b715257,True,False,False
e8231987-09ef-4918-a5be-a2f98eadfec1,True,False,False
e82fdeba-03e4-4b0b-af36-436676312b17,True,False,False
e8402552-b420-4624-bc0f-f8bee4a83b71,True,False,False
e84f8c27-c8d1-4946-89fb-65504a0fadff,True,False,False
e856bb7d-9a58-4f82-a980-5396b3bbe144,True,False,False
e858299a-4fb3-4d90-a22d-c3770d13b74e,True,False,False
e86155d7-6f0e-4eef-bfa8-8a45fb43911d,True,False,False
e878cafc-deb2-45a3-8564-bbd3803224b2,True,False,False
e885ad7e-daf9-480f-a17d-6398e6434a7d,True,False,False
e889de93-8fe2-4e91-b222-dce260ec9ed3,True,False,False
e88cc007-b081-4e04-8ec9-1ad1738a4787,True,False,False
e88fb1fb-7185-4d86-8f0a-aa6b9fa62257,True,False,False
e8968f65-e0ef-4e2d-919c-c074d1e9f5ea,True,False,False
e89694b7-1344-47fe-b6df-776ecdc51731,True,False,False
e89b7c3f-a680-434e-a460-4b3bef9d0b5b,True,False,False
e89b9a62-1728-47f0-acbe-dc8a357386fb,True,False,False
e89c81a0-5f17-4c94-95aa-0e36f2bcb5ce,True,False,False
e8b876c9-057a-4e04-bf9d-328270c5f504,True,False,False
e8c10e66-17b1-4321-9aee-722d0992c54a,True,True,False
e8c2ba67-8240-4743-974f-f0e2c5e9614c,True,False,False
e8ca2077-facc-48d1-900b-dd8d00f059b6,True,False,False
e8d398d2-6157-4931-92ec-586026d4125a,True,True,True
e8dfc454-64ec-4b41-87e7-25d8a7d01a7d,True,False,False
e8e3575e-ee4a-43da-a7cb-4dc1ad76ed10,True,False,False
e8e47cb1-ab2e-485f-9cd8-8c6aba6f07ce,True,False,False
e8e971e8-36ef-485f-b011-cbe332b2bc68,True,False,False
e8ed4cf3-43fb-3fab-49eb-3baf5e27fdbd,True,False,False
e8f2000c-f54e-409b-a195-3a36db754e61,True,False,False
e8f5a913-2f13-409c-b947-a92443814b54,True,False,False
e90544ff-adef-4752-81b5-f7413655f26b,True,False,False
e912f383-888a-42b8-b7ca-9ab790e9d10e,True,False,False
e916dbb0-e3f6-487e-a284-bb8d89f2b4d3,True,False,False
e921e0ed-7a0a-45f5-9356-ed0d5b26cfaa,True,False,False
e928a005-3c70-4afd-800d-70d05375359d,True,False,False
e9374e3a-849d-444b-a58e-2c4cfa73c96e,True,False,False
e9375d18-a093-4be6-8c23-796aa480ef35,True,False,False
e93b62c7-2777-4799-88fc-65e09392292c,True,False,False
e93e7733-ea6e-462b-983f-1eab1e74f785,True,False,False
e9515f5a-2d67-4ee3-ae4c-43d7c9d02d50,True,False,False
e9588be6-c467-401a-a7b4-4e5ef10574b2,True,False,False
e9591e5d-d428-4100-8bf5-63a0af1258dd,True,False,False
e95d3fe6-6a9e-47ed-8e3d-b775d330cb5f,True,False,False
e95daa14-fd06-4f71-a689-3f3c5784f9f2,True,False,False
e960a687-28dc-4baf-b2ec-0f7c7ca9a902,True,False,False
e9635b62-ba89-4631-968f-7a5dee28fe03,True,False,False
e966221a-ee01-4144-83e4-2bdd99dd63c7,True,False,False
e969e830-f637-4d02-b291-6dfc7fdeab5a,True,False,False
e96f24bd-cea8-4478-abd3-06578c8c8e4c,True,False,False
e973820e-18e9-4d37-a8d7-6a33b4a0def5,True,False,False
e975fb26-652f-499f-a9d0-421989caf62e,True,False,False
e976d196-4887-4cc8-9fa2-b3810e330cbe,True,False,False
e97cd937-780c-451b-92b2-6a3e3dc2ab81,True,False,False
e97f3199-546b-42f1-986a-88abe3059874,True,False,False
e97fac51-83d7-4e42-9e80-84c1dee2b945,True,False,False
e984e35a-8850-4c7f-9992-7185052e449b,True,False,False
e989b96e-ab6f-4287-b6ab-a643a777c9d8,True,False,False
e989ec5d-9f78-4e12-b4a7-2b774dc93dac,True,False,False
e98a1906-4dd1-4ef9-9678-78e8c867820a,True,False,False
e98f4b80-5e48-4cc2-adf0-c6ec44da8dbb,True,False,False
e99da54c-5736-4e81-8e24-33d83b6d7ce6,True,True,False
e9a37b07-9d86-44af-8101-d2b8202a0ac5,True,False,False
e9a9eb02-ce39-41e0-a1f6-585eb863b89c,True,False,False
e9ab99c6-b0de-46a5-ad2f-39891da4a43e,True,False,False
e9b5a7ce-dec1-451e-a91c-dc2d6d93f1e7,True,False,False
e9b8168b-2723-408f-83dd-eac0aaabfca1,True,False,False
e9c37cef-4dbc-4ee4-98ff-ea13b96c7986,True,False,False
e9c83ce0-4db1-4458-b03f-3dfe6780b9b2,True,False,False
e9d3fa62-5e5c-47eb-9984-d56ccdaa8aba,True,False,False
e9db865d-235b-4b8b-a479-b174eec2aeff,True,False,False
e9ddce76-6748-4e93-8231-394db5305194,True,False,False
e9e2f828-02c3-4b40-92bb-f1995208236c,True,False,False
e9f4227b-6b66-4d9b-ac2b-6fb5bd64d560,True,False,False
e9fc017c-5351-4086-8cb9-ad477929a3f8,True,False,False
e9fd8e21-66a4-42a2-ae39-00e3ee4e8f2d,True,False,False
ea027ea8-1b63-4fd9-a323-0ec04b55acc5,True,False,False
ea035883-e7d2-4859-a58d-29efcd91d119,True,False,False
ea037bf0-0135-4bf4-a541-5abdaa89e2fa,True,False,False
ea070e53-22be-486b-b149-4d1623d9a651,True,False,False
ea09a201-1e70-4d3d-a1ad-5791d4b40c5d,True,False,False
ea0da257-25a7-456a-b53b-da4dc8268471,True,False,False
ea0ff8d7-4060-4f80-803f-4f8e8bccc545,True,False,False
ea13d75c-619f-4792-b8ac-1ad9a258c95b,True,False,False
ea1f1bac-5101-444b-9acf-0317944f7a5d,True,False,False
ea2353a6-643c-4926-a6a7-0726044010e6,True,False,False
ea2aaf14-dee8-431c-b4a5-b8e8f169bc65,True,False,False
ea2aefa8-cb32-4507-9412-2f75b90a20f5,True,False,False
ea2b5773-5ec9-52bf-5c30-42125eb2314e,True,False,False
ea37f2cf-ea55-4c64-bead-58290371328d,True,False,False
ea3995c7-de61-44d2-975e-07692b1223f6,True,False,False
ea3fcc7e-3ec5-4cf1-9627-95b2205daa4f,True,False,False
ea42cc2b-528f-41ae-a723-006da69d6034,True,False,False
ea482d7a-c7b8-4742-895e-7477a8927c85,True,False,False
ea49909b-3999-4d26-b3f9-35561153ded7,True,False,False
ea60c025-7810-41b2-8981-9fb9b61fe854,True,False,False
ea6924d6-64d5-4d6c-8922-369f758cac8b,True,False,False
ea696f29-3a1b-782f-8e2e-ccd422356920,True,False,False
ea6a093a-d9ca-4690-a7db-4de61ef2dcbe,True,False,False
ea6eb3e9-ad49-478e-a470-6f97a8cdb23b,True,False,False
ea6f5357-4068-46fd-b4ab-cf8fbf9b9e44,True,False,False
ea75b2be-febe-4500-aff1-e8fdbe698075,True,False,False
ea85f2a2-3011-4110-a22a-85cd34ae2896,True,False,False
ea86db2f-c560-4b13-8007-ef18e9b1b66e,True,False,False
ea87d815-414b-4e39-afe6-25b30b3ae342,True,False,False
ea8a5b23-3b99-40d5-800b-5c0b566c7115,True,False,False
ea8d8dc7-3aac-462b-aabb-fb813b7e4e94,True,False,False
ea9c91db-abfb-47e1-9729-6f56bec8901b,True,False,False
eaa3bfed-e79a-4e8f-8c16-02eaa5392ab0,True,False,False
eaa9d531-4be6-4faf-a2f5-ca0048f5db3c,True,False,False
eaaacd28-de15-4798-a4dd-0fad3ed50655,True,False,False
eaade705-8b7e-4ada-aa33-5700be3ccba4,True,False,False
eab3a9ca-2e90-4c73-b4e3-69682129186f,True,False,False
eab58480-4e33-4db1-9c15-916393acc8c7,True,False,False
eab7da85-0f63-44ac-9eff-26d39819bb52,True,False,False
eab9aee5-5f05-419f-af5c-5bec93063d22,True,False,False
eac9db22-9e11-47e0-83c1-5b8966453be2,True,False,False
ead73ced-826b-4865-9c90-73bc0da3a41b,True,False,False
eae95612-e3f7-4138-b763-236df66f82f5,True,False,False
eaf5c2d9-8834-4821-9ca3-acbc31f3a587,True,False,False
eaf61212-53e5-418a-8db6-e1d28128dc58,True,False,False
eb07217d-e163-4a81-95e7-5bf0ed538d67,True,False,False
eb0f26f1-7df2-4d86-a398-74ece56d4cf7,True,False,False
eb147fee-e8ec-4fbf-a300-e7359ac6e8f1,True,False,False
eb1655e4-1d7b-4699-9de2-8accd3291247,True,False,False
eb1cc1b8-d579-4dbc-a8e0-9aa6c59618c7,True,False,False
eb27bb29-d4ac-4f25-901c-1acc74b918bd,True,False,False
eb27fe32-e2d2-401d-a287-c37ac7d4c846,True,False,False
eb2997b7-f348-4990-b90e-daa802fa3806,True,False,False
eb3379bd-8769-4d6d-a86f-da0cbab2e0d8,True,False,False
eb340310-bd96-4e20-a587-dbfd074286a5,True,False,False
eb353a93-dc8c-4935-959b-9b300ae87bb2,True,False,False
eb357599-cef1-46eb-ac79-ac8a41f67633,True,False,False
eb37ee78-bacb-4ae9-b2e1-9604e18352cf,True,False,False
eb3c3d95-93c8-46e3-86d8-de2da7eac213,True,False,False
eb3d3af3-3515-4e29-9f18-3127cbff1de8,True,False,False
eb463a48-7891-4e5b-9ae3-06ec20106a77,True,False,False
eb4c82b1-35a4-4844-be3c-02374f359b4b,True,False,False
eb4ccd6f-1888-44e3-bc34-898beca7466d,True,False,False
eb5c0711-8b24-4988-a7d4-47d0b2d0379a,True,False,False
eb5e15be-8d57-4c5c-8821-ecbc02b75184,True,False,False
eb60b03a-9e9f-45b1-86ee-0a6412572b4c,True,False,False
eb6b37a0-6bfd-44f0-b47d-2e343d8fe6cf,True,False,False
eb6c1284-d4bb-4499-9071-f868e46733fc,True,False,False
eb721e35-f680-46cc-8d5d-aa32812fe888,True,False,False
eb73b363-5db1-4c43-b561-96805e3813cb,True,False,False
eb77af7b-a7f8-4241-bbdc-6a37c85621bb,True,False,False
eb780c00-87bb-4de6-9596-25ecb4c7b1f2,True,False,False
eb7de38b-693b-4a35-bcd6-e622ca69d9ae,True,False,False
eb7ecc9e-edbb-4161-a86e-19aaf273e0d5,True,False,False
eb847847-e3d9-4c43-bf27-e881818a31f8,True,False,False
eb92a78e-9e6e-4d86-a23f-6dc29111810d,True,False,False
eb9421a3-624d-4213-bd33-0ab99a3822a2,True,False,False
eb982dae-3404-4470-85f0-aeba6ad0f8d3,True,False,False
ebab290f-a3f0-47d0-92fc-aa7657664b73,True,False,False
ebbf4ed6-70dd-4b80-8a8e-6b0fa197f6e1,True,False,False
ebc64ad2-79d8-4556-bd3d-10f24373a314,True,False,False
ebc67f77-9fdd-4ed6-b89a-4cf62786d85e,True,False,False
ebcc123d-b2e9-4f9c-86bd-03394f9d3798,True,False,False
ebd184e8-9fa1-4759-b75f-a2cf1d1a788d,True,False,False
ebd215d9-5a2c-4f40-a708-5228f41f1d42,True,False,False
ebddae73-d875-437a-a3fe-e949183c2046,True,False,False
ebde73c3-497d-484d-baba-1cd0002d4fc8,True,False,False
ebe2c351-c8bd-4cf0-8dc9-620b3561fa00,True,False,False
ebe44e8f-9cfc-4363-a095-91f208050744,True,False,False
ebe48a3e-f8e6-4636-89b4-4a059eb9d726,True,False,False
ebe7d1d8-f6e2-4154-957f-85753c20387e,True,False,False
ebed0736-61f4-44d9-b800-c52139d674a8,True,False,False
ebf18251-6f24-47d2-afc2-0b8d0bf2bb56,True,False,False
ebf7b261-cbe2-424f-b083-ada3a14357cc,True,False,False
ebf8fbeb-b49e-4c92-bd29-77dda2b51402,True,False,False
ebfb5cec-431e-4b1f-8278-f7b21d9a701d,True,False,False
ebfc3a39-2e66-4730-b65f-01e38cb17e88,True,False,False
ebfe62dd-197a-4696-9344-75b4d15f43a0,True,False,False
ebfec99e-00c9-4568-a188-c5bcc2f2dd58,True,False,False
ec0bacbc-8c40-41a0-966e-913d48319f2e,True,False,False
ec0de1cb-1944-48a4-9717-8070aef01e2a,True,False,False
ec168274-4444-4ffc-869d-100f0a461237,True,False,False
ec2269df-e7ea-431a-9aab-c1894163a53b,True,False,False
ec266554-d143-47cc-b1a9-084b3ebbe397,True,False,False
ec28e001-f921-498a-b1f4-69ab8f6cde8d,True,False,False
ec362037-772d-4a42-ab79-3f77ecde2103,True,False,False
ec381ebe-1d69-4789-a696-0437132f9118,True,False,False
ec389b0d-77cb-4296-a6ad-bb0aee565dab,True,False,False
ec5045a1-d998-4948-a73c-d320a16bb983,True,False,False
ec5e6e2d-c870-4c04-b66d-6a497dbc4753,True,False,False
ec6687ca-f667-4688-8d3e-c9274499839d,True,False,False
ec6a6fc2-4d71-4eac-8a9f-ac8295c03790,True,False,False
ec6c7c59-e51e-4436-8212-70a174b3b90c,True,False,False
ec6f3e88-07e7-40aa-8229-754b11c53787,True,False,False
ec6fe6a9-32ab-4467-bb73-dbb1f351eca0,True,False,False
ec77e098-ccf1-4c13-b7aa-19fa0db9700f,True,False,False
ec85fe66-0824-465b-b5df-84c9e9210c80,True,False,False
ec8eec79-f3d1-488d-aed8-8597ecb9ec74,True,False,False
ec963f04-58ff-4868-67ff-2927785134b8,True,False,False
ec9fa7db-85cc-4d8b-8eb9-9bdb913c8630,True,False,False
ecac4fd2-ab45-4f17-9fc1-1ccf4d96dccf,True,False,False
ecae7ff9-d684-4abd-a5a6-d2e8497d4d35,True,False,False
ecb1d943-a64f-4c51-8907-526d27c5acd3,True,False,False
ecb88bef-c1e8-46ca-8562-7f92da6e33d0,True,False,False
ecbe2697-d4a3-4614-bf21-1341b2195c0c,True,False,False
ecbe3551-a5b6-4ed3-b2f1-71bbc226516f,True,False,False
ecc43df9-584b-4461-a1ca-db788908e14c,True,False,False
ecc5450e-45ea-4f89-a1fa-3fabff6ca44a,True,False,False
ecc5874f-202a-4b0d-9fd1-6a967cd820d0,True,False,False
ecc6ec65-9884-4630-a55b-25431e2434c5,True,False,False
ecd3d8ea-008c-45b9-9831-c0bd3d7262df,True,True,False
ecd974e8-04f8-464b-942d-68aca71622ba,True,False,False
ecdd44e4-e236-4586-bfb8-4c931a2bc9dc,True,False,False
ece03e00-c89b-4285-9338-6aa6b6dbb3fc,True,False,False
ece3e659-0937-4599-b17a-2aa6d1b395ae,True,False,False
ece9405a-30bc-4770-adb2-900defbf3bc6,True,False,False
ecedccd4-bf11-43ec-b7a1-7cab7457d5bf,True,False,False
ecf41888-9f92-4745-be03-2fa599316121,True,False,False
ecf425f7-07c3-4bc5-b9a9-85a771b1c054,True,False,False
ecf53dc7-9088-4ddd-b331-09e278c274ae,True,False,False
ed079f53-f0d6-46d5-8c3b-382be8d10262,True,False,False
ed07e636-e954-46cc-8e8d-6f5a0a77b6f5,True,False,False
ed0bef03-e916-48cf-a00a-c4a79ab419e9,True,False,False
ed0f0b79-4b67-4ea0-bfa1-1157e8a4477a,True,False,False
ed104af3-e8a0-4225-92f8-7fb7d4ddc235,True,False,False
ed177b1e-e12d-48a8-8beb-61d411910de2,True,False,False
ed195279-c199-4fd3-93c1-a0e9e717c423,True,False,False
ed240f24-2f8a-49c2-aae0-726b14893ea2,True,False,False
ed28b4c4-5fb9-496d-a8fe-2564f9214d4a,True,False,False
ed2b2d78-151f-4aab-b261-60260d532644,True,False,False
ed2cd528-1265-4ffa-a176-527606b0f156,True,False,False
ed2f5bb7-9283-4552-822a-1cf19ab8a0a4,True,False,False
ed35a7dc-cb92-4234-9d92-ba17be937ebe,True,True,True
ed3b51e6-965b-4855-aca7-b1d26fbbc4ee,True,False,False
ed508f29-5edf-41a4-b7d0-b26783f20755,True,False,False
ed515ca0-37c9-4fb1-aa5c-842b11a8d020,True,False,False
ed531401-8efa-4f0e-bc0c-00156e30c1e0,True,False,False
ed58df5d-50ed-4f68-b92f-b9b3ef32fb45,True,False,False
ed5cfff3-0d70-4f41-bb29-1c4f1e31f0d3,True,False,False
ed617655-7774-4f1c-a497-dc9014da415a,True,False,False
ed66306c-b5e6-4300-a89c-57278c243d29,True,False,False
ed6665e2-20a5-4127-87ac-675d948df955,True,False,False
ed69825e-3c22-4d54-84b3-155774536df2,True,False,False
ed6e6fef-de52-4759-b53e-84d3117dd551,True,False,False
ed7fa1c0-ca9c-4123-bf95-3a7ae3643382,True,False,False
ed851172-82a9-43fd-ae75-c26011443568,True,False,False
ed87f60a-412c-4d28-8a21-c0d261619c60,True,False,False
ed9b030d-ea79-424a-b655-578841dd55ce,True,False,False
ed9e34b0-c446-4613-9af6-e2b64c8bd440,True,False,False
edaa8a41-a872-4c83-b7dd-bfad7d7f4918,True,False,False
edb5d102-5b20-4cc0-ab55-4123aaae961a,True,False,False
edb78f27-f9ee-4767-8081-faa06ab0866e,True,False,False
edbebad2-121f-4966-9f4b-cf3875e4e7d7,True,False,False
edc441f4-0d81-468e-8333-582628fada99,True,False,False
edc67ffc-d159-4961-a592-b2e349fd76b2,True,False,False
edd0c4b6-950d-43d2-84f7-6b49d7031003,True,False,False
edd82e45-c964-41a8-9a04-e021ed5099e8,True,False,False
edd9c69b-6d5a-49ed-befd-8da57bee9019,True,False,False
eddaf03a-6018-41d4-8279-72917fc004eb,True,False,False
ede2254a-5fb5-4485-ae0b-64a005e53d0d,True,False,False
ede47428-f99c-4f82-893d-54109ac639e6,True,False,False
edef28ea-310a-4c9f-9e05-18a9176c4f5b,True,False,False
edf34e4e-1376-42dd-848b-658affa20c51,True,False,False
edf365e7-4752-4dca-870b-2bbfa34d1875,True,False,False
edf7d7d2-59e6-471f-9ee3-19c935095dd7,True,False,False
edfb3b3b-b0d6-4ed4-8382-e030118b86c6,True,False,False
edfb415d-5e1d-469f-bae9-f621b9267d7d,True,False,False
ee0196df-9ddb-4235-87e4-d319e8e38af3,True,False,False
ee0244f3-853b-49ab-a532-909bc29ab0e2,True,False,False
ee0cb7b9-5716-4b53-a544-920eb8c33e82,True,False,False
ee257924-e2d5-46d3-b83e-08dabc581c01,True,False,False
ee2615a6-fc4e-4250-b4de-368ddcd550f8,True,False,False
ee27e639-309d-4f5c-ac92-0ab5e3485d44,True,False,False
ee2a4018-c313-427d-8302-9c5f530b8dba,True,False,False
ee318ab8-9819-45f3-80c2-1f8c75a2183d,True,True,False
ee3384bd-ecb3-4329-897e-17fae33c257b,True,False,False
ee35c3ed-0d45-4ee3-8eaf-84323a401451,True,False,False
ee3c9efd-3a2c-40fc-834e-f8701e075011,True,False,False
ee3c9f83-8121-4874-b7e4-7b547d472fe8,True,False,False
ee3cde91-2aac-4dce-93d9-127d3ca8ba99,True,False,False
ee3ec05f-2895-4097-8106-097f0d4db48a,True,False,False
ee41af05-0e86-4095-acbd-7fea38653789,True,False,False
ee42e3b4-389d-451f-9551-9c8fc4484491,True,False,False
ee46aa17-a39a-4009-9f55-0521f369d948,True,False,False
ee49bb23-a7cf-4960-bc04-3385253cfa02,True,False,False
ee4c267e-83b9-4936-a819-3ec42b1a917a,True,False,False
ee4ced04-f012-4a20-9f71-8a0f1a2d8441,True,False,False
ee4e7f93-53b3-4a9e-b4e2-38a66da64ac4,True,False,False
ee643df0-e35a-4ba7-8864-f804162ada43,True,False,False
ee64ca93-7bd0-46f3-9f86-699c447416b7,True,False,False
ee656fc6-7f3a-4d59-9bc0-9c7099066ea1,True,False,False
ee6c6e73-ab36-4018-871b-3ebd5783ddae,True,False,False
ee6d53fe-24e2-4736-9d49-d47e8af4a456,True,False,False
ee7bf7e1-db66-433a-b8db-6f61ba5b4fba,True,False,False
ee7e8419-c8bf-4606-b62f-7b7eeb7b1736,True,False,False
ee8081ad-80b2-4665-b1ef-ec33686b5881,True,False,False
ee8e330a-02fa-4fd6-82af-6567fd5b4e15,True,False,False
ee9066ad-56c0-4327-a4f2-c1a7d2c500fa,True,False,False
ee90757b-d7ed-4c13-964f-c3640c069543,True,False,False
ee929ee8-1f8c-4306-aa50-7e8f6c6a1ca5,True,False,False
ee957427-9789-474f-9b99-851fa87adb85,True,False,False
eea548f9-3f67-4ee7-922b-a4678009b224,True,False,False
eeac9e27-f398-4ca8-9d3e-cd31053dff6a,True,False,False
eeb4089b-9827-44ef-982d-4c4f9c2071e7,True,False,False
eeb571c6-4758-476a-a07f-f985be12cd54,True,False,False
eeb7a946-20fc-4718-8d26-210d8469001c,True,False,False
eebc25ef-ae87-4cff-bb04-f23a72efa20c,True,False,False
eec63587-ba34-401f-8d22-ccd6d2692e96,True,False,False
eec84b1b-06a4-4fcf-b39b-de67e9f4d72b,True,False,False
eecdb73c-54d6-4d24-b27a-1e6e4979bf73,True,False,False
eece69a9-82b8-4274-a2f1-a158ba02dcf0,True,False,False
eedb7d10-d359-44c4-a89e-d5ba1a5d15ca,True,False,False
eede2ef0-6a08-4292-8af7-9246e3499b24,True,False,False
eede7fd0-03ef-480a-bb60-3c9e5e7ed490,True,False,False
eee6f473-a34b-4878-b7eb-3d6c0f53b06b,True,False,False
eeee006e-b2b1-42ee-b6e1-f8b176f55b74,True,False,False
eeee694f-8777-4670-9973-6071a689444a,True,False,False
eef94460-d329-472e-9956-baaf680cd165,True,False,False
eefd73df-c80a-409a-80b6-3874e5ab2076,True,False,False
ef01163b-d49a-43de-b3ba-c3adadacec59,True,False,False
ef05ecc4-5829-4320-b0d5-afae98c32656,True,False,False
ef0da819-c882-4e3e-bee4-a2df80207918,True,False,False
ef169dcf-8e69-437f-9df8-6702630e9335,True,False,False
ef1800da-a122-4103-b9f3-93aa3d120933,True,False,False
ef1a8d15-2324-42cd-9358-6f61c8c5c21a,True,False,False
ef1df665-313a-38c1-2464-42fa8b77b631,True,False,False
ef205243-3b5f-4e2e-bcbd-5e9a111080d4,True,False,False
ef24d99e-f53b-48f1-bcaa-b7b0d8ca9019,True,False,False
ef36d6b2-f15f-4d3d-8d46-f54d15ea8a9c,True,False,False
ef3d5fb7-2122-4a49-83f1-c8684671afcb,True,False,False
ef3daa59-4936-43e5-a530-32902f64b2f4,True,True,True
ef40d418-5852-4161-9e2c-bb3a72083577,True,False,False
ef427812-d239-4457-aaf5-451012849ad7,True,False,False
ef4867dd-b922-4d92-abec-9a75acb2b769,True,True,True
ef4bbdd8-79fd-453a-8c7e-33771bd9504f,True,True,False
ef55b6d5-8611-4925-af7a-21fe184198c1,True,False,False
ef583723-b6ce-4b6c-badd-b7c4612c5f54,True,False,False
ef64f6c8-3bd4-4d8f-8d82-349097bcf8cb,True,False,False
ef6be9cf-1cc4-4141-b980-d54aa864eca2,True,False,False
ef71176a-d14e-4e8b-9fd6-01584b6eb489,True,False,False
ef787d05-ee5e-4c98-8d46-4185ef0749d1,True,False,False
ef7915d5-987f-4870-9938-49ea4a5029cb,True,False,False
ef7f302a-3897-467e-a904-c2213a8f17b8,True,False,False
ef819e10-c61f-424a-bf46-893b8021edc1,True,False,False
ef906b01-3ae8-46f0-9a56-2ee8e2015c1d,True,False,False
ef95cac1-6580-44f0-a10b-c7e836982154,True,True,True
ef9db5b7-6356-4321-807c-a57ad3d18a68,True,False,False
ef9fd065-5a2b-437e-9818-596fa2aa8e79,True,False,False
efa56352-99f0-40b4-bfbd-4184a22e97f7,True,False,False
efa94989-fee2-46cf-a5d1-039fe090a400,True,False,False
efad7409-5e78-4035-92e0-304f624df6c0,True,False,False
efb77849-5e23-4fc6-b616-2a33d91dbbe2,True,False,False
efb782a7-5ee1-4f78-99f1-31d304cad9c1,True,False,False
efc2f9aa-eb46-4a5b-8a4e-9d243d919be3,True,False,False
efc9560c-ac1b-4eca-b652-2a1223b94e62,True,False,False
efc9664b-c3db-4b9f-a2ee-b8b0148a1e06,True,False,False
efcc7514-da0b-4725-853d-c430f653d692,True,False,False
efccc7f8-8468-4dc9-a313-adc4052c8fab,True,False,False
efd53d65-0fbb-43cb-9168-7c06e59965a6,True,False,False
efd58a11-6fbf-4aa2-86c1-aad172f32fac,True,False,False
efd60ab8-d14d-421e-a602-f1fab7904f1a,True,False,False
efddad7d-eda3-4879-9d80-b5f358133322,True,False,False
efeb72ea-cc60-4b2f-8a0e-d66381557ef1,True,False,False
efef6ded-8bac-4d8f-916b-0ce670bac5f7,True,False,False
eff306c1-8414-40d7-b2c7-15e017bd4475,True,False,False
f0009600-6859-463f-87fd-0797604262c2,True,False,False
f00163ff-1917-43c4-99f9-a613abbef86b,True,False,False
f01029ab-b7d1-411b-b2e7-049ca72549e5,True,False,False
f015baa4-4415-4577-bce0-075928ff17d9,True,False,False
f017ac11-c103-4dc9-9ddb-f98db7aa61f8,True,False,False
f0186180-34fe-4bf6-9235-2c52c7fef5db,True,False,False
f01bc441-6bd8-4af2-aa37-7d046c8e8b5c,True,False,False
f02a793a-549d-48d0-8a96-8df1e0646812,True,False,False
f032b9ba-8b94-43d1-ae61-bf6efdc19fd2,True,False,False
f033c1e3-c692-410a-a140-55c85599efa7,True,False,False
f03d81f3-2c89-4c56-8579-f37ff562c1ab,True,False,False
f043d1d3-29a6-4972-90b4-4b120a55f7cd,True,False,False
f06da3fd-3e8a-4cbf-a557-1c5a4f8fd3e3,True,False,False
f07c1071-c067-4ffc-82cc-87edf6cced22,True,False,False
f0850602-3988-416f-81a7-7e5cb8aae7f0,True,False,False
f08b189b-9450-41fe-867f-2d3cc1fa68c1,True,False,False
f08f7202-cacf-4ca0-af1a-be00888b3933,True,False,False
f0913caa-2198-4160-8f5d-a8f561589dbd,True,False,False
f09692e3-e681-4680-ad60-90c6d3e674e9,True,False,False
f09e9fa6-acbd-4a34-b551-b72a121673ef,True,False,False
f0a09d0e-a23b-4f9e-8894-6094b9c97f32,True,False,False
f0a31f11-e177-4786-a9b7-059e80a88bc9,True,False,False
f0b4003c-bd27-4309-9115-e813f46e5d9d,True,False,False
f0be93c2-7899-4ac7-8a97-a7f773a0d392,True,False,False
f0c4f52d-6a44-4ee7-87d7-2f407590c913,True,False,False
f0cef6d5-325d-49c8-a64d-a744bac08736,True,False,False
f0d27723-73ab-4d66-863d-4215a6d8e362,True,False,False
f0d53c77-fba1-4931-9998-e1dea74438d5,True,False,False
f0d6c8f7-b589-4677-9f6a-6df28493af8a,True,False,False
f0e0a911-7d31-4d42-9da5-e9f676c2223c,True,False,False
f0ed469b-25fe-4c9b-8b4b-d448fcd03865,True,False,False
f0fa138c-86e1-44a3-943d-2f869365f2f2,True,False,False
f105569e-c1f7-49b6-915c-11884abde8c6,True,False,False
f10592df-a05a-403a-88b6-75b7afa9a54a,True,False,False
f1074abc-9f4e-be9e-4383-c03c5b3a1a4e,True,False,False
f1086afd-ccea-497d-bc0b-32946be8593c,True,False,False
f10c1758-abb8-4f43-9e0d-f7e230ce63ef,True,False,False
f10c5695-700d-74d7-ead4-7ba8311b8898,True,False,False
f10fcd52-0d09-4c1d-967e-5839c1e31ddf,True,False,False
f11508c7-4162-4483-8f08-fc96deb1f158,True,False,False
f115e85a-6153-4d5d-84ec-9c04b6063532,True,False,False
f118eec9-0dfe-4fe9-917b-8f279369ce4c,True,False,False
f11a49c4-07dc-4588-81a2-43036b88e002,True,False,False
f126feba-99e6-43b1-bc3d-e2dedb3dd278,True,True,False
f12a1b73-3dc5-4ee5-8a4d-25617b97a98b,True,False,False
f12cf604-a5b1-447f-910a-c55971252f5b,True,False,False
f132691e-65f8-4a28-9b6f-7891571966d3,True,False,False
f13742f6-8783-4e7f-93b2-3e4068b223d3,True,False,False
f13acfa5-1182-4592-b61f-c53ba229a744,True,False,False
f13c95c2-b333-4e4b-a2d2-367b34ac10f7,True,False,False
f140bc6f-4f34-4796-92a3-b073fe21291d,True,False,False
f1436961-831b-45da-8d93-904c36f08e5c,True,False,False
f1481286-012e-47f9-8889-2eac65020b92,True,False,False
f14b09fe-549f-4d32-9362-2df059605d65,True,False,False
f150734f-94f6-43fd-897e-18b0ea350dec,True,False,False
f153e154-90c4-42a7-aea8-3c1332ef0c78,True,False,False
f154bc5d-f92f-4d19-86c6-f1de63c3255d,True,False,False
f15c95f2-cc8b-4377-889c-01b65e725db3,True,False,False
f15e1a79-ddd2-40b2-bff1-67b013f6c23b,True,False,False
f15ef7d9-53a8-4bbb-bd2b-0618a998673a,True,False,False
f167734e-4724-4c0a-b471-08e6979021b6,True,False,False
f1796180-51d5-4147-a109-0426502a9815,True,False,False
f18852c4-e9bd-43e2-aa3c-8e77e38867bb,True,False,False
f18bdf17-fef4-4b39-a569-fe942ee969f3,True,False,False
f191db47-bef3-4779-a66d-01ae065bf5d7,True,False,False
f19f9cde-ec79-4236-8738-d46d92d28016,True,False,False
f1a45eea-40f8-4482-d091-e84abf646128,True,False,False
f1a59190-bc29-4b50-a412-dc4af4fbc4b4,True,False,False
f1a635ef-7f67-4888-87f2-e46f347ec6ea,True,False,False
f1a6ddd0-0d72-4a44-ac24-e1f95368a7d0,True,False,False
f1b26bbd-1fd6-4c7e-9dd0-6024d640b8d3,True,True,False
f1bb6343-f00c-43c2-a404-930a7687ebfd,True,False,False
f1bb714b-55df-428f-9973-77ac34e6ec35,True,False,False
f1bc9b52-0cb5-426b-86d4-d15ad179bed0,True,False,False
f1c921c8-9c2c-4909-96a8-5bd172a429df,True,False,False
f1ca34ae-263b-4ac0-b844-712d8bb2cd4e,True,False,False
f1cd6800-fb35-4f6c-ad75-b8063ba9e5cf,True,False,False
f1ce0a52-ea1d-481b-ac1c-a2671546192f,True,False,False
f1d16897-a41c-45fa-a312-d640e2c162c2,True,False,False
f1d46776-afc5-476e-8560-cd52f1751e17,True,True,False
f1d89368-c100-462f-8a56-b4641d3698d5,True,False,False
f1e58440-8498-4335-8bce-de4c2271cc13,True,False,False
f1fb66ad-4c43-5051-3a3b-6b5a0b2bf4e2,True,False,False
f2081cf0-0ee3-4bf1-9b40-e5e580f9ace3,True,False,False
f20aaaa8-f0d9-4081-b662-db7b32b5dc1d,True,False,False
f2136bd5-a50d-4e05-8a90-27b288065459,True,True,True
f215cee1-b838-4d93-a531-7496bdf90d13,True,False,False
f2203ae8-dff6-441a-9bcf-ba22d78471ed,True,False,False
f223f994-d210-4a53-b8a3-be1a156430c2,True,False,False
f223fdcb-09df-451b-aa27-9981092b5a12,True,False,False
f22a5815-454b-4eb2-b5d9-e878e6e89395,True,False,False
f22f39cd-f681-4380-a55d-42933f4adb0f,True,False,False
f2307298-ee36-4823-8fcb-a4163b763adf,True,False,False
f242c07c-2767-4fa0-9678-665ab7c2d616,True,False,False
f245f434-0115-4cea-a2ca-f4948b1e87d7,True,False,False
f2471177-3ead-4651-b6f0-8809ba30c84a,True,False,False
f249da99-c205-4d98-b9c4-b34bb6495dd2,True,False,False
f256e029-478c-4ccc-abb7-cdd3b79ba5cc,True,False,False
f25d9b2c-c6b7-49b1-9de0-d81e28c7c431,True,False,False
f25fde56-dc93-4f4a-bfd3-a1b092258855,True,False,False
f26d1634-b628-42d6-be00-0a47bbba8233,True,False,False
f278cca0-e0f6-49a3-819a-d961998282d5,True,False,False
f2854fbb-f610-4a46-9e9c-4a4b5fb9715f,True,False,False
f2861e01-db8c-46a5-a362-c97a6e21c54a,True,False,False
f2879780-e124-4901-a5e4-8185a880b2bf,True,False,False
f2a0a338-ad46-468a-86cd-cc40760e64e6,True,False,False
f2a68217-9b3c-4b90-af81-5808803b7e3e,True,False,False
f2a75c29-a287-42a9-a741-3f6aa57914f4,True,False,False
f2aa8a2d-d446-4b9f-ab73-09b0f604e7f4,True,False,False
f2ad1029-ac2c-43d0-bf72-4ee97b28e6a9,True,False,False
f2afda0b-ffa3-4ee1-a3f2-6d90bbd4fc4a,True,False,False
f2b88371-e98d-4bb5-940d-b3080017fe49,True,False,False
f2c36a0a-6ad8-48ae-9c14-f3f1aef1ec0d,True,False,False
f2c48923-a3f0-4a27-9efc-5c29fc7e894e,True,False,False
f2c53afb-559a-41d2-a24e-3ef76d02aa8a,True,False,False
f2c928e3-26c7-4773-a51b-87117b925d87,True,False,False
f2caf7f6-1e83-4249-808d-c72d79148e2c,True,False,False
f2cd92fd-1797-48d3-9601-da4cc774e575,True,False,False
f2d01120-a6ca-4018-95f6-d19bfb79f1b2,True,False,False
f2d213d3-91f8-4656-96e4-cfb378d7e4ca,True,False,False
f2e9e49b-fa63-4ce2-9694-e93f798d0b10,True,False,False
f2ea38ff-ad84-4ff8-aab2-951e1996aa6d,True,False,False
f2eeff3b-2acd-440f-8e73-f4847b4ef406,True,False,False
f2f00bc1-b015-4d23-b583-7b7902974e8a,True,False,False
f2f13e5a-2752-4a36-8693-5a4e633e3da0,True,False,False
f2fcf86b-6d30-4eee-a0a5-17cf064f0dbc,True,False,False
f2ff93a9-73d9-419e-a47a-57bb12fe040c,True,False,False
f305ff01-830f-4bd4-aa08-dae8bc273d6a,True,False,False
f3063574-f100-496b-9ae4-a921546f49ff,True,False,False
f3083b04-855e-440c-974d-8b5b0d942d06,True,False,False
f30cdaeb-cfaf-4a4c-9844-7e7eafcc286f,True,False,False
f30f12a6-71bc-4814-94f5-d7bf0fe468b4,True,False,False
f3172b15-a5e1-4e8c-b0b7-aef528841dc7,True,False,False
f31a988a-f70d-48ea-84a8-bd2389282e38,True,False,False
f31af811-86b5-4dcc-9352-fff7f0581c52,True,False,False
f3244f2a-cc72-4f11-91a5-df36ad7444d2,True,False,False
f3395d56-fab6-4bbe-aa6f-dc1a21ffc6e2,True,False,False
f33d9a2a-2ed1-464a-a116-fa239845b613,True,False,False
f33f990c-1abe-44c1-aa37-5c4e405d341a,True,False,False
f3400d05-1e60-49b8-9c31-02edc8b57896,True,False,False
f343e5a9-c386-4b85-9a69-c61032ef8fec,True,False,False
f3478bde-4ba2-4c52-8fe7-261519651062,True,True,False
f34efa64-7208-48ae-9cc1-972c16368c78,True,False,False
f36d7ff2-194d-4e79-a4e6-dc683d5130b9,True,False,False
f36f24a8-f65f-4188-98e5-6a4d3a40a6e9,True,False,False
f37fb722-f5f0-4e84-bd8d-2ae1262548ee,True,False,False
f38805e7-ebdd-4f99-a358-237f76daabe1,True,False,False
f38a5dbe-c215-4a79-a5ec-3b7ef22948ef,True,False,False
f38ccf82-3590-436f-b7cf-97eba01725ba,True,False,False
f38d0f57-0b0a-4f6a-89fa-c110f4d410bd,True,False,False
f38eae58-a071-4fac-a400-fafb91bb4df8,True,False,False
f394a44c-5069-409c-be1e-90007950c2a5,True,False,False
f39ec76d-1edc-48ba-833f-c4c234b2fd9d,True,False,False
f3a94163-3e91-40c7-a89a-4a25ac2bc5ba,True,False,False
f3b62c1f-7e93-4282-a0e1-ebbc820a92a7,True,False,False
f3b64934-9f74-4277-9cfd-ff6630377f75,True,False,False
f3b68f55-c0ef-49e6-bdbb-4e01155b102c,True,False,False
f3b6d914-abbb-4dce-9e5b-a94de0dd677e,True,False,False
f3b844a0-111b-49f2-815c-50c0d1afb35c,True,False,False
f3c5098e-e4bf-4d2f-a412-b8c862eabbd3,True,False,False
f3cc047d-f661-4ae8-a4a9-6b865bb9ea17,True,False,False
f3cd84d2-8f8b-49f6-a4ed-55f8b9282e20,True,False,False
f3ced9bf-8341-435b-a91f-dbb556ea5ac3,True,False,False
f3cf338c-f47b-4e57-b1ca-b5b1ddf1a39e,True,False,False
f3d02618-58b0-4730-8750-156cab9116fa,True,False,False
f3d2a079-f301-4cee-877a-ad87bc292913,True,False,False
f3d2ee3e-5063-441f-a3c3-93ab624caf8c,True,False,False
f3d42655-0153-4881-a549-b2b8bb2a38e8,True,False,False
f3d552d3-a170-4714-a87f-857af56d1770,True,False,False
f3d55c7d-a12f-495d-8c67-ea04690576c2,True,False,False
f3d7f95b-4753-4858-ad3c-610dd03a3570,True,False,False
f3d895aa-f73b-4aca-b15f-c5b56e0b7122,True,False,False
f3d9c4f0-f22a-4674-bb20-d5eb246cbf8e,True,False,False
f3dad44b-1797-4173-9df7-5124aaaf9baa,True,False,False
f3ddc0e7-e290-4229-a525-b74c5a3fc74c,True,False,False
f3e035b4-ecbb-425f-9392-c0a154acf2c8,True,False,False
f3e2a120-f73f-47ae-beff-1ccc0cc66c37,True,False,False
f3e8c9fc-255c-4fc7-9319-d47712ad2125,True,False,False
f3e93711-e867-45ce-872c-40e20a698494,True,False,False
f3ea088f-a01b-4a8e-a29d-8c769d74d51c,True,False,False
f3f074e4-49ef-45b7-b016-b51a40f99149,True,False,False
f3f3b0ff-812b-4f86-a214-4aa43a7a0e01,True,False,False
f3ff182e-54ee-4bfb-812d-1f72e6b479b2,True,True,True
f40d0174-a079-412c-9428-6f91464d4c28,True,False,False
f40d9c96-4555-4b4d-917d-81fb15ab7cbb,True,False,False
f414a372-2c26-48f9-92f9-e40eab0cd6d7,True,False,False
f4172d36-7935-4d42-9650-9ba1d65d3c8d,True,False,False
f420fe96-feaa-4f4c-b9a6-f7f88fe0ac36,True,False,False
f4291329-2b0c-4639-82e3-dd42a7ccfe6c,True,False,False
f434783c-620b-4716-9b35-2300de7f473f,True,False,False
f43d7c1e-27d4-46ad-8832-54585f410692,True,False,False
f4414a75-b8fb-4aea-8cb1-3289c7239a14,True,False,False
f4419987-c6a6-444a-9843-d85918fcf951,True,False,False
f444e1c0-71ad-4d0b-a588-01bc27dc25e7,True,False,False
f4481e85-0fcf-4a49-8a7e-a7d77cb7fcd5,True,False,False
f4488573-c150-4b1c-b8ac-ae30d0368537,True,False,False
f44a034d-e69a-4e7a-a4a7-5e7eac4f89e7,True,False,False
f44ad7df-5063-42cd-bc0d-94c26044622a,True,False,False
f44f2a03-6050-4153-b095-2bd1593a332c,True,False,False
f450750f-b0a6-4012-a2e9-35751641a1f2,True,False,False
f4529c18-ffb4-4d0e-91d5-c1d83abae9a8,True,False,False
f45afd23-303d-4e93-9903-793f6972fbd1,True,False,False
f45c622e-1356-41d8-8731-d7ab25628bd4,True,False,False
f46adc7c-8e4a-4cff-bac8-bb74916f4f4c,True,False,False
f47e7abf-ca8a-4d6f-826b-8182e0fff19f,True,False,False
f48492eb-b354-4d0b-a6c8-796e2fb04962,True,False,False
f48674f3-0265-4cd5-92e3-d7f44c958b2d,True,False,False
f4867ded-54db-4cfd-ac30-c04350dd8633,True,False,False
f4902ce5-d348-4768-8160-69af8e695852,True,False,False
f49c44f1-5392-44e7-8e74-1dc1fdec21a2,True,False,False
f4a691d3-932e-45d3-89ab-abd709d3e1ff,True,False,False
f4adb2f3-83a6-45b8-8fbd-57093acdcd04,True,False,False
f4ae89f2-f30e-4fe2-81bc-ed3c5152aad1,True,False,False
f4b23688-b978-4063-ad9b-ac7171089662,True,False,False
f4b40994-f15e-45dd-b1ce-2649a1e9b7a3,True,False,False
f4b44d7f-a6b4-42c7-882b-8bccaee59d34,True,False,False
f4b7bfb7-d911-4ef5-8b78-37a40f0c01cd,True,False,False
f4b9a853-ffb0-4f1b-ad95-5dae8014b9fd,True,False,False
f4c248e9-f1d7-4557-a4e9-48c34552f60d,True,False,False
f4ea5af4-e77c-444d-a9d3-8fb5add5006d,True,False,False
f4ede060-4ddc-4313-a82b-7dfd50b0c589,True,False,False
f4f00f38-4fa8-4500-ab42-033e73954fa5,True,False,False
f4f1e143-62f9-414c-838a-b505f5ae09be,True,False,False
f4fdbed8-a9c3-44f6-9c22-b5fef7067235,True,False,False
f4ff2378-c507-4f27-b198-44a33c30d6df,True,False,False
f5001685-4960-4cdc-a996-48f809190fd6,True,False,False
f5009fe5-252c-4eef-b0b3-0475de1072cc,True,False,False
f51109d9-8f52-4b03-87b7-73a9db939984,True,False,False
f51cd349-92ab-481c-aaa2-4cea04822310,True,False,False
f5299a70-3674-4464-8ae9-0f727dd8a047,True,False,False
f52dd0d3-bf1b-4fd5-b8d6-b75efcbe7b8e,True,True,True
f533e20c-c354-4852-a408-6813ebd6ba45,True,False,False
f53710ae-017b-4b8b-b603-7bf10c3a2a8a,True,False,False
f53a6dac-ee01-498a-8c3f-2e9d6541cca9,True,False,False
f5466fb2-682a-4d53-b125-4c2942474670,True,False,False
f5468890-9b1f-428e-b049-1b0a1adc3f26,True,False,False
f54d4b48-9a6e-4649-a429-d3a166f9bcb0,True,False,False
f54fa96a-f3f2-43ac-99a4-fcb2a449dd36,True,False,False
f5511e51-fd13-4379-a586-a054b7c2584d,True,False,False
f55bbe66-7e3e-4b34-b55b-7d8555eae7dc,True,False,False
f55f6b69-dbb3-4cd0-9330-4f6b9ceac06c,True,False,False
f55f6d59-1b35-41a1-b72f-52a26156522d,True,False,False
f5667c8c-85e5-444d-8c82-9addf6ed0d1d,True,False,False
f572c03e-2e8d-4bf2-81f3-adf2132efa53,True,False,False
f584fb30-4ad5-4f9d-b38f-27ce6f0ae0aa,True,False,False
f59651fd-2f89-460a-bb60-e9850d927450,True,False,False
f59d3448-0e82-4327-aa5d-7dcb4c6a75ef,True,False,False
f5a0c75b-a427-4dac-baf7-29faf729a718,True,False,False
f5a0cebd-14b9-44a4-a7b7-8fe807927bcb,True,False,False
f5ae1213-bd41-4eef-b8cc-0309783dfa3a,True,False,False
f5af08db-70cf-4d64-b514-14dcdcb3340e,True,False,False
f5b04714-31b7-4ae9-887c-c0038085fe00,True,False,False
f5bc5c09-40b9-489f-9bfd-c79935f6bf4a,True,False,False
f5c14425-e950-41ba-882e-44bfdbf3bdb1,True,False,False
f5c2ff51-7c18-4c32-bbbd-843c03eb99df,True,False,False
f5c58983-14e1-4eca-bd1d-8062bb943b76,True,False,False
f5cdff4b-6883-47a0-9acf-fa6f70cbff56,True,False,False
f5ce846b-981d-4ad6-bf79-589ab71978ea,True,False,False
f5d244b4-161c-48c5-b566-16703760ae96,True,False,False
f5d54ee2-aae0-4056-a2d5-7126178e1d61,True,False,False
f5da4115-7cb3-4515-bbb1-689a5c2ecbbc,True,False,False
f5df2d85-6bae-48f8-8146-20897a09580b,True,False,False
f5e102ba-d965-40f1-8790-1c2d3f9e9ba0,True,False,False
f5e3356e-e6aa-41cb-bead-e3ae38bf4105,True,False,False
f5e4ca64-f88f-45a4-81b3-a07d26f335da,True,False,False
f5ee2a8c-9e7f-40d6-9f8c-c6b87b4e3252,True,False,False
f5ef1eb4-b19c-4376-bbe8-4f4ca4f1acb8,True,False,False
f5fbf628-c1b3-4b0b-95ac-c4b041dde4a1,True,False,False
f602e44f-bbef-4744-9f9d-8da348fb0d0a,True,False,False
f603c815-f51a-46fe-9404-cb586e35edaf,True,False,False
f60e7398-7e86-455f-91a4-69ef054de25f,True,False,False
f60ed921-8668-43b5-9ff7-15041d10ecf5,True,False,False
f617be3c-8447-4aaf-b9b7-2e23a21a8b58,True,False,False
f61c0cda-24ed-4eb0-a617-5b04855d736a,True,False,False
f61f7ad0-0155-4c13-a0eb-896264aa9c65,True,True,False
f624dce6-5f89-4a05-ac58-4ee9966f8dc1,True,False,False
f628dc26-d6ca-4c18-956b-94003de0195f,True,False,False
f62cf4d4-54e2-43fd-9ae2-6f4fa70a408b,True,False,False
f62d06fe-5874-413a-ba0d-445abb9c6efc,True,False,False
f6306cd4-de42-47ca-9568-4b70c3d6b111,True,False,False
f63156a7-32da-455a-be64-2627b971813e,True,False,False
f633c37c-3707-45ff-bff6-73471fa09c33,True,False,False
f63491d3-5c81-4884-980c-ecde600131d2,True,False,False
f6360f58-4b55-4151-a027-21288264fa3e,True,False,False
f637cb6c-f50e-4488-a21b-cbaab6eb3b8a,True,False,False
f63906d3-094e-4401-9e45-f6593534f064,True,False,False
f63b58ed-d118-4d6b-b511-30f8b6bc2d6f,True,False,False
f640b540-711b-4b17-a4ca-6d4d3a846e45,True,False,False
f647673d-a3e4-458a-9165-69e79e760502,True,False,False
f6497413-a548-49f7-be52-553b0a8b5ad4,True,False,False
f649e34c-462c-4ea3-9601-83aa284da5a4,True,False,False
f65b317e-f3a4-4c7a-b93c-ef9f3112bd8f,True,False,False
f65b7921-394c-429d-8cbd-4f8f00e4c7f6,True,False,False
f662e94e-bb92-4582-9760-2260e4fd1e3c,True,False,False
f66c8290-4338-4687-9e6e-5e9adb2e50a7,True,False,False
f6739e3e-e93d-4d7c-9adc-be2c70d7ddbb,True,False,False
f6791e22-b6fa-4bc8-b96a-f58eb39b3a9c,True,False,False
f6835635-57e4-45f7-97e7-383abc59c152,True,False,False
f6843fd3-5502-4c64-801f-c296faeefaee,True,False,False
f68a5421-b2af-4c3b-809d-7528ae38f68c,True,False,False
f68aa43b-8eb3-4c9c-9e90-11dfd0d64ac8,True,False,False
f68eeb93-503d-4038-a035-01a8126812a7,True,False,False
f6923d3a-07a5-4348-8704-b93f00860b0a,True,False,False
f6925168-964a-4fa2-aef6-e8679d82ef9b,True,True,False
f696f6be-680e-480f-80e3-e92e0a51257b,True,False,False
f69743fc-3b24-4d14-bd28-7f7908e7a2fb,True,False,False
f697ba4e-4b0b-4304-980d-c6f69bb566f2,True,False,False
f6983130-0c0e-4d8c-a945-21a411a6e2c2,True,False,False
f6a4ed13-687e-4b82-ad1c-82ef5e410d3e,True,False,False
f6a8f3ec-587e-4fb2-87a7-c11877fad121,True,False,False
f6aa2b9f-5575-4b2f-9bb0-547cb0e62e0b,True,False,False
f6adcec3-804c-4c54-90dc-3242c8b2d757,True,False,False
f6aee796-857e-4801-a37c-ee1a30d91314,True,False,False
f6b0754c-8caf-48a3-ab71-a4039acf7038,True,False,False
f6b81138-8a56-43c3-9d87-2215f0fbe0af,True,False,False
f6be7c40-a4a0-4b00-9c8b-431b93289cbc,True,False,False
f6caa242-c3ea-437c-a21a-631ffc54c12b,True,False,False
f6cac2fd-0bcd-4352-b9d6-44aed0a206ce,True,False,False
f6ce8038-f624-48d2-9e2b-a36ba63128c6,True,False,False
f6da70f4-0597-47c0-a49e-f92601d2653a,True,False,False
f6ddf9b4-1ab2-4644-9aa4-c3416f731fab,True,False,False
f6e05f66-d100-48a4-891b-954df5be464d,True,False,False
f6e2158d-848e-4b92-a0c9-cc81b1250f0d,True,False,False
f6e2760c-e95f-4b8e-a201-313ee9018f43,True,False,False
f6fda76b-445e-4875-a91b-614e74a4d41e,True,False,False
f6fe163c-2251-4682-bad9-155a567cf3dd,True,False,False
f6ff00f1-7bd3-44af-a7be-89e150a16920,True,False,False
f6ff1d92-f661-46b4-837a-901640a3aa61,True,False,False
f7039786-db3d-4880-aa07-0f6168d67ff4,True,False,False
f703e611-3a05-4ebb-ac7d-58ecc12b7acf,True,False,False
f7111666-c87d-41f1-a1b0-4a0cbe9f956e,True,False,False
f715b0bf-f272-434a-a836-23ef23295afa,True,False,False
f71d6948-ba67-4a87-a077-4fa169b8bbd4,True,False,False
f71e4cc8-6701-4422-8f79-9ad5fc537e19,True,False,False
f71e828c-9dd6-4dab-af6d-5e8d2fc17e29,True,False,False
f721a7dd-271b-4d29-9b3f-5de27c894d9f,True,False,False
f72a408b-3465-4476-96cc-c0bedca1d6a0,True,False,False
f72e5798-0c5a-4a2d-8187-7a8fee8cbb20,True,False,False
f7337434-889e-424e-a924-36f97341d71a,True,False,False
f73c2b41-98c6-4057-b4c6-f3bb301b5e4c,True,False,False
f73d0a37-1986-42c8-a45b-6336004fd39c,True,False,False
f74184a2-dd76-4639-8605-510ffd3ec1eb,True,False,False
f743825e-6c13-4514-b703-447e22dced73,True,True,True
f74fde84-06d7-4199-bea7-a739d6bc1337,True,False,False
f756a83f-d5bd-4f1c-bf77-c37f85e3c6f8,True,False,False
f75f411a-6a27-4c5f-bd2b-c969eaa7aa6f,True,False,False
f7617e94-a5a9-4b18-92f4-ff12970f2a4c,True,False,False
f7638f88-5128-4c10-967c-7ebc1fb26da8,True,False,False
f76c5070-2c59-4da0-9f0d-3804a495f9ea,True,False,False
f77014a3-ccce-4fb4-840e-320240c832f6,True,False,False
f771a899-af57-44ab-b3b4-5a4975aa8efe,True,True,True
f7740ac6-21f5-4262-9da6-aaa30c693894,True,False,False
f7792af2-089c-4cc0-99d0-72f012f48b00,True,False,False
f77b7ee5-82af-4dbb-bb4f-e9fddff37a3d,True,False,False
f77de4e0-0624-4ef4-98cd-7ef6d16c4fe9,True,False,False
f77f8135-9a02-4055-b103-79b5bf30f5a2,True,False,False
f786fd15-c207-4d0a-8739-2e5475fef404,True,False,False
f790ac34-544c-49d5-9d53-bfb26c3d400e,True,False,False
f794e76f-31b3-49e5-ad64-6c95e6c6a35e,True,False,False
f7951703-68a1-42ed-852d-5f611e2cb0f2,True,False,False
f795b878-d2a8-4ddb-b90b-6181c0c38c47,True,False,False
f7966667-e425-4280-96c7-001542737d5c,True,False,False
f798c074-5ce5-4ccb-8af5-209a18da08fa,True,False,False
f79bfa4b-e490-40de-870a-30187c2d1278,True,False,False
f7a3eafd-63dd-49c1-b67a-56eddc23e04b,True,False,False
f7a748f2-f39b-4eaf-a563-7fc5a76081b3,True,False,False
f7aa0c92-188d-488a-ab46-d94f04780480,True,False,False
f7ad8fc9-15ee-4c4d-bfda-1f80311d24bf,True,False,False
f7ae0f0a-6346-4c90-811c-f4900d23155c,True,False,False
f7d1d8f8-3cea-45fd-8d69-f5fe0365a613,True,False,False
f7d6b433-fac0-4001-88e6-7d50a1b3db72,True,False,False
f7d7c866-106e-4542-87a9-d16ef131f89b,True,False,False
f7df2d0c-6123-42cd-b190-106a36be6406,True,False,False
f7e3fb88-d614-4329-9c04-dd61875967f7,True,False,False
f7e8ffaa-5103-47f3-90ab-c30f313770c0,True,False,False
f7e91156-5be0-49c8-9aa3-ae27bf652611,True,False,False
f7e94483-5d87-45d6-993e-ad9c0cf83a44,True,False,False
f7f05892-6b61-4986-a881-2ea56114f528,True,False,False
f7f56b33-b04b-421c-a1f1-cea25aebd481,True,False,False
f7faf660-07ce-46a8-8781-82a6d0ffb5f6,True,False,False
f802c309-32ad-4eaa-b4cd-7fd7d47c469a,True,False,False
f8060152-88ec-4171-8db0-aa6785fc87b5,True,False,False
f80c86ba-7ec0-4314-9c05-cb87e20c0dd4,True,False,False
f80e5fbc-47a2-4006-99ff-1773d6f12702,True,False,False
f80f45a3-af9b-407e-be6c-4374a05345cb,True,False,False
f810ca41-20ee-4af3-b6a2-55580ef8f5ab,True,False,False
f819c3ee-9397-427b-b5a7-f85469743c16,True,False,False
f82360ed-d8e8-4180-b82d-fe6b841ae797,True,False,False
f829c249-e99a-4241-9f92-06e0561e5b34,True,False,False
f82d48c9-bed1-4800-820b-d68e6b430a50,True,False,False
f8322943-8986-4cce-b478-3a2a67bc4175,True,False,False
f832df11-1a70-4d2c-b856-ff7df7576845,True,False,False
f834b7f5-7e12-45af-b41d-8f2ce592b0a2,True,False,False
f845fa04-a358-4a00-93f0-1ea8426a90be,True,False,False
f84f9fc1-2956-4cc6-bf65-65ea35f0897f,True,False,False
f854804d-c0c1-4f27-a7bb-fbcda7731b87,True,False,False
f854ee86-f8b4-4156-94d5-4b193d79746e,True,False,False
f8557209-e1cb-4e9d-8e91-1a218f4636b7,True,False,False
f8616b72-c75f-4353-8816-01a055e5cb7b,True,False,False
f86359a9-2651-47f6-99d2-bf80aa6e970b,True,False,False
f86687a7-9f89-4f0d-a627-9ca39f6ad89f,True,False,False
f86bf35c-f352-4160-aa35-4a3b5fb096ff,True,False,False
f86d4fcc-97c9-4568-83ad-85ccd01f90c5,True,False,False
f8767a88-74b6-4db2-89e6-fc48a465ac82,True,False,False
f877080a-f2fc-42de-8c93-dd7b2e24eece,True,False,False
f87e5259-5263-4838-ba09-44ac0ecbbfb4,True,False,False
f87f5edd-f1ec-49f8-89fe-8b98994e819d,True,False,False
f8852c65-c17f-4a4b-9bef-f655da48e73d,True,False,False
f8854604-ce0e-441e-a455-af814cc626a2,True,False,False
f88a087c-ff6e-4e13-85a0-6a481ef93966,True,False,False
f88c3832-13d6-46e4-b0b6-d49124f83fb5,True,False,False
f88caf1e-0aad-414f-946c-b3b791563541,True,False,False
f8902030-3bbe-4270-a047-5fb04e213de2,True,False,False
f894a753-507d-4515-9566-d899214e741c,True,False,False
f8963483-712f-4777-92c9-962a6300996b,True,False,False
f89adebb-4f88-47a7-8f55-8bb8737227a6,True,False,False
f8a365d5-3418-4c1f-8e95-a46af97216ef,True,False,False
f8b39e6b-4507-4c53-8e9b-63a8665ef76d,True,False,False
f8b49c55-c530-406a-aae6-ce15cb7c2b44,True,False,False
f8c2927b-b0a9-49fe-a8d6-639d4ecee638,True,False,False
f8c3285c-306f-4690-94c4-ad799eecd64d,True,False,False
f8c4cf13-a4c3-47e7-84b3-0d5c21959104,True,False,False
f8c87715-1a7d-4266-bd78-507bc8d36079,True,False,False
f8cda4b4-2986-4d38-89c4-fbf08782330c,True,False,False
f8d0d057-d5e6-4e18-91aa-a5c61903160c,True,False,False
f8d44d03-c076-46ec-9676-f549b005ba3b,True,False,False
f8d8eb6c-befd-43dc-b70d-d4acb4690a05,True,False,False
f8ec5f58-1232-4e3c-b35a-1a35909dea27,True,False,False
f8f4fe84-4d00-40e6-b229-ea9a5a9c6497,True,False,False
f8fa39f1-f200-4970-aa39-85f08de221fc,True,False,False
f90030a7-0e2e-4e58-9492-0eca019501bc,True,False,False
f90b62c6-0f76-4dd8-ad7d-3bb535c6b1f8,True,False,False
f9103616-76c4-43e4-8505-4d71b8c60255,True,False,False
f9206570-7645-44e9-8da2-9d539ba5d70d,True,False,False
f9286bb7-2b19-4803-910a-df561c9f48b7,True,False,False
f92ce287-e815-4620-a4b0-793f16edb57c,True,False,False
f92e7667-d57a-47b4-a957-5ff01c0fb773,True,True,False
f92ffec6-954c-4998-80ca-f64dad48cd91,True,False,False
f93965df-0a3b-40b2-b959-e47278a57ad4,True,False,False
f93f1b46-4b74-4938-87df-87ccd4a5b471,True,False,False
f9411fc0-b5ae-4bbf-b5d1-d83fa3d1353c,True,False,False
f942b2a6-dfe0-4cdf-9a3e-01a0c72640bc,True,False,False
f94b9395-7f01-48a9-b5a2-b4fe8f55c36d,True,False,False
f94c9686-baa7-4f51-95f7-8db76c559e51,True,False,False
f952e153-cfb5-46fa-ba53-1a09cb7b4ba3,True,False,False
f953938f-8338-4fb9-bf8a-a3579aa14e86,True,False,False
f956e5b0-16cd-4224-b4f8-ea27b8350621,True,False,False
f9581021-1adf-4b18-97a6-998be42e392d,True,False,False
f965532a-57bb-4ab0-89df-bfbfbe5e68e7,True,False,False
f96eed08-8785-407c-b743-89d421133736,True,False,False
f972fb46-9071-48e0-881a-e2b37f42b530,True,False,False
f975c2db-40bc-4cf2-be49-40af344abb7f,True,False,False
f981e6a9-d9df-488e-9c77-a21c896ca140,True,False,False
f98de3f3-5148-410e-99e9-03ec7873dbde,True,False,False
f999ef95-2316-4b83-90de-3973f7421d9f,True,False,False
f99d302f-0d2c-45a2-b13a-b51e01befa7f,True,False,False
f99fd726-33b2-4927-83f5-c38e0f198cb7,True,False,False
f9a46943-d52a-4049-bf56-88b81172f5a6,True,False,False
f9a52c85-fedc-45e2-91a6-9a37864c3ced,True,False,False
f9aa9f05-5191-4038-bdd5-23af9dbc8841,True,False,False
f9ae1de2-516c-4550-b825-348a37c0db4d,True,False,False
f9b2bcce-81c7-4f59-a6f0-0617166f7527,True,False,False
f9b5fca6-a654-42c3-9398-8c72e0ac6525,True,False,False
f9b7cfdb-42e7-420c-b13b-9f0cd18b328e,True,False,False
f9ba21b1-7130-4a21-bf30-b0fef1f0d099,True,False,False
f9be47b2-784e-4a26-83c1-b097f19b0624,True,False,False
f9c02280-2937-4260-b63e-e774ff51c2da,True,False,False
f9cfb4d7-89c3-4049-8faf-a4ccf2f95f6c,True,False,False
f9cfb944-645d-453b-aba1-8d2ca939ea8c,True,False,False
f9d7600d-e711-4802-a9ff-edf0a0b97292,True,False,False
f9d8f808-0a88-4de2-abb8-558dfb80dc00,True,False,False
f9e54c73-f948-457b-90cd-263d92fe1523,True,False,False
f9f09be6-e227-416e-94c4-1b11ee0e56a7,True,False,False
f9f393f2-5567-4281-b533-2117d9eb8929,True,False,False
f9f67030-b410-44a8-a9c2-39a6be8e74b5,True,True,False
f9f6c697-139a-41db-830d-6471df1892c7,True,False,False
f9f8848f-5e5c-49bd-b328-ff9e842ef8bd,True,False,False
f9fe3129-f61a-4187-9448-b4f3e4c35018,True,False,False
fa10e1df-592f-4115-87d3-83b4d58ab422,True,False,False
fa15dd11-c402-43e6-b1b2-a7e62211a917,True,True,True
fa169d19-3321-40e9-9b34-6af77191a098,True,False,False
fa22cabd-8c49-4e67-afc4-afc5accb5239,True,False,False
fa2890e6-cf89-40af-b6c9-13aeebeba6d7,True,False,False
fa2b0c8e-fe59-4807-93a5-e55ccc6f9959,True,False,False
fa2c2fdf-d443-4ffc-a70f-547a0c2204d0,True,False,False
fa2cfeef-1c04-4b4c-803a-e9ee9f52690a,True,False,False
fa334e01-3e78-44fd-b17a-e5a18e8a6192,True,False,False
fa355bda-8caa-48a5-b0fa-8923d9fada09,True,False,False
fa3beaa1-fee0-4c89-b121-504c9ff9dd18,True,False,False
fa54ed3b-279f-4c06-a024-51ea4af8150b,True,False,False
fa5820b7-d974-4a8f-9b84-51d9e1aa5dd3,True,False,False
fa5e3f98-3e25-46d9-8a85-a735ae4dc671,True,False,False
fa63ce25-ee6f-4877-ba30-ff37981f8c1e,True,False,False
fa6fd8f6-8ad4-417b-853f-b46b0c117e43,True,False,False
fa7030bc-f360-412f-84e3-abbac4d28c7c,True,False,False
fa71c3b7-4628-4a11-8422-6c19534955d5,True,False,False
fa752edb-91ee-4b44-9479-492a930ceec7,True,False,False
fa830f7d-044c-48dd-b5d1-0e10b188ded9,True,False,False
fa8df691-4611-4549-a869-62a07a29662c,True,False,False
fa90b08e-1177-4f06-8313-65bdc8ddc5cd,True,False,False
fa92e063-5f61-4d98-b2b7-e58cfd214e4a,True,False,False
fa9d8ddd-9ae6-4ef4-8fe0-c33f82916e5c,True,False,False
fa9f0c14-4203-4dd5-898d-3f38bddd282e,True,False,False
faa534a8-c43e-4473-b761-c84ed98c7f8d,True,False,False
faa653f3-4ab8-466d-8f52-ce2eec58abc7,True,False,False
faa6bdda-cba5-4cc2-8f6d-5c716303e472,True,False,False
faad5dc1-f6f7-4a9a-abf9-0a7ef82352b1,True,False,False
fab9c2ef-fc09-4722-9623-b73bda88a78e,True,False,False
fabc35dd-9e99-488c-b89f-ee9bba65d9d2,True,False,False
fabe5d54-1079-46d3-ad9a-26cd250b1eac,True,False,False
fac6abae-4f29-41e4-b718-61db5c43db29,True,False,False
fac9aa7c-c624-4d50-b160-b051cdb6aa24,True,False,False
facbc087-5e1c-49e2-8120-1e71738c5576,True,False,False
facedc04-dca6-443e-b195-a957ccb9b039,True,False,False
fad2e925-67f4-4422-bb19-c682b521065d,True,False,False
fad88e98-6580-1da0-adb1-1da84190af3b,True,False,False
fad9cb64-bfd7-4ec7-a5ce-25a4e3d9e366,True,False,False
fae3e7fb-ba5c-48c9-aeda-be0a28bf2546,True,False,False
faee8dc6-91e1-4d6d-8afa-a7ef55118289,True,False,False
faeefee3-9718-43f4-bb35-2c83788ddc01,True,False,False
faf5145c-6cfb-472b-ba40-8a04e02d22be,True,False,False
faf57d86-c1a0-4801-b8ad-d86a50fb795b,True,False,False
faf5db52-f43c-41dd-99c5-ea0da1d60189,True,False,False
faf88f79-8e9b-4a5d-ad5b-f79e6ce5bf8f,True,False,False
fafb0236-aafc-4375-985d-29faaf1cdb84,True,False,False
fb00b151-9575-4221-ba54-4f72de22570b,True,False,False
fb0128ee-e4c6-4b69-a2ba-d154a0fbf190,True,False,False
fb01e4f5-af46-4952-ac60-bcdec684508b,True,False,False
fb041e9b-d7a1-495a-93c0-d98c1310dab8,True,False,False
fb106067-d3c0-4cab-af67-d9c6bb478b7c,True,False,False
fb127291-2e8d-4027-95ae-e4e675aa473c,True,False,False
fb1fc632-d946-4009-844c-8bc1090d818d,True,False,False
fb209c1c-7788-4e15-a16f-859e993796ae,True,False,False
fb23167b-0695-4664-9c4c-d277f292eaa9,True,False,False
fb2c50c1-7d74-4b7d-b206-4fe380ae2c03,True,False,False
fb353199-efc2-475c-b2dc-735f43179e6a,True,False,False
fb3a1e61-9fd6-4807-b830-e9cd49b422b1,True,False,False
fb3bc541-8b8a-47a4-9571-c245b874d3f8,True,False,False
fb41b8dc-e010-4c0a-af38-f76c68efb6ec,True,False,False
fb448da4-bff8-4698-a29e-250d7d5a3410,True,False,False
fb46a566-7df0-4d71-b865-4350a4c81d14,True,False,False
fb4c600f-b004-4192-9400-8693988133b9,True,False,False
fb4d187a-eb72-4819-8b1a-5c70c71a773f,True,False,False
fb50a6ce-d904-4b08-bdca-a3b8fe38dd3a,True,False,False
fb51059f-4c6d-4190-a3a7-b541c04c09c3,True,True,False
fb569298-5d58-4a63-b5d6-e00af7ab593f,True,False,False
fb698f5c-18e3-4a53-b473-2bfc4ea32082,True,False,False
fb77cf7e-3362-49d2-a9b8-4af3e0d61446,True,False,False
fb8155dd-b9ad-4b38-a8ce-c5afc1fd5e0e,True,False,False
fb8bbdca-16b1-41e5-8985-562708e5b809,True,False,False
fb9c29b0-c856-40e8-8610-a8f3f7a9949b,True,False,False
fba93dbe-5c60-4261-a444-2ecac11512b6,True,False,False
fbb692cc-34e8-4a1b-8df9-2e7497631baa,True,False,False
fbbbab5c-c43c-4dd9-bce7-b78c6ce8a08c,True,False,False
fbbe54ea-575d-4612-bc76-de6f74f14108,True,False,False
fbc277e0-7ff7-4000-bb8d-634e9b6f0fc4,True,False,False
fbc4b130-f28f-444b-b7ea-c5025ce56f0a,True,False,False
fbc52bd2-c997-4d77-9f23-9e667237b888,True,False,False
fbc5ac71-54b2-4537-8d13-d3f66e8e1e5e,True,True,True
fbc6afaa-716e-42a7-8ce4-f97f2329369b,True,False,False
fbcbba3b-0cca-4526-80c5-68c2df5dab4f,True,False,False
fbcf8b16-5410-4e00-a15c-aa14f93b1126,True,False,False
fbd45714-5413-42f5-9de1-d7df331ba201,True,False,False
fbdaf8c1-509a-47ba-9999-c4d6809fd031,True,False,False
fbdde79b-bc6e-42c0-a7ee-b90f6d71d205,True,False,False
fbe342a6-e5f2-43d1-819b-8eff82a742da,True,False,False
fbe8b261-46e6-412d-83c7-e9ad53f5d409,True,False,False
fbf03105-1fa6-446d-ba31-41e493a95074,True,False,False
fbf0f21d-dc08-4aab-afe8-b753e9060a2a,True,False,False
fbf1d2c6-6c46-47b0-a716-2b25cd393973,True,False,False
fbf8b311-8312-4b6d-9332-a95ab5f567de,True,False,False
fbfa1599-912b-4d6a-8749-49a2ab78cdd7,True,False,False
fc02c645-4ce2-4d3d-9089-8feaac0499ea,True,False,False
fc03b994-1a80-42f7-8d5c-0a4afd216230,True,False,False
fc056e6e-0f74-4fc6-b3d9-d24177c2fe58,True,False,False
fc132eed-8c55-43e1-9e01-3cd0aef15edc,True,True,True
fc1b2fff-007c-4c71-a4d2-2ae9c64e2517,True,False,False
fc1fc88b-0b88-43ef-9f90-6273449ed4bd,True,False,False
fc214317-f919-458f-8d3a-fafa94939759,True,False,False
fc2cba1c-638a-4f1f-9624-1fbce77f1a95,True,False,False
fc303d26-5c7d-40bb-9c7f-f2d48d0168be,True,False,False
fc3421c7-6bbe-48f9-9b86-171cd7eb92a9,True,False,False
fc3c8091-6674-458e-824d-55f8f6124a56,True,False,False
fc3db864-2e7f-4256-bd77-5b9e75a54fd6,True,False,False
fc434bc7-f2ce-44c7-96f0-fe52e72265fc,True,False,False
fc44f889-ae96-43a8-b6ee-48fd9528bac7,True,False,False
fc45ac44-39f3-4aa1-9bff-28685bd06057,True,False,False
fc4714b0-40ca-4235-8ae3-986d02a06b8b,True,False,False
fc481d2d-410b-4722-9707-209d8e9b82af,True,False,False
fc5260c3-24d0-42c5-87d5-cfbbfa8b0248,True,False,False
fc530bab-b1c5-4c7f-9bbe-3dfbaecaa701,True,False,False
fc54826a-5cef-4071-8cfc-bd06a0601676,True,False,False
fc5a854c-3ddc-4c41-87e1-3723cdd73c2c,True,False,False
fc5ead1e-5384-4fd6-9a52-5d7153642b57,True,False,False
fc61f6da-0bdc-4409-aea5-f5ec49272f65,True,False,False
fc68af5e-f68a-4b20-92fb-aec3eeea5136,True,False,False
fc6a1d7d-1882-4e45-bcc1-bbe879eed3a0,True,False,False
fc6c7011-6997-4a52-8b1c-4a138c26489e,True,False,False
fc6f2ede-6264-4c7e-8bb6-815baa7a3e17,True,False,False
fc7166d9-9044-485d-a048-13447127e68a,True,True,False
fc747edc-e31c-4659-b173-13039ca4bf35,True,False,False
fc891c1e-00e3-47e7-9d2e-47594b8b92f6,True,False,False
fc8ba124-20ac-40b9-b8d2-d2c87345263b,True,False,False
fc8bd814-685e-4994-8aa4-c1b055aa93a2,True,False,False
fc8cd196-d36b-4b28-8fcc-d9a25ffd7c88,True,False,False
fc8d6167-d692-4e79-bd7d-7cb78777704b,True,False,False
fc9183b9-9c97-4402-bc2e-691793af4035,True,False,False
fc96a8df-f0ad-47db-9826-299f9279ed20,True,False,False
fc977217-6233-42c4-ac8d-21f7fc2705be,True,False,False
fc988bcd-29c1-4147-a2c4-9f012c4a5a19,True,False,False
fc9ba575-b6c4-47ee-a691-825299ef0b2b,True,False,False
fc9fbd52-b1e8-4c84-9fb8-e216f8ad3748,True,False,False
fcaaffcc-bc87-4025-931b-420e2483d013,True,False,False
fcad1d46-b0a6-4373-8ce9-753e2ca7b4dc,True,False,False
fcb1d085-15c1-4674-b78e-ce870a4ada85,True,False,False
fcb79d69-86ea-4c76-89f2-435201ac5718,True,False,False
fcb94bdc-b628-4ba3-a96f-561aa9a83332,True,False,False
fcc2bcaa-5ded-4829-8eef-0b51801bccaf,True,True,True
fccc94a7-8352-41ea-884b-a3d3f9ac8998,True,False,False
fcd0d6c4-661a-4c3f-82c8-358e69ddf616,True,False,False
fcd364ca-edf1-4c4c-8cd3-945ce2dfea26,True,False,False
fcd3b7a8-2937-4263-aaed-4ab3d53a1c80,True,False,False
fcd5075c-dff0-4279-bca0-143f2f432fe5,True,False,False
fcd526ee-539b-48cb-b8ca-4a70f2df8164,True,False,False
fcd9e538-f83f-417f-9195-9ca2a7d6b952,True,False,False
fcdd97f0-3aa7-481c-9645-b874e4e2e540,True,False,False
fcdf2fe2-4700-4809-b7dc-a5905c77a719,True,False,False
fce11dfd-ab0d-418b-8e9a-1dcba4fb3a68,True,False,False
fce56456-792f-4804-bef8-69081e222b23,True,False,False
fce64f27-2884-4dce-9fd9-b5e9b9db8a60,True,False,False
fce9c137-f45e-4a23-af57-936648d224c0,True,False,False
fceb954a-b12b-48b4-90fc-419bd5d041b3,True,False,False
fceddb96-e2ea-4199-b14e-75251c0332da,True,True,False
fcf8eb92-1075-4886-b730-aa17733051de,True,False,False
fcfc586b-c537-4610-ae95-48fbecdee22f,True,False,False
fcfce367-3876-4fd6-8331-d9b7c25e0da7,True,False,False
fd02ea62-da15-4749-a73d-15539a99fd8e,True,False,False
fd059e50-32f6-44f8-901b-7da817d62f15,True,False,False
fd17b726-b7cf-48f7-a1a7-1f564f31002a,True,False,False
fd2bc000-13e8-40dc-bf6a-161157c7be50,True,False,False
fd2cf597-e80c-4e12-a732-fb4a0690a33a,True,False,False
fd30ae0c-b5b7-475b-ba92-0098c87e365e,True,False,False
fd3578a3-47e1-4a0b-aee4-0caeecc78710,True,False,False
fd36f0f6-86d4-46d8-86bc-0703dca16a21,True,False,False
fd44325f-7cda-453b-bb41-4f35922a26f1,True,False,False
fd4bd6d4-bd14-4fdc-9aff-bd41a594f82e,True,True,False
fd575d8b-a8bf-43b9-99dc-e56f1d758734,True,False,False
fd58d2cf-b2d7-47e4-807a-514bab25cdda,True,False,False
fd685ce2-66f3-49b3-bada-a7aaa1e5d420,True,False,False
fd6906f5-26cc-4463-8c64-f544c04a4782,True,False,False
fd6a096c-c974-4295-b579-c83a0ca85f3b,True,False,False
fd6f6afe-5906-42d1-8464-1078999225e3,True,False,False
fd7477a2-f741-4c61-8a67-7c95957da742,True,False,False
fd786f18-7a92-453c-81bd-b296980ccb38,True,False,False
fd7eb8bd-8633-4d22-9f55-694fc32942f7,True,False,False
fd7f8230-64a6-48be-95f3-006bd5b082ad,True,False,False
fd8c6812-701b-42cd-98bb-1a832f454a9e,True,False,False
fd8ed1c4-ee06-40dd-9a61-60810f856c82,True,False,False
fd917a50-ee0d-4a81-9c26-ef5aedd94d74,True,False,False
fd92166f-3547-476d-bbf3-5708d97a4879,True,False,False
fd9c63fd-efe0-4c5d-a20c-91f60c88d165,True,False,False
fda29305-f45c-4bf1-943d-2853bfa6d14d,True,False,False
fdb21cf0-fb52-4ad3-ae6f-060dd5d5fa13,True,False,False
fdb2da45-2253-4e1d-b6ce-eb0959153baa,True,False,False
fdb33e6c-ddad-4cb6-a2a8-cdd7624f23b6,True,False,False
fdb3bd18-2b48-474a-a1bf-acbf1bbb0f87,True,False,False
fdb81501-77b6-4364-8e5f-a39947ec98d2,True,False,False
fdb8c396-d1bf-4c4a-b553-ccfd7858e2f0,True,False,False
fdc13124-a900-4bfa-8f2b-67a482354dea,True,False,False
fdc79faa-478e-4623-94e2-1115f8a1670c,True,False,False
fdca0175-e3ac-43b4-a9c0-cd849eef1d22,True,False,False
fdca3c89-34cc-4096-b492-23a9877e5702,True,False,False
fdcf0d56-5a6e-4055-8a02-bc236dc1c514,True,False,False
fdd7ee2a-2e98-4570-9ec8-baf1358fe3f9,True,False,False
fdda63d6-73a3-49c2-bed4-0ec5ba893e5f,True,False,False
fddf57e8-f605-4bdb-8d79-32329fda9fd7,True,False,False
fde83171-4dd2-4742-b371-0723c2299cea,True,False,False
fde854fa-8628-418e-8a32-6e03af4d4a20,True,False,False
fde90c2e-f2a4-4f0a-9909-0a2612d58dff,True,False,False
fdeba6ba-ac7d-41c3-b6d2-454dfd57e996,True,False,False
fded056b-ed00-43f9-a47e-0e9e1de72f38,True,False,False
fdedd1de-c490-4df8-aa92-4e0a156f3a86,True,False,False
fdefae07-53a7-4131-b024-a6f630eaf017,True,False,False
fdf073c7-ec90-42d0-bd25-82aa56d59a82,True,True,False
fdfb791f-fdeb-4b6c-a89a-bdb2e296e6ca,True,False,False
fdfc6367-ea6b-43ba-899c-82cb32db3cd5,True,False,False
fe07f4bf-cef9-493a-a3ef-45b0ae13f8c0,True,False,False
fe0d2d0b-4860-4c25-80aa-fd58e6860a69,True,False,False
fe0f77d5-0ffa-49b0-a574-4eee0ac08fcc,True,False,False
fe160c9b-3316-49e6-afc4-0528b9025b48,True,False,False
fe16e9ee-2814-4401-a9aa-7c2f79041313,True,False,False
fe19e0bc-421e-41c1-a1ae-a49d7491ec0c,True,False,False
fe1cb9f2-6a6b-4561-a69a-f68853c2b404,True,False,False
fe202782-ab47-453e-98b5-5622dd31aa13,True,False,False
fe206fd9-f35a-46c8-a7ac-85d3c95486f4,True,False,False
fe21cb74-be68-4a40-be52-665017f62355,True,False,False
fe28e4cb-2097-4409-9fed-73b212a8ca01,True,False,False
fe2b5226-9ec9-4d2a-ae97-5c78c3992c57,True,False,False
fe3640d3-d3d0-418b-9567-b2670f3f8a82,True,False,False
fe3dc40d-1510-43eb-ba52-fb565cc29312,True,False,False
fe438959-302e-4734-878a-9f0f0aff2cf3,True,False,False
fe4ec7b7-5629-4bc7-9e0e-fa9b8f9a4cbc,True,False,False
fe50b15d-8124-41d5-9b7a-5723f746cbbc,True,False,False
fe55c742-be87-4a34-8b6c-eb62df639817,True,False,False
fe63ba68-805f-49b7-a26c-a9bc153b6b2d,True,False,False
fe6adbb6-3275-49c4-a064-6fed0d6f72e2,True,False,False
fe6cfcd7-0086-4112-b029-3d1277488e45,True,False,False
fe831504-5f55-419e-8e0e-e1d24f0bdf2c,True,False,False
fe8afbe4-3b0b-4701-be07-4329c856be14,True,False,False
fe8c9d96-8857-419c-9399-69fec9fefa3f,True,False,False
fe9544f7-0c09-4c85-a2f7-1d978a2710be,True,False,False
fe9e6ade-2e93-4749-a6ef-b94bb1408f1c,True,True,False
fea5dfd9-74ea-428f-9a37-5f08c5b40f69,True,False,False
feb4ee0e-4c8b-4b8f-a3ac-b54c1e7c2a6b,True,False,False
feb69dcc-80db-464f-a04c-5a1d1793cd49,True,False,False
febedbdf-7ff4-4dc9-bd12-69673acfa126,True,False,False
fec5f70e-65f0-435e-b281-0fadd420ab42,True,False,False
fecc78ea-c419-4e43-8d80-751a4b5a09dd,True,False,False
fecec0df-3f17-46e0-adbd-fc504c16c163,True,False,False
fecf3360-9623-499c-b4b6-4e5d39bef5fc,True,False,False
fed50983-fc1a-43ff-8e89-b383628adaff,True,False,False
fed55ee9-df03-445c-902c-586f12caace9,True,False,False
fed75c3c-a896-4e80-8d84-c3417051d2cb,True,False,False
fed78e67-f965-447a-9e4c-dedb9127f13e,True,False,False
fedc0032-338a-4e48-8529-5d601e3a89c5,True,False,False
fee1c258-f509-4bcd-a92a-49d461ed6640,True,False,False
fee739a1-2f21-4b91-a480-71c8c5fc6cd4,True,False,False
fee8d6e3-2eea-455a-8521-ab5b5279acc0,True,False,False
fee9aa92-01f6-461c-b5fa-579f4152d3a4,True,False,False
fefb9416-8a0f-4bb7-a4b6-8e0df592d2f8,True,True,True
fefe3867-bb24-461c-b9fe-1177455e3baf,True,False,False
ff040c2a-e94f-43ab-9e5e-85287dfa4b3b,True,False,False
ff110c60-39d0-4008-9bb6-519003b8bb03,True,False,False
ff12b3db-fee9-4840-8150-9555d06cea45,True,True,False
ff19d5ba-ca59-4810-b241-3e40d1836be6,True,False,False
ff1c1e4a-7cfb-467b-ae0a-490a4186e870,True,True,True
ff1e7d25-91e9-4dd0-805e-4d30f6f4f167,True,False,False
ff1f8a46-2dc4-42ea-b7f0-7758f2e4eaa6,True,False,False
ff215796-14d9-4d3b-a1e4-203a1ddbf957,True,False,False
ff28f6ef-59ad-42b8-b3f0-2c697ec4e27b,True,False,False
ff2a1cc2-f53d-41bb-8930-0a54536d68d6,True,True,True
ff2d0b39-9c73-4b82-b726-df83d22267c1,True,False,False
ff336bf5-816d-4d29-91b8-30dcddc0e861,True,False,False
ff336eff-a3f7-4d30-b588-e6beef899995,True,False,False
ff40a2a4-4e01-404d-8acf-63aa91e327d8,True,False,False
ff414198-7d00-43a9-b528-13ebfc124974,True,False,False
ff4ac8b2-16f4-4413-a830-2605a2e2c7ba,True,False,False
ff4b3065-4f8b-4c0a-9aaa-c52d76d5addd,True,False,False
ff569467-20dc-447f-b87c-04202bb624ff,True,False,False
ff59f0ca-47a4-458b-aa46-96f936a115a7,True,False,False
ff5b8237-a23b-493a-8652-916a9d2ad714,True,False,False
ff608589-bf30-4dee-8263-a5f2779aa7ba,True,False,False
ff62bc52-b198-4c1e-8a11-9600b9ca3894,True,False,False
ff66ce05-f130-406a-b8ef-fa2760c43741,True,False,False
ff6754ad-fb5b-4ec1-9bb3-3816be5c2d64,True,False,False
ff683c6f-9c8e-40df-a3ff-b320045a1241,True,False,False
ff691bca-a4a1-4b6a-a2c0-fa5c0103d2f6,True,False,False
ff6ee61d-04c5-43e0-b146-252cef977d93,True,False,False
ff71d7b5-ed55-4406-b8ad-8bf03dbdeb20,True,False,False
ff78a532-2bb0-4f15-a4a5-e8e4b8ae0b73,True,False,False
ff82e8bf-0ce8-4278-8188-86d275fb45f7,True,False,False
ff8590dc-74bb-4c45-b7b8-4ba90facda5a,True,False,False
ff8c5afa-d553-44f8-b194-d3e5a3c89e29,True,False,False
ff962f83-3b02-4089-b0ea-fb8daaad1a61,True,False,False
ff96e00b-83b1-475f-b742-8326fc3476ec,True,False,False
ff9f5e12-08b1-417a-8dd3-f103eccfec48,True,False,False
ffa4947f-8ead-4fa9-987d-f12c7516929d,True,False,False
ffb613d8-98f3-4ea2-b902-e37aafa5b3ba,True,False,False
ffb7bb5a-9a81-4fe9-b937-b0120588516b,True,False,False
ffbaa061-92eb-4829-97c1-a83211396f57,True,False,False
ffbc1802-d5dd-48eb-bd92-67c80f16bf24,True,False,False
ffbf8b9a-85b9-4891-bec7-3bd1a73d04d2,True,False,False
ffc28070-43a2-465f-8fc1-8e631ba1d3a6,True,False,False
ffc49f94-9d52-41da-81c3-e2047364ee81,True,False,False
ffc644d1-5af7-4303-b011-5b6f9ad0b4dc,True,False,False
ffc7e4c2-2761-4fe4-bf46-c0db530d1c3d,True,False,False
ffcaa139-db75-4d99-964d-78bf4329f76e,True,False,False
ffcee7ca-42ec-41d0-abb2-4df2b125df5c,True,False,False
ffd66587-72b0-49ca-ac47-bbd33c48336d,True,False,False
ffda83eb-e689-430e-84c4-e0a931b3163e,True,False,False
ffda8e3e-981f-4835-99e2-e1a16a1074bf,True,False,False
ffdcfe1a-83a6-472f-9a30-c2211928a279,True,False,False
ffddb5e7-0a70-4189-bb58-46433a052ffb,True,False,False
ffe3895b-3767-42e0-88c6-630a3f3323a6,True,False,False
ffe560e1-4b98-4bbc-ab42-01325fa400ad,True,False,False
fff30096-d345-43a4-8b01-329283095f38,True,True,False
fff3e70c-be41-49dd-900b-bbe6ca059dcf,True,False,False
