user_id,sessions,events,views,carts,purchases,revenue,first_seen,last_seen,segment
275256741,1,1,1,0,0,0.0,2019-11-01 02:23:03+00:00,2019-11-01 02:23:03+00:00,Browsers
389979783,1,4,4,0,0,0.0,2019-11-01 01:43:56+00:00,2019-11-01 01:44:47+00:00,Browsers
415485440,1,6,6,0,0,0.0,2019-11-01 01:46:02+00:00,2019-11-01 01:54:54+00:00,Browsers
416124964,1,1,1,0,0,0.0,2019-11-01 01:57:12+00:00,2019-11-01 01:57:12+00:00,Browsers
422073359,1,1,1,0,0,0.0,2019-11-01 00:14:55+00:00,2019-11-01 00:14:55+00:00,Browsers
422713919,1,1,1,0,0,0.0,2019-11-01 02:30:11+00:00,2019-11-01 02:30:11+00:00,Browsers
434890838,1,1,1,0,0,0.0,2019-11-01 01:58:23+00:00,2019-11-01 01:58:23+00:00,Browsers
436701163,1,1,1,0,0,0.0,2019-11-01 00:00:23+00:00,2019-11-01 00:00:23+00:00,Browsers
437519926,1,6,6,0,0,0.0,2019-11-01 01:33:06+00:00,2019-11-01 01:36:52+00:00,Browsers
439160894,1,1,1,0,0,0.0,2019-11-01 02:03:31+00:00,2019-11-01 02:03:31+00:00,Browsers
439247989,2,14,14,0,0,0.0,2019-11-01 01:32:51+00:00,2019-11-01 02:26:31+00:00,Browsers
440309186,1,1,1,0,0,0.0,2019-11-01 01:03:48+00:00,2019-11-01 01:03:48+00:00,Browsers
442818338,1,1,1,0,0,0.0,2019-11-01 00:34:56+00:00,2019-11-01 00:34:56+00:00,Browsers
450284033,1,1,1,0,0,0.0,2019-11-01 00:10:13+00:00,2019-11-01 00:10:13+00:00,Browsers
451883436,1,1,1,0,0,0.0,2019-11-01 02:27:27+00:00,2019-11-01 02:27:27+00:00,Browsers
454010850,1,1,1,0,0,0.0,2019-11-01 01:58:21+00:00,2019-11-01 01:58:21+00:00,Browsers
454621403,1,2,2,0,0,0.0,2019-11-01 00:14:55+00:00,2019-11-01 00:16:20+00:00,Browsers
458224700,1,1,1,0,0,0.0,2019-11-01 02:40:19+00:00,2019-11-01 02:40:19+00:00,Browsers
461956439,1,1,1,0,0,0.0,2019-11-01 01:59:29+00:00,2019-11-01 01:59:29+00:00,Browsers
464783634,1,1,1,0,0,0.0,2019-11-01 00:29:20+00:00,2019-11-01 00:29:20+00:00,Browsers
470414763,1,1,1,0,0,0.0,2019-11-01 02:02:57+00:00,2019-11-01 02:02:57+00:00,Browsers
473213946,1,1,1,0,0,0.0,2019-11-01 02:46:13+00:00,2019-11-01 02:46:13+00:00,Browsers
475469307,1,1,1,0,0,0.0,2019-11-01 01:39:39+00:00,2019-11-01 01:39:39+00:00,Browsers
475525790,1,6,6,0,0,0.0,2019-11-01 01:59:53+00:00,2019-11-01 02:02:56+00:00,Browsers
479233261,1,3,3,0,0,0.0,2019-11-01 01:24:49+00:00,2019-11-01 01:25:32+00:00,Browsers
480541691,1,1,1,0,0,0.0,2019-11-01 02:24:20+00:00,2019-11-01 02:24:20+00:00,Browsers
482106693,1,2,2,0,0,0.0,2019-11-01 01:56:34+00:00,2019-11-01 01:56:56+00:00,Browsers
482114459,1,6,6,0,0,0.0,2019-11-01 00:35:15+00:00,2019-11-01 00:39:08+00:00,Browsers
482871459,1,2,2,0,0,0.0,2019-11-01 00:25:02+00:00,2019-11-01 00:25:23+00:00,Browsers
485543018,1,2,2,0,0,0.0,2019-11-01 01:47:00+00:00,2019-11-01 01:48:05+00:00,Browsers
485617696,1,1,1,0,0,0.0,2019-11-01 02:30:20+00:00,2019-11-01 02:30:20+00:00,Browsers
485970000,1,4,4,0,0,0.0,2019-11-01 02:01:50+00:00,2019-11-01 02:10:53+00:00,Browsers
486215409,1,1,1,0,0,0.0,2019-11-01 01:46:07+00:00,2019-11-01 01:46:07+00:00,Browsers
486999716,1,4,3,0,1,242.72,2019-11-01 00:32:38+00:00,2019-11-01 00:35:13+00:00,High-value users (purchasers)
487116320,1,1,1,0,0,0.0,2019-11-01 00:53:38+00:00,2019-11-01 00:53:38+00:00,Browsers
487191665,1,1,1,0,0,0.0,2019-11-01 02:28:08+00:00,2019-11-01 02:28:08+00:00,Browsers
487417740,1,3,3,0,0,0.0,2019-11-01 02:38:18+00:00,2019-11-01 02:39:24+00:00,Browsers
487628337,1,1,1,0,0,0.0,2019-11-01 00:43:31+00:00,2019-11-01 00:43:31+00:00,Browsers
488589425,1,2,2,0,0,0.0,2019-11-01 02:13:24+00:00,2019-11-01 02:16:02+00:00,Browsers
490283079,2,4,4,0,0,0.0,2019-11-01 02:18:39+00:00,2019-11-01 02:40:32+00:00,Browsers
490313871,1,5,5,0,0,0.0,2019-11-01 01:52:58+00:00,2019-11-01 01:54:28+00:00,Browsers
490886096,2,3,3,0,0,0.0,2019-11-01 01:41:27+00:00,2019-11-01 02:07:41+00:00,Browsers
493782994,1,1,1,0,0,0.0,2019-11-01 02:41:32+00:00,2019-11-01 02:41:32+00:00,Browsers
494810489,2,2,2,0,0,0.0,2019-11-01 01:55:18+00:00,2019-11-01 01:56:19+00:00,Browsers
495964333,1,1,1,0,0,0.0,2019-11-01 00:33:21+00:00,2019-11-01 00:33:21+00:00,Browsers
496277011,1,3,3,0,0,0.0,2019-11-01 02:43:29+00:00,2019-11-01 02:47:17+00:00,Browsers
497060267,1,4,4,0,0,0.0,2019-11-01 00:53:35+00:00,2019-11-01 00:55:12+00:00,Browsers
498932059,1,1,1,0,0,0.0,2019-11-01 02:40:00+00:00,2019-11-01 02:40:00+00:00,Browsers
500512398,1,6,6,0,0,0.0,2019-11-01 02:29:04+00:00,2019-11-01 02:33:58+00:00,Browsers
501584215,2,2,2,0,0,0.0,2019-11-01 02:22:48+00:00,2019-11-01 02:33:33+00:00,Browsers
502709422,1,1,1,0,0,0.0,2019-11-01 01:33:55+00:00,2019-11-01 01:33:55+00:00,Browsers
503258163,1,1,1,0,0,0.0,2019-11-01 02:39:22+00:00,2019-11-01 02:39:22+00:00,Browsers
503676989,1,2,2,0,0,0.0,2019-11-01 02:26:24+00:00,2019-11-01 02:26:39+00:00,Browsers
503865723,1,1,1,0,0,0.0,2019-11-01 01:23:46+00:00,2019-11-01 01:23:46+00:00,Browsers
505229736,1,2,2,0,0,0.0,2019-11-01 01:47:42+00:00,2019-11-01 01:48:05+00:00,Browsers
505355037,1,1,1,0,0,0.0,2019-11-01 01:41:45+00:00,2019-11-01 01:41:45+00:00,Browsers
506911432,1,1,1,0,0,0.0,2019-11-01 02:18:17+00:00,2019-11-01 02:18:17+00:00,Browsers
508622143,1,3,2,1,0,0.0,2019-11-01 01:43:19+00:00,2019-11-01 01:48:20+00:00,Cart abandoners
509535271,1,2,2,0,0,0.0,2019-11-01 02:17:40+00:00,2019-11-01 02:20:32+00:00,Browsers
510970723,1,1,1,0,0,0.0,2019-11-01 02:15:18+00:00,2019-11-01 02:15:18+00:00,Browsers
512363741,1,2,2,0,0,0.0,2019-11-01 02:18:34+00:00,2019-11-01 02:20:44+00:00,Browsers
512363773,1,6,6,0,0,0.0,2019-11-01 02:02:20+00:00,2019-11-01 02:09:12+00:00,Browsers
512364719,1,1,1,0,0,0.0,2019-11-01 02:09:40+00:00,2019-11-01 02:09:40+00:00,Browsers
512364757,3,15,15,0,0,0.0,2019-11-01 02:07:09+00:00,2019-11-01 02:24:43+00:00,Browsers
512364888,1,5,5,0,0,0.0,2019-11-01 01:59:12+00:00,2019-11-01 02:00:54+00:00,Browsers
512365860,1,5,5,0,0,0.0,2019-11-01 02:19:14+00:00,2019-11-01 02:22:22+00:00,Browsers
512366675,1,4,4,0,0,0.0,2019-11-01 00:49:02+00:00,2019-11-01 00:50:26+00:00,Browsers
512367874,1,7,7,0,0,0.0,2019-11-01 02:29:30+00:00,2019-11-01 02:35:21+00:00,Browsers
512369172,1,3,3,0,0,0.0,2019-11-01 02:22:53+00:00,2019-11-01 02:26:36+00:00,Browsers
512369246,1,5,5,0,0,0.0,2019-11-01 02:13:17+00:00,2019-11-01 02:16:18+00:00,Browsers
512369253,1,3,3,0,0,0.0,2019-11-01 02:23:22+00:00,2019-11-01 02:25:58+00:00,Browsers
512370287,1,4,4,0,0,0.0,2019-11-01 02:05:07+00:00,2019-11-01 02:05:58+00:00,Browsers
512370912,1,14,14,0,0,0.0,2019-11-01 00:00:26+00:00,2019-11-01 00:46:16+00:00,Browsers
512371422,1,2,2,0,0,0.0,2019-11-01 01:54:55+00:00,2019-11-01 01:57:14+00:00,Browsers
512371556,1,1,1,0,0,0.0,2019-11-01 02:32:53+00:00,2019-11-01 02:32:53+00:00,Browsers
512371754,1,4,4,0,0,0.0,2019-11-01 02:43:49+00:00,2019-11-01 02:45:15+00:00,Browsers
512373522,1,5,5,0,0,0.0,2019-11-01 02:39:34+00:00,2019-11-01 02:41:37+00:00,Browsers
512373537,1,6,6,0,0,0.0,2019-11-01 01:05:52+00:00,2019-11-01 01:07:40+00:00,Browsers
512373621,1,4,4,0,0,0.0,2019-11-01 02:20:17+00:00,2019-11-01 02:22:45+00:00,Browsers
512375341,1,2,2,0,0,0.0,2019-11-01 02:25:40+00:00,2019-11-01 02:25:58+00:00,Browsers
512376038,1,15,15,0,0,0.0,2019-11-01 00:29:23+00:00,2019-11-01 00:45:48+00:00,Browsers
512376444,1,4,4,0,0,0.0,2019-11-01 00:00:08+00:00,2019-11-01 00:04:54+00:00,Browsers
512377394,1,8,8,0,0,0.0,2019-11-01 01:44:45+00:00,2019-11-01 01:51:03+00:00,Browsers
512377594,1,2,2,0,0,0.0,2019-11-01 02:08:10+00:00,2019-11-01 02:08:33+00:00,Browsers
512378789,1,1,1,0,0,0.0,2019-11-01 02:46:00+00:00,2019-11-01 02:46:00+00:00,Browsers
512380321,1,5,5,0,0,0.0,2019-11-01 01:56:58+00:00,2019-11-01 01:58:17+00:00,Browsers
512380496,1,1,1,0,0,0.0,2019-11-01 01:08:41+00:00,2019-11-01 01:08:41+00:00,Browsers
512382878,1,3,2,0,1,228.76,2019-11-01 02:43:20+00:00,2019-11-01 02:45:00+00:00,High-value users (purchasers)
512384436,1,1,1,0,0,0.0,2019-11-01 02:11:19+00:00,2019-11-01 02:11:19+00:00,Browsers
512385281,1,1,1,0,0,0.0,2019-11-01 01:31:32+00:00,2019-11-01 01:31:32+00:00,Browsers
512386985,1,3,3,0,0,0.0,2019-11-01 02:18:42+00:00,2019-11-01 02:19:30+00:00,Browsers
512387483,1,1,1,0,0,0.0,2019-11-01 02:12:12+00:00,2019-11-01 02:12:12+00:00,Browsers
512389715,1,3,3,0,0,0.0,2019-11-01 01:50:25+00:00,2019-11-01 01:50:48+00:00,Browsers
512389829,1,1,1,0,0,0.0,2019-11-01 01:13:58+00:00,2019-11-01 01:13:58+00:00,Browsers
512390062,1,1,1,0,0,0.0,2019-11-01 02:45:43+00:00,2019-11-01 02:45:43+00:00,Browsers
512390252,2,3,3,0,0,0.0,2019-11-01 01:40:21+00:00,2019-11-01 01:42:50+00:00,Browsers
512390533,1,2,2,0,0,0.0,2019-11-01 01:08:12+00:00,2019-11-01 01:08:53+00:00,Browsers
512392007,1,2,2,0,0,0.0,2019-11-01 02:26:02+00:00,2019-11-01 02:26:56+00:00,Browsers
512393153,1,9,8,0,1,62.55,2019-11-01 02:27:34+00:00,2019-11-01 02:33:26+00:00,High-value users (purchasers)
512396901,1,2,2,0,0,0.0,2019-11-01 02:29:09+00:00,2019-11-01 02:32:07+00:00,Browsers
512396945,1,1,1,0,0,0.0,2019-11-01 01:41:27+00:00,2019-11-01 01:41:27+00:00,Browsers
512398172,1,3,3,0,0,0.0,2019-11-01 01:35:35+00:00,2019-11-01 01:38:00+00:00,Browsers
512398316,1,7,7,0,0,0.0,2019-11-01 01:31:09+00:00,2019-11-01 01:36:31+00:00,Browsers
512398332,1,2,2,0,0,0.0,2019-11-01 00:34:22+00:00,2019-11-01 00:35:10+00:00,Browsers
512399108,1,2,2,0,0,0.0,2019-11-01 01:05:16+00:00,2019-11-01 01:06:47+00:00,Browsers
512400164,2,7,6,0,1,242.72,2019-11-01 01:41:07+00:00,2019-11-01 01:51:25+00:00,High-value users (purchasers)
512400502,2,7,7,0,0,0.0,2019-11-01 02:33:17+00:00,2019-11-01 02:48:23+00:00,Browsers
512402298,2,22,22,0,0,0.0,2019-11-01 02:31:26+00:00,2019-11-01 02:43:36+00:00,Browsers
512402402,1,20,20,0,0,0.0,2019-11-01 00:48:38+00:00,2019-11-01 01:05:50+00:00,Browsers
512403792,2,9,9,0,0,0.0,2019-11-01 02:43:17+00:00,2019-11-01 02:48:23+00:00,Browsers
512405542,1,25,25,0,0,0.0,2019-11-01 01:52:34+00:00,2019-11-01 02:02:53+00:00,Browsers
512405571,1,6,6,0,0,0.0,2019-11-01 02:40:51+00:00,2019-11-01 02:44:21+00:00,Browsers
512405728,2,2,2,0,0,0.0,2019-11-01 00:48:02+00:00,2019-11-01 00:50:40+00:00,Browsers
512405786,1,19,19,0,0,0.0,2019-11-01 02:27:40+00:00,2019-11-01 02:41:25+00:00,Browsers
512406522,1,14,14,0,0,0.0,2019-11-01 00:12:50+00:00,2019-11-01 00:25:11+00:00,Browsers
512407097,1,3,3,0,0,0.0,2019-11-01 02:40:59+00:00,2019-11-01 02:41:59+00:00,Browsers
512410282,2,6,6,0,0,0.0,2019-11-01 02:40:57+00:00,2019-11-01 02:42:17+00:00,Browsers
512410674,1,7,7,0,0,0.0,2019-11-01 01:29:47+00:00,2019-11-01 01:35:51+00:00,Browsers
512411198,1,6,4,2,0,0.0,2019-11-01 02:15:30+00:00,2019-11-01 02:19:24+00:00,Cart abandoners
512412149,1,2,2,0,0,0.0,2019-11-01 01:58:50+00:00,2019-11-01 01:59:56+00:00,Browsers
512412244,1,7,7,0,0,0.0,2019-11-01 02:25:23+00:00,2019-11-01 02:32:11+00:00,Browsers
512413371,1,1,1,0,0,0.0,2019-11-01 02:24:40+00:00,2019-11-01 02:24:40+00:00,Browsers
512413996,1,2,2,0,0,0.0,2019-11-01 02:27:41+00:00,2019-11-01 02:27:55+00:00,Browsers
512414095,1,1,1,0,0,0.0,2019-11-01 00:55:56+00:00,2019-11-01 00:55:56+00:00,Browsers
512416056,2,4,4,0,0,0.0,2019-11-01 01:39:07+00:00,2019-11-01 02:01:29+00:00,Browsers
512416202,1,8,8,0,0,0.0,2019-11-01 02:07:35+00:00,2019-11-01 02:19:42+00:00,Browsers
512416379,1,34,34,0,0,0.0,2019-11-01 00:00:04+00:00,2019-11-01 00:17:03+00:00,Browsers
512417059,1,3,3,0,0,0.0,2019-11-01 02:05:49+00:00,2019-11-01 02:06:30+00:00,Browsers
512417568,1,3,3,0,0,0.0,2019-11-01 02:27:44+00:00,2019-11-01 02:28:19+00:00,Browsers
512417635,1,3,3,0,0,0.0,2019-11-01 02:20:26+00:00,2019-11-01 02:22:13+00:00,Browsers
512419036,1,22,22,0,0,0.0,2019-11-01 01:38:51+00:00,2019-11-01 02:03:00+00:00,Browsers
512419602,1,1,1,0,0,0.0,2019-11-01 01:24:07+00:00,2019-11-01 01:24:07+00:00,Browsers
512420572,1,4,4,0,0,0.0,2019-11-01 02:33:45+00:00,2019-11-01 02:36:18+00:00,Browsers
512421287,1,2,2,0,0,0.0,2019-11-01 01:48:57+00:00,2019-11-01 01:49:55+00:00,Browsers
512422125,2,55,55,0,0,0.0,2019-11-01 01:59:19+00:00,2019-11-01 02:48:08+00:00,Browsers
512423283,1,1,1,0,0,0.0,2019-11-01 01:34:12+00:00,2019-11-01 01:34:12+00:00,Browsers
512423577,1,5,5,0,0,0.0,2019-11-01 02:36:40+00:00,2019-11-01 02:48:07+00:00,Browsers
512423604,1,7,7,0,0,0.0,2019-11-01 02:17:38+00:00,2019-11-01 02:21:10+00:00,Browsers
512423641,1,3,3,0,0,0.0,2019-11-01 01:38:42+00:00,2019-11-01 01:40:55+00:00,Browsers
512424706,2,3,3,0,0,0.0,2019-11-01 00:53:33+00:00,2019-11-01 01:39:41+00:00,Browsers
512424790,1,1,1,0,0,0.0,2019-11-01 00:19:39+00:00,2019-11-01 00:19:39+00:00,Browsers
512425616,1,1,1,0,0,0.0,2019-11-01 02:21:59+00:00,2019-11-01 02:21:59+00:00,Browsers
512428856,1,7,7,0,0,0.0,2019-11-01 02:26:09+00:00,2019-11-01 02:28:39+00:00,Browsers
512429033,1,1,1,0,0,0.0,2019-11-01 01:51:53+00:00,2019-11-01 01:51:53+00:00,Browsers
512429816,1,3,3,0,0,0.0,2019-11-01 02:23:17+00:00,2019-11-01 02:24:02+00:00,Browsers
512431457,1,6,6,0,0,0.0,2019-11-01 00:37:37+00:00,2019-11-01 00:41:54+00:00,Browsers
512431890,1,3,3,0,0,0.0,2019-11-01 00:31:57+00:00,2019-11-01 00:33:04+00:00,Browsers
512432165,1,2,2,0,0,0.0,2019-11-01 02:35:27+00:00,2019-11-01 02:39:55+00:00,Browsers
512432653,1,4,3,0,1,158.05,2019-11-01 02:39:23+00:00,2019-11-01 02:43:52+00:00,High-value users (purchasers)
512432656,1,5,5,0,0,0.0,2019-11-01 00:22:23+00:00,2019-11-01 00:23:56+00:00,Browsers
512432743,1,18,18,0,0,0.0,2019-11-01 00:10:21+00:00,2019-11-01 01:31:58+00:00,Browsers
512432801,1,12,12,0,0,0.0,2019-11-01 01:45:17+00:00,2019-11-01 01:51:48+00:00,Browsers
512433159,1,1,1,0,0,0.0,2019-11-01 00:18:42+00:00,2019-11-01 00:18:42+00:00,Browsers
512435814,1,2,2,0,0,0.0,2019-11-01 01:01:03+00:00,2019-11-01 01:01:40+00:00,Browsers
512436536,2,7,7,0,0,0.0,2019-11-01 02:02:34+00:00,2019-11-01 02:05:44+00:00,Browsers
512436740,2,3,3,0,0,0.0,2019-11-01 02:24:19+00:00,2019-11-01 02:25:55+00:00,Browsers
512436807,1,9,9,0,0,0.0,2019-11-01 02:07:10+00:00,2019-11-01 02:14:06+00:00,Browsers
512436886,1,6,6,0,0,0.0,2019-11-01 00:02:47+00:00,2019-11-01 00:05:09+00:00,Browsers
512436898,2,3,3,0,0,0.0,2019-11-01 02:47:40+00:00,2019-11-01 02:48:24+00:00,Browsers
512436979,1,3,3,0,0,0.0,2019-11-01 02:37:47+00:00,2019-11-01 02:38:37+00:00,Browsers
512437402,1,7,7,0,0,0.0,2019-11-01 01:35:24+00:00,2019-11-01 01:39:11+00:00,Browsers
512438520,1,3,3,0,0,0.0,2019-11-01 02:03:12+00:00,2019-11-01 02:04:13+00:00,Browsers
512438521,1,1,1,0,0,0.0,2019-11-01 02:40:46+00:00,2019-11-01 02:40:46+00:00,Browsers
512439247,1,6,6,0,0,0.0,2019-11-01 02:08:31+00:00,2019-11-01 02:17:21+00:00,Browsers
512443209,2,7,7,0,0,0.0,2019-11-01 01:46:15+00:00,2019-11-01 02:31:10+00:00,Browsers
512443284,1,24,24,0,0,0.0,2019-11-01 02:20:42+00:00,2019-11-01 02:39:50+00:00,Browsers
512443779,1,2,2,0,0,0.0,2019-11-01 02:39:32+00:00,2019-11-01 02:40:22+00:00,Browsers
512444599,1,2,2,0,0,0.0,2019-11-01 00:12:32+00:00,2019-11-01 00:13:22+00:00,Browsers
512444778,2,9,9,0,0,0.0,2019-11-01 01:47:49+00:00,2019-11-01 01:52:03+00:00,Browsers
512445415,1,1,1,0,0,0.0,2019-11-01 02:04:48+00:00,2019-11-01 02:04:48+00:00,Browsers
512449316,1,2,2,0,0,0.0,2019-11-01 02:02:46+00:00,2019-11-01 02:03:16+00:00,Browsers
512450718,1,3,3,0,0,0.0,2019-11-01 02:38:39+00:00,2019-11-01 02:39:25+00:00,Browsers
512450745,1,6,6,0,0,0.0,2019-11-01 02:06:38+00:00,2019-11-01 02:11:07+00:00,Browsers
512451539,1,6,6,0,0,0.0,2019-11-01 01:55:43+00:00,2019-11-01 02:01:20+00:00,Browsers
512451854,1,1,1,0,0,0.0,2019-11-01 01:58:35+00:00,2019-11-01 01:58:35+00:00,Browsers
512451922,1,1,1,0,0,0.0,2019-11-01 01:42:25+00:00,2019-11-01 01:42:25+00:00,Browsers
512452141,1,5,5,0,0,0.0,2019-11-01 00:19:00+00:00,2019-11-01 00:23:39+00:00,Browsers
512452549,1,2,2,0,0,0.0,2019-11-01 02:46:01+00:00,2019-11-01 02:47:15+00:00,Browsers
512452645,1,2,1,0,1,577.89,2019-11-01 02:12:03+00:00,2019-11-01 02:12:21+00:00,High-value users (purchasers)
512452655,1,1,1,0,0,0.0,2019-11-01 00:31:23+00:00,2019-11-01 00:31:23+00:00,Browsers
512452755,2,10,10,0,0,0.0,2019-11-01 02:08:05+00:00,2019-11-01 02:11:55+00:00,Browsers
512453108,1,2,2,0,0,0.0,2019-11-01 02:08:00+00:00,2019-11-01 02:09:14+00:00,Browsers
512453820,1,6,6,0,0,0.0,2019-11-01 02:32:42+00:00,2019-11-01 02:39:26+00:00,Browsers
512454978,1,5,5,0,0,0.0,2019-11-01 01:39:05+00:00,2019-11-01 01:48:10+00:00,Browsers
512455606,1,14,14,0,0,0.0,2019-11-01 02:17:06+00:00,2019-11-01 02:37:10+00:00,Browsers
512455622,1,3,2,0,1,16.73,2019-11-01 00:59:52+00:00,2019-11-01 01:03:24+00:00,High-value users (purchasers)
512458113,3,5,5,0,0,0.0,2019-11-01 00:57:57+00:00,2019-11-01 01:06:00+00:00,Browsers
512458378,1,8,8,0,0,0.0,2019-11-01 00:04:35+00:00,2019-11-01 00:11:59+00:00,Browsers
512459247,1,5,5,0,0,0.0,2019-11-01 02:41:50+00:00,2019-11-01 02:48:24+00:00,Browsers
512460021,1,2,2,0,0,0.0,2019-11-01 01:50:58+00:00,2019-11-01 01:51:17+00:00,Browsers
512461324,1,1,1,0,0,0.0,2019-11-01 00:08:29+00:00,2019-11-01 00:08:29+00:00,Browsers
512461613,1,1,1,0,0,0.0,2019-11-01 02:11:06+00:00,2019-11-01 02:11:06+00:00,Browsers
512461640,1,1,1,0,0,0.0,2019-11-01 02:29:05+00:00,2019-11-01 02:29:05+00:00,Browsers
512462542,1,6,6,0,0,0.0,2019-11-01 00:18:12+00:00,2019-11-01 00:20:16+00:00,Browsers
512463058,1,4,4,0,0,0.0,2019-11-01 02:46:29+00:00,2019-11-01 02:48:12+00:00,Browsers
512463250,1,2,2,0,0,0.0,2019-11-01 02:41:31+00:00,2019-11-01 02:42:35+00:00,Browsers
512464830,1,3,3,0,0,0.0,2019-11-01 00:52:41+00:00,2019-11-01 00:54:06+00:00,Browsers
512466351,1,3,3,0,0,0.0,2019-11-01 00:33:19+00:00,2019-11-01 00:34:22+00:00,Browsers
512466424,1,1,1,0,0,0.0,2019-11-01 02:44:37+00:00,2019-11-01 02:44:37+00:00,Browsers
512466855,1,1,1,0,0,0.0,2019-11-01 02:21:27+00:00,2019-11-01 02:21:27+00:00,Browsers
512467087,2,3,3,0,0,0.0,2019-11-01 02:44:35+00:00,2019-11-01 02:48:01+00:00,Browsers
512468817,1,4,4,0,0,0.0,2019-11-01 02:24:22+00:00,2019-11-01 02:25:03+00:00,Browsers
512469110,1,7,7,0,0,0.0,2019-11-01 01:28:08+00:00,2019-11-01 01:33:32+00:00,Browsers
512470985,1,1,1,0,0,0.0,2019-11-01 02:31:21+00:00,2019-11-01 02:31:21+00:00,Browsers
512471540,1,8,8,0,0,0.0,2019-11-01 01:28:01+00:00,2019-11-01 01:32:09+00:00,Browsers
512471607,1,4,4,0,0,0.0,2019-11-01 02:45:34+00:00,2019-11-01 02:47:34+00:00,Browsers
512473277,1,2,2,0,0,0.0,2019-11-01 02:39:16+00:00,2019-11-01 02:41:05+00:00,Browsers
512473878,1,1,1,0,0,0.0,2019-11-01 02:43:05+00:00,2019-11-01 02:43:05+00:00,Browsers
512474229,1,5,5,0,0,0.0,2019-11-01 01:01:48+00:00,2019-11-01 01:02:58+00:00,Browsers
512474890,1,2,1,0,1,45.52,2019-11-01 01:04:20+00:00,2019-11-01 01:07:15+00:00,High-value users (purchasers)
512475938,2,5,5,0,0,0.0,2019-11-01 00:14:18+00:00,2019-11-01 01:05:06+00:00,Browsers
512476454,1,4,4,0,0,0.0,2019-11-01 00:49:25+00:00,2019-11-01 01:50:39+00:00,Browsers
512477943,1,1,1,0,0,0.0,2019-11-01 01:49:05+00:00,2019-11-01 01:49:05+00:00,Browsers
512478914,1,3,3,0,0,0.0,2019-11-01 02:23:11+00:00,2019-11-01 02:29:59+00:00,Browsers
512481163,1,2,2,0,0,0.0,2019-11-01 02:01:01+00:00,2019-11-01 02:04:07+00:00,Browsers
512481774,1,15,13,2,0,0.0,2019-11-01 02:26:40+00:00,2019-11-01 02:37:59+00:00,Cart abandoners
512482936,2,4,4,0,0,0.0,2019-11-01 02:33:41+00:00,2019-11-01 02:39:04+00:00,Browsers
512483076,1,66,66,0,0,0.0,2019-11-01 00:12:25+00:00,2019-11-01 01:06:36+00:00,Browsers
512483416,1,2,2,0,0,0.0,2019-11-01 02:26:34+00:00,2019-11-01 02:28:07+00:00,Browsers
512483756,1,3,3,0,0,0.0,2019-11-01 02:45:12+00:00,2019-11-01 02:46:06+00:00,Browsers
512484226,1,19,19,0,0,0.0,2019-11-01 01:38:23+00:00,2019-11-01 01:47:52+00:00,Browsers
512485026,1,5,5,0,0,0.0,2019-11-01 00:19:49+00:00,2019-11-01 00:24:21+00:00,Browsers
512485849,1,2,2,0,0,0.0,2019-11-01 01:08:35+00:00,2019-11-01 01:09:01+00:00,Browsers
512485972,1,4,4,0,0,0.0,2019-11-01 02:44:08+00:00,2019-11-01 02:48:09+00:00,Browsers
512486431,1,18,16,2,0,0.0,2019-11-01 02:32:00+00:00,2019-11-01 02:45:06+00:00,Cart abandoners
512486732,2,8,3,4,1,68.32,2019-11-01 02:08:07+00:00,2019-11-01 02:15:12+00:00,High-value users (purchasers)
512488754,1,4,4,0,0,0.0,2019-11-01 01:37:42+00:00,2019-11-01 01:41:08+00:00,Browsers
512489486,1,3,3,0,0,0.0,2019-11-01 02:45:47+00:00,2019-11-01 02:46:43+00:00,Browsers
512491078,1,1,1,0,0,0.0,2019-11-01 02:39:48+00:00,2019-11-01 02:39:48+00:00,Browsers
512491422,1,2,2,0,0,0.0,2019-11-01 02:28:57+00:00,2019-11-01 02:29:16+00:00,Browsers
512491886,1,1,1,0,0,0.0,2019-11-01 02:47:34+00:00,2019-11-01 02:47:34+00:00,Browsers
512492477,1,1,1,0,0,0.0,2019-11-01 02:42:48+00:00,2019-11-01 02:42:48+00:00,Browsers
512492681,2,5,5,0,0,0.0,2019-11-01 02:24:51+00:00,2019-11-01 02:25:47+00:00,Browsers
512493674,1,11,11,0,0,0.0,2019-11-01 02:41:24+00:00,2019-11-01 02:47:49+00:00,Browsers
512494362,1,9,9,0,0,0.0,2019-11-01 02:41:06+00:00,2019-11-01 02:48:03+00:00,Browsers
512494451,1,6,6,0,0,0.0,2019-11-01 02:22:35+00:00,2019-11-01 02:30:10+00:00,Browsers
512495992,1,4,4,0,0,0.0,2019-11-01 01:28:38+00:00,2019-11-01 01:32:10+00:00,Browsers
512496411,1,1,1,0,0,0.0,2019-11-01 01:03:10+00:00,2019-11-01 01:03:10+00:00,Browsers
512497727,1,2,2,0,0,0.0,2019-11-01 02:08:16+00:00,2019-11-01 02:09:12+00:00,Browsers
512497975,1,2,2,0,0,0.0,2019-11-01 02:02:50+00:00,2019-11-01 02:03:13+00:00,Browsers
512498476,1,3,3,0,0,0.0,2019-11-01 02:06:21+00:00,2019-11-01 02:07:29+00:00,Browsers
512498743,1,10,9,0,1,7.7,2019-11-01 01:54:37+00:00,2019-11-01 02:02:18+00:00,High-value users (purchasers)
512498754,1,5,5,0,0,0.0,2019-11-01 01:42:42+00:00,2019-11-01 01:45:17+00:00,Browsers
512498978,1,6,6,0,0,0.0,2019-11-01 01:26:21+00:00,2019-11-01 01:30:18+00:00,Browsers
512499613,1,4,4,0,0,0.0,2019-11-01 02:34:20+00:00,2019-11-01 02:37:18+00:00,Browsers
512500813,1,10,10,0,0,0.0,2019-11-01 02:41:50+00:00,2019-11-01 02:48:22+00:00,Browsers
512502031,1,1,1,0,0,0.0,2019-11-01 00:43:52+00:00,2019-11-01 00:43:52+00:00,Browsers
512503814,1,1,1,0,0,0.0,2019-11-01 01:59:11+00:00,2019-11-01 01:59:11+00:00,Browsers
512504073,1,5,5,0,0,0.0,2019-11-01 02:17:43+00:00,2019-11-01 02:21:46+00:00,Browsers
512504570,1,7,7,0,0,0.0,2019-11-01 00:10:55+00:00,2019-11-01 00:15:35+00:00,Browsers
512505257,3,6,6,0,0,0.0,2019-11-01 02:05:34+00:00,2019-11-01 02:30:42+00:00,Browsers
512505608,1,3,3,0,0,0.0,2019-11-01 02:13:05+00:00,2019-11-01 02:14:17+00:00,Browsers
512507939,1,6,6,0,0,0.0,2019-11-01 02:21:14+00:00,2019-11-01 02:29:31+00:00,Browsers
512509023,7,10,10,0,0,0.0,2019-11-01 02:04:21+00:00,2019-11-01 02:07:03+00:00,Browsers
512509340,1,2,2,0,0,0.0,2019-11-01 00:49:52+00:00,2019-11-01 00:50:35+00:00,Browsers
512511517,1,15,15,0,0,0.0,2019-11-01 02:29:42+00:00,2019-11-01 02:46:34+00:00,Browsers
512511641,1,1,1,0,0,0.0,2019-11-01 01:57:36+00:00,2019-11-01 01:57:36+00:00,Browsers
512511949,1,1,1,0,0,0.0,2019-11-01 02:32:08+00:00,2019-11-01 02:32:08+00:00,Browsers
512513620,1,3,3,0,0,0.0,2019-11-01 01:44:49+00:00,2019-11-01 01:45:02+00:00,Browsers
512514702,1,2,2,0,0,0.0,2019-11-01 01:46:11+00:00,2019-11-01 01:46:51+00:00,Browsers
512516974,1,26,26,0,0,0.0,2019-11-01 00:42:56+00:00,2019-11-01 00:55:16+00:00,Browsers
512517660,1,3,3,0,0,0.0,2019-11-01 02:06:15+00:00,2019-11-01 02:06:42+00:00,Browsers
512518181,1,10,10,0,0,0.0,2019-11-01 00:59:21+00:00,2019-11-01 01:08:18+00:00,Browsers
512518293,1,1,1,0,0,0.0,2019-11-01 02:11:02+00:00,2019-11-01 02:11:02+00:00,Browsers
512519654,1,1,1,0,0,0.0,2019-11-01 02:03:17+00:00,2019-11-01 02:03:17+00:00,Browsers
512520457,1,6,6,0,0,0.0,2019-11-01 02:27:41+00:00,2019-11-01 02:47:06+00:00,Browsers
512520997,1,4,4,0,0,0.0,2019-11-01 01:50:20+00:00,2019-11-01 01:51:57+00:00,Browsers
512521821,1,18,18,0,0,0.0,2019-11-01 00:22:41+00:00,2019-11-01 00:39:55+00:00,Browsers
512521876,1,3,3,0,0,0.0,2019-11-01 01:56:53+00:00,2019-11-01 01:59:17+00:00,Browsers
512522154,1,1,1,0,0,0.0,2019-11-01 02:25:20+00:00,2019-11-01 02:25:20+00:00,Browsers
512522408,1,2,1,0,1,218.77,2019-11-01 02:26:03+00:00,2019-11-01 02:28:23+00:00,High-value users (purchasers)
512526541,2,4,4,0,0,0.0,2019-11-01 02:14:51+00:00,2019-11-01 02:25:11+00:00,Browsers
512527352,1,11,6,2,3,662.5,2019-11-01 02:38:07+00:00,2019-11-01 02:41:55+00:00,High-value users (purchasers)
512530235,1,1,1,0,0,0.0,2019-11-01 02:11:02+00:00,2019-11-01 02:11:02+00:00,Browsers
512534423,1,1,1,0,0,0.0,2019-11-01 01:47:04+00:00,2019-11-01 01:47:04+00:00,Browsers
512534861,1,4,4,0,0,0.0,2019-11-01 02:34:42+00:00,2019-11-01 02:40:38+00:00,Browsers
512535091,1,2,2,0,0,0.0,2019-11-01 02:09:51+00:00,2019-11-01 02:12:14+00:00,Browsers
512535113,1,2,2,0,0,0.0,2019-11-01 01:41:34+00:00,2019-11-01 01:42:30+00:00,Browsers
512535455,1,6,6,0,0,0.0,2019-11-01 01:45:57+00:00,2019-11-01 01:56:28+00:00,Browsers
512535568,1,2,2,0,0,0.0,2019-11-01 00:27:33+00:00,2019-11-01 00:28:08+00:00,Browsers
512537096,1,4,4,0,0,0.0,2019-11-01 00:56:08+00:00,2019-11-01 00:57:16+00:00,Browsers
512537777,1,2,2,0,0,0.0,2019-11-01 02:01:47+00:00,2019-11-01 02:02:54+00:00,Browsers
512537969,1,3,3,0,0,0.0,2019-11-01 00:32:17+00:00,2019-11-01 00:34:40+00:00,Browsers
512538159,1,2,2,0,0,0.0,2019-11-01 02:34:04+00:00,2019-11-01 02:34:26+00:00,Browsers
512538210,3,13,13,0,0,0.0,2019-11-01 01:55:37+00:00,2019-11-01 02:07:29+00:00,Browsers
512539576,1,2,2,0,0,0.0,2019-11-01 01:33:41+00:00,2019-11-01 01:33:55+00:00,Browsers
512539609,1,29,29,0,0,0.0,2019-11-01 01:43:02+00:00,2019-11-01 02:08:09+00:00,Browsers
512540286,2,6,6,0,0,0.0,2019-11-01 02:28:33+00:00,2019-11-01 02:33:54+00:00,Browsers
512542653,1,1,1,0,0,0.0,2019-11-01 02:16:57+00:00,2019-11-01 02:16:57+00:00,Browsers
512542757,1,43,43,0,0,0.0,2019-11-01 02:12:36+00:00,2019-11-01 02:31:26+00:00,Browsers
512543125,1,1,1,0,0,0.0,2019-11-01 02:40:25+00:00,2019-11-01 02:40:25+00:00,Browsers
512543981,1,13,13,0,0,0.0,2019-11-01 02:39:25+00:00,2019-11-01 02:46:35+00:00,Browsers
512544371,2,4,4,0,0,0.0,2019-11-01 01:44:23+00:00,2019-11-01 02:41:17+00:00,Browsers
512544992,1,2,2,0,0,0.0,2019-11-01 00:42:16+00:00,2019-11-01 00:42:22+00:00,Browsers
512545794,1,3,3,0,0,0.0,2019-11-01 02:45:47+00:00,2019-11-01 02:47:36+00:00,Browsers
512546675,1,12,12,0,0,0.0,2019-11-01 02:27:44+00:00,2019-11-01 02:33:59+00:00,Browsers
512546700,1,5,5,0,0,0.0,2019-11-01 02:29:25+00:00,2019-11-01 02:33:54+00:00,Browsers
512549966,1,20,20,0,0,0.0,2019-11-01 02:33:43+00:00,2019-11-01 02:41:45+00:00,Browsers
512550229,1,2,2,0,0,0.0,2019-11-01 02:35:17+00:00,2019-11-01 02:40:14+00:00,Browsers
512550669,1,6,6,0,0,0.0,2019-11-01 02:18:20+00:00,2019-11-01 02:47:20+00:00,Browsers
512551549,1,9,9,0,0,0.0,2019-11-01 00:55:08+00:00,2019-11-01 00:58:25+00:00,Browsers
512554794,1,1,1,0,0,0.0,2019-11-01 02:47:05+00:00,2019-11-01 02:47:05+00:00,Browsers
512555019,1,7,7,0,0,0.0,2019-11-01 01:05:07+00:00,2019-11-01 01:09:23+00:00,Browsers
512555179,1,2,2,0,0,0.0,2019-11-01 00:30:25+00:00,2019-11-01 00:31:21+00:00,Browsers
512556035,2,12,12,0,0,0.0,2019-11-01 01:45:40+00:00,2019-11-01 02:44:49+00:00,Browsers
512557025,1,1,1,0,0,0.0,2019-11-01 01:07:48+00:00,2019-11-01 01:07:48+00:00,Browsers
512557357,1,2,2,0,0,0.0,2019-11-01 02:46:11+00:00,2019-11-01 02:48:12+00:00,Browsers
512558397,1,9,9,0,0,0.0,2019-11-01 02:04:09+00:00,2019-11-01 02:11:41+00:00,Browsers
512558829,1,5,5,0,0,0.0,2019-11-01 01:50:11+00:00,2019-11-01 01:54:41+00:00,Browsers
512560015,1,1,1,0,0,0.0,2019-11-01 02:44:34+00:00,2019-11-01 02:44:34+00:00,Browsers
512560016,1,10,8,0,2,141.52,2019-11-01 02:03:57+00:00,2019-11-01 02:14:58+00:00,High-value users (purchasers)
512562301,1,1,1,0,0,0.0,2019-11-01 02:20:05+00:00,2019-11-01 02:20:05+00:00,Browsers
512562950,1,1,1,0,0,0.0,2019-11-01 01:57:01+00:00,2019-11-01 01:57:01+00:00,Browsers
512566198,1,1,1,0,0,0.0,2019-11-01 02:42:34+00:00,2019-11-01 02:42:34+00:00,Browsers
512566319,1,7,7,0,0,0.0,2019-11-01 01:41:25+00:00,2019-11-01 01:45:26+00:00,Browsers
512566740,1,5,5,0,0,0.0,2019-11-01 02:41:00+00:00,2019-11-01 02:42:20+00:00,Browsers
512567338,1,4,4,0,0,0.0,2019-11-01 02:01:27+00:00,2019-11-01 02:02:54+00:00,Browsers
512567808,1,3,3,0,0,0.0,2019-11-01 02:05:44+00:00,2019-11-01 02:06:55+00:00,Browsers
512568816,1,1,1,0,0,0.0,2019-11-01 01:44:20+00:00,2019-11-01 01:44:20+00:00,Browsers
512569002,1,3,3,0,0,0.0,2019-11-01 02:40:36+00:00,2019-11-01 02:42:14+00:00,Browsers
512569365,1,6,6,0,0,0.0,2019-11-01 00:28:58+00:00,2019-11-01 00:31:01+00:00,Browsers
512569783,1,1,1,0,0,0.0,2019-11-01 02:30:07+00:00,2019-11-01 02:30:07+00:00,Browsers
512570448,1,8,8,0,0,0.0,2019-11-01 02:31:50+00:00,2019-11-01 02:36:53+00:00,Browsers
512571920,1,1,1,0,0,0.0,2019-11-01 00:18:15+00:00,2019-11-01 00:18:15+00:00,Browsers
512572154,1,10,10,0,0,0.0,2019-11-01 02:14:28+00:00,2019-11-01 02:35:02+00:00,Browsers
512572786,1,7,7,0,0,0.0,2019-11-01 02:13:26+00:00,2019-11-01 02:18:45+00:00,Browsers
512573296,1,1,1,0,0,0.0,2019-11-01 02:24:59+00:00,2019-11-01 02:24:59+00:00,Browsers
512573427,1,2,2,0,0,0.0,2019-11-01 02:17:39+00:00,2019-11-01 02:19:56+00:00,Browsers
512573832,1,1,1,0,0,0.0,2019-11-01 02:33:02+00:00,2019-11-01 02:33:02+00:00,Browsers
512574125,1,1,1,0,0,0.0,2019-11-01 01:45:24+00:00,2019-11-01 01:45:24+00:00,Browsers
512574145,1,1,1,0,0,0.0,2019-11-01 01:47:38+00:00,2019-11-01 01:47:38+00:00,Browsers
512574631,2,13,13,0,0,0.0,2019-11-01 02:26:17+00:00,2019-11-01 02:48:17+00:00,Browsers
512576581,1,7,7,0,0,0.0,2019-11-01 02:34:54+00:00,2019-11-01 02:38:15+00:00,Browsers
512585971,1,10,10,0,0,0.0,2019-11-01 02:04:50+00:00,2019-11-01 02:08:49+00:00,Browsers
512586154,1,2,2,0,0,0.0,2019-11-01 01:48:51+00:00,2019-11-01 01:49:55+00:00,Browsers
512586585,1,1,1,0,0,0.0,2019-11-01 02:42:16+00:00,2019-11-01 02:42:16+00:00,Browsers
512595904,1,19,19,0,0,0.0,2019-11-01 01:33:40+00:00,2019-11-01 02:17:09+00:00,Browsers
512596503,1,7,7,0,0,0.0,2019-11-01 00:46:47+00:00,2019-11-01 00:52:52+00:00,Browsers
512597748,1,5,5,0,0,0.0,2019-11-01 01:28:33+00:00,2019-11-01 01:32:10+00:00,Browsers
512599061,1,9,9,0,0,0.0,2019-11-01 02:08:36+00:00,2019-11-01 02:12:19+00:00,Browsers
512600688,1,1,1,0,0,0.0,2019-11-01 02:45:57+00:00,2019-11-01 02:45:57+00:00,Browsers
512602206,1,13,13,0,0,0.0,2019-11-01 01:45:38+00:00,2019-11-01 02:00:13+00:00,Browsers
512602231,1,2,2,0,0,0.0,2019-11-01 01:34:16+00:00,2019-11-01 01:35:20+00:00,Browsers
512603845,1,5,5,0,0,0.0,2019-11-01 02:06:16+00:00,2019-11-01 02:08:34+00:00,Browsers
512604017,1,3,3,0,0,0.0,2019-11-01 01:53:29+00:00,2019-11-01 01:54:06+00:00,Browsers
512605577,1,16,16,0,0,0.0,2019-11-01 02:04:42+00:00,2019-11-01 02:45:08+00:00,Browsers
512605579,1,3,3,0,0,0.0,2019-11-01 02:07:06+00:00,2019-11-01 02:11:57+00:00,Browsers
512606031,1,12,12,0,0,0.0,2019-11-01 02:18:24+00:00,2019-11-01 02:26:48+00:00,Browsers
512606999,1,1,1,0,0,0.0,2019-11-01 01:03:20+00:00,2019-11-01 01:03:20+00:00,Browsers
512608037,1,2,2,0,0,0.0,2019-11-01 02:15:46+00:00,2019-11-01 02:16:09+00:00,Browsers
512608165,1,1,1,0,0,0.0,2019-11-01 00:53:02+00:00,2019-11-01 00:53:02+00:00,Browsers
512610490,1,3,2,0,1,55.86,2019-11-01 01:40:14+00:00,2019-11-01 01:41:06+00:00,High-value users (purchasers)
512611609,1,5,5,0,0,0.0,2019-11-01 01:34:54+00:00,2019-11-01 01:36:37+00:00,Browsers
512612331,1,1,1,0,0,0.0,2019-11-01 02:27:54+00:00,2019-11-01 02:27:54+00:00,Browsers
512618431,1,16,16,0,0,0.0,2019-11-01 01:38:23+00:00,2019-11-01 01:58:52+00:00,Browsers
512620542,1,13,13,0,0,0.0,2019-11-01 01:29:19+00:00,2019-11-01 01:49:52+00:00,Browsers
512622248,1,1,1,0,0,0.0,2019-11-01 00:49:35+00:00,2019-11-01 00:49:35+00:00,Browsers
512623311,1,1,1,0,0,0.0,2019-11-01 02:33:10+00:00,2019-11-01 02:33:10+00:00,Browsers
512625556,3,51,51,0,0,0.0,2019-11-01 00:50:20+00:00,2019-11-01 02:21:36+00:00,Browsers
512625712,1,1,1,0,0,0.0,2019-11-01 02:23:34+00:00,2019-11-01 02:23:34+00:00,Browsers
512626209,1,4,4,0,0,0.0,2019-11-01 02:44:33+00:00,2019-11-01 02:48:05+00:00,Browsers
512627945,1,2,2,0,0,0.0,2019-11-01 01:27:57+00:00,2019-11-01 01:28:41+00:00,Browsers
512629246,1,1,1,0,0,0.0,2019-11-01 01:02:10+00:00,2019-11-01 01:02:10+00:00,Browsers
512629423,1,5,5,0,0,0.0,2019-11-01 01:34:35+00:00,2019-11-01 01:36:29+00:00,Browsers
512635912,1,1,1,0,0,0.0,2019-11-01 02:31:28+00:00,2019-11-01 02:31:28+00:00,Browsers
512636329,1,1,1,0,0,0.0,2019-11-01 01:06:39+00:00,2019-11-01 01:06:39+00:00,Browsers
512640123,1,1,1,0,0,0.0,2019-11-01 01:43:35+00:00,2019-11-01 01:43:35+00:00,Browsers
512641566,1,1,1,0,0,0.0,2019-11-01 00:34:49+00:00,2019-11-01 00:34:49+00:00,Browsers
512642450,1,2,2,0,0,0.0,2019-11-01 02:08:32+00:00,2019-11-01 02:09:41+00:00,Browsers
512646222,2,3,3,0,0,0.0,2019-11-01 02:42:25+00:00,2019-11-01 02:45:42+00:00,Browsers
512650759,1,1,1,0,0,0.0,2019-11-01 00:19:56+00:00,2019-11-01 00:19:56+00:00,Browsers
512651494,2,8,8,0,0,0.0,2019-11-01 00:00:06+00:00,2019-11-01 01:02:22+00:00,Browsers
512652115,1,5,5,0,0,0.0,2019-11-01 00:18:31+00:00,2019-11-01 00:20:12+00:00,Browsers
512653071,1,5,5,0,0,0.0,2019-11-01 02:34:27+00:00,2019-11-01 02:39:08+00:00,Browsers
512653939,2,7,6,0,1,49.68,2019-11-01 02:22:15+00:00,2019-11-01 02:48:17+00:00,High-value users (purchasers)
512655020,2,4,4,0,0,0.0,2019-11-01 02:40:20+00:00,2019-11-01 02:46:38+00:00,Browsers
512657940,1,7,6,1,0,0.0,2019-11-01 02:01:48+00:00,2019-11-01 02:05:46+00:00,Cart abandoners
512659183,1,4,4,0,0,0.0,2019-11-01 01:55:54+00:00,2019-11-01 02:06:46+00:00,Browsers
512665041,1,21,21,0,0,0.0,2019-11-01 01:38:57+00:00,2019-11-01 01:53:07+00:00,Browsers
512668344,1,1,1,0,0,0.0,2019-11-01 02:33:58+00:00,2019-11-01 02:33:58+00:00,Browsers
512668601,1,10,10,0,0,0.0,2019-11-01 02:37:53+00:00,2019-11-01 02:48:08+00:00,Browsers
512669930,4,66,66,0,0,0.0,2019-11-01 00:08:36+00:00,2019-11-01 02:46:45+00:00,Browsers
512670047,1,2,2,0,0,0.0,2019-11-01 01:41:09+00:00,2019-11-01 01:41:50+00:00,Browsers
512670642,2,6,4,0,2,250.48,2019-11-01 02:16:20+00:00,2019-11-01 02:18:45+00:00,High-value users (purchasers)
512670707,2,10,10,0,0,0.0,2019-11-01 00:38:06+00:00,2019-11-01 00:58:42+00:00,Browsers
512672670,1,2,2,0,0,0.0,2019-11-01 00:19:16+00:00,2019-11-01 00:19:39+00:00,Browsers
512672937,3,14,14,0,0,0.0,2019-11-01 00:19:55+00:00,2019-11-01 00:34:29+00:00,Browsers
512673960,1,1,1,0,0,0.0,2019-11-01 02:05:10+00:00,2019-11-01 02:05:10+00:00,Browsers
512673995,1,13,13,0,0,0.0,2019-11-01 00:57:43+00:00,2019-11-01 01:06:40+00:00,Browsers
512674961,1,3,3,0,0,0.0,2019-11-01 00:12:26+00:00,2019-11-01 00:14:18+00:00,Browsers
512675276,1,1,1,0,0,0.0,2019-11-01 00:37:05+00:00,2019-11-01 00:37:05+00:00,Browsers
512675402,1,9,9,0,0,0.0,2019-11-01 00:56:17+00:00,2019-11-01 01:01:13+00:00,Browsers
512675587,1,12,12,0,0,0.0,2019-11-01 02:21:46+00:00,2019-11-01 02:27:10+00:00,Browsers
512677696,1,16,16,0,0,0.0,2019-11-01 00:08:14+00:00,2019-11-01 02:21:03+00:00,Browsers
512679918,1,6,6,0,0,0.0,2019-11-01 00:57:11+00:00,2019-11-01 01:00:39+00:00,Browsers
512681598,1,7,7,0,0,0.0,2019-11-01 02:43:45+00:00,2019-11-01 02:47:16+00:00,Browsers
512681735,6,18,18,0,0,0.0,2019-11-01 01:28:45+00:00,2019-11-01 02:13:05+00:00,Browsers
512682396,1,3,2,0,1,30.89,2019-11-01 02:02:49+00:00,2019-11-01 02:07:06+00:00,High-value users (purchasers)
512683712,1,1,1,0,0,0.0,2019-11-01 01:34:42+00:00,2019-11-01 01:34:42+00:00,Browsers
512684178,1,2,2,0,0,0.0,2019-11-01 02:38:47+00:00,2019-11-01 02:40:06+00:00,Browsers
512684520,1,8,8,0,0,0.0,2019-11-01 02:03:27+00:00,2019-11-01 02:05:48+00:00,Browsers
512685320,1,20,20,0,0,0.0,2019-11-01 01:57:00+00:00,2019-11-01 02:28:22+00:00,Browsers
512685434,1,2,2,0,0,0.0,2019-11-01 02:38:34+00:00,2019-11-01 02:39:25+00:00,Browsers
512685537,1,3,3,0,0,0.0,2019-11-01 02:25:40+00:00,2019-11-01 02:27:48+00:00,Browsers
512685684,1,1,1,0,0,0.0,2019-11-01 01:42:20+00:00,2019-11-01 01:42:20+00:00,Browsers
512685978,1,4,4,0,0,0.0,2019-11-01 02:17:26+00:00,2019-11-01 02:18:29+00:00,Browsers
512686302,1,8,8,0,0,0.0,2019-11-01 02:41:16+00:00,2019-11-01 02:44:31+00:00,Browsers
512686810,1,1,1,0,0,0.0,2019-11-01 01:46:45+00:00,2019-11-01 01:46:45+00:00,Browsers
512687338,1,10,10,0,0,0.0,2019-11-01 00:32:38+00:00,2019-11-01 00:42:22+00:00,Browsers
512687447,1,1,1,0,0,0.0,2019-11-01 01:32:12+00:00,2019-11-01 01:32:12+00:00,Browsers
512689665,1,4,4,0,0,0.0,2019-11-01 00:11:06+00:00,2019-11-01 00:13:21+00:00,Browsers
512691011,1,1,1,0,0,0.0,2019-11-01 01:52:11+00:00,2019-11-01 01:52:11+00:00,Browsers
512691391,1,6,6,0,0,0.0,2019-11-01 02:00:09+00:00,2019-11-01 02:05:17+00:00,Browsers
512691830,1,8,7,0,1,39.38,2019-11-01 02:18:07+00:00,2019-11-01 02:26:48+00:00,High-value users (purchasers)
512693680,1,5,5,0,0,0.0,2019-11-01 02:21:46+00:00,2019-11-01 02:23:40+00:00,Browsers
512693725,1,3,3,0,0,0.0,2019-11-01 00:20:54+00:00,2019-11-01 00:22:22+00:00,Browsers
512693833,1,2,2,0,0,0.0,2019-11-01 02:20:15+00:00,2019-11-01 02:20:23+00:00,Browsers
512694142,1,1,1,0,0,0.0,2019-11-01 02:12:26+00:00,2019-11-01 02:12:26+00:00,Browsers
512694754,1,7,7,0,0,0.0,2019-11-01 01:51:57+00:00,2019-11-01 01:55:00+00:00,Browsers
512695838,1,3,3,0,0,0.0,2019-11-01 01:46:14+00:00,2019-11-01 01:47:09+00:00,Browsers
512695998,1,14,14,0,0,0.0,2019-11-01 02:27:02+00:00,2019-11-01 02:32:14+00:00,Browsers
512696067,1,2,2,0,0,0.0,2019-11-01 01:47:23+00:00,2019-11-01 01:47:46+00:00,Browsers
512696483,1,2,2,0,0,0.0,2019-11-01 02:15:11+00:00,2019-11-01 02:17:29+00:00,Browsers
512699256,1,12,12,0,0,0.0,2019-11-01 01:34:04+00:00,2019-11-01 01:40:02+00:00,Browsers
512699383,1,5,5,0,0,0.0,2019-11-01 02:18:50+00:00,2019-11-01 02:20:27+00:00,Browsers
512699443,1,3,3,0,0,0.0,2019-11-01 02:36:47+00:00,2019-11-01 02:38:12+00:00,Browsers
512699702,1,2,2,0,0,0.0,2019-11-01 01:31:37+00:00,2019-11-01 01:32:47+00:00,Browsers
512700819,1,2,2,0,0,0.0,2019-11-01 00:56:09+00:00,2019-11-01 00:57:02+00:00,Browsers
512701759,1,2,2,0,0,0.0,2019-11-01 02:42:43+00:00,2019-11-01 02:43:19+00:00,Browsers
512702285,2,4,4,0,0,0.0,2019-11-01 02:40:36+00:00,2019-11-01 02:44:10+00:00,Browsers
512702922,1,11,11,0,0,0.0,2019-11-01 01:40:41+00:00,2019-11-01 01:48:18+00:00,Browsers
512703029,1,2,2,0,0,0.0,2019-11-01 01:35:27+00:00,2019-11-01 01:35:42+00:00,Browsers
512703598,2,3,3,0,0,0.0,2019-11-01 01:48:07+00:00,2019-11-01 02:13:31+00:00,Browsers
512704068,1,7,7,0,0,0.0,2019-11-01 02:18:42+00:00,2019-11-01 02:20:08+00:00,Browsers
512704544,1,2,2,0,0,0.0,2019-11-01 02:05:25+00:00,2019-11-01 02:05:42+00:00,Browsers
512705096,1,1,1,0,0,0.0,2019-11-01 02:00:24+00:00,2019-11-01 02:00:24+00:00,Browsers
512705232,1,2,2,0,0,0.0,2019-11-01 02:10:45+00:00,2019-11-01 02:11:19+00:00,Browsers
512705272,2,6,6,0,0,0.0,2019-11-01 02:32:36+00:00,2019-11-01 02:39:16+00:00,Browsers
512705996,1,9,9,0,0,0.0,2019-11-01 01:32:13+00:00,2019-11-01 02:13:47+00:00,Browsers
512706088,1,2,2,0,0,0.0,2019-11-01 01:45:57+00:00,2019-11-01 01:46:31+00:00,Browsers
512706219,1,2,2,0,0,0.0,2019-11-01 02:14:15+00:00,2019-11-01 02:15:41+00:00,Browsers
512707633,3,10,10,0,0,0.0,2019-11-01 02:35:50+00:00,2019-11-01 02:47:44+00:00,Browsers
512709549,2,18,18,0,0,0.0,2019-11-01 02:16:45+00:00,2019-11-01 02:42:34+00:00,Browsers
512710360,1,1,1,0,0,0.0,2019-11-01 02:34:23+00:00,2019-11-01 02:34:23+00:00,Browsers
512711010,1,1,1,0,0,0.0,2019-11-01 02:47:17+00:00,2019-11-01 02:47:17+00:00,Browsers
512712071,1,13,13,0,0,0.0,2019-11-01 00:10:36+00:00,2019-11-01 00:36:51+00:00,Browsers
512712075,1,3,3,0,0,0.0,2019-11-01 02:38:58+00:00,2019-11-01 02:40:40+00:00,Browsers
512712235,1,1,1,0,0,0.0,2019-11-01 02:27:22+00:00,2019-11-01 02:27:22+00:00,Browsers
512713412,1,5,5,0,0,0.0,2019-11-01 02:40:56+00:00,2019-11-01 02:41:27+00:00,Browsers
512713492,1,1,1,0,0,0.0,2019-11-01 01:45:58+00:00,2019-11-01 01:45:58+00:00,Browsers
512713597,1,1,1,0,0,0.0,2019-11-01 01:41:44+00:00,2019-11-01 01:41:44+00:00,Browsers
512713834,1,3,3,0,0,0.0,2019-11-01 00:41:42+00:00,2019-11-01 00:44:29+00:00,Browsers
512715521,1,4,4,0,0,0.0,2019-11-01 01:37:48+00:00,2019-11-01 01:42:35+00:00,Browsers
512717809,1,5,5,0,0,0.0,2019-11-01 01:49:01+00:00,2019-11-01 01:51:10+00:00,Browsers
512717924,1,5,4,1,0,0.0,2019-11-01 02:02:55+00:00,2019-11-01 02:03:54+00:00,Cart abandoners
512718930,2,4,4,0,0,0.0,2019-11-01 01:37:27+00:00,2019-11-01 01:45:21+00:00,Browsers
512720178,1,8,8,0,0,0.0,2019-11-01 02:19:57+00:00,2019-11-01 02:32:13+00:00,Browsers
512721742,1,1,1,0,0,0.0,2019-11-01 02:18:52+00:00,2019-11-01 02:18:52+00:00,Browsers
512721774,1,1,1,0,0,0.0,2019-11-01 01:49:54+00:00,2019-11-01 01:49:54+00:00,Browsers
512722494,1,1,1,0,0,0.0,2019-11-01 02:08:19+00:00,2019-11-01 02:08:19+00:00,Browsers
512725423,2,4,4,0,0,0.0,2019-11-01 02:25:02+00:00,2019-11-01 02:27:19+00:00,Browsers
512726771,1,1,1,0,0,0.0,2019-11-01 01:27:56+00:00,2019-11-01 01:27:56+00:00,Browsers
512727528,1,4,4,0,0,0.0,2019-11-01 00:48:26+00:00,2019-11-01 00:53:11+00:00,Browsers
512730679,1,4,4,0,0,0.0,2019-11-01 02:04:45+00:00,2019-11-01 02:07:17+00:00,Browsers
512731090,1,1,1,0,0,0.0,2019-11-01 02:08:17+00:00,2019-11-01 02:08:17+00:00,Browsers
512731446,1,1,1,0,0,0.0,2019-11-01 01:38:18+00:00,2019-11-01 01:38:18+00:00,Browsers
512731655,1,2,2,0,0,0.0,2019-11-01 01:53:56+00:00,2019-11-01 01:55:32+00:00,Browsers
512732612,1,2,2,0,0,0.0,2019-11-01 00:37:46+00:00,2019-11-01 00:39:32+00:00,Browsers
512733173,1,2,2,0,0,0.0,2019-11-01 01:29:07+00:00,2019-11-01 01:36:14+00:00,Browsers
512734402,1,1,1,0,0,0.0,2019-11-01 02:08:14+00:00,2019-11-01 02:08:14+00:00,Browsers
512735586,1,2,2,0,0,0.0,2019-11-01 02:26:23+00:00,2019-11-01 02:28:05+00:00,Browsers
512736082,1,1,1,0,0,0.0,2019-11-01 02:17:08+00:00,2019-11-01 02:17:08+00:00,Browsers
512736197,1,1,1,0,0,0.0,2019-11-01 01:32:10+00:00,2019-11-01 01:32:10+00:00,Browsers
512736733,1,1,1,0,0,0.0,2019-11-01 01:57:03+00:00,2019-11-01 01:57:03+00:00,Browsers
512737002,1,5,5,0,0,0.0,2019-11-01 02:27:50+00:00,2019-11-01 02:31:19+00:00,Browsers
512737554,1,1,1,0,0,0.0,2019-11-01 02:42:10+00:00,2019-11-01 02:42:10+00:00,Browsers
512738181,1,1,1,0,0,0.0,2019-11-01 02:43:53+00:00,2019-11-01 02:43:53+00:00,Browsers
512739825,1,2,2,0,0,0.0,2019-11-01 02:44:24+00:00,2019-11-01 02:44:42+00:00,Browsers
512740534,2,4,4,0,0,0.0,2019-11-01 02:09:40+00:00,2019-11-01 02:13:40+00:00,Browsers
512741996,1,8,8,0,0,0.0,2019-11-01 02:26:35+00:00,2019-11-01 02:47:21+00:00,Browsers
512744854,1,1,1,0,0,0.0,2019-11-01 02:45:36+00:00,2019-11-01 02:45:36+00:00,Browsers
512745403,2,2,2,0,0,0.0,2019-11-01 01:39:24+00:00,2019-11-01 01:41:22+00:00,Browsers
512747113,1,2,2,0,0,0.0,2019-11-01 02:43:09+00:00,2019-11-01 02:43:50+00:00,Browsers
512747267,1,5,5,0,0,0.0,2019-11-01 01:46:58+00:00,2019-11-01 01:50:20+00:00,Browsers
512747375,1,4,4,0,0,0.0,2019-11-01 00:41:49+00:00,2019-11-01 00:43:25+00:00,Browsers
512747910,1,5,5,0,0,0.0,2019-11-01 01:46:44+00:00,2019-11-01 01:47:33+00:00,Browsers
512748320,1,5,5,0,0,0.0,2019-11-01 01:42:53+00:00,2019-11-01 01:44:57+00:00,Browsers
512748904,1,5,5,0,0,0.0,2019-11-01 01:47:09+00:00,2019-11-01 01:52:17+00:00,Browsers
512749761,1,1,1,0,0,0.0,2019-11-01 02:37:30+00:00,2019-11-01 02:37:30+00:00,Browsers
512751536,1,3,3,0,0,0.0,2019-11-01 02:38:40+00:00,2019-11-01 02:46:45+00:00,Browsers
512751648,1,1,1,0,0,0.0,2019-11-01 02:09:14+00:00,2019-11-01 02:09:14+00:00,Browsers
512752056,1,8,8,0,0,0.0,2019-11-01 01:00:42+00:00,2019-11-01 01:04:37+00:00,Browsers
512756893,2,5,5,0,0,0.0,2019-11-01 02:10:49+00:00,2019-11-01 02:44:27+00:00,Browsers
512758266,1,3,3,0,0,0.0,2019-11-01 02:25:17+00:00,2019-11-01 02:26:13+00:00,Browsers
512758377,2,11,8,2,1,22.8,2019-11-01 02:22:40+00:00,2019-11-01 02:40:16+00:00,High-value users (purchasers)
512758977,2,16,16,0,0,0.0,2019-11-01 01:36:30+00:00,2019-11-01 01:48:17+00:00,Browsers
512759159,2,4,4,0,0,0.0,2019-11-01 02:00:50+00:00,2019-11-01 02:16:51+00:00,Browsers
512759902,1,2,2,0,0,0.0,2019-11-01 01:32:15+00:00,2019-11-01 01:32:51+00:00,Browsers
512760346,1,1,1,0,0,0.0,2019-11-01 02:05:53+00:00,2019-11-01 02:05:53+00:00,Browsers
512762202,2,3,3,0,0,0.0,2019-11-01 01:43:31+00:00,2019-11-01 02:40:59+00:00,Browsers
512763590,2,20,20,0,0,0.0,2019-11-01 01:55:08+00:00,2019-11-01 02:18:32+00:00,Browsers
512764204,1,5,5,0,0,0.0,2019-11-01 01:40:54+00:00,2019-11-01 01:42:32+00:00,Browsers
512765290,1,1,1,0,0,0.0,2019-11-01 02:12:49+00:00,2019-11-01 02:12:49+00:00,Browsers
512766709,1,1,1,0,0,0.0,2019-11-01 02:42:59+00:00,2019-11-01 02:42:59+00:00,Browsers
512767834,1,3,3,0,0,0.0,2019-11-01 02:26:36+00:00,2019-11-01 02:27:05+00:00,Browsers
512769273,2,3,3,0,0,0.0,2019-11-01 01:29:24+00:00,2019-11-01 01:32:20+00:00,Browsers
512769579,1,4,4,0,0,0.0,2019-11-01 02:43:55+00:00,2019-11-01 02:48:15+00:00,Browsers
512769929,1,2,2,0,0,0.0,2019-11-01 02:26:09+00:00,2019-11-01 02:26:28+00:00,Browsers
512771092,1,5,5,0,0,0.0,2019-11-01 02:14:59+00:00,2019-11-01 02:16:27+00:00,Browsers
512772745,2,2,2,0,0,0.0,2019-11-01 00:31:09+00:00,2019-11-01 00:33:18+00:00,Browsers
512772808,1,1,1,0,0,0.0,2019-11-01 02:12:28+00:00,2019-11-01 02:12:28+00:00,Browsers
512774641,2,4,4,0,0,0.0,2019-11-01 01:48:24+00:00,2019-11-01 01:58:02+00:00,Browsers
512775409,1,4,4,0,0,0.0,2019-11-01 02:46:43+00:00,2019-11-01 02:48:22+00:00,Browsers
512775513,1,3,3,0,0,0.0,2019-11-01 00:43:59+00:00,2019-11-01 00:46:13+00:00,Browsers
512775824,1,1,1,0,0,0.0,2019-11-01 01:38:25+00:00,2019-11-01 01:38:25+00:00,Browsers
512776106,1,6,6,0,0,0.0,2019-11-01 00:56:31+00:00,2019-11-01 01:03:00+00:00,Browsers
512777261,2,6,6,0,0,0.0,2019-11-01 02:07:45+00:00,2019-11-01 02:31:24+00:00,Browsers
512777269,2,11,11,0,0,0.0,2019-11-01 00:38:52+00:00,2019-11-01 01:16:06+00:00,Browsers
512778261,1,5,5,0,0,0.0,2019-11-01 01:40:46+00:00,2019-11-01 01:45:48+00:00,Browsers
512778307,1,1,1,0,0,0.0,2019-11-01 00:33:01+00:00,2019-11-01 00:33:01+00:00,Browsers
512778314,1,2,2,0,0,0.0,2019-11-01 02:35:58+00:00,2019-11-01 02:36:28+00:00,Browsers
512778900,5,20,20,0,0,0.0,2019-11-01 00:10:06+00:00,2019-11-01 01:31:39+00:00,Browsers
512779399,1,4,4,0,0,0.0,2019-11-01 02:37:35+00:00,2019-11-01 02:40:25+00:00,Browsers
512780367,1,3,3,0,0,0.0,2019-11-01 01:57:35+00:00,2019-11-01 01:59:06+00:00,Browsers
512782238,2,8,8,0,0,0.0,2019-11-01 01:42:58+00:00,2019-11-01 01:51:44+00:00,Browsers
512783709,1,1,1,0,0,0.0,2019-11-01 02:02:17+00:00,2019-11-01 02:02:17+00:00,Browsers
512785651,1,3,3,0,0,0.0,2019-11-01 02:24:27+00:00,2019-11-01 02:25:43+00:00,Browsers
512786630,2,2,2,0,0,0.0,2019-11-01 01:34:12+00:00,2019-11-01 02:07:01+00:00,Browsers
512786709,3,6,6,0,0,0.0,2019-11-01 01:44:45+00:00,2019-11-01 01:52:17+00:00,Browsers
512787797,1,1,1,0,0,0.0,2019-11-01 01:08:44+00:00,2019-11-01 01:08:44+00:00,Browsers
512787801,1,3,3,0,0,0.0,2019-11-01 02:34:46+00:00,2019-11-01 02:37:12+00:00,Browsers
512789086,1,3,3,0,0,0.0,2019-11-01 01:50:23+00:00,2019-11-01 01:53:02+00:00,Browsers
512790610,1,3,3,0,0,0.0,2019-11-01 02:13:41+00:00,2019-11-01 02:14:50+00:00,Browsers
512791115,1,1,1,0,0,0.0,2019-11-01 02:27:27+00:00,2019-11-01 02:27:27+00:00,Browsers
512791219,1,9,9,0,0,0.0,2019-11-01 02:44:19+00:00,2019-11-01 02:48:09+00:00,Browsers
512791394,1,1,1,0,0,0.0,2019-11-01 02:22:13+00:00,2019-11-01 02:22:13+00:00,Browsers
512792403,1,7,7,0,0,0.0,2019-11-01 02:33:05+00:00,2019-11-01 02:38:52+00:00,Browsers
512793598,1,7,7,0,0,0.0,2019-11-01 02:31:11+00:00,2019-11-01 02:44:22+00:00,Browsers
512795067,1,5,5,0,0,0.0,2019-11-01 02:01:33+00:00,2019-11-01 02:03:16+00:00,Browsers
512795382,1,3,3,0,0,0.0,2019-11-01 02:45:25+00:00,2019-11-01 02:48:24+00:00,Browsers
512796932,1,1,1,0,0,0.0,2019-11-01 00:20:59+00:00,2019-11-01 00:20:59+00:00,Browsers
512797935,1,3,3,0,0,0.0,2019-11-01 02:08:19+00:00,2019-11-01 02:11:27+00:00,Browsers
512797937,1,5,5,0,0,0.0,2019-11-01 00:54:23+00:00,2019-11-01 00:56:00+00:00,Browsers
512798916,1,2,2,0,0,0.0,2019-11-01 01:39:43+00:00,2019-11-01 01:39:56+00:00,Browsers
512800655,1,4,4,0,0,0.0,2019-11-01 02:34:07+00:00,2019-11-01 02:35:50+00:00,Browsers
512800858,2,8,7,1,0,0.0,2019-11-01 00:17:10+00:00,2019-11-01 00:30:35+00:00,Cart abandoners
512801511,3,8,8,0,0,0.0,2019-11-01 00:04:30+00:00,2019-11-01 00:14:17+00:00,Browsers
512801708,1,25,25,0,0,0.0,2019-11-01 00:42:00+00:00,2019-11-01 01:08:46+00:00,Browsers
512803798,1,3,3,0,0,0.0,2019-11-01 01:47:18+00:00,2019-11-01 01:49:36+00:00,Browsers
512803881,1,1,1,0,0,0.0,2019-11-01 02:26:00+00:00,2019-11-01 02:26:00+00:00,Browsers
512804512,1,1,1,0,0,0.0,2019-11-01 01:08:16+00:00,2019-11-01 01:08:16+00:00,Browsers
512804855,1,1,1,0,0,0.0,2019-11-01 01:45:52+00:00,2019-11-01 01:45:52+00:00,Browsers
512805224,1,1,1,0,0,0.0,2019-11-01 02:06:23+00:00,2019-11-01 02:06:23+00:00,Browsers
512807095,1,1,1,0,0,0.0,2019-11-01 01:07:35+00:00,2019-11-01 01:07:35+00:00,Browsers
512808882,1,18,18,0,0,0.0,2019-11-01 02:21:44+00:00,2019-11-01 02:43:03+00:00,Browsers
512809917,1,2,2,0,0,0.0,2019-11-01 02:35:58+00:00,2019-11-01 02:36:18+00:00,Browsers
512813201,1,1,1,0,0,0.0,2019-11-01 00:15:28+00:00,2019-11-01 00:15:28+00:00,Browsers
512813571,1,3,3,0,0,0.0,2019-11-01 02:45:24+00:00,2019-11-01 02:46:33+00:00,Browsers
512814079,1,3,3,0,0,0.0,2019-11-01 02:26:46+00:00,2019-11-01 02:29:10+00:00,Browsers
512814571,1,14,14,0,0,0.0,2019-11-01 02:20:09+00:00,2019-11-01 02:31:55+00:00,Browsers
512815205,1,4,4,0,0,0.0,2019-11-01 02:06:49+00:00,2019-11-01 02:09:42+00:00,Browsers
512815907,1,1,1,0,0,0.0,2019-11-01 02:44:56+00:00,2019-11-01 02:44:56+00:00,Browsers
512816733,1,3,3,0,0,0.0,2019-11-01 02:34:19+00:00,2019-11-01 02:34:43+00:00,Browsers
512818876,2,16,15,1,0,0.0,2019-11-01 00:39:34+00:00,2019-11-01 02:21:06+00:00,Cart abandoners
512818893,1,2,2,0,0,0.0,2019-11-01 01:34:12+00:00,2019-11-01 01:37:47+00:00,Browsers
512821868,1,2,2,0,0,0.0,2019-11-01 02:45:04+00:00,2019-11-01 02:45:58+00:00,Browsers
512823096,1,15,15,0,0,0.0,2019-11-01 02:21:28+00:00,2019-11-01 02:43:32+00:00,Browsers
512823102,2,41,38,1,2,337.69,2019-11-01 02:19:11+00:00,2019-11-01 02:41:45+00:00,High-value users (purchasers)
512824930,1,3,3,0,0,0.0,2019-11-01 02:26:24+00:00,2019-11-01 02:28:13+00:00,Browsers
512829336,1,11,11,0,0,0.0,2019-11-01 01:49:14+00:00,2019-11-01 01:55:08+00:00,Browsers
512829937,1,16,16,0,0,0.0,2019-11-01 00:10:22+00:00,2019-11-01 00:19:16+00:00,Browsers
512831028,1,7,7,0,0,0.0,2019-11-01 00:56:42+00:00,2019-11-01 01:08:25+00:00,Browsers
512833613,1,8,8,0,0,0.0,2019-11-01 01:03:09+00:00,2019-11-01 01:10:05+00:00,Browsers
512833683,1,1,1,0,0,0.0,2019-11-01 01:51:07+00:00,2019-11-01 01:51:07+00:00,Browsers
512836236,2,3,3,0,0,0.0,2019-11-01 02:41:50+00:00,2019-11-01 02:44:52+00:00,Browsers
512837059,1,1,1,0,0,0.0,2019-11-01 00:15:39+00:00,2019-11-01 00:15:39+00:00,Browsers
512840287,1,3,3,0,0,0.0,2019-11-01 02:45:32+00:00,2019-11-01 02:46:05+00:00,Browsers
512840594,1,11,11,0,0,0.0,2019-11-01 00:08:03+00:00,2019-11-01 00:21:25+00:00,Browsers
512842348,1,3,3,0,0,0.0,2019-11-01 02:43:13+00:00,2019-11-01 02:46:03+00:00,Browsers
512842405,1,1,1,0,0,0.0,2019-11-01 01:47:06+00:00,2019-11-01 01:47:06+00:00,Browsers
512842815,1,6,6,0,0,0.0,2019-11-01 02:29:36+00:00,2019-11-01 02:31:46+00:00,Browsers
512843796,1,1,1,0,0,0.0,2019-11-01 02:28:24+00:00,2019-11-01 02:28:24+00:00,Browsers
512845416,1,2,2,0,0,0.0,2019-11-01 02:20:26+00:00,2019-11-01 02:21:06+00:00,Browsers
512846350,1,1,1,0,0,0.0,2019-11-01 01:32:46+00:00,2019-11-01 01:32:46+00:00,Browsers
512847461,1,1,1,0,0,0.0,2019-11-01 01:26:36+00:00,2019-11-01 01:26:36+00:00,Browsers
512849021,1,6,6,0,0,0.0,2019-11-01 01:46:02+00:00,2019-11-01 01:51:33+00:00,Browsers
512849261,2,7,7,0,0,0.0,2019-11-01 01:45:25+00:00,2019-11-01 01:58:37+00:00,Browsers
512849449,1,3,3,0,0,0.0,2019-11-01 02:42:53+00:00,2019-11-01 02:47:13+00:00,Browsers
512850413,1,10,10,0,0,0.0,2019-11-01 02:31:33+00:00,2019-11-01 02:41:00+00:00,Browsers
512852954,2,9,9,0,0,0.0,2019-11-01 00:52:42+00:00,2019-11-01 00:58:44+00:00,Browsers
512853471,1,3,3,0,0,0.0,2019-11-01 02:12:29+00:00,2019-11-01 02:14:47+00:00,Browsers
512853858,1,2,2,0,0,0.0,2019-11-01 01:59:15+00:00,2019-11-01 01:59:29+00:00,Browsers
512855892,1,2,2,0,0,0.0,2019-11-01 01:33:56+00:00,2019-11-01 01:34:38+00:00,Browsers
512856893,1,1,1,0,0,0.0,2019-11-01 01:30:51+00:00,2019-11-01 01:30:51+00:00,Browsers
512857594,2,8,8,0,0,0.0,2019-11-01 01:26:22+00:00,2019-11-01 02:17:50+00:00,Browsers
512859545,1,1,1,0,0,0.0,2019-11-01 01:41:51+00:00,2019-11-01 01:41:51+00:00,Browsers
512860169,1,2,2,0,0,0.0,2019-11-01 02:20:14+00:00,2019-11-01 02:21:41+00:00,Browsers
512860742,1,1,1,0,0,0.0,2019-11-01 01:30:25+00:00,2019-11-01 01:30:25+00:00,Browsers
512860776,2,4,4,0,0,0.0,2019-11-01 00:36:33+00:00,2019-11-01 00:55:42+00:00,Browsers
512861553,1,1,1,0,0,0.0,2019-11-01 02:43:43+00:00,2019-11-01 02:43:43+00:00,Browsers
512861616,2,3,2,1,0,0.0,2019-11-01 00:35:10+00:00,2019-11-01 02:41:33+00:00,Cart abandoners
512863433,2,15,15,0,0,0.0,2019-11-01 01:59:24+00:00,2019-11-01 02:07:01+00:00,Browsers
512864786,1,1,1,0,0,0.0,2019-11-01 01:50:08+00:00,2019-11-01 01:50:08+00:00,Browsers
512867499,1,1,1,0,0,0.0,2019-11-01 02:18:47+00:00,2019-11-01 02:18:47+00:00,Browsers
512869189,1,5,5,0,0,0.0,2019-11-01 01:49:43+00:00,2019-11-01 01:58:15+00:00,Browsers
512871238,1,3,3,0,0,0.0,2019-11-01 02:41:47+00:00,2019-11-01 02:43:38+00:00,Browsers
512873159,1,10,10,0,0,0.0,2019-11-01 00:50:41+00:00,2019-11-01 00:52:54+00:00,Browsers
512873162,1,1,1,0,0,0.0,2019-11-01 02:01:04+00:00,2019-11-01 02:01:04+00:00,Browsers
512874070,1,2,2,0,0,0.0,2019-11-01 01:30:41+00:00,2019-11-01 01:32:58+00:00,Browsers
512876004,1,2,2,0,0,0.0,2019-11-01 01:38:54+00:00,2019-11-01 01:39:55+00:00,Browsers
512876345,1,3,3,0,0,0.0,2019-11-01 01:40:39+00:00,2019-11-01 01:46:46+00:00,Browsers
512878430,3,5,4,0,1,176.04,2019-11-01 00:50:48+00:00,2019-11-01 01:00:24+00:00,High-value users (purchasers)
512878591,1,2,2,0,0,0.0,2019-11-01 02:11:41+00:00,2019-11-01 02:12:34+00:00,Browsers
512878638,1,3,3,0,0,0.0,2019-11-01 02:09:46+00:00,2019-11-01 02:10:54+00:00,Browsers
512880249,1,1,1,0,0,0.0,2019-11-01 02:32:34+00:00,2019-11-01 02:32:34+00:00,Browsers
512880470,1,1,1,0,0,0.0,2019-11-01 02:29:12+00:00,2019-11-01 02:29:12+00:00,Browsers
512880873,1,1,1,0,0,0.0,2019-11-01 02:03:00+00:00,2019-11-01 02:03:00+00:00,Browsers
512882417,1,4,4,0,0,0.0,2019-11-01 02:13:55+00:00,2019-11-01 02:15:58+00:00,Browsers
512882813,1,2,2,0,0,0.0,2019-11-01 02:37:12+00:00,2019-11-01 02:37:54+00:00,Browsers
512882936,1,1,1,0,0,0.0,2019-11-01 02:18:57+00:00,2019-11-01 02:18:57+00:00,Browsers
512883336,1,1,1,0,0,0.0,2019-11-01 02:46:55+00:00,2019-11-01 02:46:55+00:00,Browsers
512885176,1,2,2,0,0,0.0,2019-11-01 01:38:46+00:00,2019-11-01 01:39:02+00:00,Browsers
512885403,1,3,3,0,0,0.0,2019-11-01 02:04:32+00:00,2019-11-01 02:05:58+00:00,Browsers
512885889,1,16,16,0,0,0.0,2019-11-01 00:39:59+00:00,2019-11-01 00:45:02+00:00,Browsers
512886591,1,2,2,0,0,0.0,2019-11-01 02:06:36+00:00,2019-11-01 02:06:54+00:00,Browsers
512887245,2,17,17,0,0,0.0,2019-11-01 00:00:52+00:00,2019-11-01 00:41:42+00:00,Browsers
512889967,1,3,3,0,0,0.0,2019-11-01 01:29:40+00:00,2019-11-01 01:30:59+00:00,Browsers
512891781,5,78,78,0,0,0.0,2019-11-01 00:59:38+00:00,2019-11-01 02:24:38+00:00,Browsers
512893344,1,1,1,0,0,0.0,2019-11-01 01:06:24+00:00,2019-11-01 01:06:24+00:00,Browsers
512893686,1,2,2,0,0,0.0,2019-11-01 02:46:53+00:00,2019-11-01 02:48:03+00:00,Browsers
512894075,1,4,4,0,0,0.0,2019-11-01 01:01:58+00:00,2019-11-01 01:03:00+00:00,Browsers
512894714,1,3,2,0,1,447.6,2019-11-01 01:29:40+00:00,2019-11-01 01:30:38+00:00,High-value users (purchasers)
512897575,1,1,1,0,0,0.0,2019-11-01 01:24:39+00:00,2019-11-01 01:24:39+00:00,Browsers
512898322,1,3,3,0,0,0.0,2019-11-01 01:32:54+00:00,2019-11-01 01:35:01+00:00,Browsers
512900983,1,2,2,0,0,0.0,2019-11-01 02:19:31+00:00,2019-11-01 02:20:15+00:00,Browsers
512902677,1,4,4,0,0,0.0,2019-11-01 01:43:46+00:00,2019-11-01 01:50:49+00:00,Browsers
512902888,1,10,10,0,0,0.0,2019-11-01 01:34:16+00:00,2019-11-01 01:42:30+00:00,Browsers
512903479,1,2,2,0,0,0.0,2019-11-01 00:56:10+00:00,2019-11-01 00:56:30+00:00,Browsers
512904981,1,1,1,0,0,0.0,2019-11-01 02:43:51+00:00,2019-11-01 02:43:51+00:00,Browsers
512905206,1,1,1,0,0,0.0,2019-11-01 01:30:16+00:00,2019-11-01 01:30:16+00:00,Browsers
512906736,1,4,4,0,0,0.0,2019-11-01 02:25:31+00:00,2019-11-01 02:26:39+00:00,Browsers
512907720,1,3,3,0,0,0.0,2019-11-01 02:17:16+00:00,2019-11-01 02:18:24+00:00,Browsers
512907846,1,1,1,0,0,0.0,2019-11-01 01:31:00+00:00,2019-11-01 01:31:00+00:00,Browsers
512911285,1,1,1,0,0,0.0,2019-11-01 01:04:17+00:00,2019-11-01 01:04:17+00:00,Browsers
512912923,1,2,2,0,0,0.0,2019-11-01 02:33:06+00:00,2019-11-01 02:48:19+00:00,Browsers
512913139,1,1,1,0,0,0.0,2019-11-01 02:30:25+00:00,2019-11-01 02:30:25+00:00,Browsers
512913652,1,2,2,0,0,0.0,2019-11-01 02:33:50+00:00,2019-11-01 02:34:05+00:00,Browsers
512916689,1,19,19,0,0,0.0,2019-11-01 02:29:13+00:00,2019-11-01 02:46:42+00:00,Browsers
512916732,1,2,2,0,0,0.0,2019-11-01 01:08:18+00:00,2019-11-01 01:09:16+00:00,Browsers
512918929,1,4,4,0,0,0.0,2019-11-01 02:28:30+00:00,2019-11-01 02:30:47+00:00,Browsers
512922016,1,9,9,0,0,0.0,2019-11-01 02:41:32+00:00,2019-11-01 02:44:48+00:00,Browsers
512924038,2,9,9,0,0,0.0,2019-11-01 01:26:35+00:00,2019-11-01 02:04:07+00:00,Browsers
512924094,2,13,13,0,0,0.0,2019-11-01 01:58:35+00:00,2019-11-01 02:16:09+00:00,Browsers
512927082,2,26,26,0,0,0.0,2019-11-01 01:31:36+00:00,2019-11-01 01:44:35+00:00,Browsers
512928015,1,11,11,0,0,0.0,2019-11-01 01:40:20+00:00,2019-11-01 01:59:36+00:00,Browsers
512930248,1,23,23,0,0,0.0,2019-11-01 02:30:12+00:00,2019-11-01 02:42:25+00:00,Browsers
512932247,2,4,4,0,0,0.0,2019-11-01 01:56:18+00:00,2019-11-01 02:19:03+00:00,Browsers
512933383,1,10,10,0,0,0.0,2019-11-01 01:40:49+00:00,2019-11-01 01:47:49+00:00,Browsers
512934269,1,3,3,0,0,0.0,2019-11-01 02:18:55+00:00,2019-11-01 02:20:15+00:00,Browsers
512934710,1,2,2,0,0,0.0,2019-11-01 01:31:48+00:00,2019-11-01 01:32:49+00:00,Browsers
512937263,1,7,7,0,0,0.0,2019-11-01 02:22:09+00:00,2019-11-01 02:28:17+00:00,Browsers
512937659,1,1,1,0,0,0.0,2019-11-01 00:37:16+00:00,2019-11-01 00:37:16+00:00,Browsers
512938641,1,2,2,0,0,0.0,2019-11-01 01:29:47+00:00,2019-11-01 01:33:24+00:00,Browsers
512940372,1,1,1,0,0,0.0,2019-11-01 01:29:55+00:00,2019-11-01 01:29:55+00:00,Browsers
512940723,1,2,2,0,0,0.0,2019-11-01 01:27:32+00:00,2019-11-01 01:36:53+00:00,Browsers
512942474,1,3,3,0,0,0.0,2019-11-01 00:17:29+00:00,2019-11-01 00:18:57+00:00,Browsers
512942716,1,2,2,0,0,0.0,2019-11-01 01:29:57+00:00,2019-11-01 01:30:07+00:00,Browsers
512943471,1,2,2,0,0,0.0,2019-11-01 00:52:11+00:00,2019-11-01 00:53:06+00:00,Browsers
512946784,1,36,36,0,0,0.0,2019-11-01 00:08:05+00:00,2019-11-01 00:30:37+00:00,Browsers
512949710,1,3,2,1,0,0.0,2019-11-01 02:34:05+00:00,2019-11-01 02:34:41+00:00,Cart abandoners
512950352,1,1,1,0,0,0.0,2019-11-01 02:36:28+00:00,2019-11-01 02:36:28+00:00,Browsers
512952107,1,5,5,0,0,0.0,2019-11-01 00:30:20+00:00,2019-11-01 01:25:25+00:00,Browsers
512953343,1,1,1,0,0,0.0,2019-11-01 02:37:51+00:00,2019-11-01 02:37:51+00:00,Browsers
512954096,1,1,1,0,0,0.0,2019-11-01 01:02:07+00:00,2019-11-01 01:02:07+00:00,Browsers
512957042,1,4,4,0,0,0.0,2019-11-01 00:59:52+00:00,2019-11-01 01:05:44+00:00,Browsers
512960010,1,1,1,0,0,0.0,2019-11-01 01:05:19+00:00,2019-11-01 01:05:19+00:00,Browsers
512960084,1,3,3,0,0,0.0,2019-11-01 01:51:50+00:00,2019-11-01 01:54:14+00:00,Browsers
512960348,1,7,7,0,0,0.0,2019-11-01 01:56:15+00:00,2019-11-01 02:08:35+00:00,Browsers
512962003,1,1,1,0,0,0.0,2019-11-01 01:56:11+00:00,2019-11-01 01:56:11+00:00,Browsers
512963052,1,5,5,0,0,0.0,2019-11-01 02:23:47+00:00,2019-11-01 02:26:41+00:00,Browsers
512963261,1,14,14,0,0,0.0,2019-11-01 01:29:02+00:00,2019-11-01 02:20:46+00:00,Browsers
512963624,1,4,4,0,0,0.0,2019-11-01 01:38:30+00:00,2019-11-01 01:40:19+00:00,Browsers
512963806,1,14,14,0,0,0.0,2019-11-01 00:32:25+00:00,2019-11-01 00:39:22+00:00,Browsers
512964148,1,1,1,0,0,0.0,2019-11-01 02:41:10+00:00,2019-11-01 02:41:10+00:00,Browsers
512964270,1,1,1,0,0,0.0,2019-11-01 00:17:26+00:00,2019-11-01 00:17:26+00:00,Browsers
512964415,1,1,1,0,0,0.0,2019-11-01 02:02:34+00:00,2019-11-01 02:02:34+00:00,Browsers
512964626,1,1,1,0,0,0.0,2019-11-01 02:47:08+00:00,2019-11-01 02:47:08+00:00,Browsers
512964836,1,11,11,0,0,0.0,2019-11-01 01:32:42+00:00,2019-11-01 01:43:43+00:00,Browsers
512969218,1,22,22,0,0,0.0,2019-11-01 02:20:38+00:00,2019-11-01 02:38:05+00:00,Browsers
512970725,3,19,19,0,0,0.0,2019-11-01 02:09:29+00:00,2019-11-01 02:46:25+00:00,Browsers
512972878,1,4,4,0,0,0.0,2019-11-01 02:16:52+00:00,2019-11-01 02:17:57+00:00,Browsers
512973320,1,1,1,0,0,0.0,2019-11-01 01:08:49+00:00,2019-11-01 01:08:49+00:00,Browsers
512975344,1,18,18,0,0,0.0,2019-11-01 01:34:11+00:00,2019-11-01 01:57:50+00:00,Browsers
512976134,2,7,7,0,0,0.0,2019-11-01 01:43:25+00:00,2019-11-01 01:52:15+00:00,Browsers
512978040,1,1,1,0,0,0.0,2019-11-01 00:41:44+00:00,2019-11-01 00:41:44+00:00,Browsers
512979613,3,14,14,0,0,0.0,2019-11-01 01:51:17+00:00,2019-11-01 02:24:43+00:00,Browsers
512980414,2,39,39,0,0,0.0,2019-11-01 01:51:47+00:00,2019-11-01 02:24:40+00:00,Browsers
512980570,1,1,1,0,0,0.0,2019-11-01 02:08:19+00:00,2019-11-01 02:08:19+00:00,Browsers
512980575,2,11,11,0,0,0.0,2019-11-01 00:42:10+00:00,2019-11-01 02:45:08+00:00,Browsers
512981600,1,2,2,0,0,0.0,2019-11-01 01:51:53+00:00,2019-11-01 01:53:19+00:00,Browsers
512986076,1,6,6,0,0,0.0,2019-11-01 01:03:17+00:00,2019-11-01 01:06:39+00:00,Browsers
512990235,1,3,3,0,0,0.0,2019-11-01 01:23:42+00:00,2019-11-01 01:24:16+00:00,Browsers
512990819,1,4,4,0,0,0.0,2019-11-01 00:41:04+00:00,2019-11-01 00:51:58+00:00,Browsers
512990830,1,1,1,0,0,0.0,2019-11-01 01:39:10+00:00,2019-11-01 01:39:10+00:00,Browsers
512994704,1,1,1,0,0,0.0,2019-11-01 02:41:57+00:00,2019-11-01 02:41:57+00:00,Browsers
512996121,1,1,1,0,0,0.0,2019-11-01 00:00:18+00:00,2019-11-01 00:00:18+00:00,Browsers
512996741,1,1,1,0,0,0.0,2019-11-01 02:15:50+00:00,2019-11-01 02:15:50+00:00,Browsers
513000174,1,5,5,0,0,0.0,2019-11-01 02:05:38+00:00,2019-11-01 02:23:45+00:00,Browsers
513000250,1,1,1,0,0,0.0,2019-11-01 01:31:50+00:00,2019-11-01 01:31:50+00:00,Browsers
513001261,1,6,6,0,0,0.0,2019-11-01 01:58:27+00:00,2019-11-01 02:02:01+00:00,Browsers
513002084,1,4,4,0,0,0.0,2019-11-01 00:25:25+00:00,2019-11-01 00:31:47+00:00,Browsers
513003096,1,6,6,0,0,0.0,2019-11-01 01:32:53+00:00,2019-11-01 01:36:10+00:00,Browsers
513003206,1,15,15,0,0,0.0,2019-11-01 01:43:37+00:00,2019-11-01 01:51:01+00:00,Browsers
513003599,1,1,1,0,0,0.0,2019-11-01 01:23:52+00:00,2019-11-01 01:23:52+00:00,Browsers
513004352,2,18,18,0,0,0.0,2019-11-01 00:15:53+00:00,2019-11-01 00:31:22+00:00,Browsers
513004901,1,2,2,0,0,0.0,2019-11-01 02:26:29+00:00,2019-11-01 02:26:41+00:00,Browsers
513007655,1,1,1,0,0,0.0,2019-11-01 00:30:54+00:00,2019-11-01 00:30:54+00:00,Browsers
513008242,1,3,3,0,0,0.0,2019-11-01 00:46:02+00:00,2019-11-01 00:47:02+00:00,Browsers
513009579,1,2,2,0,0,0.0,2019-11-01 00:56:04+00:00,2019-11-01 00:57:15+00:00,Browsers
513011318,1,1,1,0,0,0.0,2019-11-01 02:29:27+00:00,2019-11-01 02:29:27+00:00,Browsers
513011533,1,1,1,0,0,0.0,2019-11-01 01:48:07+00:00,2019-11-01 01:48:07+00:00,Browsers
513012730,1,1,1,0,0,0.0,2019-11-01 02:43:27+00:00,2019-11-01 02:43:27+00:00,Browsers
513013119,1,1,1,0,0,0.0,2019-11-01 01:41:08+00:00,2019-11-01 01:41:08+00:00,Browsers
513013207,1,2,2,0,0,0.0,2019-11-01 02:44:04+00:00,2019-11-01 02:47:01+00:00,Browsers
513014701,1,3,3,0,0,0.0,2019-11-01 02:45:53+00:00,2019-11-01 02:46:14+00:00,Browsers
513015254,2,5,5,0,0,0.0,2019-11-01 01:54:24+00:00,2019-11-01 01:56:38+00:00,Browsers
513015775,1,4,4,0,0,0.0,2019-11-01 01:49:58+00:00,2019-11-01 01:58:30+00:00,Browsers
513016310,1,25,25,0,0,0.0,2019-11-01 02:22:38+00:00,2019-11-01 02:40:00+00:00,Browsers
513016332,1,6,6,0,0,0.0,2019-11-01 02:36:29+00:00,2019-11-01 02:41:17+00:00,Browsers
513021392,1,2,2,0,0,0.0,2019-11-01 01:31:56+00:00,2019-11-01 01:32:13+00:00,Browsers
513022279,1,1,1,0,0,0.0,2019-11-01 02:48:24+00:00,2019-11-01 02:48:24+00:00,Browsers
513023620,1,8,8,0,0,0.0,2019-11-01 01:50:23+00:00,2019-11-01 01:53:15+00:00,Browsers
513026573,1,4,4,0,0,0.0,2019-11-01 01:51:32+00:00,2019-11-01 01:53:03+00:00,Browsers
513026718,1,4,4,0,0,0.0,2019-11-01 02:08:16+00:00,2019-11-01 02:09:01+00:00,Browsers
513029041,2,38,38,0,0,0.0,2019-11-01 01:36:13+00:00,2019-11-01 02:16:27+00:00,Browsers
513029374,1,4,4,0,0,0.0,2019-11-01 02:13:03+00:00,2019-11-01 02:42:00+00:00,Browsers
513030496,1,1,1,0,0,0.0,2019-11-01 02:31:31+00:00,2019-11-01 02:31:31+00:00,Browsers
513030753,1,1,1,0,0,0.0,2019-11-01 02:28:48+00:00,2019-11-01 02:28:48+00:00,Browsers
513033540,1,1,1,0,0,0.0,2019-11-01 02:00:10+00:00,2019-11-01 02:00:10+00:00,Browsers
513034782,1,2,2,0,0,0.0,2019-11-01 01:31:10+00:00,2019-11-01 01:31:48+00:00,Browsers
513034892,1,4,4,0,0,0.0,2019-11-01 01:39:51+00:00,2019-11-01 01:45:30+00:00,Browsers
513038356,1,4,4,0,0,0.0,2019-11-01 01:26:58+00:00,2019-11-01 01:34:02+00:00,Browsers
513040463,1,18,18,0,0,0.0,2019-11-01 01:28:51+00:00,2019-11-01 01:53:19+00:00,Browsers
513040517,1,1,1,0,0,0.0,2019-11-01 02:38:46+00:00,2019-11-01 02:38:46+00:00,Browsers
513041657,1,2,2,0,0,0.0,2019-11-01 02:46:08+00:00,2019-11-01 02:47:20+00:00,Browsers
513044730,1,1,1,0,0,0.0,2019-11-01 01:38:05+00:00,2019-11-01 01:38:05+00:00,Browsers
513048407,1,2,2,0,0,0.0,2019-11-01 00:48:12+00:00,2019-11-01 00:49:25+00:00,Browsers
513049534,1,4,4,0,0,0.0,2019-11-01 01:25:16+00:00,2019-11-01 01:27:05+00:00,Browsers
513052379,1,23,23,0,0,0.0,2019-11-01 01:30:43+00:00,2019-11-01 01:42:29+00:00,Browsers
513052561,1,12,12,0,0,0.0,2019-11-01 01:27:09+00:00,2019-11-01 01:38:56+00:00,Browsers
513052669,1,33,29,1,3,350.74,2019-11-01 01:59:31+00:00,2019-11-01 02:15:20+00:00,High-value users (purchasers)
513053739,3,15,15,0,0,0.0,2019-11-01 00:46:39+00:00,2019-11-01 01:08:11+00:00,Browsers
513054765,1,4,4,0,0,0.0,2019-11-01 01:31:34+00:00,2019-11-01 01:37:59+00:00,Browsers
513055095,1,1,1,0,0,0.0,2019-11-01 00:55:20+00:00,2019-11-01 00:55:20+00:00,Browsers
513056555,1,11,11,0,0,0.0,2019-11-01 00:46:17+00:00,2019-11-01 00:55:51+00:00,Browsers
513056559,1,4,4,0,0,0.0,2019-11-01 00:51:05+00:00,2019-11-01 00:54:30+00:00,Browsers
513057722,2,4,4,0,0,0.0,2019-11-01 01:34:50+00:00,2019-11-01 01:37:28+00:00,Browsers
513058490,1,10,10,0,0,0.0,2019-11-01 02:03:44+00:00,2019-11-01 02:13:02+00:00,Browsers
513059781,1,14,14,0,0,0.0,2019-11-01 01:40:18+00:00,2019-11-01 01:56:37+00:00,Browsers
513059939,1,1,1,0,0,0.0,2019-11-01 00:50:21+00:00,2019-11-01 00:50:21+00:00,Browsers
513061115,1,3,3,0,0,0.0,2019-11-01 02:32:45+00:00,2019-11-01 02:46:12+00:00,Browsers
513061966,1,2,2,0,0,0.0,2019-11-01 01:36:00+00:00,2019-11-01 01:36:21+00:00,Browsers
513062867,1,2,2,0,0,0.0,2019-11-01 00:51:43+00:00,2019-11-01 00:51:59+00:00,Browsers
513065587,1,1,1,0,0,0.0,2019-11-01 01:04:04+00:00,2019-11-01 01:04:04+00:00,Browsers
513065792,1,2,2,0,0,0.0,2019-11-01 02:23:27+00:00,2019-11-01 02:24:35+00:00,Browsers
513065989,1,1,1,0,0,0.0,2019-11-01 02:37:07+00:00,2019-11-01 02:37:07+00:00,Browsers
513068115,1,2,2,0,0,0.0,2019-11-01 01:34:35+00:00,2019-11-01 01:34:52+00:00,Browsers
513068374,2,8,8,0,0,0.0,2019-11-01 01:50:00+00:00,2019-11-01 01:55:33+00:00,Browsers
513070340,1,4,3,0,1,1860.69,2019-11-01 02:29:49+00:00,2019-11-01 02:33:10+00:00,High-value users (purchasers)
513074235,1,2,2,0,0,0.0,2019-11-01 01:46:59+00:00,2019-11-01 01:47:28+00:00,Browsers
513077920,1,3,3,0,0,0.0,2019-11-01 02:38:09+00:00,2019-11-01 02:41:57+00:00,Browsers
513078593,1,2,2,0,0,0.0,2019-11-01 02:34:43+00:00,2019-11-01 02:38:32+00:00,Browsers
513080618,1,1,1,0,0,0.0,2019-11-01 01:32:50+00:00,2019-11-01 01:32:50+00:00,Browsers
513082215,1,5,5,0,0,0.0,2019-11-01 02:00:42+00:00,2019-11-01 02:02:17+00:00,Browsers
513083675,1,1,1,0,0,0.0,2019-11-01 00:36:48+00:00,2019-11-01 00:36:48+00:00,Browsers
513084225,1,4,4,0,0,0.0,2019-11-01 02:08:07+00:00,2019-11-01 02:12:48+00:00,Browsers
513085073,2,8,8,0,0,0.0,2019-11-01 01:49:38+00:00,2019-11-01 01:57:55+00:00,Browsers
513085856,1,1,1,0,0,0.0,2019-11-01 02:46:02+00:00,2019-11-01 02:46:02+00:00,Browsers
513087375,1,12,12,0,0,0.0,2019-11-01 01:38:47+00:00,2019-11-01 01:49:02+00:00,Browsers
513096718,2,4,4,0,0,0.0,2019-11-01 02:32:57+00:00,2019-11-01 02:48:22+00:00,Browsers
513097442,2,7,7,0,0,0.0,2019-11-01 01:41:53+00:00,2019-11-01 01:45:53+00:00,Browsers
513099197,1,1,1,0,0,0.0,2019-11-01 02:15:22+00:00,2019-11-01 02:15:22+00:00,Browsers
513102099,1,13,13,0,0,0.0,2019-11-01 00:50:44+00:00,2019-11-01 01:05:10+00:00,Browsers
513108166,1,2,2,0,0,0.0,2019-11-01 02:26:45+00:00,2019-11-01 02:27:08+00:00,Browsers
513108988,2,11,11,0,0,0.0,2019-11-01 02:01:36+00:00,2019-11-01 02:32:35+00:00,Browsers
513109091,1,11,11,0,0,0.0,2019-11-01 02:13:12+00:00,2019-11-01 02:35:53+00:00,Browsers
513110710,1,2,2,0,0,0.0,2019-11-01 02:40:33+00:00,2019-11-01 02:40:43+00:00,Browsers
513114259,1,7,5,1,1,229.9,2019-11-01 01:58:17+00:00,2019-11-01 02:33:58+00:00,High-value users (purchasers)
513116870,1,3,3,0,0,0.0,2019-11-01 01:43:59+00:00,2019-11-01 01:45:31+00:00,Browsers
513118352,1,18,18,0,0,0.0,2019-11-01 00:00:17+00:00,2019-11-01 00:35:20+00:00,Browsers
513122522,1,1,1,0,0,0.0,2019-11-01 02:08:56+00:00,2019-11-01 02:08:56+00:00,Browsers
513127532,1,2,2,0,0,0.0,2019-11-01 00:53:13+00:00,2019-11-01 00:55:40+00:00,Browsers
513127997,1,4,4,0,0,0.0,2019-11-01 01:40:43+00:00,2019-11-01 01:44:05+00:00,Browsers
513131634,1,1,1,0,0,0.0,2019-11-01 02:14:30+00:00,2019-11-01 02:14:30+00:00,Browsers
513133021,1,2,2,0,0,0.0,2019-11-01 02:41:38+00:00,2019-11-01 02:43:27+00:00,Browsers
513134225,1,8,8,0,0,0.0,2019-11-01 02:08:42+00:00,2019-11-01 02:14:34+00:00,Browsers
513134931,1,2,2,0,0,0.0,2019-11-01 02:17:29+00:00,2019-11-01 02:18:49+00:00,Browsers
513136828,1,2,2,0,0,0.0,2019-11-01 00:31:41+00:00,2019-11-01 00:32:30+00:00,Browsers
513138464,1,1,1,0,0,0.0,2019-11-01 02:29:25+00:00,2019-11-01 02:29:25+00:00,Browsers
513139230,1,7,7,0,0,0.0,2019-11-01 00:34:16+00:00,2019-11-01 00:41:06+00:00,Browsers
513140426,1,13,13,0,0,0.0,2019-11-01 02:37:50+00:00,2019-11-01 02:48:24+00:00,Browsers
513140648,1,3,3,0,0,0.0,2019-11-01 02:05:17+00:00,2019-11-01 02:06:34+00:00,Browsers
513141707,1,1,1,0,0,0.0,2019-11-01 02:38:50+00:00,2019-11-01 02:38:50+00:00,Browsers
513142780,1,4,4,0,0,0.0,2019-11-01 00:45:13+00:00,2019-11-01 01:00:06+00:00,Browsers
513143324,2,2,2,0,0,0.0,2019-11-01 02:15:04+00:00,2019-11-01 02:15:48+00:00,Browsers
513149469,1,3,3,0,0,0.0,2019-11-01 01:00:29+00:00,2019-11-01 01:01:33+00:00,Browsers
513150327,1,4,4,0,0,0.0,2019-11-01 00:05:45+00:00,2019-11-01 00:10:43+00:00,Browsers
513151632,1,25,25,0,0,0.0,2019-11-01 00:38:37+00:00,2019-11-01 02:41:19+00:00,Browsers
513151890,1,1,1,0,0,0.0,2019-11-01 02:39:07+00:00,2019-11-01 02:39:07+00:00,Browsers
513152403,2,9,9,0,0,0.0,2019-11-01 02:26:48+00:00,2019-11-01 02:47:59+00:00,Browsers
513153547,1,1,1,0,0,0.0,2019-11-01 01:08:08+00:00,2019-11-01 01:08:08+00:00,Browsers
513154321,1,3,3,0,0,0.0,2019-11-01 02:30:32+00:00,2019-11-01 02:32:06+00:00,Browsers
513155516,1,2,2,0,0,0.0,2019-11-01 02:38:02+00:00,2019-11-01 02:40:09+00:00,Browsers
513155877,2,6,5,0,1,458.28,2019-11-01 01:27:02+00:00,2019-11-01 01:30:28+00:00,High-value users (purchasers)
513156013,5,13,13,0,0,0.0,2019-11-01 00:11:50+00:00,2019-11-01 00:22:46+00:00,Browsers
513157217,1,8,8,0,0,0.0,2019-11-01 01:00:59+00:00,2019-11-01 01:06:37+00:00,Browsers
513157677,1,1,1,0,0,0.0,2019-11-01 01:29:10+00:00,2019-11-01 01:29:10+00:00,Browsers
513159411,1,4,4,0,0,0.0,2019-11-01 02:10:15+00:00,2019-11-01 02:13:59+00:00,Browsers
513160589,1,12,12,0,0,0.0,2019-11-01 02:20:23+00:00,2019-11-01 02:30:14+00:00,Browsers
513161211,1,1,1,0,0,0.0,2019-11-01 01:37:12+00:00,2019-11-01 01:37:12+00:00,Browsers
513162002,1,6,6,0,0,0.0,2019-11-01 01:29:22+00:00,2019-11-01 01:32:18+00:00,Browsers
513162084,1,5,5,0,0,0.0,2019-11-01 01:47:27+00:00,2019-11-01 01:49:27+00:00,Browsers
513162126,1,1,1,0,0,0.0,2019-11-01 02:40:03+00:00,2019-11-01 02:40:03+00:00,Browsers
513162149,1,1,1,0,0,0.0,2019-11-01 01:29:28+00:00,2019-11-01 01:29:28+00:00,Browsers
513162555,1,9,9,0,0,0.0,2019-11-01 01:50:15+00:00,2019-11-01 01:58:43+00:00,Browsers
513163044,1,6,6,0,0,0.0,2019-11-01 02:20:04+00:00,2019-11-01 02:24:54+00:00,Browsers
513164527,1,6,6,0,0,0.0,2019-11-01 01:29:29+00:00,2019-11-01 01:37:50+00:00,Browsers
513165994,1,5,5,0,0,0.0,2019-11-01 01:24:44+00:00,2019-11-01 01:26:16+00:00,Browsers
513166379,1,1,1,0,0,0.0,2019-11-01 02:18:01+00:00,2019-11-01 02:18:01+00:00,Browsers
513167532,1,5,5,0,0,0.0,2019-11-01 02:37:54+00:00,2019-11-01 02:39:53+00:00,Browsers
513167634,1,4,4,0,0,0.0,2019-11-01 02:11:51+00:00,2019-11-01 02:14:59+00:00,Browsers
513168130,1,17,17,0,0,0.0,2019-11-01 02:28:25+00:00,2019-11-01 02:45:32+00:00,Browsers
513168738,1,2,2,0,0,0.0,2019-11-01 01:28:44+00:00,2019-11-01 01:30:56+00:00,Browsers
513169269,2,2,2,0,0,0.0,2019-11-01 02:34:20+00:00,2019-11-01 02:41:45+00:00,Browsers
513170847,1,3,2,0,1,160.57,2019-11-01 01:29:28+00:00,2019-11-01 01:30:16+00:00,High-value users (purchasers)
513171922,2,3,3,0,0,0.0,2019-11-01 02:38:47+00:00,2019-11-01 02:42:25+00:00,Browsers
513172380,1,10,10,0,0,0.0,2019-11-01 00:01:32+00:00,2019-11-01 00:06:20+00:00,Browsers
513173306,1,3,3,0,0,0.0,2019-11-01 00:32:29+00:00,2019-11-01 00:34:14+00:00,Browsers
513176027,1,2,2,0,0,0.0,2019-11-01 02:21:57+00:00,2019-11-01 02:22:19+00:00,Browsers
513176254,1,31,31,0,0,0.0,2019-11-01 02:21:40+00:00,2019-11-01 02:44:36+00:00,Browsers
513176270,1,6,6,0,0,0.0,2019-11-01 02:29:08+00:00,2019-11-01 02:31:32+00:00,Browsers
513176431,2,12,12,0,0,0.0,2019-11-01 00:39:46+00:00,2019-11-01 01:57:11+00:00,Browsers
513177546,1,12,12,0,0,0.0,2019-11-01 02:14:15+00:00,2019-11-01 02:48:07+00:00,Browsers
513178116,1,11,11,0,0,0.0,2019-11-01 02:41:13+00:00,2019-11-01 02:48:10+00:00,Browsers
513183642,1,6,6,0,0,0.0,2019-11-01 01:34:52+00:00,2019-11-01 01:38:20+00:00,Browsers
513183843,1,7,7,0,0,0.0,2019-11-01 02:23:09+00:00,2019-11-01 02:28:18+00:00,Browsers
513184528,1,47,47,0,0,0.0,2019-11-01 01:39:20+00:00,2019-11-01 02:13:34+00:00,Browsers
513185184,1,3,3,0,0,0.0,2019-11-01 01:23:58+00:00,2019-11-01 01:27:11+00:00,Browsers
513186875,1,5,5,0,0,0.0,2019-11-01 01:28:22+00:00,2019-11-01 01:30:02+00:00,Browsers
513188667,1,1,1,0,0,0.0,2019-11-01 02:14:38+00:00,2019-11-01 02:14:38+00:00,Browsers
513188751,1,1,1,0,0,0.0,2019-11-01 00:29:51+00:00,2019-11-01 00:29:51+00:00,Browsers
513191208,1,1,1,0,0,0.0,2019-11-01 01:07:56+00:00,2019-11-01 01:07:56+00:00,Browsers
513192687,1,2,2,0,0,0.0,2019-11-01 02:26:15+00:00,2019-11-01 02:27:41+00:00,Browsers
513193182,1,15,15,0,0,0.0,2019-11-01 00:28:02+00:00,2019-11-01 00:43:11+00:00,Browsers
513195266,1,1,1,0,0,0.0,2019-11-01 01:29:25+00:00,2019-11-01 01:29:25+00:00,Browsers
513195863,1,1,1,0,0,0.0,2019-11-01 02:45:55+00:00,2019-11-01 02:45:55+00:00,Browsers
513196139,1,1,1,0,0,0.0,2019-11-01 00:08:27+00:00,2019-11-01 00:08:27+00:00,Browsers
513197327,1,7,7,0,0,0.0,2019-11-01 02:23:16+00:00,2019-11-01 02:33:10+00:00,Browsers
513197395,1,8,8,0,0,0.0,2019-11-01 02:12:26+00:00,2019-11-01 02:18:04+00:00,Browsers
513197412,1,2,2,0,0,0.0,2019-11-01 02:42:12+00:00,2019-11-01 02:48:15+00:00,Browsers
513197687,1,4,4,0,0,0.0,2019-11-01 00:54:42+00:00,2019-11-01 00:57:30+00:00,Browsers
513198013,1,44,44,0,0,0.0,2019-11-01 00:01:32+00:00,2019-11-01 00:21:27+00:00,Browsers
513198512,1,6,6,0,0,0.0,2019-11-01 01:32:22+00:00,2019-11-01 01:52:37+00:00,Browsers
513199355,1,5,5,0,0,0.0,2019-11-01 02:18:14+00:00,2019-11-01 02:28:10+00:00,Browsers
513199556,1,4,4,0,0,0.0,2019-11-01 02:27:38+00:00,2019-11-01 02:30:55+00:00,Browsers
513199673,1,6,6,0,0,0.0,2019-11-01 01:30:16+00:00,2019-11-01 01:34:57+00:00,Browsers
513199726,1,1,1,0,0,0.0,2019-11-01 00:45:26+00:00,2019-11-01 00:45:26+00:00,Browsers
513200477,1,8,8,0,0,0.0,2019-11-01 00:00:15+00:00,2019-11-01 00:05:36+00:00,Browsers
513201628,1,1,1,0,0,0.0,2019-11-01 02:07:14+00:00,2019-11-01 02:07:14+00:00,Browsers
513204350,2,2,2,0,0,0.0,2019-11-01 01:30:58+00:00,2019-11-01 01:31:13+00:00,Browsers
513205115,1,6,6,0,0,0.0,2019-11-01 00:35:07+00:00,2019-11-01 00:40:42+00:00,Browsers
513205435,1,3,3,0,0,0.0,2019-11-01 02:02:02+00:00,2019-11-01 02:03:11+00:00,Browsers
513210147,1,2,2,0,0,0.0,2019-11-01 01:37:21+00:00,2019-11-01 01:38:26+00:00,Browsers
513212597,1,2,1,1,0,0.0,2019-11-01 02:32:24+00:00,2019-11-01 02:32:59+00:00,Cart abandoners
513212620,1,7,7,0,0,0.0,2019-11-01 02:34:24+00:00,2019-11-01 02:42:53+00:00,Browsers
513214516,1,1,1,0,0,0.0,2019-11-01 02:01:50+00:00,2019-11-01 02:01:50+00:00,Browsers
513214901,1,9,8,1,0,0.0,2019-11-01 01:49:18+00:00,2019-11-01 02:10:09+00:00,Cart abandoners
513215282,1,5,5,0,0,0.0,2019-11-01 01:46:14+00:00,2019-11-01 01:52:42+00:00,Browsers
513216657,1,2,2,0,0,0.0,2019-11-01 00:58:45+00:00,2019-11-01 01:00:20+00:00,Browsers
513216715,2,8,8,0,0,0.0,2019-11-01 00:01:22+00:00,2019-11-01 01:49:04+00:00,Browsers
513217217,1,2,2,0,0,0.0,2019-11-01 00:13:40+00:00,2019-11-01 00:13:56+00:00,Browsers
513217975,1,29,29,0,0,0.0,2019-11-01 01:51:40+00:00,2019-11-01 02:30:42+00:00,Browsers
513219903,1,1,1,0,0,0.0,2019-11-01 00:49:25+00:00,2019-11-01 00:49:25+00:00,Browsers
513220108,1,9,9,0,0,0.0,2019-11-01 00:35:25+00:00,2019-11-01 01:06:35+00:00,Browsers
513221037,2,5,5,0,0,0.0,2019-11-01 01:35:14+00:00,2019-11-01 01:43:11+00:00,Browsers
513221171,1,1,1,0,0,0.0,2019-11-01 02:09:31+00:00,2019-11-01 02:09:31+00:00,Browsers
513221406,1,8,7,0,1,243.96,2019-11-01 01:47:05+00:00,2019-11-01 01:53:53+00:00,High-value users (purchasers)
513221660,1,8,8,0,0,0.0,2019-11-01 00:20:25+00:00,2019-11-01 00:37:44+00:00,Browsers
513224928,2,9,9,0,0,0.0,2019-11-01 01:34:54+00:00,2019-11-01 02:41:28+00:00,Browsers
513225869,1,3,3,0,0,0.0,2019-11-01 02:12:58+00:00,2019-11-01 02:22:46+00:00,Browsers
513226044,1,1,1,0,0,0.0,2019-11-01 01:38:15+00:00,2019-11-01 01:38:15+00:00,Browsers
513227152,1,9,9,0,0,0.0,2019-11-01 02:38:58+00:00,2019-11-01 02:47:56+00:00,Browsers
513228353,1,7,7,0,0,0.0,2019-11-01 00:35:33+00:00,2019-11-01 00:37:46+00:00,Browsers
513230576,1,2,2,0,0,0.0,2019-11-01 00:27:41+00:00,2019-11-01 00:28:10+00:00,Browsers
513231964,4,15,15,0,0,0.0,2019-11-01 02:10:50+00:00,2019-11-01 02:48:01+00:00,Browsers
513234461,2,4,4,0,0,0.0,2019-11-01 02:34:46+00:00,2019-11-01 02:37:10+00:00,Browsers
513235721,1,4,4,0,0,0.0,2019-11-01 00:44:23+00:00,2019-11-01 00:49:01+00:00,Browsers
513237033,1,1,1,0,0,0.0,2019-11-01 02:24:11+00:00,2019-11-01 02:24:11+00:00,Browsers
513239433,1,5,2,2,1,949.47,2019-11-01 02:43:53+00:00,2019-11-01 02:45:12+00:00,High-value users (purchasers)
513239688,1,1,1,0,0,0.0,2019-11-01 02:19:27+00:00,2019-11-01 02:19:27+00:00,Browsers
513239863,1,7,7,0,0,0.0,2019-11-01 00:54:19+00:00,2019-11-01 00:55:18+00:00,Browsers
513240145,1,4,4,0,0,0.0,2019-11-01 00:49:27+00:00,2019-11-01 00:53:30+00:00,Browsers
513241713,1,6,6,0,0,0.0,2019-11-01 00:11:17+00:00,2019-11-01 00:21:24+00:00,Browsers
513241957,1,1,1,0,0,0.0,2019-11-01 01:06:15+00:00,2019-11-01 01:06:15+00:00,Browsers
513242341,1,2,2,0,0,0.0,2019-11-01 02:36:59+00:00,2019-11-01 02:38:20+00:00,Browsers
513243159,1,2,2,0,0,0.0,2019-11-01 02:13:17+00:00,2019-11-01 02:13:26+00:00,Browsers
513243320,1,5,5,0,0,0.0,2019-11-01 01:53:40+00:00,2019-11-01 01:55:13+00:00,Browsers
513243592,2,8,8,0,0,0.0,2019-11-01 02:07:28+00:00,2019-11-01 02:16:08+00:00,Browsers
513244666,1,7,7,0,0,0.0,2019-11-01 02:15:55+00:00,2019-11-01 02:20:31+00:00,Browsers
513246501,1,9,9,0,0,0.0,2019-11-01 02:36:05+00:00,2019-11-01 02:44:06+00:00,Browsers
513246971,1,1,1,0,0,0.0,2019-11-01 02:28:18+00:00,2019-11-01 02:28:18+00:00,Browsers
513249279,1,1,1,0,0,0.0,2019-11-01 01:30:20+00:00,2019-11-01 01:30:20+00:00,Browsers
513249535,1,11,11,0,0,0.0,2019-11-01 00:24:18+00:00,2019-11-01 00:35:30+00:00,Browsers
513251961,1,2,2,0,0,0.0,2019-11-01 02:13:11+00:00,2019-11-01 02:13:28+00:00,Browsers
513252621,1,7,7,0,0,0.0,2019-11-01 01:38:05+00:00,2019-11-01 01:43:29+00:00,Browsers
513256515,1,3,3,0,0,0.0,2019-11-01 00:09:57+00:00,2019-11-01 00:10:53+00:00,Browsers
513256679,1,2,2,0,0,0.0,2019-11-01 00:22:24+00:00,2019-11-01 00:23:19+00:00,Browsers
513256775,1,2,2,0,0,0.0,2019-11-01 00:17:20+00:00,2019-11-01 00:17:37+00:00,Browsers
513257732,2,14,14,0,0,0.0,2019-11-01 02:27:20+00:00,2019-11-01 02:38:00+00:00,Browsers
513258195,1,8,8,0,0,0.0,2019-11-01 02:05:14+00:00,2019-11-01 02:08:41+00:00,Browsers
513259097,2,2,2,0,0,0.0,2019-11-01 02:37:54+00:00,2019-11-01 02:44:37+00:00,Browsers
513260588,1,1,1,0,0,0.0,2019-11-01 01:38:49+00:00,2019-11-01 01:38:49+00:00,Browsers
513261893,1,1,1,0,0,0.0,2019-11-01 01:06:30+00:00,2019-11-01 01:06:30+00:00,Browsers
513263221,4,20,20,0,0,0.0,2019-11-01 00:12:38+00:00,2019-11-01 02:47:16+00:00,Browsers
513264784,2,6,6,0,0,0.0,2019-11-01 02:42:53+00:00,2019-11-01 02:47:58+00:00,Browsers
513266373,1,1,1,0,0,0.0,2019-11-01 02:03:29+00:00,2019-11-01 02:03:29+00:00,Browsers
513266555,1,15,15,0,0,0.0,2019-11-01 00:54:20+00:00,2019-11-01 01:08:10+00:00,Browsers
513266660,1,3,3,0,0,0.0,2019-11-01 02:28:10+00:00,2019-11-01 02:35:23+00:00,Browsers
513268148,2,19,19,0,0,0.0,2019-11-01 01:59:00+00:00,2019-11-01 02:29:50+00:00,Browsers
513268804,1,3,3,0,0,0.0,2019-11-01 01:37:02+00:00,2019-11-01 02:23:24+00:00,Browsers
513269322,1,1,1,0,0,0.0,2019-11-01 02:11:49+00:00,2019-11-01 02:11:49+00:00,Browsers
513270035,1,2,2,0,0,0.0,2019-11-01 02:06:36+00:00,2019-11-01 02:07:17+00:00,Browsers
513270863,1,2,2,0,0,0.0,2019-11-01 00:46:10+00:00,2019-11-01 00:47:08+00:00,Browsers
513271838,1,1,1,0,0,0.0,2019-11-01 01:51:14+00:00,2019-11-01 01:51:14+00:00,Browsers
513271911,1,7,6,0,1,34.75,2019-11-01 02:37:54+00:00,2019-11-01 02:40:21+00:00,High-value users (purchasers)
513274173,1,1,1,0,0,0.0,2019-11-01 01:50:12+00:00,2019-11-01 01:50:12+00:00,Browsers
513274646,1,4,4,0,0,0.0,2019-11-01 01:50:00+00:00,2019-11-01 01:53:08+00:00,Browsers
513275143,1,1,1,0,0,0.0,2019-11-01 01:51:17+00:00,2019-11-01 01:51:17+00:00,Browsers
513275320,1,1,1,0,0,0.0,2019-11-01 01:47:45+00:00,2019-11-01 01:47:45+00:00,Browsers
513276351,1,14,14,0,0,0.0,2019-11-01 01:26:36+00:00,2019-11-01 02:18:39+00:00,Browsers
513277928,2,5,3,1,1,29.58,2019-11-01 01:24:11+00:00,2019-11-01 02:14:32+00:00,High-value users (purchasers)
513278388,1,1,1,0,0,0.0,2019-11-01 02:05:40+00:00,2019-11-01 02:05:40+00:00,Browsers
513279053,1,1,1,0,0,0.0,2019-11-01 02:31:49+00:00,2019-11-01 02:31:49+00:00,Browsers
513279944,1,2,2,0,0,0.0,2019-11-01 01:02:30+00:00,2019-11-01 01:03:40+00:00,Browsers
513280611,1,1,1,0,0,0.0,2019-11-01 02:30:30+00:00,2019-11-01 02:30:30+00:00,Browsers
513281952,1,6,6,0,0,0.0,2019-11-01 01:40:09+00:00,2019-11-01 01:44:27+00:00,Browsers
513282371,1,3,3,0,0,0.0,2019-11-01 02:18:26+00:00,2019-11-01 02:20:40+00:00,Browsers
513285919,1,2,2,0,0,0.0,2019-11-01 02:31:03+00:00,2019-11-01 02:31:50+00:00,Browsers
513286641,1,1,1,0,0,0.0,2019-11-01 02:48:08+00:00,2019-11-01 02:48:08+00:00,Browsers
513290235,1,7,7,0,0,0.0,2019-11-01 02:33:47+00:00,2019-11-01 02:39:31+00:00,Browsers
513291080,1,1,1,0,0,0.0,2019-11-01 01:57:49+00:00,2019-11-01 01:57:49+00:00,Browsers
513291120,1,22,22,0,0,0.0,2019-11-01 02:38:24+00:00,2019-11-01 02:47:59+00:00,Browsers
513291532,2,38,38,0,0,0.0,2019-11-01 01:36:26+00:00,2019-11-01 02:13:47+00:00,Browsers
513292316,1,1,1,0,0,0.0,2019-11-01 02:20:59+00:00,2019-11-01 02:20:59+00:00,Browsers
513292566,1,3,3,0,0,0.0,2019-11-01 02:45:50+00:00,2019-11-01 02:47:12+00:00,Browsers
513293332,1,2,2,0,0,0.0,2019-11-01 01:40:38+00:00,2019-11-01 01:41:07+00:00,Browsers
513295902,1,4,4,0,0,0.0,2019-11-01 00:21:31+00:00,2019-11-01 00:22:20+00:00,Browsers
513296244,1,21,21,0,0,0.0,2019-11-01 02:35:47+00:00,2019-11-01 02:46:02+00:00,Browsers
513296635,1,4,4,0,0,0.0,2019-11-01 02:17:19+00:00,2019-11-01 02:19:27+00:00,Browsers
513296780,1,1,1,0,0,0.0,2019-11-01 02:47:22+00:00,2019-11-01 02:47:22+00:00,Browsers
513298441,1,4,4,0,0,0.0,2019-11-01 01:06:45+00:00,2019-11-01 01:08:58+00:00,Browsers
513300431,1,2,2,0,0,0.0,2019-11-01 02:18:31+00:00,2019-11-01 02:19:36+00:00,Browsers
513301479,1,1,1,0,0,0.0,2019-11-01 02:27:00+00:00,2019-11-01 02:27:00+00:00,Browsers
513302081,1,1,1,0,0,0.0,2019-11-01 01:32:39+00:00,2019-11-01 01:32:39+00:00,Browsers
513303849,1,5,5,0,0,0.0,2019-11-01 02:02:59+00:00,2019-11-01 02:15:00+00:00,Browsers
513304436,1,4,4,0,0,0.0,2019-11-01 00:49:05+00:00,2019-11-01 00:51:05+00:00,Browsers
513305620,1,1,1,0,0,0.0,2019-11-01 02:33:39+00:00,2019-11-01 02:33:39+00:00,Browsers
513308441,1,1,1,0,0,0.0,2019-11-01 02:44:38+00:00,2019-11-01 02:44:38+00:00,Browsers
513308535,1,1,1,0,0,0.0,2019-11-01 01:31:07+00:00,2019-11-01 01:31:07+00:00,Browsers
513309114,1,3,3,0,0,0.0,2019-11-01 01:45:26+00:00,2019-11-01 01:46:44+00:00,Browsers
513311482,2,7,7,0,0,0.0,2019-11-01 00:50:15+00:00,2019-11-01 00:57:12+00:00,Browsers
513312735,1,14,14,0,0,0.0,2019-11-01 02:06:44+00:00,2019-11-01 02:12:21+00:00,Browsers
513313453,2,13,13,0,0,0.0,2019-11-01 01:36:25+00:00,2019-11-01 02:17:33+00:00,Browsers
513315828,1,3,3,0,0,0.0,2019-11-01 01:33:30+00:00,2019-11-01 01:38:28+00:00,Browsers
513316527,1,1,1,0,0,0.0,2019-11-01 01:32:39+00:00,2019-11-01 01:32:39+00:00,Browsers
513316589,1,5,5,0,0,0.0,2019-11-01 02:44:00+00:00,2019-11-01 02:46:16+00:00,Browsers
513317358,1,1,1,0,0,0.0,2019-11-01 02:30:55+00:00,2019-11-01 02:30:55+00:00,Browsers
513317790,1,4,4,0,0,0.0,2019-11-01 00:52:59+00:00,2019-11-01 00:55:03+00:00,Browsers
513318152,1,1,1,0,0,0.0,2019-11-01 00:14:35+00:00,2019-11-01 00:14:35+00:00,Browsers
513319041,1,3,3,0,0,0.0,2019-11-01 00:40:00+00:00,2019-11-01 00:40:41+00:00,Browsers
513319676,1,2,2,0,0,0.0,2019-11-01 02:47:03+00:00,2019-11-01 02:47:55+00:00,Browsers
513320225,1,1,1,0,0,0.0,2019-11-01 02:47:52+00:00,2019-11-01 02:47:52+00:00,Browsers
513320653,1,2,2,0,0,0.0,2019-11-01 02:45:38+00:00,2019-11-01 02:46:05+00:00,Browsers
513321762,1,2,2,0,0,0.0,2019-11-01 02:27:32+00:00,2019-11-01 02:27:57+00:00,Browsers
513323240,1,2,1,0,1,10.31,2019-11-01 02:14:14+00:00,2019-11-01 02:14:47+00:00,High-value users (purchasers)
513323685,1,9,9,0,0,0.0,2019-11-01 00:55:18+00:00,2019-11-01 00:58:21+00:00,Browsers
513323951,2,10,10,0,0,0.0,2019-11-01 00:23:53+00:00,2019-11-01 00:37:59+00:00,Browsers
513324197,1,5,5,0,0,0.0,2019-11-01 01:00:15+00:00,2019-11-01 01:05:52+00:00,Browsers
513325558,1,2,2,0,0,0.0,2019-11-01 02:11:47+00:00,2019-11-01 02:12:54+00:00,Browsers
513325634,1,3,3,0,0,0.0,2019-11-01 00:44:55+00:00,2019-11-01 00:45:37+00:00,Browsers
513326841,1,2,2,0,0,0.0,2019-11-01 02:18:18+00:00,2019-11-01 02:19:21+00:00,Browsers
513326927,1,1,1,0,0,0.0,2019-11-01 02:07:23+00:00,2019-11-01 02:07:23+00:00,Browsers
513327078,1,2,2,0,0,0.0,2019-11-01 02:27:18+00:00,2019-11-01 02:27:46+00:00,Browsers
513328429,1,14,14,0,0,0.0,2019-11-01 01:52:47+00:00,2019-11-01 02:14:04+00:00,Browsers
513330329,1,4,4,0,0,0.0,2019-11-01 01:39:23+00:00,2019-11-01 01:42:51+00:00,Browsers
513335126,1,3,3,0,0,0.0,2019-11-01 02:06:19+00:00,2019-11-01 02:08:23+00:00,Browsers
513336308,1,1,1,0,0,0.0,2019-11-01 02:41:06+00:00,2019-11-01 02:41:06+00:00,Browsers
513339414,2,2,2,0,0,0.0,2019-11-01 02:03:45+00:00,2019-11-01 02:04:26+00:00,Browsers
513339903,1,1,1,0,0,0.0,2019-11-01 00:27:33+00:00,2019-11-01 00:27:33+00:00,Browsers
513341855,1,4,4,0,0,0.0,2019-11-01 00:29:21+00:00,2019-11-01 00:58:10+00:00,Browsers
513342310,1,2,2,0,0,0.0,2019-11-01 00:58:04+00:00,2019-11-01 00:58:35+00:00,Browsers
513347193,1,8,8,0,0,0.0,2019-11-01 01:24:17+00:00,2019-11-01 01:26:14+00:00,Browsers
513347964,1,3,3,0,0,0.0,2019-11-01 01:42:21+00:00,2019-11-01 01:44:09+00:00,Browsers
513348486,1,5,5,0,0,0.0,2019-11-01 00:59:10+00:00,2019-11-01 01:03:08+00:00,Browsers
513351129,2,3,2,0,1,211.92,2019-11-01 00:00:17+00:00,2019-11-01 00:01:57+00:00,High-value users (purchasers)
513352532,2,3,3,0,0,0.0,2019-11-01 02:34:04+00:00,2019-11-01 02:35:36+00:00,Browsers
513352903,1,5,5,0,0,0.0,2019-11-01 01:56:56+00:00,2019-11-01 02:09:38+00:00,Browsers
513357250,1,1,1,0,0,0.0,2019-11-01 02:30:08+00:00,2019-11-01 02:30:08+00:00,Browsers
513357801,1,2,2,0,0,0.0,2019-11-01 01:40:12+00:00,2019-11-01 01:40:32+00:00,Browsers
513358105,1,3,3,0,0,0.0,2019-11-01 01:43:56+00:00,2019-11-01 01:45:01+00:00,Browsers
513360512,1,5,5,0,0,0.0,2019-11-01 02:41:57+00:00,2019-11-01 02:45:40+00:00,Browsers
513360962,1,12,11,1,0,0.0,2019-11-01 00:57:31+00:00,2019-11-01 01:02:31+00:00,Cart abandoners
513361514,1,8,8,0,0,0.0,2019-11-01 02:12:37+00:00,2019-11-01 02:36:40+00:00,Browsers
513363400,1,6,6,0,0,0.0,2019-11-01 02:16:27+00:00,2019-11-01 02:20:17+00:00,Browsers
513366590,1,1,1,0,0,0.0,2019-11-01 01:34:28+00:00,2019-11-01 01:34:28+00:00,Browsers
513368484,2,4,3,0,1,25.48,2019-11-01 02:16:10+00:00,2019-11-01 02:36:23+00:00,High-value users (purchasers)
513369446,1,3,3,0,0,0.0,2019-11-01 01:04:24+00:00,2019-11-01 01:08:25+00:00,Browsers
513371053,1,1,1,0,0,0.0,2019-11-01 02:27:41+00:00,2019-11-01 02:27:41+00:00,Browsers
513372034,1,10,10,0,0,0.0,2019-11-01 02:44:28+00:00,2019-11-01 02:47:27+00:00,Browsers
513374167,1,1,1,0,0,0.0,2019-11-01 02:10:15+00:00,2019-11-01 02:10:15+00:00,Browsers
513374379,1,8,8,0,0,0.0,2019-11-01 02:26:21+00:00,2019-11-01 02:30:32+00:00,Browsers
513374410,1,1,1,0,0,0.0,2019-11-01 00:59:22+00:00,2019-11-01 00:59:22+00:00,Browsers
513376382,1,3,2,0,1,100.39,2019-11-01 02:39:39+00:00,2019-11-01 02:45:26+00:00,High-value users (purchasers)
513376954,1,11,8,2,1,172.22,2019-11-01 02:29:22+00:00,2019-11-01 02:34:37+00:00,High-value users (purchasers)
513377039,1,1,1,0,0,0.0,2019-11-01 01:01:06+00:00,2019-11-01 01:01:06+00:00,Browsers
513379129,1,1,1,0,0,0.0,2019-11-01 01:01:06+00:00,2019-11-01 01:01:06+00:00,Browsers
513379747,1,1,1,0,0,0.0,2019-11-01 01:31:40+00:00,2019-11-01 01:31:40+00:00,Browsers
513379956,1,2,2,0,0,0.0,2019-11-01 02:25:35+00:00,2019-11-01 02:27:41+00:00,Browsers
513380159,1,6,6,0,0,0.0,2019-11-01 01:37:54+00:00,2019-11-01 01:39:08+00:00,Browsers
513382215,1,3,3,0,0,0.0,2019-11-01 01:49:27+00:00,2019-11-01 01:51:27+00:00,Browsers
513386635,1,1,1,0,0,0.0,2019-11-01 02:42:38+00:00,2019-11-01 02:42:38+00:00,Browsers
513386644,1,1,1,0,0,0.0,2019-11-01 02:48:02+00:00,2019-11-01 02:48:02+00:00,Browsers
513387799,1,2,2,0,0,0.0,2019-11-01 02:42:45+00:00,2019-11-01 02:43:07+00:00,Browsers
513389373,1,7,7,0,0,0.0,2019-11-01 02:13:35+00:00,2019-11-01 02:17:15+00:00,Browsers
513389647,1,5,5,0,0,0.0,2019-11-01 02:41:07+00:00,2019-11-01 02:44:38+00:00,Browsers
513392087,1,1,1,0,0,0.0,2019-11-01 02:13:20+00:00,2019-11-01 02:13:20+00:00,Browsers
513393358,1,5,4,0,1,7.72,2019-11-01 02:15:42+00:00,2019-11-01 02:17:23+00:00,High-value users (purchasers)
513394142,1,2,2,0,0,0.0,2019-11-01 02:42:20+00:00,2019-11-01 02:42:51+00:00,Browsers
513396357,1,3,3,0,0,0.0,2019-11-01 02:35:53+00:00,2019-11-01 02:37:05+00:00,Browsers
513397014,1,1,1,0,0,0.0,2019-11-01 02:46:25+00:00,2019-11-01 02:46:25+00:00,Browsers
513398520,1,8,8,0,0,0.0,2019-11-01 00:37:24+00:00,2019-11-01 00:40:39+00:00,Browsers
513398805,1,1,1,0,0,0.0,2019-11-01 01:42:48+00:00,2019-11-01 01:42:48+00:00,Browsers
513398878,1,1,1,0,0,0.0,2019-11-01 02:41:35+00:00,2019-11-01 02:41:35+00:00,Browsers
513399286,1,1,1,0,0,0.0,2019-11-01 00:55:24+00:00,2019-11-01 00:55:24+00:00,Browsers
513399295,1,1,1,0,0,0.0,2019-11-01 02:33:24+00:00,2019-11-01 02:33:24+00:00,Browsers
513400513,1,1,1,0,0,0.0,2019-11-01 01:54:48+00:00,2019-11-01 01:54:48+00:00,Browsers
513401810,1,12,12,0,0,0.0,2019-11-01 01:42:38+00:00,2019-11-01 01:50:00+00:00,Browsers
513404249,1,11,11,0,0,0.0,2019-11-01 02:30:13+00:00,2019-11-01 02:34:55+00:00,Browsers
513405247,1,1,1,0,0,0.0,2019-11-01 00:57:11+00:00,2019-11-01 00:57:11+00:00,Browsers
513405357,1,8,8,0,0,0.0,2019-11-01 01:35:40+00:00,2019-11-01 01:40:27+00:00,Browsers
513406384,1,2,2,0,0,0.0,2019-11-01 02:47:19+00:00,2019-11-01 02:48:08+00:00,Browsers
513406958,1,1,1,0,0,0.0,2019-11-01 02:45:38+00:00,2019-11-01 02:45:38+00:00,Browsers
513407983,1,3,3,0,0,0.0,2019-11-01 01:55:56+00:00,2019-11-01 01:56:47+00:00,Browsers
513408290,1,5,5,0,0,0.0,2019-11-01 00:42:20+00:00,2019-11-01 00:49:04+00:00,Browsers
513408687,3,4,4,0,0,0.0,2019-11-01 02:23:43+00:00,2019-11-01 02:27:15+00:00,Browsers
513409854,1,25,25,0,0,0.0,2019-11-01 00:44:32+00:00,2019-11-01 01:07:00+00:00,Browsers
513410132,1,2,2,0,0,0.0,2019-11-01 02:43:41+00:00,2019-11-01 02:44:46+00:00,Browsers
513410444,1,2,2,0,0,0.0,2019-11-01 00:19:46+00:00,2019-11-01 00:21:42+00:00,Browsers
513411503,2,11,11,0,0,0.0,2019-11-01 01:40:09+00:00,2019-11-01 02:42:32+00:00,Browsers
513413641,1,6,6,0,0,0.0,2019-11-01 00:54:21+00:00,2019-11-01 00:58:17+00:00,Browsers
513414569,1,1,1,0,0,0.0,2019-11-01 01:28:22+00:00,2019-11-01 01:28:22+00:00,Browsers
513416928,2,4,4,0,0,0.0,2019-11-01 02:10:55+00:00,2019-11-01 02:13:44+00:00,Browsers
513419881,1,3,3,0,0,0.0,2019-11-01 02:09:38+00:00,2019-11-01 02:12:55+00:00,Browsers
513420351,1,6,6,0,0,0.0,2019-11-01 02:43:26+00:00,2019-11-01 02:47:25+00:00,Browsers
513421577,1,1,1,0,0,0.0,2019-11-01 01:08:41+00:00,2019-11-01 01:08:41+00:00,Browsers
513421818,1,1,1,0,0,0.0,2019-11-01 02:41:20+00:00,2019-11-01 02:41:20+00:00,Browsers
513424176,1,1,1,0,0,0.0,2019-11-01 02:09:07+00:00,2019-11-01 02:09:07+00:00,Browsers
513426356,1,1,1,0,0,0.0,2019-11-01 00:09:47+00:00,2019-11-01 00:09:47+00:00,Browsers
513428121,1,1,1,0,0,0.0,2019-11-01 02:39:37+00:00,2019-11-01 02:39:37+00:00,Browsers
513428453,1,1,1,0,0,0.0,2019-11-01 01:28:17+00:00,2019-11-01 01:28:17+00:00,Browsers
513428884,1,1,1,0,0,0.0,2019-11-01 02:38:50+00:00,2019-11-01 02:38:50+00:00,Browsers
513429184,2,18,18,0,0,0.0,2019-11-01 02:24:04+00:00,2019-11-01 02:44:50+00:00,Browsers
513430303,1,7,7,0,0,0.0,2019-11-01 01:35:56+00:00,2019-11-01 01:48:58+00:00,Browsers
513431066,1,7,7,0,0,0.0,2019-11-01 02:42:11+00:00,2019-11-01 02:47:20+00:00,Browsers
513431378,1,3,3,0,0,0.0,2019-11-01 02:43:24+00:00,2019-11-01 02:44:55+00:00,Browsers
513434480,1,2,2,0,0,0.0,2019-11-01 02:39:05+00:00,2019-11-01 02:39:47+00:00,Browsers
513438257,1,6,6,0,0,0.0,2019-11-01 01:59:53+00:00,2019-11-01 02:02:36+00:00,Browsers
513438608,1,10,9,1,0,0.0,2019-11-01 01:58:32+00:00,2019-11-01 02:07:29+00:00,Cart abandoners
513438830,1,2,2,0,0,0.0,2019-11-01 02:13:52+00:00,2019-11-01 02:14:16+00:00,Browsers
513440854,1,1,1,0,0,0.0,2019-11-01 02:01:35+00:00,2019-11-01 02:01:35+00:00,Browsers
513443014,1,5,5,0,0,0.0,2019-11-01 02:30:56+00:00,2019-11-01 02:38:04+00:00,Browsers
513443627,1,5,5,0,0,0.0,2019-11-01 01:58:36+00:00,2019-11-01 02:02:02+00:00,Browsers
513446396,1,1,1,0,0,0.0,2019-11-01 01:27:13+00:00,2019-11-01 01:27:13+00:00,Browsers
513449041,1,1,1,0,0,0.0,2019-11-01 02:16:10+00:00,2019-11-01 02:16:10+00:00,Browsers
513449214,1,2,2,0,0,0.0,2019-11-01 01:38:45+00:00,2019-11-01 01:39:30+00:00,Browsers
513449746,1,2,2,0,0,0.0,2019-11-01 02:13:36+00:00,2019-11-01 02:17:17+00:00,Browsers
513451653,3,7,6,0,1,167.11,2019-11-01 00:17:12+00:00,2019-11-01 02:48:01+00:00,High-value users (purchasers)
513451673,1,5,3,1,1,488.8,2019-11-01 02:30:59+00:00,2019-11-01 02:34:14+00:00,High-value users (purchasers)
513452019,3,4,4,0,0,0.0,2019-11-01 02:25:47+00:00,2019-11-01 02:40:10+00:00,Browsers
513452209,1,2,2,0,0,0.0,2019-11-01 01:29:29+00:00,2019-11-01 01:30:08+00:00,Browsers
513453063,1,3,3,0,0,0.0,2019-11-01 00:17:31+00:00,2019-11-01 00:17:55+00:00,Browsers
513453311,1,2,2,0,0,0.0,2019-11-01 01:40:04+00:00,2019-11-01 01:40:18+00:00,Browsers
513454310,1,1,1,0,0,0.0,2019-11-01 02:43:11+00:00,2019-11-01 02:43:11+00:00,Browsers
513455069,1,4,4,0,0,0.0,2019-11-01 02:01:24+00:00,2019-11-01 02:05:16+00:00,Browsers
513455270,1,6,5,0,1,1549.07,2019-11-01 02:10:09+00:00,2019-11-01 02:13:55+00:00,High-value users (purchasers)
513456217,1,1,1,0,0,0.0,2019-11-01 00:54:40+00:00,2019-11-01 00:54:40+00:00,Browsers
513457478,1,2,2,0,0,0.0,2019-11-01 00:05:12+00:00,2019-11-01 00:06:53+00:00,Browsers
513457523,1,3,3,0,0,0.0,2019-11-01 01:45:44+00:00,2019-11-01 01:46:52+00:00,Browsers
513457560,1,3,3,0,0,0.0,2019-11-01 00:05:01+00:00,2019-11-01 00:06:05+00:00,Browsers
513457627,1,1,1,0,0,0.0,2019-11-01 00:03:00+00:00,2019-11-01 00:03:00+00:00,Browsers
513458445,1,1,1,0,0,0.0,2019-11-01 02:03:44+00:00,2019-11-01 02:03:44+00:00,Browsers
513459113,1,1,1,0,0,0.0,2019-11-01 01:51:35+00:00,2019-11-01 01:51:35+00:00,Browsers
513461748,1,4,4,0,0,0.0,2019-11-01 02:35:32+00:00,2019-11-01 02:38:02+00:00,Browsers
513461832,1,6,6,0,0,0.0,2019-11-01 01:30:37+00:00,2019-11-01 01:35:14+00:00,Browsers
513462326,1,33,33,0,0,0.0,2019-11-01 01:54:18+00:00,2019-11-01 02:03:55+00:00,Browsers
513463129,1,1,1,0,0,0.0,2019-11-01 01:06:45+00:00,2019-11-01 01:06:45+00:00,Browsers
513463310,1,1,1,0,0,0.0,2019-11-01 02:14:47+00:00,2019-11-01 02:14:47+00:00,Browsers
513464952,1,1,1,0,0,0.0,2019-11-01 02:46:34+00:00,2019-11-01 02:46:34+00:00,Browsers
513465598,1,3,3,0,0,0.0,2019-11-01 01:56:29+00:00,2019-11-01 01:57:25+00:00,Browsers
513466707,1,8,8,0,0,0.0,2019-11-01 02:07:38+00:00,2019-11-01 02:12:00+00:00,Browsers
513467526,1,6,6,0,0,0.0,2019-11-01 01:57:51+00:00,2019-11-01 01:59:32+00:00,Browsers
513468656,1,4,4,0,0,0.0,2019-11-01 00:09:14+00:00,2019-11-01 00:10:37+00:00,Browsers
513472969,1,1,1,0,0,0.0,2019-11-01 00:27:22+00:00,2019-11-01 00:27:22+00:00,Browsers
513473219,1,1,1,0,0,0.0,2019-11-01 00:14:52+00:00,2019-11-01 00:14:52+00:00,Browsers
513474628,1,5,4,0,1,168.86,2019-11-01 01:48:59+00:00,2019-11-01 01:57:58+00:00,High-value users (purchasers)
513474943,1,8,8,0,0,0.0,2019-11-01 02:06:33+00:00,2019-11-01 02:10:11+00:00,Browsers
513480278,2,3,3,0,0,0.0,2019-11-01 02:40:25+00:00,2019-11-01 02:44:24+00:00,Browsers
513482616,1,3,3,0,0,0.0,2019-11-01 00:41:24+00:00,2019-11-01 00:43:23+00:00,Browsers
513484298,1,4,4,0,0,0.0,2019-11-01 02:24:54+00:00,2019-11-01 02:27:41+00:00,Browsers
513485028,1,29,29,0,0,0.0,2019-11-01 02:11:28+00:00,2019-11-01 02:30:22+00:00,Browsers
513485161,1,5,5,0,0,0.0,2019-11-01 01:25:09+00:00,2019-11-01 01:25:55+00:00,Browsers
513485393,1,7,7,0,0,0.0,2019-11-01 01:44:30+00:00,2019-11-01 01:54:26+00:00,Browsers
513490754,1,1,1,0,0,0.0,2019-11-01 02:25:14+00:00,2019-11-01 02:25:14+00:00,Browsers
513491143,1,4,4,0,0,0.0,2019-11-01 02:41:23+00:00,2019-11-01 02:45:41+00:00,Browsers
513491595,1,1,1,0,0,0.0,2019-11-01 02:48:04+00:00,2019-11-01 02:48:04+00:00,Browsers
513492181,1,2,2,0,0,0.0,2019-11-01 01:25:52+00:00,2019-11-01 01:26:08+00:00,Browsers
513495272,1,7,7,0,0,0.0,2019-11-01 01:42:00+00:00,2019-11-01 01:45:29+00:00,Browsers
513499884,1,3,3,0,0,0.0,2019-11-01 02:20:51+00:00,2019-11-01 02:46:23+00:00,Browsers
513504043,3,7,7,0,0,0.0,2019-11-01 00:37:29+00:00,2019-11-01 00:42:37+00:00,Browsers
513506816,1,1,1,0,0,0.0,2019-11-01 02:08:57+00:00,2019-11-01 02:08:57+00:00,Browsers
513507940,1,1,1,0,0,0.0,2019-11-01 02:43:15+00:00,2019-11-01 02:43:15+00:00,Browsers
513513559,1,3,3,0,0,0.0,2019-11-01 02:00:47+00:00,2019-11-01 02:01:40+00:00,Browsers
513514880,1,5,5,0,0,0.0,2019-11-01 02:17:07+00:00,2019-11-01 02:20:48+00:00,Browsers
513516059,1,2,2,0,0,0.0,2019-11-01 02:30:53+00:00,2019-11-01 02:31:23+00:00,Browsers
513517538,1,11,11,0,0,0.0,2019-11-01 02:34:48+00:00,2019-11-01 02:47:23+00:00,Browsers
513517628,1,3,3,0,0,0.0,2019-11-01 02:23:59+00:00,2019-11-01 02:26:31+00:00,Browsers
513530044,1,1,1,0,0,0.0,2019-11-01 02:29:08+00:00,2019-11-01 02:29:08+00:00,Browsers
513532474,1,1,1,0,0,0.0,2019-11-01 02:48:22+00:00,2019-11-01 02:48:22+00:00,Browsers
513532649,1,19,19,0,0,0.0,2019-11-01 01:39:52+00:00,2019-11-01 01:51:23+00:00,Browsers
513539772,2,5,5,0,0,0.0,2019-11-01 01:30:25+00:00,2019-11-01 01:52:25+00:00,Browsers
513544180,1,1,1,0,0,0.0,2019-11-01 01:49:02+00:00,2019-11-01 01:49:02+00:00,Browsers
513547021,1,6,6,0,0,0.0,2019-11-01 02:12:46+00:00,2019-11-01 02:19:53+00:00,Browsers
513548366,2,8,8,0,0,0.0,2019-11-01 02:16:58+00:00,2019-11-01 02:38:03+00:00,Browsers
513552250,1,7,7,0,0,0.0,2019-11-01 01:05:25+00:00,2019-11-01 01:08:38+00:00,Browsers
513559486,1,2,2,0,0,0.0,2019-11-01 01:53:56+00:00,2019-11-01 01:54:23+00:00,Browsers
513559602,1,2,2,0,0,0.0,2019-11-01 00:13:31+00:00,2019-11-01 00:15:03+00:00,Browsers
513565545,2,14,14,0,0,0.0,2019-11-01 02:25:59+00:00,2019-11-01 02:40:27+00:00,Browsers
513565573,1,10,10,0,0,0.0,2019-11-01 00:06:28+00:00,2019-11-01 00:10:11+00:00,Browsers
513565788,1,2,2,0,0,0.0,2019-11-01 01:53:21+00:00,2019-11-01 01:53:43+00:00,Browsers
513566012,1,1,1,0,0,0.0,2019-11-01 01:35:02+00:00,2019-11-01 01:35:02+00:00,Browsers
513566218,1,4,4,0,0,0.0,2019-11-01 02:07:12+00:00,2019-11-01 02:07:49+00:00,Browsers
513569912,1,19,19,0,0,0.0,2019-11-01 00:31:35+00:00,2019-11-01 00:44:20+00:00,Browsers
513570903,1,5,5,0,0,0.0,2019-11-01 02:12:50+00:00,2019-11-01 02:18:07+00:00,Browsers
513570938,1,5,5,0,0,0.0,2019-11-01 02:24:56+00:00,2019-11-01 02:29:11+00:00,Browsers
513571458,1,3,3,0,0,0.0,2019-11-01 02:13:21+00:00,2019-11-01 02:16:04+00:00,Browsers
513571686,1,4,4,0,0,0.0,2019-11-01 00:12:08+00:00,2019-11-01 00:13:58+00:00,Browsers
513572498,1,1,1,0,0,0.0,2019-11-01 00:13:30+00:00,2019-11-01 00:13:30+00:00,Browsers
513573424,1,3,3,0,0,0.0,2019-11-01 01:37:42+00:00,2019-11-01 01:38:22+00:00,Browsers
513574179,2,4,4,0,0,0.0,2019-11-01 01:49:54+00:00,2019-11-01 01:51:34+00:00,Browsers
513575107,1,3,3,0,0,0.0,2019-11-01 02:22:05+00:00,2019-11-01 02:24:16+00:00,Browsers
513575817,1,4,4,0,0,0.0,2019-11-01 02:29:35+00:00,2019-11-01 02:34:09+00:00,Browsers
513576424,1,3,3,0,0,0.0,2019-11-01 02:05:14+00:00,2019-11-01 02:05:49+00:00,Browsers
513576892,1,1,1,0,0,0.0,2019-11-01 01:35:01+00:00,2019-11-01 01:35:01+00:00,Browsers
513578196,1,3,3,0,0,0.0,2019-11-01 01:55:14+00:00,2019-11-01 01:56:32+00:00,Browsers
513578305,1,7,7,0,0,0.0,2019-11-01 02:12:31+00:00,2019-11-01 02:46:06+00:00,Browsers
513579341,1,2,1,0,1,139.68,2019-11-01 02:27:12+00:00,2019-11-01 02:42:30+00:00,High-value users (purchasers)
513579730,1,1,1,0,0,0.0,2019-11-01 02:28:05+00:00,2019-11-01 02:28:05+00:00,Browsers
513580307,1,6,6,0,0,0.0,2019-11-01 01:38:16+00:00,2019-11-01 01:41:23+00:00,Browsers
513581110,1,5,5,0,0,0.0,2019-11-01 02:05:38+00:00,2019-11-01 02:08:52+00:00,Browsers
513582778,1,1,1,0,0,0.0,2019-11-01 01:51:50+00:00,2019-11-01 01:51:50+00:00,Browsers
513584657,1,3,3,0,0,0.0,2019-11-01 00:33:41+00:00,2019-11-01 00:35:41+00:00,Browsers
513585380,2,12,12,0,0,0.0,2019-11-01 02:29:46+00:00,2019-11-01 02:41:26+00:00,Browsers
513586869,1,1,1,0,0,0.0,2019-11-01 01:05:26+00:00,2019-11-01 01:05:26+00:00,Browsers
513589155,1,8,8,0,0,0.0,2019-11-01 02:16:22+00:00,2019-11-01 02:19:39+00:00,Browsers
513590282,1,8,8,0,0,0.0,2019-11-01 00:14:56+00:00,2019-11-01 00:23:07+00:00,Browsers
513590337,1,1,1,0,0,0.0,2019-11-01 02:13:05+00:00,2019-11-01 02:13:05+00:00,Browsers
513590675,1,44,42,0,2,895.49,2019-11-01 00:23:52+00:00,2019-11-01 01:03:26+00:00,High-value users (purchasers)
513593493,1,1,1,0,0,0.0,2019-11-01 02:47:47+00:00,2019-11-01 02:47:47+00:00,Browsers
513595928,1,1,1,0,0,0.0,2019-11-01 01:05:41+00:00,2019-11-01 01:05:41+00:00,Browsers
513596138,1,1,1,0,0,0.0,2019-11-01 02:37:45+00:00,2019-11-01 02:37:45+00:00,Browsers
513596340,1,3,3,0,0,0.0,2019-11-01 01:46:54+00:00,2019-11-01 01:47:38+00:00,Browsers
513597790,1,1,1,0,0,0.0,2019-11-01 00:52:58+00:00,2019-11-01 00:52:58+00:00,Browsers
513598472,1,6,6,0,0,0.0,2019-11-01 02:24:42+00:00,2019-11-01 02:31:07+00:00,Browsers
513599130,1,2,2,0,0,0.0,2019-11-01 00:06:43+00:00,2019-11-01 00:07:26+00:00,Browsers
513601447,1,2,2,0,0,0.0,2019-11-01 01:07:43+00:00,2019-11-01 01:08:23+00:00,Browsers
513602526,1,5,5,0,0,0.0,2019-11-01 00:59:56+00:00,2019-11-01 01:01:34+00:00,Browsers
513603150,2,3,3,0,0,0.0,2019-11-01 02:33:01+00:00,2019-11-01 02:38:36+00:00,Browsers
513606785,1,1,1,0,0,0.0,2019-11-01 01:30:31+00:00,2019-11-01 01:30:31+00:00,Browsers
513607229,1,2,2,0,0,0.0,2019-11-01 01:42:10+00:00,2019-11-01 01:42:32+00:00,Browsers
513607710,1,2,2,0,0,0.0,2019-11-01 02:33:13+00:00,2019-11-01 02:33:57+00:00,Browsers
513608992,1,1,1,0,0,0.0,2019-11-01 02:41:11+00:00,2019-11-01 02:41:11+00:00,Browsers
513610252,2,10,10,0,0,0.0,2019-11-01 02:08:04+00:00,2019-11-01 02:21:32+00:00,Browsers
513610802,1,4,4,0,0,0.0,2019-11-01 02:34:21+00:00,2019-11-01 02:37:07+00:00,Browsers
513611390,1,1,1,0,0,0.0,2019-11-01 01:00:09+00:00,2019-11-01 01:00:09+00:00,Browsers
513611517,1,1,1,0,0,0.0,2019-11-01 00:45:51+00:00,2019-11-01 00:45:51+00:00,Browsers
513612103,1,5,5,0,0,0.0,2019-11-01 01:41:33+00:00,2019-11-01 01:42:44+00:00,Browsers
513614041,1,5,5,0,0,0.0,2019-11-01 02:46:21+00:00,2019-11-01 02:47:53+00:00,Browsers
513617193,1,12,12,0,0,0.0,2019-11-01 01:29:27+00:00,2019-11-01 01:37:16+00:00,Browsers
513619128,1,4,4,0,0,0.0,2019-11-01 00:19:07+00:00,2019-11-01 00:22:36+00:00,Browsers
513621229,1,1,1,0,0,0.0,2019-11-01 02:18:11+00:00,2019-11-01 02:18:11+00:00,Browsers
513623761,1,11,11,0,0,0.0,2019-11-01 02:15:07+00:00,2019-11-01 02:22:30+00:00,Browsers
513625958,1,2,2,0,0,0.0,2019-11-01 01:30:11+00:00,2019-11-01 01:30:40+00:00,Browsers
513625979,1,4,4,0,0,0.0,2019-11-01 02:15:17+00:00,2019-11-01 02:17:03+00:00,Browsers
513626596,1,1,1,0,0,0.0,2019-11-01 00:26:34+00:00,2019-11-01 00:26:34+00:00,Browsers
513627619,1,2,2,0,0,0.0,2019-11-01 02:31:09+00:00,2019-11-01 02:31:23+00:00,Browsers
513628544,1,1,1,0,0,0.0,2019-11-01 01:28:17+00:00,2019-11-01 01:28:17+00:00,Browsers
513628580,1,1,1,0,0,0.0,2019-11-01 00:40:22+00:00,2019-11-01 00:40:22+00:00,Browsers
513629765,1,1,1,0,0,0.0,2019-11-01 01:27:34+00:00,2019-11-01 01:27:34+00:00,Browsers
513630794,4,7,6,1,0,0.0,2019-11-01 01:48:00+00:00,2019-11-01 02:15:19+00:00,Cart abandoners
513631147,1,2,2,0,0,0.0,2019-11-01 02:30:52+00:00,2019-11-01 02:33:59+00:00,Browsers
513631236,2,2,2,0,0,0.0,2019-11-01 02:22:30+00:00,2019-11-01 02:44:53+00:00,Browsers
513633621,1,3,3,0,0,0.0,2019-11-01 02:16:11+00:00,2019-11-01 02:16:49+00:00,Browsers
513633797,1,1,1,0,0,0.0,2019-11-01 02:33:48+00:00,2019-11-01 02:33:48+00:00,Browsers
513633937,1,1,1,0,0,0.0,2019-11-01 00:38:40+00:00,2019-11-01 00:38:40+00:00,Browsers
513634198,1,2,2,0,0,0.0,2019-11-01 01:33:06+00:00,2019-11-01 01:33:59+00:00,Browsers
513635721,1,1,1,0,0,0.0,2019-11-01 01:45:32+00:00,2019-11-01 01:45:32+00:00,Browsers
513642836,1,23,23,0,0,0.0,2019-11-01 02:19:22+00:00,2019-11-01 02:47:06+00:00,Browsers
513645191,1,2,2,0,0,0.0,2019-11-01 02:15:43+00:00,2019-11-01 02:16:06+00:00,Browsers
513645631,2,11,5,5,1,128.42,2019-11-01 00:06:06+00:00,2019-11-01 00:14:09+00:00,High-value users (purchasers)
513645704,1,1,1,0,0,0.0,2019-11-01 00:42:26+00:00,2019-11-01 00:42:26+00:00,Browsers
513648231,1,9,9,0,0,0.0,2019-11-01 02:17:18+00:00,2019-11-01 02:23:16+00:00,Browsers
513649123,1,1,1,0,0,0.0,2019-11-01 01:23:38+00:00,2019-11-01 01:23:38+00:00,Browsers
513651202,1,7,7,0,0,0.0,2019-11-01 02:18:06+00:00,2019-11-01 02:27:19+00:00,Browsers
513653780,1,2,2,0,0,0.0,2019-11-01 00:29:56+00:00,2019-11-01 00:30:43+00:00,Browsers
513654008,1,1,1,0,0,0.0,2019-11-01 01:46:15+00:00,2019-11-01 01:46:15+00:00,Browsers
513657489,1,3,2,0,1,224.6,2019-11-01 01:32:19+00:00,2019-11-01 01:33:34+00:00,High-value users (purchasers)
513658560,1,7,7,0,0,0.0,2019-11-01 02:14:05+00:00,2019-11-01 02:26:22+00:00,Browsers
513659106,1,5,5,0,0,0.0,2019-11-01 02:41:12+00:00,2019-11-01 02:44:42+00:00,Browsers
513663422,1,1,1,0,0,0.0,2019-11-01 01:25:03+00:00,2019-11-01 01:25:03+00:00,Browsers
513663957,1,1,1,0,0,0.0,2019-11-01 00:35:48+00:00,2019-11-01 00:35:48+00:00,Browsers
513664145,1,1,1,0,0,0.0,2019-11-01 02:34:03+00:00,2019-11-01 02:34:03+00:00,Browsers
513664744,1,1,1,0,0,0.0,2019-11-01 02:13:56+00:00,2019-11-01 02:13:56+00:00,Browsers
513664816,1,2,2,0,0,0.0,2019-11-01 02:40:32+00:00,2019-11-01 02:41:28+00:00,Browsers
513666440,1,3,3,0,0,0.0,2019-11-01 01:50:30+00:00,2019-11-01 01:52:09+00:00,Browsers
513667471,1,4,4,0,0,0.0,2019-11-01 00:05:57+00:00,2019-11-01 00:07:46+00:00,Browsers
513667800,1,4,3,0,1,722.4,2019-11-01 01:56:32+00:00,2019-11-01 02:04:46+00:00,High-value users (purchasers)
513668957,1,1,1,0,0,0.0,2019-11-01 02:23:26+00:00,2019-11-01 02:23:26+00:00,Browsers
513669933,1,13,13,0,0,0.0,2019-11-01 02:42:03+00:00,2019-11-01 02:45:39+00:00,Browsers
513670485,1,2,2,0,0,0.0,2019-11-01 02:38:43+00:00,2019-11-01 02:39:24+00:00,Browsers
513673025,1,1,1,0,0,0.0,2019-11-01 02:30:21+00:00,2019-11-01 02:30:21+00:00,Browsers
513673883,1,3,3,0,0,0.0,2019-11-01 02:38:52+00:00,2019-11-01 02:39:21+00:00,Browsers
513674986,1,1,1,0,0,0.0,2019-11-01 02:42:29+00:00,2019-11-01 02:42:29+00:00,Browsers
513675566,1,7,7,0,0,0.0,2019-11-01 00:44:01+00:00,2019-11-01 00:48:16+00:00,Browsers
513675734,1,3,3,0,0,0.0,2019-11-01 02:36:18+00:00,2019-11-01 02:37:46+00:00,Browsers
513676284,1,1,1,0,0,0.0,2019-11-01 02:01:54+00:00,2019-11-01 02:01:54+00:00,Browsers
513676670,1,3,3,0,0,0.0,2019-11-01 00:44:27+00:00,2019-11-01 00:46:08+00:00,Browsers
513678179,3,6,6,0,0,0.0,2019-11-01 01:30:28+00:00,2019-11-01 02:17:26+00:00,Browsers
513679780,1,3,3,0,0,0.0,2019-11-01 02:20:57+00:00,2019-11-01 02:22:06+00:00,Browsers
513680095,1,2,2,0,0,0.0,2019-11-01 02:45:20+00:00,2019-11-01 02:46:12+00:00,Browsers
513680153,2,7,7,0,0,0.0,2019-11-01 00:04:22+00:00,2019-11-01 00:19:36+00:00,Browsers
513680207,1,2,2,0,0,0.0,2019-11-01 01:30:18+00:00,2019-11-01 01:30:31+00:00,Browsers
513681084,1,5,5,0,0,0.0,2019-11-01 00:32:19+00:00,2019-11-01 00:40:14+00:00,Browsers
513681197,1,4,4,0,0,0.0,2019-11-01 01:59:43+00:00,2019-11-01 02:22:54+00:00,Browsers
513681524,1,4,4,0,0,0.0,2019-11-01 01:33:39+00:00,2019-11-01 01:34:44+00:00,Browsers
513681819,2,6,6,0,0,0.0,2019-11-01 00:19:18+00:00,2019-11-01 02:41:23+00:00,Browsers
513683017,1,4,3,0,1,257.38,2019-11-01 02:13:06+00:00,2019-11-01 02:15:28+00:00,High-value users (purchasers)
513684130,1,5,5,0,0,0.0,2019-11-01 00:33:38+00:00,2019-11-01 00:37:31+00:00,Browsers
513687223,1,4,4,0,0,0.0,2019-11-01 01:32:38+00:00,2019-11-01 01:33:58+00:00,Browsers
513687235,1,2,2,0,0,0.0,2019-11-01 01:51:28+00:00,2019-11-01 01:52:52+00:00,Browsers
513689658,1,1,1,0,0,0.0,2019-11-01 00:24:44+00:00,2019-11-01 00:24:44+00:00,Browsers
513692909,1,3,3,0,0,0.0,2019-11-01 02:37:17+00:00,2019-11-01 02:38:58+00:00,Browsers
513693401,1,1,1,0,0,0.0,2019-11-01 01:48:40+00:00,2019-11-01 01:48:40+00:00,Browsers
513693681,2,7,7,0,0,0.0,2019-11-01 00:24:54+00:00,2019-11-01 00:28:42+00:00,Browsers
513694694,1,10,10,0,0,0.0,2019-11-01 02:40:43+00:00,2019-11-01 02:48:22+00:00,Browsers
513696396,1,34,34,0,0,0.0,2019-11-01 00:18:01+00:00,2019-11-01 00:44:38+00:00,Browsers
513696881,3,5,5,0,0,0.0,2019-11-01 02:25:30+00:00,2019-11-01 02:35:36+00:00,Browsers
513698585,1,4,4,0,0,0.0,2019-11-01 01:07:17+00:00,2019-11-01 01:09:14+00:00,Browsers
513706722,1,1,1,0,0,0.0,2019-11-01 01:00:41+00:00,2019-11-01 01:00:41+00:00,Browsers
513706881,1,6,6,0,0,0.0,2019-11-01 01:27:00+00:00,2019-11-01 01:29:00+00:00,Browsers
513708662,1,1,1,0,0,0.0,2019-11-01 01:35:09+00:00,2019-11-01 01:35:09+00:00,Browsers
513710386,1,12,12,0,0,0.0,2019-11-01 00:51:53+00:00,2019-11-01 00:56:32+00:00,Browsers
513715180,1,7,7,0,0,0.0,2019-11-01 02:43:44+00:00,2019-11-01 02:46:50+00:00,Browsers
513716097,1,2,2,0,0,0.0,2019-11-01 02:16:28+00:00,2019-11-01 02:16:46+00:00,Browsers
513717123,1,1,1,0,0,0.0,2019-11-01 01:52:57+00:00,2019-11-01 01:52:57+00:00,Browsers
513717171,1,8,8,0,0,0.0,2019-11-01 00:20:44+00:00,2019-11-01 00:25:47+00:00,Browsers
513717902,2,2,2,0,0,0.0,2019-11-01 02:47:00+00:00,2019-11-01 02:48:04+00:00,Browsers
513719137,1,8,8,0,0,0.0,2019-11-01 01:51:53+00:00,2019-11-01 02:02:25+00:00,Browsers
513720264,1,6,6,0,0,0.0,2019-11-01 02:41:39+00:00,2019-11-01 02:47:48+00:00,Browsers
513721006,1,2,2,0,0,0.0,2019-11-01 02:31:47+00:00,2019-11-01 02:32:23+00:00,Browsers
513721496,1,1,1,0,0,0.0,2019-11-01 01:54:17+00:00,2019-11-01 01:54:17+00:00,Browsers
513722333,1,2,2,0,0,0.0,2019-11-01 02:44:30+00:00,2019-11-01 02:45:34+00:00,Browsers
513723488,2,2,2,0,0,0.0,2019-11-01 02:11:25+00:00,2019-11-01 02:14:05+00:00,Browsers
513723671,2,11,11,0,0,0.0,2019-11-01 00:57:19+00:00,2019-11-01 02:21:44+00:00,Browsers
513724759,1,2,2,0,0,0.0,2019-11-01 02:41:00+00:00,2019-11-01 02:41:23+00:00,Browsers
513724992,1,2,2,0,0,0.0,2019-11-01 02:13:41+00:00,2019-11-01 02:14:46+00:00,Browsers
513726400,1,2,2,0,0,0.0,2019-11-01 00:00:27+00:00,2019-11-01 00:01:29+00:00,Browsers
513728192,1,1,1,0,0,0.0,2019-11-01 01:54:50+00:00,2019-11-01 01:54:50+00:00,Browsers
513729125,1,5,5,0,0,0.0,2019-11-01 01:25:14+00:00,2019-11-01 01:27:53+00:00,Browsers
513729599,1,7,7,0,0,0.0,2019-11-01 01:58:45+00:00,2019-11-01 02:02:27+00:00,Browsers
513731952,1,3,3,0,0,0.0,2019-11-01 01:39:09+00:00,2019-11-01 01:42:07+00:00,Browsers
513732396,1,2,2,0,0,0.0,2019-11-01 02:16:34+00:00,2019-11-01 02:17:43+00:00,Browsers
513733172,1,1,1,0,0,0.0,2019-11-01 01:27:38+00:00,2019-11-01 01:27:38+00:00,Browsers
513733216,1,1,1,0,0,0.0,2019-11-01 00:39:50+00:00,2019-11-01 00:39:50+00:00,Browsers
513733434,1,5,5,0,0,0.0,2019-11-01 01:42:24+00:00,2019-11-01 01:50:05+00:00,Browsers
513735501,1,2,2,0,0,0.0,2019-11-01 02:34:09+00:00,2019-11-01 02:35:08+00:00,Browsers
513736948,1,2,2,0,0,0.0,2019-11-01 02:05:41+00:00,2019-11-01 02:07:51+00:00,Browsers
513741043,1,1,1,0,0,0.0,2019-11-01 00:00:10+00:00,2019-11-01 00:00:10+00:00,Browsers
513741683,1,5,5,0,0,0.0,2019-11-01 00:59:41+00:00,2019-11-01 01:03:19+00:00,Browsers
513742835,1,3,3,0,0,0.0,2019-11-01 01:40:08+00:00,2019-11-01 01:41:37+00:00,Browsers
513744015,1,2,2,0,0,0.0,2019-11-01 02:34:11+00:00,2019-11-01 02:34:21+00:00,Browsers
513746677,1,1,1,0,0,0.0,2019-11-01 00:34:41+00:00,2019-11-01 00:34:41+00:00,Browsers
513747711,2,2,2,0,0,0.0,2019-11-01 00:15:24+00:00,2019-11-01 00:37:58+00:00,Browsers
513749375,1,1,1,0,0,0.0,2019-11-01 00:54:00+00:00,2019-11-01 00:54:00+00:00,Browsers
513750196,1,1,1,0,0,0.0,2019-11-01 00:42:58+00:00,2019-11-01 00:42:58+00:00,Browsers
513750641,1,1,1,0,0,0.0,2019-11-01 02:19:40+00:00,2019-11-01 02:19:40+00:00,Browsers
513753413,1,1,1,0,0,0.0,2019-11-01 02:30:41+00:00,2019-11-01 02:30:41+00:00,Browsers
513755733,2,25,25,0,0,0.0,2019-11-01 01:01:04+00:00,2019-11-01 02:47:12+00:00,Browsers
513756533,1,3,3,0,0,0.0,2019-11-01 02:35:02+00:00,2019-11-01 02:35:57+00:00,Browsers
513756948,1,17,17,0,0,0.0,2019-11-01 00:13:33+00:00,2019-11-01 00:29:13+00:00,Browsers
513757667,1,6,6,0,0,0.0,2019-11-01 02:06:25+00:00,2019-11-01 02:08:31+00:00,Browsers
513760930,1,1,1,0,0,0.0,2019-11-01 01:45:44+00:00,2019-11-01 01:45:44+00:00,Browsers
513763859,1,3,3,0,0,0.0,2019-11-01 01:04:57+00:00,2019-11-01 01:05:59+00:00,Browsers
513768224,1,12,12,0,0,0.0,2019-11-01 02:17:35+00:00,2019-11-01 02:24:36+00:00,Browsers
513769907,1,1,1,0,0,0.0,2019-11-01 02:28:39+00:00,2019-11-01 02:28:39+00:00,Browsers
513770742,2,9,9,0,0,0.0,2019-11-01 00:59:31+00:00,2019-11-01 01:46:37+00:00,Browsers
513771105,1,1,1,0,0,0.0,2019-11-01 01:51:05+00:00,2019-11-01 01:51:05+00:00,Browsers
513771111,1,8,5,2,1,29.58,2019-11-01 01:55:15+00:00,2019-11-01 02:03:03+00:00,High-value users (purchasers)
513772705,1,1,1,0,0,0.0,2019-11-01 01:47:17+00:00,2019-11-01 01:47:17+00:00,Browsers
513776440,1,14,14,0,0,0.0,2019-11-01 02:15:37+00:00,2019-11-01 02:26:50+00:00,Browsers
513777328,1,5,5,0,0,0.0,2019-11-01 02:35:39+00:00,2019-11-01 02:36:41+00:00,Browsers
513779713,1,3,3,0,0,0.0,2019-11-01 02:00:27+00:00,2019-11-01 02:02:20+00:00,Browsers
513779828,1,1,1,0,0,0.0,2019-11-01 00:50:27+00:00,2019-11-01 00:50:27+00:00,Browsers
513780891,2,4,4,0,0,0.0,2019-11-01 01:20:42+00:00,2019-11-01 01:27:48+00:00,Browsers
513782578,1,2,2,0,0,0.0,2019-11-01 02:34:10+00:00,2019-11-01 02:39:41+00:00,Browsers
513784020,1,1,1,0,0,0.0,2019-11-01 02:23:55+00:00,2019-11-01 02:23:55+00:00,Browsers
513784703,1,3,3,0,0,0.0,2019-11-01 02:00:11+00:00,2019-11-01 02:00:38+00:00,Browsers
513785438,1,1,1,0,0,0.0,2019-11-01 02:38:37+00:00,2019-11-01 02:38:37+00:00,Browsers
513796923,1,1,1,0,0,0.0,2019-11-01 02:44:34+00:00,2019-11-01 02:44:34+00:00,Browsers
513797911,1,3,3,0,0,0.0,2019-11-01 01:29:01+00:00,2019-11-01 01:29:25+00:00,Browsers
513798370,1,2,2,0,0,0.0,2019-11-01 01:32:35+00:00,2019-11-01 01:32:53+00:00,Browsers
513798638,1,4,2,0,2,159.54,2019-11-01 02:37:33+00:00,2019-11-01 02:45:24+00:00,High-value users (purchasers)
513801037,1,2,2,0,0,0.0,2019-11-01 01:45:49+00:00,2019-11-01 01:46:46+00:00,Browsers
513802374,1,1,1,0,0,0.0,2019-11-01 01:44:47+00:00,2019-11-01 01:44:47+00:00,Browsers
513807700,1,1,1,0,0,0.0,2019-11-01 01:29:44+00:00,2019-11-01 01:29:44+00:00,Browsers
513808266,2,5,5,0,0,0.0,2019-11-01 02:35:01+00:00,2019-11-01 02:39:47+00:00,Browsers
513811768,1,4,4,0,0,0.0,2019-11-01 02:02:42+00:00,2019-11-01 02:03:50+00:00,Browsers
513816151,1,4,4,0,0,0.0,2019-11-01 01:31:30+00:00,2019-11-01 01:33:04+00:00,Browsers
513818438,1,1,1,0,0,0.0,2019-11-01 01:55:09+00:00,2019-11-01 01:55:09+00:00,Browsers
513820867,1,2,2,0,0,0.0,2019-11-01 02:47:47+00:00,2019-11-01 02:48:16+00:00,Browsers
513821476,1,4,4,0,0,0.0,2019-11-01 02:44:02+00:00,2019-11-01 02:47:19+00:00,Browsers
513821657,2,4,4,0,0,0.0,2019-11-01 00:41:21+00:00,2019-11-01 00:47:33+00:00,Browsers
513824132,1,1,1,0,0,0.0,2019-11-01 02:08:31+00:00,2019-11-01 02:08:31+00:00,Browsers
513824183,1,16,16,0,0,0.0,2019-11-01 01:40:40+00:00,2019-11-01 01:54:11+00:00,Browsers
513828097,1,3,3,0,0,0.0,2019-11-01 02:32:50+00:00,2019-11-01 02:33:42+00:00,Browsers
513828734,2,8,8,0,0,0.0,2019-11-01 02:17:40+00:00,2019-11-01 02:21:55+00:00,Browsers
513829161,1,3,3,0,0,0.0,2019-11-01 02:31:27+00:00,2019-11-01 02:34:01+00:00,Browsers
513832010,1,2,2,0,0,0.0,2019-11-01 02:00:47+00:00,2019-11-01 02:01:42+00:00,Browsers
513832340,1,1,1,0,0,0.0,2019-11-01 01:56:44+00:00,2019-11-01 01:56:44+00:00,Browsers
513835731,1,2,2,0,0,0.0,2019-11-01 02:21:14+00:00,2019-11-01 02:21:55+00:00,Browsers
513837536,1,1,1,0,0,0.0,2019-11-01 02:34:38+00:00,2019-11-01 02:34:38+00:00,Browsers
513843379,1,1,1,0,0,0.0,2019-11-01 01:49:03+00:00,2019-11-01 01:49:03+00:00,Browsers
513844888,1,1,1,0,0,0.0,2019-11-01 02:22:23+00:00,2019-11-01 02:22:23+00:00,Browsers
513846060,1,4,4,0,0,0.0,2019-11-01 02:10:18+00:00,2019-11-01 02:12:09+00:00,Browsers
513847031,7,7,7,0,0,0.0,2019-11-01 01:03:52+00:00,2019-11-01 01:04:53+00:00,Browsers
513847980,1,1,1,0,0,0.0,2019-11-01 02:11:14+00:00,2019-11-01 02:11:14+00:00,Browsers
513849031,3,4,4,0,0,0.0,2019-11-01 02:39:02+00:00,2019-11-01 02:45:40+00:00,Browsers
513849803,2,9,8,0,1,372.73,2019-11-01 01:30:12+00:00,2019-11-01 01:36:55+00:00,High-value users (purchasers)
513852314,1,3,1,2,0,0.0,2019-11-01 00:14:24+00:00,2019-11-01 00:15:56+00:00,Cart abandoners
513854854,1,12,12,0,0,0.0,2019-11-01 02:04:19+00:00,2019-11-01 02:08:05+00:00,Browsers
513858051,1,1,1,0,0,0.0,2019-11-01 01:56:44+00:00,2019-11-01 01:56:44+00:00,Browsers
513859959,1,1,1,0,0,0.0,2019-11-01 00:33:37+00:00,2019-11-01 00:33:37+00:00,Browsers
513863204,1,3,3,0,0,0.0,2019-11-01 02:33:26+00:00,2019-11-01 02:36:04+00:00,Browsers
513871343,1,2,2,0,0,0.0,2019-11-01 02:21:53+00:00,2019-11-01 02:22:01+00:00,Browsers
513873169,1,1,1,0,0,0.0,2019-11-01 02:30:50+00:00,2019-11-01 02:30:50+00:00,Browsers
513874596,2,3,3,0,0,0.0,2019-11-01 02:35:34+00:00,2019-11-01 02:36:11+00:00,Browsers
513875855,1,1,1,0,0,0.0,2019-11-01 02:27:07+00:00,2019-11-01 02:27:07+00:00,Browsers
513884822,1,1,1,0,0,0.0,2019-11-01 02:36:13+00:00,2019-11-01 02:36:13+00:00,Browsers
513887785,1,2,2,0,0,0.0,2019-11-01 02:17:42+00:00,2019-11-01 02:18:50+00:00,Browsers
513888788,2,4,4,0,0,0.0,2019-11-01 01:25:21+00:00,2019-11-01 01:30:34+00:00,Browsers
513890373,2,17,17,0,0,0.0,2019-11-01 02:29:35+00:00,2019-11-01 02:47:29+00:00,Browsers
513892864,1,1,1,0,0,0.0,2019-11-01 01:44:15+00:00,2019-11-01 01:44:15+00:00,Browsers
513893966,1,1,1,0,0,0.0,2019-11-01 02:16:14+00:00,2019-11-01 02:16:14+00:00,Browsers
513894411,1,5,5,0,0,0.0,2019-11-01 02:40:50+00:00,2019-11-01 02:48:05+00:00,Browsers
513895312,1,1,1,0,0,0.0,2019-11-01 01:07:05+00:00,2019-11-01 01:07:05+00:00,Browsers
513903936,2,4,4,0,0,0.0,2019-11-01 02:39:42+00:00,2019-11-01 02:48:25+00:00,Browsers
513909331,1,6,6,0,0,0.0,2019-11-01 02:30:48+00:00,2019-11-01 02:35:47+00:00,Browsers
513910184,1,2,2,0,0,0.0,2019-11-01 00:38:37+00:00,2019-11-01 00:39:18+00:00,Browsers
513912533,1,1,1,0,0,0.0,2019-11-01 02:02:21+00:00,2019-11-01 02:02:21+00:00,Browsers
513913168,1,7,7,0,0,0.0,2019-11-01 02:36:38+00:00,2019-11-01 02:45:08+00:00,Browsers
513913317,1,3,3,0,0,0.0,2019-11-01 00:13:03+00:00,2019-11-01 00:14:32+00:00,Browsers
513913918,1,1,1,0,0,0.0,2019-11-01 00:21:58+00:00,2019-11-01 00:21:58+00:00,Browsers
513914113,2,4,4,0,0,0.0,2019-11-01 01:53:09+00:00,2019-11-01 01:58:17+00:00,Browsers
513916773,1,3,3,0,0,0.0,2019-11-01 01:45:30+00:00,2019-11-01 01:48:22+00:00,Browsers
513920645,1,1,1,0,0,0.0,2019-11-01 02:14:02+00:00,2019-11-01 02:14:02+00:00,Browsers
513922224,1,1,1,0,0,0.0,2019-11-01 02:21:09+00:00,2019-11-01 02:21:09+00:00,Browsers
513927294,1,1,1,0,0,0.0,2019-11-01 01:58:13+00:00,2019-11-01 01:58:13+00:00,Browsers
513935116,1,2,2,0,0,0.0,2019-11-01 02:00:13+00:00,2019-11-01 02:01:03+00:00,Browsers
513935256,1,2,2,0,0,0.0,2019-11-01 01:07:32+00:00,2019-11-01 01:07:51+00:00,Browsers
513938665,1,1,1,0,0,0.0,2019-11-01 00:03:36+00:00,2019-11-01 00:03:36+00:00,Browsers
513941239,2,6,6,0,0,0.0,2019-11-01 02:11:06+00:00,2019-11-01 02:21:46+00:00,Browsers
513944189,1,6,5,0,1,38.87,2019-11-01 02:13:28+00:00,2019-11-01 02:19:47+00:00,High-value users (purchasers)
513947685,1,2,2,0,0,0.0,2019-11-01 01:46:18+00:00,2019-11-01 01:51:46+00:00,Browsers
513948609,1,1,1,0,0,0.0,2019-11-01 02:41:36+00:00,2019-11-01 02:41:36+00:00,Browsers
513948811,1,1,1,0,0,0.0,2019-11-01 02:39:40+00:00,2019-11-01 02:39:40+00:00,Browsers
513951241,1,3,3,0,0,0.0,2019-11-01 02:15:34+00:00,2019-11-01 02:16:27+00:00,Browsers
513953597,2,31,31,0,0,0.0,2019-11-01 01:24:03+00:00,2019-11-01 01:46:16+00:00,Browsers
513958020,1,3,3,0,0,0.0,2019-11-01 02:42:23+00:00,2019-11-01 02:43:48+00:00,Browsers
513961797,1,4,4,0,0,0.0,2019-11-01 02:46:36+00:00,2019-11-01 02:48:18+00:00,Browsers
513967323,1,22,22,0,0,0.0,2019-11-01 02:13:43+00:00,2019-11-01 02:36:57+00:00,Browsers
513968948,1,17,17,0,0,0.0,2019-11-01 02:01:03+00:00,2019-11-01 02:12:08+00:00,Browsers
513969380,1,5,5,0,0,0.0,2019-11-01 02:21:09+00:00,2019-11-01 02:25:58+00:00,Browsers
513969798,1,16,16,0,0,0.0,2019-11-01 00:32:50+00:00,2019-11-01 00:43:31+00:00,Browsers
513972161,1,1,1,0,0,0.0,2019-11-01 00:52:48+00:00,2019-11-01 00:52:48+00:00,Browsers
513974073,6,8,8,0,0,0.0,2019-11-01 02:17:24+00:00,2019-11-01 02:30:51+00:00,Browsers
513978965,1,4,4,0,0,0.0,2019-11-01 02:24:04+00:00,2019-11-01 02:25:08+00:00,Browsers
513979894,1,2,2,0,0,0.0,2019-11-01 02:25:08+00:00,2019-11-01 02:27:49+00:00,Browsers
513981604,1,2,2,0,0,0.0,2019-11-01 01:42:44+00:00,2019-11-01 01:43:56+00:00,Browsers
513982097,1,1,1,0,0,0.0,2019-11-01 01:01:43+00:00,2019-11-01 01:01:43+00:00,Browsers
513984215,2,5,5,0,0,0.0,2019-11-01 02:28:55+00:00,2019-11-01 02:35:58+00:00,Browsers
513987910,1,1,1,0,0,0.0,2019-11-01 02:42:42+00:00,2019-11-01 02:42:42+00:00,Browsers
513988873,1,5,5,0,0,0.0,2019-11-01 02:40:33+00:00,2019-11-01 02:41:44+00:00,Browsers
513989684,1,4,4,0,0,0.0,2019-11-01 02:16:53+00:00,2019-11-01 02:26:21+00:00,Browsers
513990017,1,19,18,1,0,0.0,2019-11-01 02:03:44+00:00,2019-11-01 02:11:05+00:00,Cart abandoners
513990066,1,1,1,0,0,0.0,2019-11-01 02:37:40+00:00,2019-11-01 02:37:40+00:00,Browsers
513992135,1,5,5,0,0,0.0,2019-11-01 01:03:15+00:00,2019-11-01 01:08:35+00:00,Browsers
513993672,1,1,1,0,0,0.0,2019-11-01 02:25:21+00:00,2019-11-01 02:25:21+00:00,Browsers
513993755,1,5,4,0,1,75.91,2019-11-01 01:24:56+00:00,2019-11-01 01:31:01+00:00,High-value users (purchasers)
513994354,1,2,2,0,0,0.0,2019-11-01 01:48:20+00:00,2019-11-01 01:48:38+00:00,Browsers
513994480,1,5,5,0,0,0.0,2019-11-01 00:34:14+00:00,2019-11-01 00:35:53+00:00,Browsers
513994820,1,1,1,0,0,0.0,2019-11-01 02:35:31+00:00,2019-11-01 02:35:31+00:00,Browsers
513996417,1,1,1,0,0,0.0,2019-11-01 00:38:34+00:00,2019-11-01 00:38:34+00:00,Browsers
513996556,1,2,2,0,0,0.0,2019-11-01 02:30:32+00:00,2019-11-01 02:32:35+00:00,Browsers
513997895,1,1,1,0,0,0.0,2019-11-01 02:25:50+00:00,2019-11-01 02:25:50+00:00,Browsers
513998949,1,7,7,0,0,0.0,2019-11-01 00:00:24+00:00,2019-11-01 00:02:14+00:00,Browsers
514002550,2,4,4,0,0,0.0,2019-11-01 02:26:50+00:00,2019-11-01 02:28:57+00:00,Browsers
514003844,1,1,1,0,0,0.0,2019-11-01 02:45:01+00:00,2019-11-01 02:45:01+00:00,Browsers
514003858,1,1,1,0,0,0.0,2019-11-01 01:34:43+00:00,2019-11-01 01:34:43+00:00,Browsers
514004396,1,12,12,0,0,0.0,2019-11-01 02:25:51+00:00,2019-11-01 02:37:42+00:00,Browsers
514004828,1,1,1,0,0,0.0,2019-11-01 01:50:12+00:00,2019-11-01 01:50:12+00:00,Browsers
514006321,1,1,1,0,0,0.0,2019-11-01 01:38:57+00:00,2019-11-01 01:38:57+00:00,Browsers
514007742,3,31,31,0,0,0.0,2019-11-01 01:50:43+00:00,2019-11-01 02:13:40+00:00,Browsers
514009084,1,1,1,0,0,0.0,2019-11-01 01:55:07+00:00,2019-11-01 01:55:07+00:00,Browsers
514014020,1,2,2,0,0,0.0,2019-11-01 02:45:37+00:00,2019-11-01 02:45:50+00:00,Browsers
514014194,1,9,9,0,0,0.0,2019-11-01 01:02:07+00:00,2019-11-01 01:08:30+00:00,Browsers
514015447,1,2,2,0,0,0.0,2019-11-01 00:52:43+00:00,2019-11-01 00:53:35+00:00,Browsers
514017126,1,1,1,0,0,0.0,2019-11-01 02:23:20+00:00,2019-11-01 02:23:20+00:00,Browsers
514019206,1,4,4,0,0,0.0,2019-11-01 01:32:37+00:00,2019-11-01 01:35:36+00:00,Browsers
514020126,1,3,2,0,1,577.89,2019-11-01 01:31:13+00:00,2019-11-01 01:32:25+00:00,High-value users (purchasers)
514021284,2,10,10,0,0,0.0,2019-11-01 02:17:51+00:00,2019-11-01 02:27:13+00:00,Browsers
514021440,1,1,1,0,0,0.0,2019-11-01 02:17:21+00:00,2019-11-01 02:17:21+00:00,Browsers
514021933,1,3,3,0,0,0.0,2019-11-01 02:37:52+00:00,2019-11-01 02:46:37+00:00,Browsers
514022584,1,10,10,0,0,0.0,2019-11-01 00:55:32+00:00,2019-11-01 01:04:52+00:00,Browsers
514022651,1,1,1,0,0,0.0,2019-11-01 02:00:44+00:00,2019-11-01 02:00:44+00:00,Browsers
514022825,1,8,8,0,0,0.0,2019-11-01 01:53:32+00:00,2019-11-01 01:56:22+00:00,Browsers
514023153,3,4,4,0,0,0.0,2019-11-01 01:51:51+00:00,2019-11-01 02:07:35+00:00,Browsers
514026514,1,14,14,0,0,0.0,2019-11-01 02:11:18+00:00,2019-11-01 02:29:52+00:00,Browsers
514026591,1,10,10,0,0,0.0,2019-11-01 01:03:23+00:00,2019-11-01 01:07:00+00:00,Browsers
514027456,1,3,3,0,0,0.0,2019-11-01 00:40:43+00:00,2019-11-01 00:42:22+00:00,Browsers
514028527,1,7,7,0,0,0.0,2019-11-01 00:00:01+00:00,2019-11-01 00:04:18+00:00,Browsers
514029688,1,1,1,0,0,0.0,2019-11-01 01:00:03+00:00,2019-11-01 01:00:03+00:00,Browsers
514030891,1,13,13,0,0,0.0,2019-11-01 01:37:12+00:00,2019-11-01 01:49:49+00:00,Browsers
514030959,1,3,3,0,0,0.0,2019-11-01 02:26:47+00:00,2019-11-01 02:27:40+00:00,Browsers
514032278,1,6,6,0,0,0.0,2019-11-01 00:24:03+00:00,2019-11-01 00:28:32+00:00,Browsers
514035946,1,7,7,0,0,0.0,2019-11-01 00:02:50+00:00,2019-11-01 00:06:51+00:00,Browsers
514038783,1,8,8,0,0,0.0,2019-11-01 02:38:12+00:00,2019-11-01 02:44:51+00:00,Browsers
514038893,1,1,1,0,0,0.0,2019-11-01 02:08:23+00:00,2019-11-01 02:08:23+00:00,Browsers
514040834,1,3,3,0,0,0.0,2019-11-01 02:42:34+00:00,2019-11-01 02:43:47+00:00,Browsers
514041468,1,3,3,0,0,0.0,2019-11-01 02:15:02+00:00,2019-11-01 02:15:46+00:00,Browsers
514041607,2,10,10,0,0,0.0,2019-11-01 02:16:22+00:00,2019-11-01 02:26:49+00:00,Browsers
514044081,1,3,3,0,0,0.0,2019-11-01 02:01:20+00:00,2019-11-01 02:02:34+00:00,Browsers
514044335,1,17,17,0,0,0.0,2019-11-01 02:06:24+00:00,2019-11-01 02:41:33+00:00,Browsers
514046690,1,5,5,0,0,0.0,2019-11-01 02:37:18+00:00,2019-11-01 02:39:18+00:00,Browsers
514051149,1,8,8,0,0,0.0,2019-11-01 02:20:09+00:00,2019-11-01 02:32:10+00:00,Browsers
514056775,1,6,6,0,0,0.0,2019-11-01 02:13:54+00:00,2019-11-01 02:18:20+00:00,Browsers
514057205,1,1,1,0,0,0.0,2019-11-01 01:02:58+00:00,2019-11-01 01:02:58+00:00,Browsers
514059719,1,29,29,0,0,0.0,2019-11-01 02:27:16+00:00,2019-11-01 02:43:23+00:00,Browsers
514064956,1,15,15,0,0,0.0,2019-11-01 01:01:14+00:00,2019-11-01 01:08:32+00:00,Browsers
514065651,1,1,1,0,0,0.0,2019-11-01 02:14:07+00:00,2019-11-01 02:14:07+00:00,Browsers
514066031,1,1,1,0,0,0.0,2019-11-01 00:31:16+00:00,2019-11-01 00:31:16+00:00,Browsers
514066598,1,1,1,0,0,0.0,2019-11-01 01:47:30+00:00,2019-11-01 01:47:30+00:00,Browsers
514068668,1,2,2,0,0,0.0,2019-11-01 00:55:35+00:00,2019-11-01 00:56:08+00:00,Browsers
514069647,1,1,1,0,0,0.0,2019-11-01 01:45:44+00:00,2019-11-01 01:45:44+00:00,Browsers
514072573,1,2,2,0,0,0.0,2019-11-01 02:14:17+00:00,2019-11-01 02:14:26+00:00,Browsers
514074303,1,2,2,0,0,0.0,2019-11-01 02:44:12+00:00,2019-11-01 02:46:42+00:00,Browsers
514075076,1,7,7,0,0,0.0,2019-11-01 02:37:42+00:00,2019-11-01 02:47:43+00:00,Browsers
514075359,1,3,3,0,0,0.0,2019-11-01 01:03:15+00:00,2019-11-01 01:04:56+00:00,Browsers
514078478,1,1,1,0,0,0.0,2019-11-01 02:39:21+00:00,2019-11-01 02:39:21+00:00,Browsers
514078852,1,2,2,0,0,0.0,2019-11-01 02:12:47+00:00,2019-11-01 02:15:21+00:00,Browsers
514079151,1,6,6,0,0,0.0,2019-11-01 02:28:48+00:00,2019-11-01 02:39:26+00:00,Browsers
514080305,1,6,6,0,0,0.0,2019-11-01 01:34:44+00:00,2019-11-01 01:41:28+00:00,Browsers
514083476,1,1,1,0,0,0.0,2019-11-01 01:59:14+00:00,2019-11-01 01:59:14+00:00,Browsers
514085637,1,3,3,0,0,0.0,2019-11-01 02:24:02+00:00,2019-11-01 02:28:26+00:00,Browsers
514086280,1,25,22,2,1,178.87,2019-11-01 01:44:14+00:00,2019-11-01 01:56:12+00:00,High-value users (purchasers)
514088913,1,2,2,0,0,0.0,2019-11-01 02:32:15+00:00,2019-11-01 02:32:55+00:00,Browsers
514089654,1,1,1,0,0,0.0,2019-11-01 01:53:41+00:00,2019-11-01 01:53:41+00:00,Browsers
514092125,1,3,3,0,0,0.0,2019-11-01 01:43:59+00:00,2019-11-01 01:45:39+00:00,Browsers
514092354,1,4,3,1,0,0.0,2019-11-01 02:22:16+00:00,2019-11-01 02:23:33+00:00,Cart abandoners
514093603,1,4,4,0,0,0.0,2019-11-01 01:43:48+00:00,2019-11-01 01:46:38+00:00,Browsers
514096409,1,6,6,0,0,0.0,2019-11-01 01:39:31+00:00,2019-11-01 01:43:04+00:00,Browsers
514097415,1,2,2,0,0,0.0,2019-11-01 02:39:50+00:00,2019-11-01 02:40:10+00:00,Browsers
514097469,1,1,1,0,0,0.0,2019-11-01 00:29:34+00:00,2019-11-01 00:29:34+00:00,Browsers
514099506,1,1,1,0,0,0.0,2019-11-01 01:42:34+00:00,2019-11-01 01:42:34+00:00,Browsers
514101034,2,6,5,0,1,167.29,2019-11-01 00:26:38+00:00,2019-11-01 00:34:03+00:00,High-value users (purchasers)
514102880,3,22,22,0,0,0.0,2019-11-01 01:47:41+00:00,2019-11-01 02:39:34+00:00,Browsers
514104098,1,1,1,0,0,0.0,2019-11-01 00:58:31+00:00,2019-11-01 00:58:31+00:00,Browsers
514104733,1,5,5,0,0,0.0,2019-11-01 02:12:33+00:00,2019-11-01 02:16:36+00:00,Browsers
514110467,1,2,2,0,0,0.0,2019-11-01 02:47:25+00:00,2019-11-01 02:47:38+00:00,Browsers
514111997,1,4,4,0,0,0.0,2019-11-01 02:13:56+00:00,2019-11-01 02:15:42+00:00,Browsers
514113270,1,5,5,0,0,0.0,2019-11-01 02:21:22+00:00,2019-11-01 02:25:51+00:00,Browsers
514114078,1,2,2,0,0,0.0,2019-11-01 01:43:49+00:00,2019-11-01 01:46:16+00:00,Browsers
514114097,1,3,3,0,0,0.0,2019-11-01 02:00:32+00:00,2019-11-01 02:01:29+00:00,Browsers
514116612,1,15,15,0,0,0.0,2019-11-01 02:16:20+00:00,2019-11-01 02:29:22+00:00,Browsers
514119888,3,64,61,1,2,68.64,2019-11-01 01:24:16+00:00,2019-11-01 02:05:24+00:00,High-value users (purchasers)
514121091,2,3,3,0,0,0.0,2019-11-01 02:29:41+00:00,2019-11-01 02:30:35+00:00,Browsers
514127132,1,12,12,0,0,0.0,2019-11-01 02:31:15+00:00,2019-11-01 02:46:23+00:00,Browsers
514129865,1,1,1,0,0,0.0,2019-11-01 01:08:02+00:00,2019-11-01 01:08:02+00:00,Browsers
514132186,1,45,45,0,0,0.0,2019-11-01 01:33:28+00:00,2019-11-01 02:39:50+00:00,Browsers
514132975,1,2,2,0,0,0.0,2019-11-01 02:27:59+00:00,2019-11-01 02:28:53+00:00,Browsers
514134570,1,2,2,0,0,0.0,2019-11-01 02:19:12+00:00,2019-11-01 02:19:38+00:00,Browsers
514134698,1,3,3,0,0,0.0,2019-11-01 02:21:56+00:00,2019-11-01 02:22:57+00:00,Browsers
514137127,1,3,3,0,0,0.0,2019-11-01 01:00:42+00:00,2019-11-01 01:08:11+00:00,Browsers
514140766,2,3,3,0,0,0.0,2019-11-01 00:55:16+00:00,2019-11-01 00:59:55+00:00,Browsers
514145313,1,1,1,0,0,0.0,2019-11-01 02:34:34+00:00,2019-11-01 02:34:34+00:00,Browsers
514148496,1,2,2,0,0,0.0,2019-11-01 01:53:41+00:00,2019-11-01 01:54:43+00:00,Browsers
514156692,1,1,1,0,0,0.0,2019-11-01 00:48:54+00:00,2019-11-01 00:48:54+00:00,Browsers
514158137,1,4,4,0,0,0.0,2019-11-01 01:25:44+00:00,2019-11-01 01:29:28+00:00,Browsers
514166719,1,4,4,0,0,0.0,2019-11-01 01:50:52+00:00,2019-11-01 01:52:14+00:00,Browsers
514166940,1,3,2,0,1,123.56,2019-11-01 00:05:11+00:00,2019-11-01 00:07:24+00:00,High-value users (purchasers)
514171156,1,3,3,0,0,0.0,2019-11-01 01:06:32+00:00,2019-11-01 01:09:10+00:00,Browsers
514171228,1,1,1,0,0,0.0,2019-11-01 02:30:12+00:00,2019-11-01 02:30:12+00:00,Browsers
514171565,1,2,2,0,0,0.0,2019-11-01 00:49:09+00:00,2019-11-01 00:49:23+00:00,Browsers
514171705,2,13,13,0,0,0.0,2019-11-01 00:00:28+00:00,2019-11-01 00:11:24+00:00,Browsers
514171869,1,2,2,0,0,0.0,2019-11-01 02:41:58+00:00,2019-11-01 02:43:13+00:00,Browsers
514173771,1,47,47,0,0,0.0,2019-11-01 00:02:19+00:00,2019-11-01 00:50:05+00:00,Browsers
514181425,1,7,7,0,0,0.0,2019-11-01 01:38:21+00:00,2019-11-01 01:42:43+00:00,Browsers
514183137,1,3,2,0,1,424.7,2019-11-01 02:20:36+00:00,2019-11-01 02:21:31+00:00,High-value users (purchasers)
514183311,2,2,2,0,0,0.0,2019-11-01 00:47:48+00:00,2019-11-01 01:54:33+00:00,Browsers
514185435,1,17,17,0,0,0.0,2019-11-01 02:42:20+00:00,2019-11-01 02:47:05+00:00,Browsers
514191722,1,1,1,0,0,0.0,2019-11-01 02:24:21+00:00,2019-11-01 02:24:21+00:00,Browsers
514194071,1,2,2,0,0,0.0,2019-11-01 02:39:17+00:00,2019-11-01 02:39:37+00:00,Browsers
514195509,4,16,16,0,0,0.0,2019-11-01 01:06:18+00:00,2019-11-01 01:55:47+00:00,Browsers
514197022,3,30,30,0,0,0.0,2019-11-01 01:59:44+00:00,2019-11-01 02:14:43+00:00,Browsers
514200565,1,5,5,0,0,0.0,2019-11-01 01:55:45+00:00,2019-11-01 01:58:22+00:00,Browsers
514204721,1,1,1,0,0,0.0,2019-11-01 02:46:54+00:00,2019-11-01 02:46:54+00:00,Browsers
514205415,1,3,3,0,0,0.0,2019-11-01 02:25:30+00:00,2019-11-01 02:26:19+00:00,Browsers
514205807,1,2,2,0,0,0.0,2019-11-01 02:04:07+00:00,2019-11-01 02:05:07+00:00,Browsers
514206296,1,10,10,0,0,0.0,2019-11-01 02:00:09+00:00,2019-11-01 02:04:15+00:00,Browsers
514207247,1,1,1,0,0,0.0,2019-11-01 01:59:02+00:00,2019-11-01 01:59:02+00:00,Browsers
514207341,1,2,2,0,0,0.0,2019-11-01 00:30:28+00:00,2019-11-01 00:31:20+00:00,Browsers
514210342,1,4,4,0,0,0.0,2019-11-01 02:14:46+00:00,2019-11-01 02:19:22+00:00,Browsers
514211088,1,3,3,0,0,0.0,2019-11-01 02:13:30+00:00,2019-11-01 02:26:44+00:00,Browsers
514212217,1,7,7,0,0,0.0,2019-11-01 02:16:32+00:00,2019-11-01 02:19:10+00:00,Browsers
514213816,1,2,2,0,0,0.0,2019-11-01 02:13:19+00:00,2019-11-01 02:13:40+00:00,Browsers
514215660,2,9,8,0,1,36.01,2019-11-01 02:30:03+00:00,2019-11-01 02:45:07+00:00,High-value users (purchasers)
514216667,1,2,2,0,0,0.0,2019-11-01 00:30:54+00:00,2019-11-01 00:31:19+00:00,Browsers
514217834,2,15,13,0,2,674.73,2019-11-01 02:09:24+00:00,2019-11-01 02:26:21+00:00,High-value users (purchasers)
514222957,1,4,4,0,0,0.0,2019-11-01 01:34:59+00:00,2019-11-01 01:36:59+00:00,Browsers
514224353,1,3,3,0,0,0.0,2019-11-01 02:16:42+00:00,2019-11-01 02:19:25+00:00,Browsers
514226125,1,9,9,0,0,0.0,2019-11-01 02:06:31+00:00,2019-11-01 02:16:31+00:00,Browsers
514226532,1,2,2,0,0,0.0,2019-11-01 02:22:24+00:00,2019-11-01 02:24:16+00:00,Browsers
514228375,3,8,8,0,0,0.0,2019-11-01 02:22:47+00:00,2019-11-01 02:30:05+00:00,Browsers
514229777,1,4,4,0,0,0.0,2019-11-01 01:29:14+00:00,2019-11-01 01:31:22+00:00,Browsers
514232612,1,1,1,0,0,0.0,2019-11-01 00:15:57+00:00,2019-11-01 00:15:57+00:00,Browsers
514234236,1,18,18,0,0,0.0,2019-11-01 01:33:19+00:00,2019-11-01 01:49:35+00:00,Browsers
514235416,3,12,12,0,0,0.0,2019-11-01 00:57:50+00:00,2019-11-01 02:47:54+00:00,Browsers
514236565,1,1,1,0,0,0.0,2019-11-01 01:03:54+00:00,2019-11-01 01:03:54+00:00,Browsers
514237342,1,1,1,0,0,0.0,2019-11-01 01:29:46+00:00,2019-11-01 01:29:46+00:00,Browsers
514240956,1,2,2,0,0,0.0,2019-11-01 02:23:37+00:00,2019-11-01 02:25:14+00:00,Browsers
514241327,1,2,2,0,0,0.0,2019-11-01 01:58:52+00:00,2019-11-01 01:59:44+00:00,Browsers
514244114,1,1,1,0,0,0.0,2019-11-01 02:04:58+00:00,2019-11-01 02:04:58+00:00,Browsers
514249280,2,8,8,0,0,0.0,2019-11-01 00:31:18+00:00,2019-11-01 00:36:19+00:00,Browsers
514249707,1,14,14,0,0,0.0,2019-11-01 00:25:05+00:00,2019-11-01 00:55:53+00:00,Browsers
514250417,1,4,4,0,0,0.0,2019-11-01 02:34:30+00:00,2019-11-01 02:35:40+00:00,Browsers
514251890,1,11,11,0,0,0.0,2019-11-01 02:13:48+00:00,2019-11-01 02:19:39+00:00,Browsers
514254239,1,3,3,0,0,0.0,2019-11-01 02:01:59+00:00,2019-11-01 02:04:32+00:00,Browsers
514255921,2,5,5,0,0,0.0,2019-11-01 01:38:30+00:00,2019-11-01 01:52:58+00:00,Browsers
514256518,1,1,1,0,0,0.0,2019-11-01 01:36:47+00:00,2019-11-01 01:36:47+00:00,Browsers
514256834,1,5,5,0,0,0.0,2019-11-01 02:47:24+00:00,2019-11-01 02:48:21+00:00,Browsers
514260734,2,2,2,0,0,0.0,2019-11-01 01:24:00+00:00,2019-11-01 01:25:35+00:00,Browsers
514266790,1,4,4,0,0,0.0,2019-11-01 02:08:56+00:00,2019-11-01 02:10:34+00:00,Browsers
514267247,1,2,2,0,0,0.0,2019-11-01 02:20:32+00:00,2019-11-01 02:21:03+00:00,Browsers
514267481,1,3,3,0,0,0.0,2019-11-01 02:16:04+00:00,2019-11-01 02:17:42+00:00,Browsers
514268450,1,5,5,0,0,0.0,2019-11-01 01:39:50+00:00,2019-11-01 01:42:35+00:00,Browsers
514269801,1,2,2,0,0,0.0,2019-11-01 02:45:36+00:00,2019-11-01 02:46:10+00:00,Browsers
514271085,1,2,2,0,0,0.0,2019-11-01 02:27:14+00:00,2019-11-01 02:27:52+00:00,Browsers
514274144,1,5,5,0,0,0.0,2019-11-01 00:09:41+00:00,2019-11-01 00:11:53+00:00,Browsers
514276046,1,2,2,0,0,0.0,2019-11-01 02:26:53+00:00,2019-11-01 02:27:29+00:00,Browsers
514276207,1,20,20,0,0,0.0,2019-11-01 02:37:06+00:00,2019-11-01 02:47:45+00:00,Browsers
514276738,1,9,9,0,0,0.0,2019-11-01 02:22:49+00:00,2019-11-01 02:43:50+00:00,Browsers
514278042,1,5,5,0,0,0.0,2019-11-01 02:30:55+00:00,2019-11-01 02:37:57+00:00,Browsers
514280319,1,8,7,0,1,56.29,2019-11-01 02:11:16+00:00,2019-11-01 02:23:22+00:00,High-value users (purchasers)
514281834,1,1,1,0,0,0.0,2019-11-01 00:31:42+00:00,2019-11-01 00:31:42+00:00,Browsers
514281897,1,1,1,0,0,0.0,2019-11-01 01:35:42+00:00,2019-11-01 01:35:42+00:00,Browsers
514285021,2,5,5,0,0,0.0,2019-11-01 00:16:55+00:00,2019-11-01 00:30:08+00:00,Browsers
514286311,1,10,10,0,0,0.0,2019-11-01 00:32:15+00:00,2019-11-01 00:39:16+00:00,Browsers
514287816,1,1,1,0,0,0.0,2019-11-01 02:30:19+00:00,2019-11-01 02:30:19+00:00,Browsers
514290504,1,1,1,0,0,0.0,2019-11-01 00:59:50+00:00,2019-11-01 00:59:50+00:00,Browsers
514293154,1,2,2,0,0,0.0,2019-11-01 00:17:49+00:00,2019-11-01 00:18:18+00:00,Browsers
514295254,1,6,6,0,0,0.0,2019-11-01 02:30:29+00:00,2019-11-01 02:35:06+00:00,Browsers
514301608,2,23,23,0,0,0.0,2019-11-01 00:36:54+00:00,2019-11-01 01:02:26+00:00,Browsers
514302183,1,20,20,0,0,0.0,2019-11-01 02:26:15+00:00,2019-11-01 02:37:47+00:00,Browsers
514303773,1,8,8,0,0,0.0,2019-11-01 00:54:22+00:00,2019-11-01 01:00:47+00:00,Browsers
514314020,1,1,1,0,0,0.0,2019-11-01 00:01:23+00:00,2019-11-01 00:01:23+00:00,Browsers
514316221,1,1,1,0,0,0.0,2019-11-01 01:33:50+00:00,2019-11-01 01:33:50+00:00,Browsers
514316667,1,5,5,0,0,0.0,2019-11-01 02:33:45+00:00,2019-11-01 02:37:07+00:00,Browsers
514321949,1,6,6,0,0,0.0,2019-11-01 02:14:18+00:00,2019-11-01 02:16:11+00:00,Browsers
514324149,1,1,1,0,0,0.0,2019-11-01 00:17:46+00:00,2019-11-01 00:17:46+00:00,Browsers
514324535,1,2,2,0,0,0.0,2019-11-01 00:49:37+00:00,2019-11-01 00:50:22+00:00,Browsers
514327476,1,3,3,0,0,0.0,2019-11-01 00:48:05+00:00,2019-11-01 00:49:07+00:00,Browsers
514328492,1,1,1,0,0,0.0,2019-11-01 01:37:18+00:00,2019-11-01 01:37:18+00:00,Browsers
514332371,1,13,13,0,0,0.0,2019-11-01 02:36:34+00:00,2019-11-01 02:43:15+00:00,Browsers
514332674,1,2,2,0,0,0.0,2019-11-01 02:21:16+00:00,2019-11-01 02:24:21+00:00,Browsers
514337346,1,17,17,0,0,0.0,2019-11-01 02:17:55+00:00,2019-11-01 02:48:21+00:00,Browsers
514338089,1,5,5,0,0,0.0,2019-11-01 01:50:21+00:00,2019-11-01 01:56:35+00:00,Browsers
514338862,1,1,1,0,0,0.0,2019-11-01 01:29:44+00:00,2019-11-01 01:29:44+00:00,Browsers
514339821,1,1,1,0,0,0.0,2019-11-01 02:26:25+00:00,2019-11-01 02:26:25+00:00,Browsers
514340014,1,1,1,0,0,0.0,2019-11-01 02:05:31+00:00,2019-11-01 02:05:31+00:00,Browsers
514341193,1,4,3,1,0,0.0,2019-11-01 01:56:48+00:00,2019-11-01 01:58:55+00:00,Cart abandoners
514345394,1,3,3,0,0,0.0,2019-11-01 01:06:14+00:00,2019-11-01 01:07:51+00:00,Browsers
514348968,1,14,14,0,0,0.0,2019-11-01 01:27:09+00:00,2019-11-01 01:37:23+00:00,Browsers
514351694,1,2,2,0,0,0.0,2019-11-01 02:03:15+00:00,2019-11-01 02:03:36+00:00,Browsers
514352825,1,1,1,0,0,0.0,2019-11-01 02:40:19+00:00,2019-11-01 02:40:19+00:00,Browsers
514355612,2,52,52,0,0,0.0,2019-11-01 01:33:29+00:00,2019-11-01 02:22:35+00:00,Browsers
514371769,3,10,8,0,2,69.5,2019-11-01 01:33:49+00:00,2019-11-01 02:06:05+00:00,High-value users (purchasers)
514378971,1,6,6,0,0,0.0,2019-11-01 00:45:27+00:00,2019-11-01 00:47:32+00:00,Browsers
514385657,1,9,9,0,0,0.0,2019-11-01 02:16:14+00:00,2019-11-01 02:36:39+00:00,Browsers
514397617,1,1,1,0,0,0.0,2019-11-01 02:25:03+00:00,2019-11-01 02:25:03+00:00,Browsers
514400639,1,5,5,0,0,0.0,2019-11-01 01:51:38+00:00,2019-11-01 01:54:54+00:00,Browsers
514404754,1,7,7,0,0,0.0,2019-11-01 01:52:27+00:00,2019-11-01 01:57:36+00:00,Browsers
514405513,1,3,2,0,1,128.42,2019-11-01 01:36:21+00:00,2019-11-01 01:39:44+00:00,High-value users (purchasers)
514405515,1,1,1,0,0,0.0,2019-11-01 02:17:40+00:00,2019-11-01 02:17:40+00:00,Browsers
514406621,1,1,1,0,0,0.0,2019-11-01 01:58:06+00:00,2019-11-01 01:58:06+00:00,Browsers
514407445,1,17,17,0,0,0.0,2019-11-01 02:25:59+00:00,2019-11-01 02:37:33+00:00,Browsers
514407618,1,3,3,0,0,0.0,2019-11-01 00:24:34+00:00,2019-11-01 00:26:09+00:00,Browsers
514410386,1,1,1,0,0,0.0,2019-11-01 02:38:07+00:00,2019-11-01 02:38:07+00:00,Browsers
514412895,1,1,1,0,0,0.0,2019-11-01 01:45:27+00:00,2019-11-01 01:45:27+00:00,Browsers
514413020,1,1,1,0,0,0.0,2019-11-01 02:11:19+00:00,2019-11-01 02:11:19+00:00,Browsers
514414014,1,2,2,0,0,0.0,2019-11-01 02:09:31+00:00,2019-11-01 02:09:53+00:00,Browsers
514415193,1,6,6,0,0,0.0,2019-11-01 01:25:51+00:00,2019-11-01 01:30:02+00:00,Browsers
514415492,1,2,2,0,0,0.0,2019-11-01 02:05:17+00:00,2019-11-01 02:06:32+00:00,Browsers
514417160,1,1,1,0,0,0.0,2019-11-01 01:54:17+00:00,2019-11-01 01:54:17+00:00,Browsers
514419756,2,8,8,0,0,0.0,2019-11-01 02:27:58+00:00,2019-11-01 02:37:25+00:00,Browsers
514420097,1,7,7,0,0,0.0,2019-11-01 01:39:42+00:00,2019-11-01 01:46:42+00:00,Browsers
514423009,1,7,7,0,0,0.0,2019-11-01 02:17:29+00:00,2019-11-01 02:25:21+00:00,Browsers
514425112,1,7,7,0,0,0.0,2019-11-01 02:11:43+00:00,2019-11-01 02:22:20+00:00,Browsers
514427418,1,3,3,0,0,0.0,2019-11-01 00:24:21+00:00,2019-11-01 00:28:04+00:00,Browsers
514427472,1,3,3,0,0,0.0,2019-11-01 02:19:29+00:00,2019-11-01 02:22:18+00:00,Browsers
514427480,1,6,6,0,0,0.0,2019-11-01 02:43:25+00:00,2019-11-01 02:47:42+00:00,Browsers
514428975,1,2,2,0,0,0.0,2019-11-01 02:16:02+00:00,2019-11-01 02:16:34+00:00,Browsers
514430213,1,5,5,0,0,0.0,2019-11-01 02:41:05+00:00,2019-11-01 02:45:57+00:00,Browsers
514432076,1,14,14,0,0,0.0,2019-11-01 00:46:37+00:00,2019-11-01 00:58:34+00:00,Browsers
514432312,1,1,1,0,0,0.0,2019-11-01 01:48:16+00:00,2019-11-01 01:48:16+00:00,Browsers
514432320,1,7,7,0,0,0.0,2019-11-01 02:43:53+00:00,2019-11-01 02:47:33+00:00,Browsers
514432943,1,2,2,0,0,0.0,2019-11-01 01:50:58+00:00,2019-11-01 01:51:17+00:00,Browsers
514432944,1,2,2,0,0,0.0,2019-11-01 00:05:47+00:00,2019-11-01 00:06:21+00:00,Browsers
514436760,1,2,2,0,0,0.0,2019-11-01 02:22:12+00:00,2019-11-01 02:22:42+00:00,Browsers
514436805,1,5,5,0,0,0.0,2019-11-01 02:11:10+00:00,2019-11-01 02:14:56+00:00,Browsers
514439397,2,17,17,0,0,0.0,2019-11-01 01:47:42+00:00,2019-11-01 01:58:12+00:00,Browsers
514440499,1,2,2,0,0,0.0,2019-11-01 02:02:16+00:00,2019-11-01 02:02:42+00:00,Browsers
514440868,1,2,2,0,0,0.0,2019-11-01 02:46:56+00:00,2019-11-01 02:48:22+00:00,Browsers
514441066,1,14,14,0,0,0.0,2019-11-01 02:25:25+00:00,2019-11-01 02:35:23+00:00,Browsers
514442271,1,2,2,0,0,0.0,2019-11-01 02:32:03+00:00,2019-11-01 02:32:58+00:00,Browsers
514443059,1,4,4,0,0,0.0,2019-11-01 02:30:47+00:00,2019-11-01 02:33:13+00:00,Browsers
514443576,1,2,2,0,0,0.0,2019-11-01 02:17:59+00:00,2019-11-01 02:18:02+00:00,Browsers
514448677,1,2,2,0,0,0.0,2019-11-01 01:39:28+00:00,2019-11-01 01:40:14+00:00,Browsers
514449287,1,3,2,0,1,64.78,2019-11-01 02:30:34+00:00,2019-11-01 02:40:43+00:00,High-value users (purchasers)
514449792,2,10,10,0,0,0.0,2019-11-01 01:44:16+00:00,2019-11-01 02:17:51+00:00,Browsers
514450178,1,6,6,0,0,0.0,2019-11-01 02:37:07+00:00,2019-11-01 02:39:36+00:00,Browsers
514451717,1,5,5,0,0,0.0,2019-11-01 01:36:21+00:00,2019-11-01 01:38:51+00:00,Browsers
514452428,1,3,3,0,0,0.0,2019-11-01 01:57:52+00:00,2019-11-01 01:59:30+00:00,Browsers
514452850,1,1,1,0,0,0.0,2019-11-01 01:23:57+00:00,2019-11-01 01:23:57+00:00,Browsers
514454647,2,5,5,0,0,0.0,2019-11-01 01:49:35+00:00,2019-11-01 01:56:12+00:00,Browsers
514455050,1,2,2,0,0,0.0,2019-11-01 02:45:08+00:00,2019-11-01 02:46:51+00:00,Browsers
514455334,1,1,1,0,0,0.0,2019-11-01 02:17:22+00:00,2019-11-01 02:17:22+00:00,Browsers
514456201,1,5,5,0,0,0.0,2019-11-01 01:40:15+00:00,2019-11-01 01:42:13+00:00,Browsers
514459112,1,5,5,0,0,0.0,2019-11-01 01:27:48+00:00,2019-11-01 01:33:43+00:00,Browsers
514461608,1,3,3,0,0,0.0,2019-11-01 02:09:36+00:00,2019-11-01 02:16:34+00:00,Browsers
514462438,1,2,2,0,0,0.0,2019-11-01 01:24:05+00:00,2019-11-01 01:25:22+00:00,Browsers
514462742,1,4,4,0,0,0.0,2019-11-01 02:23:25+00:00,2019-11-01 02:30:05+00:00,Browsers
514463140,1,5,5,0,0,0.0,2019-11-01 02:13:35+00:00,2019-11-01 02:16:03+00:00,Browsers
514465421,1,1,1,0,0,0.0,2019-11-01 02:39:51+00:00,2019-11-01 02:39:51+00:00,Browsers
514465748,1,1,1,0,0,0.0,2019-11-01 02:25:29+00:00,2019-11-01 02:25:29+00:00,Browsers
514467299,1,10,10,0,0,0.0,2019-11-01 00:33:24+00:00,2019-11-01 00:38:42+00:00,Browsers
514467526,1,1,1,0,0,0.0,2019-11-01 01:26:40+00:00,2019-11-01 01:26:40+00:00,Browsers
514468838,1,2,2,0,0,0.0,2019-11-01 01:27:56+00:00,2019-11-01 01:28:23+00:00,Browsers
514471957,1,7,7,0,0,0.0,2019-11-01 02:46:30+00:00,2019-11-01 02:48:23+00:00,Browsers
514472716,1,1,1,0,0,0.0,2019-11-01 02:24:17+00:00,2019-11-01 02:24:17+00:00,Browsers
514472859,1,6,6,0,0,0.0,2019-11-01 02:20:06+00:00,2019-11-01 02:22:37+00:00,Browsers
514473222,1,7,7,0,0,0.0,2019-11-01 02:26:22+00:00,2019-11-01 02:34:24+00:00,Browsers
514473553,1,1,1,0,0,0.0,2019-11-01 01:34:26+00:00,2019-11-01 01:34:26+00:00,Browsers
514477528,1,7,7,0,0,0.0,2019-11-01 01:32:53+00:00,2019-11-01 01:36:30+00:00,Browsers
514478186,1,4,4,0,0,0.0,2019-11-01 02:42:14+00:00,2019-11-01 02:45:23+00:00,Browsers
514478823,1,9,9,0,0,0.0,2019-11-01 01:30:30+00:00,2019-11-01 01:44:25+00:00,Browsers
514479421,1,4,4,0,0,0.0,2019-11-01 01:49:50+00:00,2019-11-01 01:52:59+00:00,Browsers
514479721,1,6,6,0,0,0.0,2019-11-01 00:19:26+00:00,2019-11-01 00:24:26+00:00,Browsers
514479726,1,3,3,0,0,0.0,2019-11-01 01:37:51+00:00,2019-11-01 01:38:23+00:00,Browsers
514480502,1,33,33,0,0,0.0,2019-11-01 00:51:10+00:00,2019-11-01 01:08:27+00:00,Browsers
514480552,1,4,2,1,1,229.9,2019-11-01 02:17:31+00:00,2019-11-01 02:19:01+00:00,High-value users (purchasers)
514481507,1,3,3,0,0,0.0,2019-11-01 01:55:21+00:00,2019-11-01 02:02:04+00:00,Browsers
514481621,1,9,9,0,0,0.0,2019-11-01 02:34:40+00:00,2019-11-01 02:37:44+00:00,Browsers
514484992,1,1,1,0,0,0.0,2019-11-01 00:37:11+00:00,2019-11-01 00:37:11+00:00,Browsers
514485878,1,3,3,0,0,0.0,2019-11-01 02:25:46+00:00,2019-11-01 02:29:03+00:00,Browsers
514486378,1,1,1,0,0,0.0,2019-11-01 02:29:13+00:00,2019-11-01 02:29:13+00:00,Browsers
514489721,1,1,1,0,0,0.0,2019-11-01 02:15:17+00:00,2019-11-01 02:15:17+00:00,Browsers
514490902,1,1,1,0,0,0.0,2019-11-01 02:02:37+00:00,2019-11-01 02:02:37+00:00,Browsers
514493148,1,6,6,0,0,0.0,2019-11-01 01:26:49+00:00,2019-11-01 01:29:10+00:00,Browsers
514494373,1,18,18,0,0,0.0,2019-11-01 00:15:11+00:00,2019-11-01 00:27:22+00:00,Browsers
514495194,1,6,6,0,0,0.0,2019-11-01 00:33:59+00:00,2019-11-01 00:38:40+00:00,Browsers
514496462,1,10,9,1,0,0.0,2019-11-01 01:06:47+00:00,2019-11-01 01:36:55+00:00,Cart abandoners
514499483,1,3,3,0,0,0.0,2019-11-01 00:59:39+00:00,2019-11-01 01:00:39+00:00,Browsers
514501425,1,4,4,0,0,0.0,2019-11-01 01:30:00+00:00,2019-11-01 01:30:55+00:00,Browsers
514505184,1,3,3,0,0,0.0,2019-11-01 01:34:46+00:00,2019-11-01 01:36:03+00:00,Browsers
514506731,1,2,2,0,0,0.0,2019-11-01 02:04:56+00:00,2019-11-01 02:05:11+00:00,Browsers
514508270,1,3,3,0,0,0.0,2019-11-01 02:11:15+00:00,2019-11-01 02:13:02+00:00,Browsers
514509290,1,5,5,0,0,0.0,2019-11-01 01:56:16+00:00,2019-11-01 01:58:39+00:00,Browsers
514512930,1,3,3,0,0,0.0,2019-11-01 02:33:36+00:00,2019-11-01 02:34:30+00:00,Browsers
514515440,1,1,1,0,0,0.0,2019-11-01 01:24:45+00:00,2019-11-01 01:24:45+00:00,Browsers
514515834,3,9,9,0,0,0.0,2019-11-01 02:09:34+00:00,2019-11-01 02:47:14+00:00,Browsers
514516090,1,5,5,0,0,0.0,2019-11-01 02:39:46+00:00,2019-11-01 02:41:44+00:00,Browsers
514516784,1,2,2,0,0,0.0,2019-11-01 02:41:29+00:00,2019-11-01 02:42:55+00:00,Browsers
514518801,1,1,1,0,0,0.0,2019-11-01 01:03:15+00:00,2019-11-01 01:03:15+00:00,Browsers
514519092,2,19,19,0,0,0.0,2019-11-01 01:56:11+00:00,2019-11-01 02:05:45+00:00,Browsers
514519756,1,2,2,0,0,0.0,2019-11-01 00:51:08+00:00,2019-11-01 00:51:30+00:00,Browsers
514521997,2,2,2,0,0,0.0,2019-11-01 02:26:57+00:00,2019-11-01 02:28:38+00:00,Browsers
514522673,2,40,40,0,0,0.0,2019-11-01 02:15:33+00:00,2019-11-01 02:47:53+00:00,Browsers
514523014,1,1,1,0,0,0.0,2019-11-01 00:20:07+00:00,2019-11-01 00:20:07+00:00,Browsers
514524270,1,12,12,0,0,0.0,2019-11-01 02:29:08+00:00,2019-11-01 02:47:11+00:00,Browsers
514526295,1,2,1,0,1,189.97,2019-11-01 02:18:55+00:00,2019-11-01 02:23:03+00:00,High-value users (purchasers)
514527151,1,8,8,0,0,0.0,2019-11-01 02:23:30+00:00,2019-11-01 02:27:30+00:00,Browsers
514530108,1,5,5,0,0,0.0,2019-11-01 02:14:15+00:00,2019-11-01 02:16:43+00:00,Browsers
514531085,1,3,3,0,0,0.0,2019-11-01 00:50:21+00:00,2019-11-01 00:51:31+00:00,Browsers
514533779,1,3,3,0,0,0.0,2019-11-01 02:33:10+00:00,2019-11-01 02:33:45+00:00,Browsers
514534289,1,2,2,0,0,0.0,2019-11-01 02:08:17+00:00,2019-11-01 02:08:43+00:00,Browsers
514535391,1,2,2,0,0,0.0,2019-11-01 02:33:05+00:00,2019-11-01 02:33:23+00:00,Browsers
514536421,1,1,1,0,0,0.0,2019-11-01 00:47:48+00:00,2019-11-01 00:47:48+00:00,Browsers
514536699,1,20,20,0,0,0.0,2019-11-01 01:39:04+00:00,2019-11-01 01:46:54+00:00,Browsers
514538728,2,4,4,0,0,0.0,2019-11-01 00:54:46+00:00,2019-11-01 01:01:06+00:00,Browsers
514543483,1,5,5,0,0,0.0,2019-11-01 02:13:22+00:00,2019-11-01 02:17:28+00:00,Browsers
514543631,1,4,4,0,0,0.0,2019-11-01 02:37:48+00:00,2019-11-01 02:38:33+00:00,Browsers
514546778,1,4,4,0,0,0.0,2019-11-01 02:00:26+00:00,2019-11-01 02:03:16+00:00,Browsers
514547102,1,2,2,0,0,0.0,2019-11-01 02:10:09+00:00,2019-11-01 02:10:25+00:00,Browsers
514547173,1,2,2,0,0,0.0,2019-11-01 02:05:15+00:00,2019-11-01 02:06:35+00:00,Browsers
514547875,1,17,17,0,0,0.0,2019-11-01 02:10:04+00:00,2019-11-01 02:16:03+00:00,Browsers
514548974,2,23,23,0,0,0.0,2019-11-01 02:10:08+00:00,2019-11-01 02:26:00+00:00,Browsers
514549747,2,3,3,0,0,0.0,2019-11-01 01:59:42+00:00,2019-11-01 02:06:57+00:00,Browsers
514550377,1,2,2,0,0,0.0,2019-11-01 02:26:16+00:00,2019-11-01 02:26:26+00:00,Browsers
514550557,1,6,6,0,0,0.0,2019-11-01 01:52:43+00:00,2019-11-01 01:56:13+00:00,Browsers
514551495,1,1,1,0,0,0.0,2019-11-01 02:29:46+00:00,2019-11-01 02:29:46+00:00,Browsers
514553150,1,7,7,0,0,0.0,2019-11-01 00:34:26+00:00,2019-11-01 00:46:22+00:00,Browsers
514553922,1,1,1,0,0,0.0,2019-11-01 01:28:16+00:00,2019-11-01 01:28:16+00:00,Browsers
514557595,1,2,2,0,0,0.0,2019-11-01 01:42:55+00:00,2019-11-01 01:46:12+00:00,Browsers
514560720,2,5,5,0,0,0.0,2019-11-01 02:37:09+00:00,2019-11-01 02:42:14+00:00,Browsers
514563877,4,4,4,0,0,0.0,2019-11-01 00:47:29+00:00,2019-11-01 00:48:14+00:00,Browsers
514564018,1,1,1,0,0,0.0,2019-11-01 02:36:34+00:00,2019-11-01 02:36:34+00:00,Browsers
514564584,1,3,3,0,0,0.0,2019-11-01 00:47:46+00:00,2019-11-01 00:48:48+00:00,Browsers
514565200,1,1,1,0,0,0.0,2019-11-01 02:00:59+00:00,2019-11-01 02:00:59+00:00,Browsers
514565506,1,1,1,0,0,0.0,2019-11-01 01:29:52+00:00,2019-11-01 01:29:52+00:00,Browsers
514569687,1,2,2,0,0,0.0,2019-11-01 00:49:39+00:00,2019-11-01 00:49:54+00:00,Browsers
514571733,1,1,1,0,0,0.0,2019-11-01 02:45:58+00:00,2019-11-01 02:45:58+00:00,Browsers
514572178,1,1,1,0,0,0.0,2019-11-01 00:45:45+00:00,2019-11-01 00:45:45+00:00,Browsers
514572302,1,6,6,0,0,0.0,2019-11-01 02:46:52+00:00,2019-11-01 02:48:25+00:00,Browsers
514573386,1,1,1,0,0,0.0,2019-11-01 01:44:22+00:00,2019-11-01 01:44:22+00:00,Browsers
514576723,1,1,1,0,0,0.0,2019-11-01 02:18:41+00:00,2019-11-01 02:18:41+00:00,Browsers
514578429,2,6,6,0,0,0.0,2019-11-01 01:05:36+00:00,2019-11-01 02:37:56+00:00,Browsers
514579108,1,2,2,0,0,0.0,2019-11-01 02:17:15+00:00,2019-11-01 02:17:33+00:00,Browsers
514579318,1,13,13,0,0,0.0,2019-11-01 02:33:13+00:00,2019-11-01 02:42:10+00:00,Browsers
514580017,1,2,2,0,0,0.0,2019-11-01 01:47:04+00:00,2019-11-01 01:47:35+00:00,Browsers
514582628,1,3,3,0,0,0.0,2019-11-01 02:24:18+00:00,2019-11-01 02:27:53+00:00,Browsers
514583099,1,7,7,0,0,0.0,2019-11-01 01:52:18+00:00,2019-11-01 01:58:30+00:00,Browsers
514584748,1,1,1,0,0,0.0,2019-11-01 01:54:33+00:00,2019-11-01 01:54:33+00:00,Browsers
514595689,1,2,2,0,0,0.0,2019-11-01 01:27:59+00:00,2019-11-01 01:29:07+00:00,Browsers
514597899,1,5,5,0,0,0.0,2019-11-01 02:45:12+00:00,2019-11-01 02:46:26+00:00,Browsers
514601184,1,2,2,0,0,0.0,2019-11-01 02:29:40+00:00,2019-11-01 02:30:22+00:00,Browsers
514601469,1,6,6,0,0,0.0,2019-11-01 01:55:45+00:00,2019-11-01 02:02:08+00:00,Browsers
514601947,2,6,6,0,0,0.0,2019-11-01 01:55:18+00:00,2019-11-01 02:38:50+00:00,Browsers
514603884,1,1,1,0,0,0.0,2019-11-01 01:11:50+00:00,2019-11-01 01:11:50+00:00,Browsers
514604367,1,5,5,0,0,0.0,2019-11-01 01:06:16+00:00,2019-11-01 01:08:19+00:00,Browsers
514605564,1,1,1,0,0,0.0,2019-11-01 00:20:01+00:00,2019-11-01 00:20:01+00:00,Browsers
514606041,1,1,1,0,0,0.0,2019-11-01 00:40:18+00:00,2019-11-01 00:40:18+00:00,Browsers
514610053,1,1,1,0,0,0.0,2019-11-01 02:27:00+00:00,2019-11-01 02:27:00+00:00,Browsers
514610865,2,11,11,0,0,0.0,2019-11-01 01:23:58+00:00,2019-11-01 02:03:15+00:00,Browsers
514613817,1,5,5,0,0,0.0,2019-11-01 00:47:37+00:00,2019-11-01 00:52:48+00:00,Browsers
514615438,1,4,4,0,0,0.0,2019-11-01 02:26:15+00:00,2019-11-01 02:40:47+00:00,Browsers
514620150,1,8,8,0,0,0.0,2019-11-01 01:30:33+00:00,2019-11-01 01:44:45+00:00,Browsers
514620266,1,7,7,0,0,0.0,2019-11-01 01:43:52+00:00,2019-11-01 01:48:28+00:00,Browsers
514622177,1,3,3,0,0,0.0,2019-11-01 00:57:49+00:00,2019-11-01 00:59:47+00:00,Browsers
514623409,1,1,1,0,0,0.0,2019-11-01 00:18:07+00:00,2019-11-01 00:18:07+00:00,Browsers
514626746,1,2,2,0,0,0.0,2019-11-01 00:46:43+00:00,2019-11-01 00:47:54+00:00,Browsers
514626770,1,7,7,0,0,0.0,2019-11-01 01:56:14+00:00,2019-11-01 02:04:02+00:00,Browsers
514627397,1,3,3,0,0,0.0,2019-11-01 01:53:56+00:00,2019-11-01 01:54:27+00:00,Browsers
514628022,1,4,4,0,0,0.0,2019-11-01 02:03:29+00:00,2019-11-01 02:04:07+00:00,Browsers
514628178,4,4,4,0,0,0.0,2019-11-01 01:39:43+00:00,2019-11-01 01:40:48+00:00,Browsers
514629258,2,4,4,0,0,0.0,2019-11-01 02:01:19+00:00,2019-11-01 02:09:41+00:00,Browsers
514631464,1,3,3,0,0,0.0,2019-11-01 02:24:20+00:00,2019-11-01 02:25:23+00:00,Browsers
514631928,1,6,6,0,0,0.0,2019-11-01 01:27:05+00:00,2019-11-01 01:29:57+00:00,Browsers
514632384,1,16,16,0,0,0.0,2019-11-01 02:07:47+00:00,2019-11-01 02:36:30+00:00,Browsers
514636193,1,24,24,0,0,0.0,2019-11-01 01:32:29+00:00,2019-11-01 02:06:21+00:00,Browsers
514636520,1,3,3,0,0,0.0,2019-11-01 01:02:59+00:00,2019-11-01 01:04:38+00:00,Browsers
514639299,1,4,4,0,0,0.0,2019-11-01 02:39:18+00:00,2019-11-01 02:41:19+00:00,Browsers
514645029,1,1,1,0,0,0.0,2019-11-01 02:37:18+00:00,2019-11-01 02:37:18+00:00,Browsers
514647549,1,11,11,0,0,0.0,2019-11-01 00:34:47+00:00,2019-11-01 00:43:04+00:00,Browsers
514649263,51,51,51,0,0,0.0,2019-11-01 01:33:36+00:00,2019-11-01 01:44:06+00:00,Browsers
514650377,3,14,14,0,0,0.0,2019-11-01 00:45:45+00:00,2019-11-01 00:54:09+00:00,Browsers
514650590,2,6,6,0,0,0.0,2019-11-01 02:09:07+00:00,2019-11-01 02:27:08+00:00,Browsers
514653466,1,16,16,0,0,0.0,2019-11-01 02:14:42+00:00,2019-11-01 02:26:40+00:00,Browsers
514654134,1,13,13,0,0,0.0,2019-11-01 00:23:56+00:00,2019-11-01 00:28:00+00:00,Browsers
514654436,1,6,6,0,0,0.0,2019-11-01 01:37:15+00:00,2019-11-01 01:39:01+00:00,Browsers
514655586,1,4,4,0,0,0.0,2019-11-01 02:01:47+00:00,2019-11-01 02:03:39+00:00,Browsers
514655737,1,1,1,0,0,0.0,2019-11-01 02:47:30+00:00,2019-11-01 02:47:30+00:00,Browsers
514656403,1,9,9,0,0,0.0,2019-11-01 02:02:54+00:00,2019-11-01 02:08:56+00:00,Browsers
514658039,1,9,9,0,0,0.0,2019-11-01 00:51:41+00:00,2019-11-01 01:03:03+00:00,Browsers
514663298,1,4,4,0,0,0.0,2019-11-01 02:43:06+00:00,2019-11-01 02:45:36+00:00,Browsers
514663441,1,2,1,0,1,260.53,2019-11-01 02:39:07+00:00,2019-11-01 02:39:33+00:00,High-value users (purchasers)
514663588,1,5,5,0,0,0.0,2019-11-01 02:43:44+00:00,2019-11-01 02:48:04+00:00,Browsers
514665679,1,1,1,0,0,0.0,2019-11-01 02:30:02+00:00,2019-11-01 02:30:02+00:00,Browsers
514667790,1,15,15,0,0,0.0,2019-11-01 02:20:01+00:00,2019-11-01 02:28:40+00:00,Browsers
514668042,1,2,2,0,0,0.0,2019-11-01 02:41:12+00:00,2019-11-01 02:44:12+00:00,Browsers
514668687,2,4,4,0,0,0.0,2019-11-01 01:34:05+00:00,2019-11-01 01:35:48+00:00,Browsers
514669937,1,12,12,0,0,0.0,2019-11-01 02:31:55+00:00,2019-11-01 02:36:40+00:00,Browsers
514670905,1,8,8,0,0,0.0,2019-11-01 00:59:34+00:00,2019-11-01 01:03:43+00:00,Browsers
514671763,1,3,3,0,0,0.0,2019-11-01 02:43:22+00:00,2019-11-01 02:44:20+00:00,Browsers
514672621,1,6,6,0,0,0.0,2019-11-01 01:31:03+00:00,2019-11-01 02:01:07+00:00,Browsers
514674972,1,6,6,0,0,0.0,2019-11-01 02:08:17+00:00,2019-11-01 02:12:56+00:00,Browsers
514674993,1,7,6,1,0,0.0,2019-11-01 02:17:56+00:00,2019-11-01 02:20:02+00:00,Cart abandoners
514677384,1,7,7,0,0,0.0,2019-11-01 02:35:20+00:00,2019-11-01 02:38:05+00:00,Browsers
514680611,1,9,9,0,0,0.0,2019-11-01 01:32:21+00:00,2019-11-01 01:40:48+00:00,Browsers
514681105,1,1,1,0,0,0.0,2019-11-01 00:32:55+00:00,2019-11-01 00:32:55+00:00,Browsers
514681650,1,2,2,0,0,0.0,2019-11-01 00:33:32+00:00,2019-11-01 00:34:06+00:00,Browsers
514683641,1,1,1,0,0,0.0,2019-11-01 01:36:18+00:00,2019-11-01 01:36:18+00:00,Browsers
514684465,3,20,19,0,1,458.28,2019-11-01 02:15:40+00:00,2019-11-01 02:46:40+00:00,High-value users (purchasers)
514684543,2,6,6,0,0,0.0,2019-11-01 02:09:40+00:00,2019-11-01 02:13:30+00:00,Browsers
514684746,1,1,1,0,0,0.0,2019-11-01 02:08:10+00:00,2019-11-01 02:08:10+00:00,Browsers
514686016,1,1,1,0,0,0.0,2019-11-01 00:34:09+00:00,2019-11-01 00:34:09+00:00,Browsers
514686515,1,1,1,0,0,0.0,2019-11-01 00:58:59+00:00,2019-11-01 00:58:59+00:00,Browsers
514686857,1,1,1,0,0,0.0,2019-11-01 02:42:48+00:00,2019-11-01 02:42:48+00:00,Browsers
514689390,1,12,12,0,0,0.0,2019-11-01 02:21:02+00:00,2019-11-01 02:26:28+00:00,Browsers
514689429,1,3,3,0,0,0.0,2019-11-01 00:38:19+00:00,2019-11-01 00:39:12+00:00,Browsers
514689484,1,8,8,0,0,0.0,2019-11-01 00:28:07+00:00,2019-11-01 00:37:52+00:00,Browsers
514694418,1,7,7,0,0,0.0,2019-11-01 02:20:49+00:00,2019-11-01 02:26:11+00:00,Browsers
514699642,1,4,4,0,0,0.0,2019-11-01 02:46:51+00:00,2019-11-01 02:48:17+00:00,Browsers
514699656,1,4,4,0,0,0.0,2019-11-01 02:17:40+00:00,2019-11-01 02:21:29+00:00,Browsers
514699761,1,3,3,0,0,0.0,2019-11-01 01:54:43+00:00,2019-11-01 01:55:10+00:00,Browsers
514700347,1,4,4,0,0,0.0,2019-11-01 01:48:41+00:00,2019-11-01 01:51:40+00:00,Browsers
514701561,2,10,8,0,2,25.34,2019-11-01 02:04:31+00:00,2019-11-01 02:46:24+00:00,High-value users (purchasers)
514703012,1,1,1,0,0,0.0,2019-11-01 02:46:26+00:00,2019-11-01 02:46:26+00:00,Browsers
514704285,1,1,1,0,0,0.0,2019-11-01 00:52:17+00:00,2019-11-01 00:52:17+00:00,Browsers
514706086,1,2,2,0,0,0.0,2019-11-01 02:14:05+00:00,2019-11-01 02:14:44+00:00,Browsers
514707389,1,2,2,0,0,0.0,2019-11-01 00:42:08+00:00,2019-11-01 00:42:42+00:00,Browsers
514710274,1,1,1,0,0,0.0,2019-11-01 02:46:17+00:00,2019-11-01 02:46:17+00:00,Browsers
514711223,1,7,7,0,0,0.0,2019-11-01 01:38:10+00:00,2019-11-01 01:47:28+00:00,Browsers
514717948,1,4,4,0,0,0.0,2019-11-01 01:30:01+00:00,2019-11-01 01:30:45+00:00,Browsers
514718205,1,1,1,0,0,0.0,2019-11-01 02:47:57+00:00,2019-11-01 02:47:57+00:00,Browsers
514718217,1,1,1,0,0,0.0,2019-11-01 02:15:39+00:00,2019-11-01 02:15:39+00:00,Browsers
514721021,1,1,1,0,0,0.0,2019-11-01 02:34:49+00:00,2019-11-01 02:34:49+00:00,Browsers
514721092,1,4,3,0,1,38.59,2019-11-01 02:44:30+00:00,2019-11-01 02:48:22+00:00,High-value users (purchasers)
514721199,1,4,4,0,0,0.0,2019-11-01 02:33:29+00:00,2019-11-01 02:37:37+00:00,Browsers
514722202,1,8,8,0,0,0.0,2019-11-01 02:32:25+00:00,2019-11-01 02:36:53+00:00,Browsers
514725392,1,4,4,0,0,0.0,2019-11-01 02:21:07+00:00,2019-11-01 02:28:33+00:00,Browsers
514726077,2,5,5,0,0,0.0,2019-11-01 02:38:13+00:00,2019-11-01 02:41:29+00:00,Browsers
514727704,1,6,6,0,0,0.0,2019-11-01 01:39:02+00:00,2019-11-01 01:41:08+00:00,Browsers
514727881,1,7,7,0,0,0.0,2019-11-01 02:18:32+00:00,2019-11-01 02:28:34+00:00,Browsers
514729633,1,6,6,0,0,0.0,2019-11-01 02:12:33+00:00,2019-11-01 02:29:24+00:00,Browsers
514735123,1,5,5,0,0,0.0,2019-11-01 02:05:11+00:00,2019-11-01 02:07:35+00:00,Browsers
514736175,1,9,9,0,0,0.0,2019-11-01 01:30:26+00:00,2019-11-01 01:38:20+00:00,Browsers
514738567,1,7,7,0,0,0.0,2019-11-01 00:53:26+00:00,2019-11-01 01:03:45+00:00,Browsers
514740721,1,1,1,0,0,0.0,2019-11-01 02:40:56+00:00,2019-11-01 02:40:56+00:00,Browsers
514741784,1,1,1,0,0,0.0,2019-11-01 02:23:54+00:00,2019-11-01 02:23:54+00:00,Browsers
514748508,3,17,17,0,0,0.0,2019-11-01 00:56:46+00:00,2019-11-01 02:11:16+00:00,Browsers
514748946,1,1,1,0,0,0.0,2019-11-01 01:34:52+00:00,2019-11-01 01:34:52+00:00,Browsers
514749061,1,1,1,0,0,0.0,2019-11-01 01:35:09+00:00,2019-11-01 01:35:09+00:00,Browsers
514751356,1,1,1,0,0,0.0,2019-11-01 02:38:29+00:00,2019-11-01 02:38:29+00:00,Browsers
514751665,1,1,1,0,0,0.0,2019-11-01 02:29:39+00:00,2019-11-01 02:29:39+00:00,Browsers
514753967,1,1,1,0,0,0.0,2019-11-01 02:47:06+00:00,2019-11-01 02:47:06+00:00,Browsers
514754278,1,2,2,0,0,0.0,2019-11-01 02:36:52+00:00,2019-11-01 02:46:07+00:00,Browsers
514757510,1,4,4,0,0,0.0,2019-11-01 01:06:44+00:00,2019-11-01 01:09:32+00:00,Browsers
514758545,1,13,12,0,1,28.29,2019-11-01 00:27:59+00:00,2019-11-01 00:59:42+00:00,High-value users (purchasers)
514760551,2,17,17,0,0,0.0,2019-11-01 01:41:27+00:00,2019-11-01 01:54:47+00:00,Browsers
514764391,1,1,1,0,0,0.0,2019-11-01 02:17:58+00:00,2019-11-01 02:17:58+00:00,Browsers
514765466,1,12,12,0,0,0.0,2019-11-01 01:48:23+00:00,2019-11-01 01:55:34+00:00,Browsers
514766076,1,1,1,0,0,0.0,2019-11-01 02:09:09+00:00,2019-11-01 02:09:09+00:00,Browsers
514768266,1,4,4,0,0,0.0,2019-11-01 02:18:10+00:00,2019-11-01 02:20:58+00:00,Browsers
514769603,1,5,5,0,0,0.0,2019-11-01 02:44:30+00:00,2019-11-01 02:47:25+00:00,Browsers
514771105,2,3,3,0,0,0.0,2019-11-01 02:20:41+00:00,2019-11-01 02:21:41+00:00,Browsers
514771212,1,7,7,0,0,0.0,2019-11-01 01:33:09+00:00,2019-11-01 01:40:27+00:00,Browsers
514776028,1,3,3,0,0,0.0,2019-11-01 02:21:46+00:00,2019-11-01 02:22:41+00:00,Browsers
514776744,4,6,6,0,0,0.0,2019-11-01 00:56:23+00:00,2019-11-01 01:03:46+00:00,Browsers
514782235,1,3,3,0,0,0.0,2019-11-01 01:58:07+00:00,2019-11-01 02:00:34+00:00,Browsers
514782246,1,3,3,0,0,0.0,2019-11-01 00:04:18+00:00,2019-11-01 00:07:57+00:00,Browsers
514783066,1,2,2,0,0,0.0,2019-11-01 02:44:16+00:00,2019-11-01 02:46:33+00:00,Browsers
514784807,2,11,9,1,1,35.78,2019-11-01 00:52:50+00:00,2019-11-01 02:36:03+00:00,High-value users (purchasers)
514784880,1,6,6,0,0,0.0,2019-11-01 01:51:33+00:00,2019-11-01 01:53:58+00:00,Browsers
514785752,1,1,1,0,0,0.0,2019-11-01 02:18:21+00:00,2019-11-01 02:18:21+00:00,Browsers
514787667,1,1,1,0,0,0.0,2019-11-01 01:53:30+00:00,2019-11-01 01:53:30+00:00,Browsers
514788931,1,1,1,0,0,0.0,2019-11-01 00:07:16+00:00,2019-11-01 00:07:16+00:00,Browsers
514789933,1,3,3,0,0,0.0,2019-11-01 02:45:31+00:00,2019-11-01 02:46:15+00:00,Browsers
514790248,2,6,6,0,0,0.0,2019-11-01 00:57:38+00:00,2019-11-01 01:05:10+00:00,Browsers
514791393,1,17,17,0,0,0.0,2019-11-01 01:37:23+00:00,2019-11-01 01:46:00+00:00,Browsers
514791950,1,5,5,0,0,0.0,2019-11-01 02:08:16+00:00,2019-11-01 02:11:46+00:00,Browsers
514796908,1,2,2,0,0,0.0,2019-11-01 02:46:51+00:00,2019-11-01 02:47:26+00:00,Browsers
514798212,1,1,1,0,0,0.0,2019-11-01 02:37:26+00:00,2019-11-01 02:37:26+00:00,Browsers
514803895,1,1,1,0,0,0.0,2019-11-01 02:01:31+00:00,2019-11-01 02:01:31+00:00,Browsers
514807822,1,6,6,0,0,0.0,2019-11-01 01:40:11+00:00,2019-11-01 01:47:36+00:00,Browsers
514810311,1,1,1,0,0,0.0,2019-11-01 01:37:15+00:00,2019-11-01 01:37:15+00:00,Browsers
514811342,1,25,25,0,0,0.0,2019-11-01 01:49:27+00:00,2019-11-01 02:23:51+00:00,Browsers
514815245,1,9,9,0,0,0.0,2019-11-01 01:37:21+00:00,2019-11-01 01:40:54+00:00,Browsers
514822931,1,1,1,0,0,0.0,2019-11-01 02:46:24+00:00,2019-11-01 02:46:24+00:00,Browsers
514834854,1,6,6,0,0,0.0,2019-11-01 02:09:37+00:00,2019-11-01 02:14:48+00:00,Browsers
514837896,1,11,11,0,0,0.0,2019-11-01 02:07:03+00:00,2019-11-01 02:19:12+00:00,Browsers
514841582,5,5,5,0,0,0.0,2019-11-01 00:42:15+00:00,2019-11-01 00:43:51+00:00,Browsers
514857563,2,9,9,0,0,0.0,2019-11-01 02:25:56+00:00,2019-11-01 02:41:41+00:00,Browsers
514864331,1,10,10,0,0,0.0,2019-11-01 00:38:44+00:00,2019-11-01 00:42:58+00:00,Browsers
514870363,1,7,7,0,0,0.0,2019-11-01 00:15:58+00:00,2019-11-01 00:24:14+00:00,Browsers
514873605,1,1,1,0,0,0.0,2019-11-01 00:52:52+00:00,2019-11-01 00:52:52+00:00,Browsers
514877196,1,1,1,0,0,0.0,2019-11-01 02:23:17+00:00,2019-11-01 02:23:17+00:00,Browsers
514877985,1,8,8,0,0,0.0,2019-11-01 00:02:18+00:00,2019-11-01 00:04:11+00:00,Browsers
514878576,1,1,1,0,0,0.0,2019-11-01 02:15:22+00:00,2019-11-01 02:15:22+00:00,Browsers
514879067,1,1,1,0,0,0.0,2019-11-01 00:16:37+00:00,2019-11-01 00:16:37+00:00,Browsers
514880190,1,4,4,0,0,0.0,2019-11-01 00:12:02+00:00,2019-11-01 00:14:08+00:00,Browsers
514880411,1,7,7,0,0,0.0,2019-11-01 00:10:41+00:00,2019-11-01 00:19:05+00:00,Browsers
514881090,1,18,18,0,0,0.0,2019-11-01 02:38:18+00:00,2019-11-01 02:48:03+00:00,Browsers
514883214,1,29,29,0,0,0.0,2019-11-01 01:36:48+00:00,2019-11-01 01:57:51+00:00,Browsers
514885439,1,1,1,0,0,0.0,2019-11-01 01:51:38+00:00,2019-11-01 01:51:38+00:00,Browsers
514886265,1,1,1,0,0,0.0,2019-11-01 02:00:39+00:00,2019-11-01 02:00:39+00:00,Browsers
514887025,1,14,14,0,0,0.0,2019-11-01 01:58:44+00:00,2019-11-01 02:17:15+00:00,Browsers
514887096,1,1,1,0,0,0.0,2019-11-01 01:54:37+00:00,2019-11-01 01:54:37+00:00,Browsers
514887127,1,1,1,0,0,0.0,2019-11-01 00:57:57+00:00,2019-11-01 00:57:57+00:00,Browsers
514888255,1,1,1,0,0,0.0,2019-11-01 02:41:37+00:00,2019-11-01 02:41:37+00:00,Browsers
514888632,1,3,3,0,0,0.0,2019-11-01 02:33:00+00:00,2019-11-01 02:38:19+00:00,Browsers
514888851,1,9,9,0,0,0.0,2019-11-01 02:27:19+00:00,2019-11-01 02:35:55+00:00,Browsers
514889027,1,7,7,0,0,0.0,2019-11-01 02:15:21+00:00,2019-11-01 02:21:40+00:00,Browsers
514892168,4,30,30,0,0,0.0,2019-11-01 02:00:51+00:00,2019-11-01 02:46:31+00:00,Browsers
514892188,1,10,10,0,0,0.0,2019-11-01 00:59:35+00:00,2019-11-01 01:05:11+00:00,Browsers
514895849,2,6,6,0,0,0.0,2019-11-01 02:40:52+00:00,2019-11-01 02:47:47+00:00,Browsers
514896471,1,5,5,0,0,0.0,2019-11-01 02:43:17+00:00,2019-11-01 02:47:06+00:00,Browsers
514898072,1,1,1,0,0,0.0,2019-11-01 02:14:28+00:00,2019-11-01 02:14:28+00:00,Browsers
514899441,1,2,2,0,0,0.0,2019-11-01 02:31:14+00:00,2019-11-01 02:31:28+00:00,Browsers
514899481,2,2,2,0,0,0.0,2019-11-01 02:12:31+00:00,2019-11-01 02:14:37+00:00,Browsers
514901122,1,1,1,0,0,0.0,2019-11-01 02:26:19+00:00,2019-11-01 02:26:19+00:00,Browsers
514901559,1,2,2,0,0,0.0,2019-11-01 02:40:15+00:00,2019-11-01 02:40:58+00:00,Browsers
514902503,1,8,8,0,0,0.0,2019-11-01 02:18:22+00:00,2019-11-01 02:22:41+00:00,Browsers
514904737,1,9,9,0,0,0.0,2019-11-01 00:34:42+00:00,2019-11-01 00:46:13+00:00,Browsers
514906063,1,7,7,0,0,0.0,2019-11-01 01:04:36+00:00,2019-11-01 01:08:15+00:00,Browsers
514907412,1,5,5,0,0,0.0,2019-11-01 02:32:49+00:00,2019-11-01 02:34:44+00:00,Browsers
514910022,1,4,2,1,1,275.25,2019-11-01 02:42:47+00:00,2019-11-01 02:46:23+00:00,High-value users (purchasers)
514910023,1,4,4,0,0,0.0,2019-11-01 02:10:38+00:00,2019-11-01 02:14:01+00:00,Browsers
514910665,1,1,1,0,0,0.0,2019-11-01 02:27:10+00:00,2019-11-01 02:27:10+00:00,Browsers
514913626,1,1,1,0,0,0.0,2019-11-01 02:05:13+00:00,2019-11-01 02:05:13+00:00,Browsers
514913863,1,1,1,0,0,0.0,2019-11-01 02:26:11+00:00,2019-11-01 02:26:11+00:00,Browsers
514914474,1,2,2,0,0,0.0,2019-11-01 02:03:02+00:00,2019-11-01 02:03:30+00:00,Browsers
514914911,1,1,1,0,0,0.0,2019-11-01 02:35:17+00:00,2019-11-01 02:35:17+00:00,Browsers
514915621,1,4,4,0,0,0.0,2019-11-01 00:33:27+00:00,2019-11-01 00:36:03+00:00,Browsers
514916026,1,1,1,0,0,0.0,2019-11-01 02:42:25+00:00,2019-11-01 02:42:25+00:00,Browsers
514916445,2,2,2,0,0,0.0,2019-11-01 02:27:35+00:00,2019-11-01 02:29:06+00:00,Browsers
514917810,1,6,5,0,1,267.96,2019-11-01 02:10:39+00:00,2019-11-01 02:18:44+00:00,High-value users (purchasers)
514921446,1,57,57,0,0,0.0,2019-11-01 01:39:58+00:00,2019-11-01 02:12:00+00:00,Browsers
514923535,1,3,3,0,0,0.0,2019-11-01 01:39:51+00:00,2019-11-01 01:41:13+00:00,Browsers
514924903,1,3,3,0,0,0.0,2019-11-01 02:00:45+00:00,2019-11-01 02:01:39+00:00,Browsers
514925962,1,8,7,0,1,164.95,2019-11-01 01:58:38+00:00,2019-11-01 02:00:28+00:00,High-value users (purchasers)
514926111,1,17,17,0,0,0.0,2019-11-01 02:36:06+00:00,2019-11-01 02:48:10+00:00,Browsers
514929560,1,1,1,0,0,0.0,2019-11-01 00:38:38+00:00,2019-11-01 00:38:38+00:00,Browsers
514930493,1,7,7,0,0,0.0,2019-11-01 02:30:38+00:00,2019-11-01 02:42:01+00:00,Browsers
514931070,1,1,1,0,0,0.0,2019-11-01 00:42:15+00:00,2019-11-01 00:42:15+00:00,Browsers
514934545,1,7,7,0,0,0.0,2019-11-01 02:37:40+00:00,2019-11-01 02:43:50+00:00,Browsers
514935693,2,8,8,0,0,0.0,2019-11-01 00:45:34+00:00,2019-11-01 00:55:49+00:00,Browsers
514939651,1,1,1,0,0,0.0,2019-11-01 00:35:22+00:00,2019-11-01 00:35:22+00:00,Browsers
514939668,1,2,2,0,0,0.0,2019-11-01 01:31:59+00:00,2019-11-01 01:32:25+00:00,Browsers
514939976,1,3,3,0,0,0.0,2019-11-01 02:16:08+00:00,2019-11-01 02:19:10+00:00,Browsers
514940465,2,5,5,0,0,0.0,2019-11-01 01:45:20+00:00,2019-11-01 01:47:35+00:00,Browsers
514941193,2,9,9,0,0,0.0,2019-11-01 01:05:31+00:00,2019-11-01 02:16:39+00:00,Browsers
514941863,1,1,1,0,0,0.0,2019-11-01 02:47:22+00:00,2019-11-01 02:47:22+00:00,Browsers
514942914,1,2,2,0,0,0.0,2019-11-01 02:14:24+00:00,2019-11-01 02:23:27+00:00,Browsers
514943038,1,4,4,0,0,0.0,2019-11-01 02:31:06+00:00,2019-11-01 02:38:33+00:00,Browsers
514946315,1,7,7,0,0,0.0,2019-11-01 01:02:55+00:00,2019-11-01 01:08:51+00:00,Browsers
514952013,1,2,2,0,0,0.0,2019-11-01 01:01:49+00:00,2019-11-01 01:02:27+00:00,Browsers
514956986,1,2,2,0,0,0.0,2019-11-01 01:46:10+00:00,2019-11-01 01:46:55+00:00,Browsers
514957214,1,4,4,0,0,0.0,2019-11-01 02:23:52+00:00,2019-11-01 02:24:58+00:00,Browsers
514957325,1,1,1,0,0,0.0,2019-11-01 02:04:14+00:00,2019-11-01 02:04:14+00:00,Browsers
514960008,1,8,8,0,0,0.0,2019-11-01 01:52:45+00:00,2019-11-01 02:03:42+00:00,Browsers
514960497,1,2,1,0,1,28.0,2019-11-01 02:21:08+00:00,2019-11-01 02:24:25+00:00,High-value users (purchasers)
514960725,1,1,1,0,0,0.0,2019-11-01 00:41:16+00:00,2019-11-01 00:41:16+00:00,Browsers
514960997,1,1,1,0,0,0.0,2019-11-01 02:46:27+00:00,2019-11-01 02:46:27+00:00,Browsers
514961158,1,12,12,0,0,0.0,2019-11-01 02:03:36+00:00,2019-11-01 02:18:39+00:00,Browsers
514961586,1,6,6,0,0,0.0,2019-11-01 02:26:28+00:00,2019-11-01 02:37:40+00:00,Browsers
514962024,1,5,5,0,0,0.0,2019-11-01 02:37:04+00:00,2019-11-01 02:40:29+00:00,Browsers
514963529,1,1,1,0,0,0.0,2019-11-01 00:47:43+00:00,2019-11-01 00:47:43+00:00,Browsers
514964485,1,3,3,0,0,0.0,2019-11-01 02:30:53+00:00,2019-11-01 02:31:23+00:00,Browsers
514967204,1,8,8,0,0,0.0,2019-11-01 01:27:00+00:00,2019-11-01 01:32:06+00:00,Browsers
514967216,1,2,2,0,0,0.0,2019-11-01 00:13:08+00:00,2019-11-01 00:13:59+00:00,Browsers
514969342,1,2,2,0,0,0.0,2019-11-01 01:07:15+00:00,2019-11-01 01:07:50+00:00,Browsers
514970019,1,2,2,0,0,0.0,2019-11-01 00:40:36+00:00,2019-11-01 00:42:53+00:00,Browsers
514970197,1,11,11,0,0,0.0,2019-11-01 01:39:26+00:00,2019-11-01 01:42:09+00:00,Browsers
514970694,1,2,2,0,0,0.0,2019-11-01 02:04:52+00:00,2019-11-01 02:05:24+00:00,Browsers
514972544,1,1,1,0,0,0.0,2019-11-01 02:03:39+00:00,2019-11-01 02:03:39+00:00,Browsers
514974383,2,13,13,0,0,0.0,2019-11-01 02:31:59+00:00,2019-11-01 02:40:01+00:00,Browsers
514974582,1,1,1,0,0,0.0,2019-11-01 00:17:49+00:00,2019-11-01 00:17:49+00:00,Browsers
514978009,1,3,3,0,0,0.0,2019-11-01 02:16:58+00:00,2019-11-01 02:21:13+00:00,Browsers
514980094,1,28,28,0,0,0.0,2019-11-01 02:03:07+00:00,2019-11-01 02:29:58+00:00,Browsers
514980310,1,1,1,0,0,0.0,2019-11-01 02:31:16+00:00,2019-11-01 02:31:16+00:00,Browsers
514982699,1,1,1,0,0,0.0,2019-11-01 00:57:44+00:00,2019-11-01 00:57:44+00:00,Browsers
514983768,1,4,4,0,0,0.0,2019-11-01 00:31:03+00:00,2019-11-01 00:32:38+00:00,Browsers
514985745,1,2,2,0,0,0.0,2019-11-01 02:41:29+00:00,2019-11-01 02:43:05+00:00,Browsers
514986734,1,3,3,0,0,0.0,2019-11-01 02:11:46+00:00,2019-11-01 02:13:05+00:00,Browsers
514986776,1,3,3,0,0,0.0,2019-11-01 02:39:38+00:00,2019-11-01 02:40:54+00:00,Browsers
514990454,1,1,1,0,0,0.0,2019-11-01 02:11:57+00:00,2019-11-01 02:11:57+00:00,Browsers
514991148,3,11,11,0,0,0.0,2019-11-01 02:00:14+00:00,2019-11-01 02:28:13+00:00,Browsers
514991459,2,23,23,0,0,0.0,2019-11-01 01:24:48+00:00,2019-11-01 02:35:43+00:00,Browsers
514991877,1,3,3,0,0,0.0,2019-11-01 02:38:23+00:00,2019-11-01 02:41:59+00:00,Browsers
514992243,1,1,1,0,0,0.0,2019-11-01 00:53:35+00:00,2019-11-01 00:53:35+00:00,Browsers
514993456,1,4,4,0,0,0.0,2019-11-01 01:27:52+00:00,2019-11-01 01:33:09+00:00,Browsers
514994090,1,1,1,0,0,0.0,2019-11-01 01:58:18+00:00,2019-11-01 01:58:18+00:00,Browsers
514994900,1,13,13,0,0,0.0,2019-11-01 02:15:39+00:00,2019-11-01 02:38:45+00:00,Browsers
514994987,1,2,2,0,0,0.0,2019-11-01 02:32:04+00:00,2019-11-01 02:32:10+00:00,Browsers
514996121,1,1,1,0,0,0.0,2019-11-01 01:57:09+00:00,2019-11-01 01:57:09+00:00,Browsers
514997286,1,3,3,0,0,0.0,2019-11-01 02:06:28+00:00,2019-11-01 02:07:27+00:00,Browsers
514998127,1,2,2,0,0,0.0,2019-11-01 02:41:46+00:00,2019-11-01 02:42:43+00:00,Browsers
514998428,1,1,1,0,0,0.0,2019-11-01 01:02:02+00:00,2019-11-01 01:02:02+00:00,Browsers
515001305,1,3,3,0,0,0.0,2019-11-01 01:46:44+00:00,2019-11-01 01:47:22+00:00,Browsers
515001957,1,3,3,0,0,0.0,2019-11-01 01:36:37+00:00,2019-11-01 02:05:24+00:00,Browsers
515001980,1,3,3,0,0,0.0,2019-11-01 02:45:42+00:00,2019-11-01 02:47:20+00:00,Browsers
515002157,1,1,1,0,0,0.0,2019-11-01 01:41:56+00:00,2019-11-01 01:41:56+00:00,Browsers
515002210,1,2,2,0,0,0.0,2019-11-01 01:45:28+00:00,2019-11-01 01:45:54+00:00,Browsers
515005556,1,13,13,0,0,0.0,2019-11-01 00:06:33+00:00,2019-11-01 00:12:16+00:00,Browsers
515005612,1,2,2,0,0,0.0,2019-11-01 02:09:59+00:00,2019-11-01 02:10:17+00:00,Browsers
515007176,1,3,3,0,0,0.0,2019-11-01 01:07:48+00:00,2019-11-01 01:09:17+00:00,Browsers
515008525,1,6,6,0,0,0.0,2019-11-01 00:48:46+00:00,2019-11-01 00:56:46+00:00,Browsers
515011468,1,2,2,0,0,0.0,2019-11-01 02:31:12+00:00,2019-11-01 02:34:26+00:00,Browsers
515012396,1,9,9,0,0,0.0,2019-11-01 01:45:22+00:00,2019-11-01 01:47:41+00:00,Browsers
515013138,1,4,4,0,0,0.0,2019-11-01 00:58:19+00:00,2019-11-01 01:01:55+00:00,Browsers
515016965,1,2,2,0,0,0.0,2019-11-01 00:30:15+00:00,2019-11-01 00:39:02+00:00,Browsers
515018219,1,11,11,0,0,0.0,2019-11-01 02:38:15+00:00,2019-11-01 02:47:06+00:00,Browsers
515024411,1,1,1,0,0,0.0,2019-11-01 02:45:02+00:00,2019-11-01 02:45:02+00:00,Browsers
515029126,1,1,1,0,0,0.0,2019-11-01 02:33:57+00:00,2019-11-01 02:33:57+00:00,Browsers
515031178,1,8,8,0,0,0.0,2019-11-01 00:24:00+00:00,2019-11-01 00:27:56+00:00,Browsers
515031556,1,2,2,0,0,0.0,2019-11-01 02:05:05+00:00,2019-11-01 02:05:27+00:00,Browsers
515031568,1,7,7,0,0,0.0,2019-11-01 00:19:56+00:00,2019-11-01 00:31:14+00:00,Browsers
515032366,1,1,1,0,0,0.0,2019-11-01 02:05:38+00:00,2019-11-01 02:05:38+00:00,Browsers
515032459,1,1,1,0,0,0.0,2019-11-01 02:48:07+00:00,2019-11-01 02:48:07+00:00,Browsers
515032901,1,12,12,0,0,0.0,2019-11-01 01:35:16+00:00,2019-11-01 01:38:47+00:00,Browsers
515034341,1,5,5,0,0,0.0,2019-11-01 01:02:08+00:00,2019-11-01 01:05:03+00:00,Browsers
515034723,1,19,19,0,0,0.0,2019-11-01 01:49:18+00:00,2019-11-01 02:00:25+00:00,Browsers
515034806,1,1,1,0,0,0.0,2019-11-01 02:25:22+00:00,2019-11-01 02:25:22+00:00,Browsers
515036787,1,2,2,0,0,0.0,2019-11-01 02:15:30+00:00,2019-11-01 02:15:51+00:00,Browsers
515037446,1,1,1,0,0,0.0,2019-11-01 02:21:56+00:00,2019-11-01 02:21:56+00:00,Browsers
515039974,1,9,9,0,0,0.0,2019-11-01 00:41:39+00:00,2019-11-01 01:06:04+00:00,Browsers
515046593,1,4,4,0,0,0.0,2019-11-01 02:44:43+00:00,2019-11-01 02:48:15+00:00,Browsers
515048143,1,1,1,0,0,0.0,2019-11-01 02:03:04+00:00,2019-11-01 02:03:04+00:00,Browsers
515050789,1,1,1,0,0,0.0,2019-11-01 00:31:34+00:00,2019-11-01 00:31:34+00:00,Browsers
515051763,1,15,14,1,0,0.0,2019-11-01 02:00:37+00:00,2019-11-01 02:14:08+00:00,Cart abandoners
515053370,1,3,3,0,0,0.0,2019-11-01 02:24:52+00:00,2019-11-01 02:25:58+00:00,Browsers
515055282,1,8,6,0,2,653.53,2019-11-01 02:03:11+00:00,2019-11-01 02:09:36+00:00,High-value users (purchasers)
515057215,2,7,6,0,1,293.69,2019-11-01 02:01:01+00:00,2019-11-01 02:12:11+00:00,High-value users (purchasers)
515057888,1,1,1,0,0,0.0,2019-11-01 02:30:02+00:00,2019-11-01 02:30:02+00:00,Browsers
515058300,1,1,1,0,0,0.0,2019-11-01 02:15:29+00:00,2019-11-01 02:15:29+00:00,Browsers
515058888,1,1,1,0,0,0.0,2019-11-01 02:15:25+00:00,2019-11-01 02:15:25+00:00,Browsers
515061811,1,6,6,0,0,0.0,2019-11-01 02:45:11+00:00,2019-11-01 02:46:29+00:00,Browsers
515064561,2,2,2,0,0,0.0,2019-11-01 02:16:00+00:00,2019-11-01 02:23:08+00:00,Browsers
515064844,1,2,2,0,0,0.0,2019-11-01 02:27:04+00:00,2019-11-01 02:28:54+00:00,Browsers
515065100,1,2,2,0,0,0.0,2019-11-01 02:36:32+00:00,2019-11-01 02:36:51+00:00,Browsers
515065241,1,7,7,0,0,0.0,2019-11-01 02:43:44+00:00,2019-11-01 02:47:39+00:00,Browsers
515069022,1,11,11,0,0,0.0,2019-11-01 02:14:56+00:00,2019-11-01 02:20:57+00:00,Browsers
515072031,1,1,1,0,0,0.0,2019-11-01 02:38:48+00:00,2019-11-01 02:38:48+00:00,Browsers
515075737,1,15,14,0,1,77.74,2019-11-01 02:26:06+00:00,2019-11-01 02:43:17+00:00,High-value users (purchasers)
515083472,1,1,1,0,0,0.0,2019-11-01 01:32:47+00:00,2019-11-01 01:32:47+00:00,Browsers
515086369,1,8,8,0,0,0.0,2019-11-01 00:57:11+00:00,2019-11-01 00:59:40+00:00,Browsers
515087334,1,8,8,0,0,0.0,2019-11-01 01:31:16+00:00,2019-11-01 01:49:44+00:00,Browsers
515089842,2,8,7,0,1,757.7,2019-11-01 00:20:02+00:00,2019-11-01 01:05:41+00:00,High-value users (purchasers)
515091362,1,7,7,0,0,0.0,2019-11-01 00:13:42+00:00,2019-11-01 00:18:01+00:00,Browsers
515091975,1,8,8,0,0,0.0,2019-11-01 02:37:27+00:00,2019-11-01 02:42:43+00:00,Browsers
515093920,1,4,4,0,0,0.0,2019-11-01 01:04:19+00:00,2019-11-01 01:05:25+00:00,Browsers
515094333,1,2,2,0,0,0.0,2019-11-01 02:15:24+00:00,2019-11-01 02:16:32+00:00,Browsers
515101725,1,2,2,0,0,0.0,2019-11-01 01:43:02+00:00,2019-11-01 01:43:47+00:00,Browsers
515104981,1,1,1,0,0,0.0,2019-11-01 02:23:02+00:00,2019-11-01 02:23:02+00:00,Browsers
515106267,1,5,5,0,0,0.0,2019-11-01 02:07:40+00:00,2019-11-01 02:08:26+00:00,Browsers
515110214,1,3,3,0,0,0.0,2019-11-01 02:34:48+00:00,2019-11-01 02:38:41+00:00,Browsers
515110764,1,13,13,0,0,0.0,2019-11-01 02:17:24+00:00,2019-11-01 02:23:32+00:00,Browsers
515111122,1,3,3,0,0,0.0,2019-11-01 02:38:41+00:00,2019-11-01 02:40:24+00:00,Browsers
515114346,1,2,1,0,1,458.28,2019-11-01 01:59:45+00:00,2019-11-01 02:00:05+00:00,High-value users (purchasers)
515118015,1,3,3,0,0,0.0,2019-11-01 02:43:42+00:00,2019-11-01 02:47:59+00:00,Browsers
515125486,1,17,17,0,0,0.0,2019-11-01 02:31:15+00:00,2019-11-01 02:44:32+00:00,Browsers
515125677,1,1,1,0,0,0.0,2019-11-01 02:04:39+00:00,2019-11-01 02:04:39+00:00,Browsers
515125946,1,22,22,0,0,0.0,2019-11-01 02:28:38+00:00,2019-11-01 02:48:01+00:00,Browsers
515126136,1,5,5,0,0,0.0,2019-11-01 02:43:35+00:00,2019-11-01 02:45:01+00:00,Browsers
515127896,2,9,9,0,0,0.0,2019-11-01 02:24:52+00:00,2019-11-01 02:35:45+00:00,Browsers
515127941,2,21,21,0,0,0.0,2019-11-01 01:20:56+00:00,2019-11-01 01:59:25+00:00,Browsers
515129025,1,2,2,0,0,0.0,2019-11-01 01:36:35+00:00,2019-11-01 01:37:20+00:00,Browsers
515129276,1,7,7,0,0,0.0,2019-11-01 02:15:45+00:00,2019-11-01 02:26:21+00:00,Browsers
515129681,2,86,86,0,0,0.0,2019-11-01 01:28:01+00:00,2019-11-01 02:24:11+00:00,Browsers
515132736,3,14,14,0,0,0.0,2019-11-01 01:43:51+00:00,2019-11-01 02:31:57+00:00,Browsers
515132797,1,4,4,0,0,0.0,2019-11-01 00:00:19+00:00,2019-11-01 00:01:10+00:00,Browsers
515133128,1,2,2,0,0,0.0,2019-11-01 01:41:51+00:00,2019-11-01 01:47:28+00:00,Browsers
515136785,1,3,1,2,0,0.0,2019-11-01 02:38:57+00:00,2019-11-01 02:39:57+00:00,Cart abandoners
515141165,1,1,1,0,0,0.0,2019-11-01 00:56:57+00:00,2019-11-01 00:56:57+00:00,Browsers
515142989,1,3,3,0,0,0.0,2019-11-01 02:21:36+00:00,2019-11-01 02:24:54+00:00,Browsers
515144680,1,3,3,0,0,0.0,2019-11-01 00:50:39+00:00,2019-11-01 00:52:57+00:00,Browsers
515145693,1,1,1,0,0,0.0,2019-11-01 02:30:45+00:00,2019-11-01 02:30:45+00:00,Browsers
515145806,1,15,15,0,0,0.0,2019-11-01 02:27:45+00:00,2019-11-01 02:42:51+00:00,Browsers
515146468,1,4,4,0,0,0.0,2019-11-01 02:12:37+00:00,2019-11-01 02:17:49+00:00,Browsers
515147590,1,2,1,0,1,42.47,2019-11-01 01:34:58+00:00,2019-11-01 01:42:14+00:00,High-value users (purchasers)
515152363,1,1,1,0,0,0.0,2019-11-01 01:08:24+00:00,2019-11-01 01:08:24+00:00,Browsers
515157603,3,5,5,0,0,0.0,2019-11-01 02:37:33+00:00,2019-11-01 02:42:35+00:00,Browsers
515159963,2,6,6,0,0,0.0,2019-11-01 01:01:44+00:00,2019-11-01 02:16:44+00:00,Browsers
515160106,1,3,3,0,0,0.0,2019-11-01 02:04:11+00:00,2019-11-01 02:05:32+00:00,Browsers
515160706,1,1,1,0,0,0.0,2019-11-01 01:08:39+00:00,2019-11-01 01:08:39+00:00,Browsers
515163216,1,1,1,0,0,0.0,2019-11-01 02:29:18+00:00,2019-11-01 02:29:18+00:00,Browsers
515167299,3,9,8,0,1,52.92,2019-11-01 00:50:45+00:00,2019-11-01 01:02:52+00:00,High-value users (purchasers)
515169875,1,1,1,0,0,0.0,2019-11-01 01:07:00+00:00,2019-11-01 01:07:00+00:00,Browsers
515169904,1,3,3,0,0,0.0,2019-11-01 00:23:38+00:00,2019-11-01 00:31:36+00:00,Browsers
515173513,1,1,1,0,0,0.0,2019-11-01 02:26:14+00:00,2019-11-01 02:26:14+00:00,Browsers
515178711,1,2,2,0,0,0.0,2019-11-01 02:29:09+00:00,2019-11-01 02:30:20+00:00,Browsers
515179716,1,25,25,0,0,0.0,2019-11-01 02:21:36+00:00,2019-11-01 02:26:34+00:00,Browsers
515183244,1,4,4,0,0,0.0,2019-11-01 01:58:54+00:00,2019-11-01 02:22:05+00:00,Browsers
515183836,1,2,2,0,0,0.0,2019-11-01 02:06:45+00:00,2019-11-01 02:07:54+00:00,Browsers
515183942,1,2,2,0,0,0.0,2019-11-01 01:54:37+00:00,2019-11-01 01:55:48+00:00,Browsers
515186103,1,2,2,0,0,0.0,2019-11-01 02:28:34+00:00,2019-11-01 02:31:32+00:00,Browsers
515187368,1,1,1,0,0,0.0,2019-11-01 01:05:14+00:00,2019-11-01 01:05:14+00:00,Browsers
515187791,1,1,1,0,0,0.0,2019-11-01 02:12:27+00:00,2019-11-01 02:12:27+00:00,Browsers
515194602,1,5,5,0,0,0.0,2019-11-01 02:14:43+00:00,2019-11-01 02:20:12+00:00,Browsers
515198853,2,3,3,0,0,0.0,2019-11-01 02:08:54+00:00,2019-11-01 02:10:32+00:00,Browsers
515200481,1,1,1,0,0,0.0,2019-11-01 00:47:09+00:00,2019-11-01 00:47:09+00:00,Browsers
515210462,2,2,2,0,0,0.0,2019-11-01 01:42:26+00:00,2019-11-01 01:43:37+00:00,Browsers
515210858,1,4,4,0,0,0.0,2019-11-01 02:11:19+00:00,2019-11-01 02:15:20+00:00,Browsers
515211248,1,1,1,0,0,0.0,2019-11-01 01:59:29+00:00,2019-11-01 01:59:29+00:00,Browsers
515212775,1,2,2,0,0,0.0,2019-11-01 00:41:42+00:00,2019-11-01 00:42:14+00:00,Browsers
515215414,1,1,1,0,0,0.0,2019-11-01 02:21:56+00:00,2019-11-01 02:21:56+00:00,Browsers
515216666,1,9,9,0,0,0.0,2019-11-01 02:33:01+00:00,2019-11-01 02:45:35+00:00,Browsers
515216962,1,1,1,0,0,0.0,2019-11-01 02:19:34+00:00,2019-11-01 02:19:34+00:00,Browsers
515221357,1,4,4,0,0,0.0,2019-11-01 02:22:39+00:00,2019-11-01 02:23:41+00:00,Browsers
515221405,1,2,2,0,0,0.0,2019-11-01 01:55:24+00:00,2019-11-01 01:58:20+00:00,Browsers
515224295,1,3,3,0,0,0.0,2019-11-01 01:41:16+00:00,2019-11-01 01:44:49+00:00,Browsers
515225999,1,2,2,0,0,0.0,2019-11-01 02:30:12+00:00,2019-11-01 02:30:24+00:00,Browsers
515238150,1,1,1,0,0,0.0,2019-11-01 00:55:58+00:00,2019-11-01 00:55:58+00:00,Browsers
515238387,2,8,6,2,0,0.0,2019-11-01 00:37:29+00:00,2019-11-01 02:44:53+00:00,Cart abandoners
515238741,1,1,1,0,0,0.0,2019-11-01 00:54:33+00:00,2019-11-01 00:54:33+00:00,Browsers
515240495,1,4,3,0,1,254.78,2019-11-01 00:00:56+00:00,2019-11-01 00:08:40+00:00,High-value users (purchasers)
515246660,1,3,3,0,0,0.0,2019-11-01 02:44:14+00:00,2019-11-01 02:48:04+00:00,Browsers
515256625,1,1,1,0,0,0.0,2019-11-01 02:47:20+00:00,2019-11-01 02:47:20+00:00,Browsers
515257224,1,2,2,0,0,0.0,2019-11-01 02:16:15+00:00,2019-11-01 02:16:51+00:00,Browsers
515262836,1,1,1,0,0,0.0,2019-11-01 02:31:32+00:00,2019-11-01 02:31:32+00:00,Browsers
515264178,2,4,4,0,0,0.0,2019-11-01 01:55:11+00:00,2019-11-01 01:58:57+00:00,Browsers
515265097,1,1,1,0,0,0.0,2019-11-01 02:47:43+00:00,2019-11-01 02:47:43+00:00,Browsers
515265689,1,4,4,0,0,0.0,2019-11-01 00:57:42+00:00,2019-11-01 01:02:01+00:00,Browsers
515307511,1,1,1,0,0,0.0,2019-11-01 00:10:21+00:00,2019-11-01 00:10:21+00:00,Browsers
515311716,1,2,2,0,0,0.0,2019-11-01 00:52:54+00:00,2019-11-01 00:54:09+00:00,Browsers
515314267,1,7,7,0,0,0.0,2019-11-01 01:49:08+00:00,2019-11-01 01:54:33+00:00,Browsers
515315334,1,5,5,0,0,0.0,2019-11-01 01:39:06+00:00,2019-11-01 01:43:39+00:00,Browsers
515315535,1,1,1,0,0,0.0,2019-11-01 02:47:05+00:00,2019-11-01 02:47:05+00:00,Browsers
515317860,1,4,4,0,0,0.0,2019-11-01 01:56:11+00:00,2019-11-01 02:04:36+00:00,Browsers
515318237,1,2,2,0,0,0.0,2019-11-01 02:12:49+00:00,2019-11-01 02:13:39+00:00,Browsers
515318548,1,1,1,0,0,0.0,2019-11-01 02:11:35+00:00,2019-11-01 02:11:35+00:00,Browsers
515321620,1,1,1,0,0,0.0,2019-11-01 01:45:09+00:00,2019-11-01 01:45:09+00:00,Browsers
515324701,1,1,1,0,0,0.0,2019-11-01 02:15:04+00:00,2019-11-01 02:15:04+00:00,Browsers
515324727,1,2,2,0,0,0.0,2019-11-01 00:51:27+00:00,2019-11-01 00:52:13+00:00,Browsers
515324770,1,10,10,0,0,0.0,2019-11-01 02:00:55+00:00,2019-11-01 02:05:58+00:00,Browsers
515325680,1,1,1,0,0,0.0,2019-11-01 01:57:00+00:00,2019-11-01 01:57:00+00:00,Browsers
515327276,1,1,1,0,0,0.0,2019-11-01 02:00:51+00:00,2019-11-01 02:00:51+00:00,Browsers
515327690,1,20,20,0,0,0.0,2019-11-01 01:39:40+00:00,2019-11-01 02:01:29+00:00,Browsers
515330909,1,1,1,0,0,0.0,2019-11-01 02:01:58+00:00,2019-11-01 02:01:58+00:00,Browsers
515332369,1,6,6,0,0,0.0,2019-11-01 02:43:02+00:00,2019-11-01 02:47:45+00:00,Browsers
515333229,1,6,6,0,0,0.0,2019-11-01 02:02:37+00:00,2019-11-01 02:08:03+00:00,Browsers
515333863,1,7,7,0,0,0.0,2019-11-01 02:15:02+00:00,2019-11-01 02:19:18+00:00,Browsers
515334127,1,6,5,1,0,0.0,2019-11-01 01:01:53+00:00,2019-11-01 01:03:33+00:00,Cart abandoners
515335435,1,3,3,0,0,0.0,2019-11-01 02:08:20+00:00,2019-11-01 02:08:41+00:00,Browsers
515336099,1,7,7,0,0,0.0,2019-11-01 02:15:42+00:00,2019-11-01 02:19:17+00:00,Browsers
515339751,1,5,5,0,0,0.0,2019-11-01 00:07:22+00:00,2019-11-01 00:16:31+00:00,Browsers
515342189,1,8,8,0,0,0.0,2019-11-01 01:40:25+00:00,2019-11-01 01:55:07+00:00,Browsers
515342743,1,13,13,0,0,0.0,2019-11-01 02:43:39+00:00,2019-11-01 02:46:31+00:00,Browsers
515343136,1,2,2,0,0,0.0,2019-11-01 02:09:03+00:00,2019-11-01 02:10:27+00:00,Browsers
515343213,2,3,3,0,0,0.0,2019-11-01 02:31:12+00:00,2019-11-01 02:33:14+00:00,Browsers
515343915,1,1,1,0,0,0.0,2019-11-01 02:24:56+00:00,2019-11-01 02:24:56+00:00,Browsers
515344505,1,27,27,0,0,0.0,2019-11-01 02:34:55+00:00,2019-11-01 02:43:43+00:00,Browsers
515345703,3,11,11,0,0,0.0,2019-11-01 01:38:18+00:00,2019-11-01 01:47:54+00:00,Browsers
515352363,2,3,3,0,0,0.0,2019-11-01 02:29:26+00:00,2019-11-01 02:38:38+00:00,Browsers
515352827,3,6,6,0,0,0.0,2019-11-01 00:48:16+00:00,2019-11-01 01:36:49+00:00,Browsers
515354540,1,1,1,0,0,0.0,2019-11-01 02:38:35+00:00,2019-11-01 02:38:35+00:00,Browsers
515359550,1,1,1,0,0,0.0,2019-11-01 01:51:05+00:00,2019-11-01 01:51:05+00:00,Browsers
515362816,1,12,12,0,0,0.0,2019-11-01 01:50:17+00:00,2019-11-01 01:55:18+00:00,Browsers
515363483,1,2,2,0,0,0.0,2019-11-01 01:59:11+00:00,2019-11-01 02:45:26+00:00,Browsers
515363922,1,2,2,0,0,0.0,2019-11-01 02:43:57+00:00,2019-11-01 02:44:09+00:00,Browsers
515379129,1,1,1,0,0,0.0,2019-11-01 01:43:18+00:00,2019-11-01 01:43:18+00:00,Browsers
515380174,1,2,2,0,0,0.0,2019-11-01 02:47:04+00:00,2019-11-01 02:47:32+00:00,Browsers
515381935,1,2,2,0,0,0.0,2019-11-01 01:37:24+00:00,2019-11-01 01:37:55+00:00,Browsers
515382611,1,10,10,0,0,0.0,2019-11-01 00:43:54+00:00,2019-11-01 00:50:51+00:00,Browsers
515396572,1,1,1,0,0,0.0,2019-11-01 01:54:04+00:00,2019-11-01 01:54:04+00:00,Browsers
515401323,1,6,6,0,0,0.0,2019-11-01 02:42:20+00:00,2019-11-01 02:46:02+00:00,Browsers
515411265,1,2,2,0,0,0.0,2019-11-01 01:31:36+00:00,2019-11-01 01:35:53+00:00,Browsers
515411537,1,5,5,0,0,0.0,2019-11-01 02:37:54+00:00,2019-11-01 02:41:52+00:00,Browsers
515412235,1,1,1,0,0,0.0,2019-11-01 02:38:50+00:00,2019-11-01 02:38:50+00:00,Browsers
515413278,1,1,1,0,0,0.0,2019-11-01 02:40:44+00:00,2019-11-01 02:40:44+00:00,Browsers
515413491,1,1,1,0,0,0.0,2019-11-01 02:18:41+00:00,2019-11-01 02:18:41+00:00,Browsers
515413845,1,1,1,0,0,0.0,2019-11-01 02:29:21+00:00,2019-11-01 02:29:21+00:00,Browsers
515418476,1,26,26,0,0,0.0,2019-11-01 02:33:11+00:00,2019-11-01 02:47:02+00:00,Browsers
515424960,1,1,1,0,0,0.0,2019-11-01 02:05:02+00:00,2019-11-01 02:05:02+00:00,Browsers
515425969,1,1,1,0,0,0.0,2019-11-01 00:38:01+00:00,2019-11-01 00:38:01+00:00,Browsers
515427153,1,2,2,0,0,0.0,2019-11-01 01:36:58+00:00,2019-11-01 01:37:20+00:00,Browsers
515428390,1,5,5,0,0,0.0,2019-11-01 02:26:05+00:00,2019-11-01 02:30:36+00:00,Browsers
515430124,1,2,2,0,0,0.0,2019-11-01 01:31:06+00:00,2019-11-01 01:32:02+00:00,Browsers
515430525,1,2,2,0,0,0.0,2019-11-01 01:05:13+00:00,2019-11-01 01:05:22+00:00,Browsers
515431690,1,3,3,0,0,0.0,2019-11-01 00:27:53+00:00,2019-11-01 00:29:07+00:00,Browsers
515434401,1,11,11,0,0,0.0,2019-11-01 02:03:06+00:00,2019-11-01 02:19:02+00:00,Browsers
515436196,1,1,1,0,0,0.0,2019-11-01 01:39:01+00:00,2019-11-01 01:39:01+00:00,Browsers
515437140,2,8,8,0,0,0.0,2019-11-01 02:37:30+00:00,2019-11-01 02:46:08+00:00,Browsers
515443038,1,1,1,0,0,0.0,2019-11-01 02:11:15+00:00,2019-11-01 02:11:15+00:00,Browsers
515444726,1,2,2,0,0,0.0,2019-11-01 01:56:53+00:00,2019-11-01 01:59:55+00:00,Browsers
515450673,2,5,5,0,0,0.0,2019-11-01 01:41:47+00:00,2019-11-01 01:45:14+00:00,Browsers
515453553,1,1,1,0,0,0.0,2019-11-01 02:01:05+00:00,2019-11-01 02:01:05+00:00,Browsers
515456399,1,10,10,0,0,0.0,2019-11-01 02:42:02+00:00,2019-11-01 02:44:50+00:00,Browsers
515456957,1,2,2,0,0,0.0,2019-11-01 01:58:34+00:00,2019-11-01 02:00:08+00:00,Browsers
515458533,2,6,6,0,0,0.0,2019-11-01 01:54:33+00:00,2019-11-01 02:01:34+00:00,Browsers
515461702,1,6,6,0,0,0.0,2019-11-01 02:18:18+00:00,2019-11-01 02:23:59+00:00,Browsers
515462764,1,2,2,0,0,0.0,2019-11-01 02:19:47+00:00,2019-11-01 02:21:35+00:00,Browsers
515465947,1,4,4,0,0,0.0,2019-11-01 02:34:58+00:00,2019-11-01 02:36:51+00:00,Browsers
515468122,1,9,9,0,0,0.0,2019-11-01 01:57:40+00:00,2019-11-01 02:07:21+00:00,Browsers
515470985,1,7,7,0,0,0.0,2019-11-01 02:27:34+00:00,2019-11-01 02:37:40+00:00,Browsers
515472639,1,8,7,0,1,32.69,2019-11-01 02:32:20+00:00,2019-11-01 02:41:10+00:00,High-value users (purchasers)
515474976,1,25,25,0,0,0.0,2019-11-01 00:01:34+00:00,2019-11-01 00:18:59+00:00,Browsers
515477727,1,1,1,0,0,0.0,2019-11-01 02:16:16+00:00,2019-11-01 02:16:16+00:00,Browsers
515478851,1,1,1,0,0,0.0,2019-11-01 00:19:39+00:00,2019-11-01 00:19:39+00:00,Browsers
515480082,1,23,23,0,0,0.0,2019-11-01 00:14:15+00:00,2019-11-01 00:29:32+00:00,Browsers
515483057,1,1,1,0,0,0.0,2019-11-01 02:12:44+00:00,2019-11-01 02:12:44+00:00,Browsers
515491525,1,3,3,0,0,0.0,2019-11-01 00:35:40+00:00,2019-11-01 00:36:10+00:00,Browsers
515496411,1,1,1,0,0,0.0,2019-11-01 01:58:33+00:00,2019-11-01 01:58:33+00:00,Browsers
515499257,1,1,1,0,0,0.0,2019-11-01 02:24:49+00:00,2019-11-01 02:24:49+00:00,Browsers
515500527,1,3,3,0,0,0.0,2019-11-01 02:06:51+00:00,2019-11-01 02:10:31+00:00,Browsers
515501700,1,1,1,0,0,0.0,2019-11-01 02:47:31+00:00,2019-11-01 02:47:31+00:00,Browsers
515513688,1,1,1,0,0,0.0,2019-11-01 02:42:45+00:00,2019-11-01 02:42:45+00:00,Browsers
515518714,1,1,1,0,0,0.0,2019-11-01 01:08:27+00:00,2019-11-01 01:08:27+00:00,Browsers
515521256,2,7,6,0,1,463.31,2019-11-01 01:28:14+00:00,2019-11-01 01:40:24+00:00,High-value users (purchasers)
515522525,1,2,2,0,0,0.0,2019-11-01 00:05:24+00:00,2019-11-01 00:06:41+00:00,Browsers
515522526,1,2,2,0,0,0.0,2019-11-01 00:22:10+00:00,2019-11-01 00:22:31+00:00,Browsers
515524327,1,1,1,0,0,0.0,2019-11-01 01:41:49+00:00,2019-11-01 01:41:49+00:00,Browsers
515525222,1,4,4,0,0,0.0,2019-11-01 02:43:42+00:00,2019-11-01 02:44:18+00:00,Browsers
515529798,1,8,8,0,0,0.0,2019-11-01 00:51:41+00:00,2019-11-01 00:57:19+00:00,Browsers
515531985,2,10,9,0,1,66.87,2019-11-01 01:41:21+00:00,2019-11-01 01:57:36+00:00,High-value users (purchasers)
515533781,1,4,4,0,0,0.0,2019-11-01 02:40:34+00:00,2019-11-01 02:43:01+00:00,Browsers
515534826,1,11,9,1,1,1348.61,2019-11-01 02:27:07+00:00,2019-11-01 02:31:17+00:00,High-value users (purchasers)
515537596,3,21,21,0,0,0.0,2019-11-01 00:26:40+00:00,2019-11-01 01:30:35+00:00,Browsers
515544527,1,3,3,0,0,0.0,2019-11-01 01:45:22+00:00,2019-11-01 01:52:03+00:00,Browsers
515544556,1,6,6,0,0,0.0,2019-11-01 02:09:53+00:00,2019-11-01 02:17:51+00:00,Browsers
515545306,2,5,5,0,0,0.0,2019-11-01 02:00:18+00:00,2019-11-01 02:02:16+00:00,Browsers
515547685,1,2,2,0,0,0.0,2019-11-01 00:26:03+00:00,2019-11-01 00:27:13+00:00,Browsers
515548480,1,4,4,0,0,0.0,2019-11-01 02:26:22+00:00,2019-11-01 02:29:16+00:00,Browsers
515550181,1,1,1,0,0,0.0,2019-11-01 01:46:15+00:00,2019-11-01 01:46:15+00:00,Browsers
515550869,1,3,1,1,1,242.63,2019-11-01 02:35:50+00:00,2019-11-01 02:39:36+00:00,High-value users (purchasers)
515552513,1,2,2,0,0,0.0,2019-11-01 02:45:00+00:00,2019-11-01 02:46:18+00:00,Browsers
515553736,1,2,2,0,0,0.0,2019-11-01 02:46:14+00:00,2019-11-01 02:46:59+00:00,Browsers
515557792,1,3,3,0,0,0.0,2019-11-01 02:15:42+00:00,2019-11-01 02:19:10+00:00,Browsers
515559888,1,1,1,0,0,0.0,2019-11-01 02:38:31+00:00,2019-11-01 02:38:31+00:00,Browsers
515561413,2,13,12,1,0,0.0,2019-11-01 01:47:49+00:00,2019-11-01 02:16:44+00:00,Cart abandoners
515561518,1,4,4,0,0,0.0,2019-11-01 02:24:02+00:00,2019-11-01 02:24:51+00:00,Browsers
515569825,1,5,5,0,0,0.0,2019-11-01 02:31:24+00:00,2019-11-01 02:47:08+00:00,Browsers
515573048,1,9,9,0,0,0.0,2019-11-01 02:05:23+00:00,2019-11-01 02:13:45+00:00,Browsers
515578213,1,2,2,0,0,0.0,2019-11-01 02:42:51+00:00,2019-11-01 02:43:37+00:00,Browsers
515579993,1,2,2,0,0,0.0,2019-11-01 01:45:40+00:00,2019-11-01 01:46:13+00:00,Browsers
515580257,1,3,3,0,0,0.0,2019-11-01 01:33:52+00:00,2019-11-01 02:19:39+00:00,Browsers
515581474,1,15,15,0,0,0.0,2019-11-01 01:38:01+00:00,2019-11-01 01:51:55+00:00,Browsers
515582991,1,2,2,0,0,0.0,2019-11-01 02:20:19+00:00,2019-11-01 02:21:14+00:00,Browsers
515583189,1,1,1,0,0,0.0,2019-11-01 00:56:14+00:00,2019-11-01 00:56:14+00:00,Browsers
515584755,2,14,14,0,0,0.0,2019-11-01 02:07:55+00:00,2019-11-01 02:32:29+00:00,Browsers
515586526,1,4,4,0,0,0.0,2019-11-01 01:06:14+00:00,2019-11-01 01:08:52+00:00,Browsers
515587200,1,3,3,0,0,0.0,2019-11-01 02:34:07+00:00,2019-11-01 02:35:32+00:00,Browsers
515589355,1,2,2,0,0,0.0,2019-11-01 00:10:01+00:00,2019-11-01 00:10:34+00:00,Browsers
515591126,1,1,1,0,0,0.0,2019-11-01 02:20:17+00:00,2019-11-01 02:20:17+00:00,Browsers
515591223,2,14,14,0,0,0.0,2019-11-01 02:01:31+00:00,2019-11-01 02:18:05+00:00,Browsers
515598551,1,4,4,0,0,0.0,2019-11-01 02:33:35+00:00,2019-11-01 02:35:31+00:00,Browsers
515605773,1,2,2,0,0,0.0,2019-11-01 02:44:00+00:00,2019-11-01 02:48:24+00:00,Browsers
515607088,1,1,1,0,0,0.0,2019-11-01 02:35:26+00:00,2019-11-01 02:35:26+00:00,Browsers
515609945,1,1,1,0,0,0.0,2019-11-01 02:43:01+00:00,2019-11-01 02:43:01+00:00,Browsers
515612395,1,1,1,0,0,0.0,2019-11-01 02:10:17+00:00,2019-11-01 02:10:17+00:00,Browsers
515613191,2,5,5,0,0,0.0,2019-11-01 01:57:51+00:00,2019-11-01 02:40:37+00:00,Browsers
515613651,1,1,1,0,0,0.0,2019-11-01 02:21:27+00:00,2019-11-01 02:21:27+00:00,Browsers
515613971,1,1,1,0,0,0.0,2019-11-01 01:51:24+00:00,2019-11-01 01:51:24+00:00,Browsers
515616480,2,4,4,0,0,0.0,2019-11-01 01:04:28+00:00,2019-11-01 01:07:24+00:00,Browsers
515617860,1,9,9,0,0,0.0,2019-11-01 02:05:58+00:00,2019-11-01 02:22:14+00:00,Browsers
515618177,1,14,14,0,0,0.0,2019-11-01 01:40:05+00:00,2019-11-01 01:50:36+00:00,Browsers
515618595,1,2,2,0,0,0.0,2019-11-01 02:25:55+00:00,2019-11-01 02:26:25+00:00,Browsers
515619498,1,3,3,0,0,0.0,2019-11-01 01:45:55+00:00,2019-11-01 01:46:27+00:00,Browsers
515623233,1,2,2,0,0,0.0,2019-11-01 02:03:50+00:00,2019-11-01 02:04:19+00:00,Browsers
515624680,1,7,7,0,0,0.0,2019-11-01 02:33:46+00:00,2019-11-01 02:39:15+00:00,Browsers
515625596,1,1,1,0,0,0.0,2019-11-01 02:20:35+00:00,2019-11-01 02:20:35+00:00,Browsers
515625770,4,5,5,0,0,0.0,2019-11-01 00:45:56+00:00,2019-11-01 00:59:15+00:00,Browsers
515625875,3,11,11,0,0,0.0,2019-11-01 02:10:43+00:00,2019-11-01 02:29:47+00:00,Browsers
515629946,1,5,4,1,0,0.0,2019-11-01 02:31:56+00:00,2019-11-01 02:32:32+00:00,Cart abandoners
515634110,1,1,1,0,0,0.0,2019-11-01 02:08:17+00:00,2019-11-01 02:08:17+00:00,Browsers
515637433,1,2,2,0,0,0.0,2019-11-01 01:36:43+00:00,2019-11-01 01:38:50+00:00,Browsers
515639028,1,17,17,0,0,0.0,2019-11-01 00:25:06+00:00,2019-11-01 00:39:45+00:00,Browsers
515639582,1,3,3,0,0,0.0,2019-11-01 02:28:10+00:00,2019-11-01 02:31:22+00:00,Browsers
515640457,1,2,2,0,0,0.0,2019-11-01 00:32:13+00:00,2019-11-01 00:32:35+00:00,Browsers
515643332,1,1,1,0,0,0.0,2019-11-01 02:48:24+00:00,2019-11-01 02:48:24+00:00,Browsers
515644475,1,1,1,0,0,0.0,2019-11-01 01:34:40+00:00,2019-11-01 01:34:40+00:00,Browsers
515646785,1,1,1,0,0,0.0,2019-11-01 02:23:14+00:00,2019-11-01 02:23:14+00:00,Browsers
515647006,1,2,2,0,0,0.0,2019-11-01 02:46:57+00:00,2019-11-01 02:47:53+00:00,Browsers
515649074,1,8,8,0,0,0.0,2019-11-01 01:29:36+00:00,2019-11-01 01:34:35+00:00,Browsers
515649255,1,15,15,0,0,0.0,2019-11-01 00:18:44+00:00,2019-11-01 00:38:58+00:00,Browsers
515649775,1,6,6,0,0,0.0,2019-11-01 00:56:25+00:00,2019-11-01 01:04:16+00:00,Browsers
515654185,1,15,15,0,0,0.0,2019-11-01 02:26:36+00:00,2019-11-01 02:47:08+00:00,Browsers
515655252,1,4,4,0,0,0.0,2019-11-01 02:29:09+00:00,2019-11-01 02:29:46+00:00,Browsers
515656434,1,3,3,0,0,0.0,2019-11-01 02:00:38+00:00,2019-11-01 02:01:32+00:00,Browsers
515701984,1,14,14,0,0,0.0,2019-11-01 02:29:52+00:00,2019-11-01 02:37:43+00:00,Browsers
515702293,1,1,1,0,0,0.0,2019-11-01 02:30:04+00:00,2019-11-01 02:30:04+00:00,Browsers
515705693,1,1,1,0,0,0.0,2019-11-01 01:34:41+00:00,2019-11-01 01:34:41+00:00,Browsers
515721337,1,1,1,0,0,0.0,2019-11-01 00:30:45+00:00,2019-11-01 00:30:45+00:00,Browsers
515726968,1,4,4,0,0,0.0,2019-11-01 01:48:07+00:00,2019-11-01 01:50:02+00:00,Browsers
515727242,2,12,11,1,0,0.0,2019-11-01 00:41:03+00:00,2019-11-01 01:07:08+00:00,Cart abandoners
515729062,1,3,3,0,0,0.0,2019-11-01 02:29:05+00:00,2019-11-01 02:32:00+00:00,Browsers
515739426,1,1,1,0,0,0.0,2019-11-01 00:08:04+00:00,2019-11-01 00:08:04+00:00,Browsers
515739714,1,2,2,0,0,0.0,2019-11-01 01:51:15+00:00,2019-11-01 01:52:36+00:00,Browsers
515742799,1,5,2,3,0,0.0,2019-11-01 01:44:05+00:00,2019-11-01 01:45:30+00:00,Cart abandoners
515745671,1,1,1,0,0,0.0,2019-11-01 02:24:01+00:00,2019-11-01 02:24:01+00:00,Browsers
515749131,1,10,9,0,1,363.15,2019-11-01 02:26:14+00:00,2019-11-01 02:34:41+00:00,High-value users (purchasers)
515750054,2,13,9,1,3,2420.22,2019-11-01 01:03:02+00:00,2019-11-01 02:05:55+00:00,High-value users (purchasers)
515750893,1,9,9,0,0,0.0,2019-11-01 02:35:50+00:00,2019-11-01 02:42:49+00:00,Browsers
515750920,1,1,1,0,0,0.0,2019-11-01 01:53:37+00:00,2019-11-01 01:53:37+00:00,Browsers
515753740,1,3,3,0,0,0.0,2019-11-01 01:06:44+00:00,2019-11-01 01:09:05+00:00,Browsers
515754026,1,2,2,0,0,0.0,2019-11-01 02:11:55+00:00,2019-11-01 02:12:29+00:00,Browsers
515756911,1,7,7,0,0,0.0,2019-11-01 01:04:14+00:00,2019-11-01 01:05:49+00:00,Browsers
515757122,1,1,1,0,0,0.0,2019-11-01 02:42:06+00:00,2019-11-01 02:42:06+00:00,Browsers
515758077,1,3,3,0,0,0.0,2019-11-01 02:06:53+00:00,2019-11-01 02:07:51+00:00,Browsers
515761354,1,3,3,0,0,0.0,2019-11-01 00:02:27+00:00,2019-11-01 00:03:31+00:00,Browsers
515761859,4,18,18,0,0,0.0,2019-11-01 00:23:55+00:00,2019-11-01 00:37:16+00:00,Browsers
515761936,1,2,2,0,0,0.0,2019-11-01 01:04:40+00:00,2019-11-01 01:06:37+00:00,Browsers
515762330,1,1,1,0,0,0.0,2019-11-01 01:31:04+00:00,2019-11-01 01:31:04+00:00,Browsers
515764001,1,32,32,0,0,0.0,2019-11-01 00:00:30+00:00,2019-11-01 00:31:48+00:00,Browsers
515764307,1,1,1,0,0,0.0,2019-11-01 02:21:41+00:00,2019-11-01 02:21:41+00:00,Browsers
515766017,1,3,3,0,0,0.0,2019-11-01 00:44:44+00:00,2019-11-01 00:46:12+00:00,Browsers
515766096,2,6,6,0,0,0.0,2019-11-01 02:29:12+00:00,2019-11-01 02:47:49+00:00,Browsers
515766446,1,22,22,0,0,0.0,2019-11-01 01:37:54+00:00,2019-11-01 01:47:43+00:00,Browsers
515766901,1,1,1,0,0,0.0,2019-11-01 01:41:10+00:00,2019-11-01 01:41:10+00:00,Browsers
515768241,1,2,2,0,0,0.0,2019-11-01 02:23:23+00:00,2019-11-01 02:24:31+00:00,Browsers
515770733,1,13,13,0,0,0.0,2019-11-01 00:37:33+00:00,2019-11-01 00:44:16+00:00,Browsers
515772114,1,4,4,0,0,0.0,2019-11-01 02:28:19+00:00,2019-11-01 02:29:37+00:00,Browsers
515775523,1,10,10,0,0,0.0,2019-11-01 01:42:59+00:00,2019-11-01 01:47:26+00:00,Browsers
515775633,1,2,2,0,0,0.0,2019-11-01 02:18:17+00:00,2019-11-01 02:18:45+00:00,Browsers
515775989,1,7,7,0,0,0.0,2019-11-01 00:24:29+00:00,2019-11-01 00:28:44+00:00,Browsers
515776127,2,9,9,0,0,0.0,2019-11-01 02:14:05+00:00,2019-11-01 02:26:39+00:00,Browsers
515780146,1,5,5,0,0,0.0,2019-11-01 02:36:28+00:00,2019-11-01 02:45:45+00:00,Browsers
515781286,1,1,1,0,0,0.0,2019-11-01 01:44:39+00:00,2019-11-01 01:44:39+00:00,Browsers
515782308,1,5,5,0,0,0.0,2019-11-01 02:16:58+00:00,2019-11-01 02:21:42+00:00,Browsers
515782589,4,31,31,0,0,0.0,2019-11-01 00:00:17+00:00,2019-11-01 00:40:00+00:00,Browsers
515783780,1,4,4,0,0,0.0,2019-11-01 01:48:21+00:00,2019-11-01 02:04:18+00:00,Browsers
515784126,3,5,5,0,0,0.0,2019-11-01 01:23:50+00:00,2019-11-01 02:48:11+00:00,Browsers
515794658,1,3,3,0,0,0.0,2019-11-01 02:45:31+00:00,2019-11-01 02:46:21+00:00,Browsers
515796385,1,8,8,0,0,0.0,2019-11-01 01:38:23+00:00,2019-11-01 01:41:36+00:00,Browsers
515796807,1,1,1,0,0,0.0,2019-11-01 00:54:10+00:00,2019-11-01 00:54:10+00:00,Browsers
515796972,2,6,6,0,0,0.0,2019-11-01 01:02:09+00:00,2019-11-01 02:13:23+00:00,Browsers
515797198,1,1,1,0,0,0.0,2019-11-01 02:43:59+00:00,2019-11-01 02:43:59+00:00,Browsers
515798919,1,1,1,0,0,0.0,2019-11-01 02:14:46+00:00,2019-11-01 02:14:46+00:00,Browsers
515805976,1,2,2,0,0,0.0,2019-11-01 02:08:41+00:00,2019-11-01 02:09:03+00:00,Browsers
515806073,1,2,2,0,0,0.0,2019-11-01 00:48:53+00:00,2019-11-01 00:49:43+00:00,Browsers
515806392,1,2,2,0,0,0.0,2019-11-01 02:43:43+00:00,2019-11-01 02:44:53+00:00,Browsers
515807978,1,1,1,0,0,0.0,2019-11-01 02:15:18+00:00,2019-11-01 02:15:18+00:00,Browsers
515815627,1,1,1,0,0,0.0,2019-11-01 02:16:00+00:00,2019-11-01 02:16:00+00:00,Browsers
515815682,1,2,2,0,0,0.0,2019-11-01 01:41:24+00:00,2019-11-01 01:42:25+00:00,Browsers
515817705,1,4,4,0,0,0.0,2019-11-01 02:43:23+00:00,2019-11-01 02:45:54+00:00,Browsers
515818036,1,1,1,0,0,0.0,2019-11-01 00:57:59+00:00,2019-11-01 00:57:59+00:00,Browsers
515820305,1,1,1,0,0,0.0,2019-11-01 01:01:52+00:00,2019-11-01 01:01:52+00:00,Browsers
515821546,1,7,7,0,0,0.0,2019-11-01 01:48:20+00:00,2019-11-01 01:51:31+00:00,Browsers
515821752,2,6,6,0,0,0.0,2019-11-01 02:27:25+00:00,2019-11-01 02:37:56+00:00,Browsers
515824581,1,1,1,0,0,0.0,2019-11-01 02:10:07+00:00,2019-11-01 02:10:07+00:00,Browsers
515826214,1,3,3,0,0,0.0,2019-11-01 02:39:00+00:00,2019-11-01 02:39:38+00:00,Browsers
515830267,1,3,3,0,0,0.0,2019-11-01 02:31:24+00:00,2019-11-01 02:32:48+00:00,Browsers
515831342,1,5,5,0,0,0.0,2019-11-01 02:46:17+00:00,2019-11-01 02:48:24+00:00,Browsers
515833348,1,3,3,0,0,0.0,2019-11-01 02:24:03+00:00,2019-11-01 02:25:31+00:00,Browsers
515833755,1,19,19,0,0,0.0,2019-11-01 01:44:15+00:00,2019-11-01 02:05:07+00:00,Browsers
515836513,1,1,1,0,0,0.0,2019-11-01 00:41:47+00:00,2019-11-01 00:41:47+00:00,Browsers
515838605,2,11,11,0,0,0.0,2019-11-01 01:44:02+00:00,2019-11-01 02:15:59+00:00,Browsers
515838774,1,5,4,0,1,21.6,2019-11-01 02:22:33+00:00,2019-11-01 02:30:03+00:00,High-value users (purchasers)
515842028,1,1,1,0,0,0.0,2019-11-01 01:39:44+00:00,2019-11-01 01:39:44+00:00,Browsers
515843602,1,18,18,0,0,0.0,2019-11-01 02:02:49+00:00,2019-11-01 02:11:56+00:00,Browsers
515844172,1,5,5,0,0,0.0,2019-11-01 01:55:18+00:00,2019-11-01 01:57:52+00:00,Browsers
515846450,1,10,10,0,0,0.0,2019-11-01 02:43:41+00:00,2019-11-01 02:47:34+00:00,Browsers
515846531,1,1,1,0,0,0.0,2019-11-01 02:18:32+00:00,2019-11-01 02:18:32+00:00,Browsers
515848901,1,6,6,0,0,0.0,2019-11-01 00:25:03+00:00,2019-11-01 00:30:08+00:00,Browsers
515849737,1,3,3,0,0,0.0,2019-11-01 01:50:36+00:00,2019-11-01 01:51:46+00:00,Browsers
515849878,4,20,19,0,1,154.16,2019-11-01 00:00:09+00:00,2019-11-01 02:24:28+00:00,High-value users (purchasers)
515850528,2,10,10,0,0,0.0,2019-11-01 01:05:46+00:00,2019-11-01 01:52:27+00:00,Browsers
515851023,2,4,2,1,1,949.47,2019-11-01 01:01:28+00:00,2019-11-01 01:07:12+00:00,High-value users (purchasers)
515852532,1,11,11,0,0,0.0,2019-11-01 02:03:36+00:00,2019-11-01 02:08:28+00:00,Browsers
515861477,1,4,4,0,0,0.0,2019-11-01 02:42:51+00:00,2019-11-01 02:48:10+00:00,Browsers
515862781,1,9,9,0,0,0.0,2019-11-01 02:39:08+00:00,2019-11-01 02:47:30+00:00,Browsers
515864366,1,5,5,0,0,0.0,2019-11-01 02:39:59+00:00,2019-11-01 02:41:05+00:00,Browsers
515864373,1,5,5,0,0,0.0,2019-11-01 01:29:14+00:00,2019-11-01 01:33:45+00:00,Browsers
515865197,1,1,1,0,0,0.0,2019-11-01 02:22:04+00:00,2019-11-01 02:22:04+00:00,Browsers
515866809,1,6,6,0,0,0.0,2019-11-01 01:06:48+00:00,2019-11-01 01:08:38+00:00,Browsers
515867943,1,1,1,0,0,0.0,2019-11-01 02:44:49+00:00,2019-11-01 02:44:49+00:00,Browsers
515868959,1,5,5,0,0,0.0,2019-11-01 02:31:55+00:00,2019-11-01 02:33:06+00:00,Browsers
515871820,1,1,1,0,0,0.0,2019-11-01 00:15:50+00:00,2019-11-01 00:15:50+00:00,Browsers
515872622,1,5,5,0,0,0.0,2019-11-01 02:28:19+00:00,2019-11-01 02:30:28+00:00,Browsers
515873442,1,4,4,0,0,0.0,2019-11-01 02:15:15+00:00,2019-11-01 02:15:59+00:00,Browsers
515873491,1,1,1,0,0,0.0,2019-11-01 02:17:06+00:00,2019-11-01 02:17:06+00:00,Browsers
515874438,1,10,10,0,0,0.0,2019-11-01 00:48:10+00:00,2019-11-01 00:52:34+00:00,Browsers
515878564,1,1,1,0,0,0.0,2019-11-01 01:54:40+00:00,2019-11-01 01:54:40+00:00,Browsers
515880218,1,1,1,0,0,0.0,2019-11-01 00:33:32+00:00,2019-11-01 00:33:32+00:00,Browsers
515883490,3,9,9,0,0,0.0,2019-11-01 01:53:21+00:00,2019-11-01 02:01:42+00:00,Browsers
515884433,1,5,3,1,1,722.4,2019-11-01 01:32:39+00:00,2019-11-01 01:36:47+00:00,High-value users (purchasers)
515884844,1,6,6,0,0,0.0,2019-11-01 01:36:37+00:00,2019-11-01 01:42:38+00:00,Browsers
515885162,1,2,2,0,0,0.0,2019-11-01 01:39:08+00:00,2019-11-01 01:42:41+00:00,Browsers
515890723,1,2,2,0,0,0.0,2019-11-01 01:52:19+00:00,2019-11-01 01:53:43+00:00,Browsers
515891019,1,7,7,0,0,0.0,2019-11-01 01:30:45+00:00,2019-11-01 01:37:10+00:00,Browsers
515891066,2,2,2,0,0,0.0,2019-11-01 02:13:29+00:00,2019-11-01 02:17:15+00:00,Browsers
515895230,1,1,1,0,0,0.0,2019-11-01 02:39:33+00:00,2019-11-01 02:39:33+00:00,Browsers
515901157,1,6,6,0,0,0.0,2019-11-01 00:46:53+00:00,2019-11-01 00:52:38+00:00,Browsers
515905116,1,3,3,0,0,0.0,2019-11-01 02:29:20+00:00,2019-11-01 02:30:13+00:00,Browsers
515909193,2,8,8,0,0,0.0,2019-11-01 01:28:40+00:00,2019-11-01 01:49:58+00:00,Browsers
515910746,1,5,5,0,0,0.0,2019-11-01 01:47:16+00:00,2019-11-01 01:51:41+00:00,Browsers
515911613,1,1,1,0,0,0.0,2019-11-01 01:07:24+00:00,2019-11-01 01:07:24+00:00,Browsers
515912096,1,2,2,0,0,0.0,2019-11-01 00:13:23+00:00,2019-11-01 00:14:31+00:00,Browsers
515914943,1,4,4,0,0,0.0,2019-11-01 00:14:17+00:00,2019-11-01 00:16:56+00:00,Browsers
515916063,1,2,2,0,0,0.0,2019-11-01 01:50:48+00:00,2019-11-01 01:51:13+00:00,Browsers
515922051,1,2,2,0,0,0.0,2019-11-01 01:51:15+00:00,2019-11-01 01:52:26+00:00,Browsers
515923033,1,2,2,0,0,0.0,2019-11-01 02:33:56+00:00,2019-11-01 02:34:11+00:00,Browsers
515928180,1,10,10,0,0,0.0,2019-11-01 02:31:36+00:00,2019-11-01 02:40:28+00:00,Browsers
515934260,1,15,15,0,0,0.0,2019-11-01 02:05:31+00:00,2019-11-01 02:21:55+00:00,Browsers
515936079,1,3,2,0,1,227.03,2019-11-01 02:25:26+00:00,2019-11-01 02:26:16+00:00,High-value users (purchasers)
515936455,1,1,1,0,0,0.0,2019-11-01 02:23:37+00:00,2019-11-01 02:23:37+00:00,Browsers
515937345,1,7,7,0,0,0.0,2019-11-01 02:12:15+00:00,2019-11-01 02:16:57+00:00,Browsers
515939986,1,1,1,0,0,0.0,2019-11-01 02:40:29+00:00,2019-11-01 02:40:29+00:00,Browsers
515940163,1,2,2,0,0,0.0,2019-11-01 02:04:09+00:00,2019-11-01 02:04:26+00:00,Browsers
515941358,1,5,5,0,0,0.0,2019-11-01 01:38:05+00:00,2019-11-01 01:40:43+00:00,Browsers
515946519,1,2,2,0,0,0.0,2019-11-01 00:38:29+00:00,2019-11-01 00:39:36+00:00,Browsers
515952775,1,1,1,0,0,0.0,2019-11-01 02:29:02+00:00,2019-11-01 02:29:02+00:00,Browsers
515953027,1,3,3,0,0,0.0,2019-11-01 01:50:39+00:00,2019-11-01 01:52:19+00:00,Browsers
515958621,1,11,11,0,0,0.0,2019-11-01 00:31:11+00:00,2019-11-01 00:37:58+00:00,Browsers
515960210,1,4,4,0,0,0.0,2019-11-01 02:16:29+00:00,2019-11-01 02:17:42+00:00,Browsers
515960274,1,3,3,0,0,0.0,2019-11-01 02:37:18+00:00,2019-11-01 02:39:21+00:00,Browsers
515960280,1,1,1,0,0,0.0,2019-11-01 01:43:44+00:00,2019-11-01 01:43:44+00:00,Browsers
515961212,2,18,18,0,0,0.0,2019-11-01 00:35:58+00:00,2019-11-01 00:55:51+00:00,Browsers
515961407,1,1,1,0,0,0.0,2019-11-01 01:48:14+00:00,2019-11-01 01:48:14+00:00,Browsers
515962880,1,2,2,0,0,0.0,2019-11-01 01:07:26+00:00,2019-11-01 01:08:15+00:00,Browsers
515969499,1,3,3,0,0,0.0,2019-11-01 02:18:40+00:00,2019-11-01 02:19:54+00:00,Browsers
515970120,1,3,3,0,0,0.0,2019-11-01 02:46:07+00:00,2019-11-01 02:47:15+00:00,Browsers
515972341,1,1,1,0,0,0.0,2019-11-01 01:49:14+00:00,2019-11-01 01:49:14+00:00,Browsers
515973243,1,2,2,0,0,0.0,2019-11-01 02:44:46+00:00,2019-11-01 02:45:31+00:00,Browsers
515979203,1,2,2,0,0,0.0,2019-11-01 01:02:24+00:00,2019-11-01 01:03:01+00:00,Browsers
515985682,1,4,4,0,0,0.0,2019-11-01 02:20:08+00:00,2019-11-01 02:23:39+00:00,Browsers
515988483,1,4,4,0,0,0.0,2019-11-01 02:15:21+00:00,2019-11-01 02:19:24+00:00,Browsers
515989031,2,3,3,0,0,0.0,2019-11-01 02:30:43+00:00,2019-11-01 02:37:41+00:00,Browsers
515990092,1,2,2,0,0,0.0,2019-11-01 02:43:41+00:00,2019-11-01 02:43:58+00:00,Browsers
515992838,1,2,2,0,0,0.0,2019-11-01 01:56:14+00:00,2019-11-01 01:56:55+00:00,Browsers
515994995,1,16,16,0,0,0.0,2019-11-01 02:21:12+00:00,2019-11-01 02:29:18+00:00,Browsers
515995842,1,1,1,0,0,0.0,2019-11-01 01:07:59+00:00,2019-11-01 01:07:59+00:00,Browsers
515998531,1,4,4,0,0,0.0,2019-11-01 00:04:02+00:00,2019-11-01 00:04:53+00:00,Browsers
516002002,1,4,4,0,0,0.0,2019-11-01 00:51:42+00:00,2019-11-01 00:52:34+00:00,Browsers
516003759,1,7,7,0,0,0.0,2019-11-01 00:09:21+00:00,2019-11-01 00:15:22+00:00,Browsers
516003978,1,5,5,0,0,0.0,2019-11-01 02:19:46+00:00,2019-11-01 02:21:45+00:00,Browsers
516004237,1,1,1,0,0,0.0,2019-11-01 02:01:38+00:00,2019-11-01 02:01:38+00:00,Browsers
516006752,1,6,6,0,0,0.0,2019-11-01 02:45:16+00:00,2019-11-01 02:48:09+00:00,Browsers
516011246,1,1,1,0,0,0.0,2019-11-01 02:28:40+00:00,2019-11-01 02:28:40+00:00,Browsers
516011284,1,1,1,0,0,0.0,2019-11-01 01:47:49+00:00,2019-11-01 01:47:49+00:00,Browsers
516014246,1,2,1,1,0,0.0,2019-11-01 02:43:11+00:00,2019-11-01 02:43:35+00:00,Cart abandoners
516014999,1,2,2,0,0,0.0,2019-11-01 02:38:42+00:00,2019-11-01 02:42:20+00:00,Browsers
516015833,1,1,1,0,0,0.0,2019-11-01 02:05:40+00:00,2019-11-01 02:05:40+00:00,Browsers
516019720,1,1,1,0,0,0.0,2019-11-01 02:48:19+00:00,2019-11-01 02:48:19+00:00,Browsers
516020600,1,5,5,0,0,0.0,2019-11-01 01:06:27+00:00,2019-11-01 01:08:53+00:00,Browsers
516026529,1,1,1,0,0,0.0,2019-11-01 01:46:30+00:00,2019-11-01 01:46:30+00:00,Browsers
516026838,1,3,3,0,0,0.0,2019-11-01 01:24:52+00:00,2019-11-01 01:27:46+00:00,Browsers
516030798,1,11,11,0,0,0.0,2019-11-01 01:43:22+00:00,2019-11-01 01:51:34+00:00,Browsers
516033802,1,10,10,0,0,0.0,2019-11-01 01:03:16+00:00,2019-11-01 01:09:13+00:00,Browsers
516037739,1,1,1,0,0,0.0,2019-11-01 02:07:56+00:00,2019-11-01 02:07:56+00:00,Browsers
516038843,2,5,5,0,0,0.0,2019-11-01 02:08:50+00:00,2019-11-01 02:12:03+00:00,Browsers
516040634,1,1,1,0,0,0.0,2019-11-01 02:08:09+00:00,2019-11-01 02:08:09+00:00,Browsers
516045357,1,1,1,0,0,0.0,2019-11-01 01:06:06+00:00,2019-11-01 01:06:06+00:00,Browsers
516049220,1,1,1,0,0,0.0,2019-11-01 00:52:03+00:00,2019-11-01 00:52:03+00:00,Browsers
516053780,1,4,4,0,0,0.0,2019-11-01 01:46:56+00:00,2019-11-01 01:48:04+00:00,Browsers
516055284,1,1,1,0,0,0.0,2019-11-01 00:23:38+00:00,2019-11-01 00:23:38+00:00,Browsers
516058851,1,2,2,0,0,0.0,2019-11-01 00:14:12+00:00,2019-11-01 00:14:44+00:00,Browsers
516061418,1,4,4,0,0,0.0,2019-11-01 00:55:42+00:00,2019-11-01 00:58:26+00:00,Browsers
516065076,1,6,6,0,0,0.0,2019-11-01 02:21:48+00:00,2019-11-01 02:25:06+00:00,Browsers
516068949,1,1,1,0,0,0.0,2019-11-01 02:03:38+00:00,2019-11-01 02:03:38+00:00,Browsers
516070733,1,6,6,0,0,0.0,2019-11-01 02:01:29+00:00,2019-11-01 02:02:57+00:00,Browsers
516070925,1,2,2,0,0,0.0,2019-11-01 02:31:21+00:00,2019-11-01 02:31:43+00:00,Browsers
516071256,3,3,3,0,0,0.0,2019-11-01 01:26:18+00:00,2019-11-01 01:31:57+00:00,Browsers
516071866,1,5,5,0,0,0.0,2019-11-01 02:41:03+00:00,2019-11-01 02:44:47+00:00,Browsers
516072365,1,34,34,0,0,0.0,2019-11-01 01:50:34+00:00,2019-11-01 02:09:26+00:00,Browsers
516073249,4,22,21,1,0,0.0,2019-11-01 01:49:28+00:00,2019-11-01 02:14:37+00:00,Cart abandoners
516073875,1,1,1,0,0,0.0,2019-11-01 02:26:18+00:00,2019-11-01 02:26:18+00:00,Browsers
516078570,2,12,8,2,2,94.16,2019-11-01 02:24:01+00:00,2019-11-01 02:39:42+00:00,High-value users (purchasers)
516079231,1,1,1,0,0,0.0,2019-11-01 00:07:44+00:00,2019-11-01 00:07:44+00:00,Browsers
516080461,1,1,1,0,0,0.0,2019-11-01 02:43:41+00:00,2019-11-01 02:43:41+00:00,Browsers
516084190,1,1,1,0,0,0.0,2019-11-01 02:26:57+00:00,2019-11-01 02:26:57+00:00,Browsers
516085463,1,6,6,0,0,0.0,2019-11-01 02:04:33+00:00,2019-11-01 02:10:04+00:00,Browsers
516088437,1,1,1,0,0,0.0,2019-11-01 01:06:33+00:00,2019-11-01 01:06:33+00:00,Browsers
516089393,1,1,1,0,0,0.0,2019-11-01 02:41:55+00:00,2019-11-01 02:41:55+00:00,Browsers
516092413,1,3,3,0,0,0.0,2019-11-01 01:44:20+00:00,2019-11-01 01:45:06+00:00,Browsers
516106772,1,2,2,0,0,0.0,2019-11-01 02:47:41+00:00,2019-11-01 02:47:56+00:00,Browsers
516107017,1,1,1,0,0,0.0,2019-11-01 02:21:24+00:00,2019-11-01 02:21:24+00:00,Browsers
516108026,1,4,3,1,0,0.0,2019-11-01 02:42:19+00:00,2019-11-01 02:43:36+00:00,Cart abandoners
516111441,1,10,10,0,0,0.0,2019-11-01 02:10:19+00:00,2019-11-01 02:20:12+00:00,Browsers
516113696,1,2,2,0,0,0.0,2019-11-01 00:50:23+00:00,2019-11-01 00:51:52+00:00,Browsers
516114949,2,13,13,0,0,0.0,2019-11-01 01:50:15+00:00,2019-11-01 02:10:48+00:00,Browsers
516116425,1,1,1,0,0,0.0,2019-11-01 01:47:06+00:00,2019-11-01 01:47:06+00:00,Browsers
516121880,1,4,4,0,0,0.0,2019-11-01 02:14:03+00:00,2019-11-01 02:16:24+00:00,Browsers
516121944,1,8,7,0,1,406.7,2019-11-01 01:52:19+00:00,2019-11-01 01:56:36+00:00,High-value users (purchasers)
516128021,1,1,1,0,0,0.0,2019-11-01 01:03:49+00:00,2019-11-01 01:03:49+00:00,Browsers
516132723,2,10,10,0,0,0.0,2019-11-01 00:41:02+00:00,2019-11-01 00:46:29+00:00,Browsers
516154030,1,6,5,1,0,0.0,2019-11-01 02:05:27+00:00,2019-11-01 02:11:25+00:00,Cart abandoners
516161337,1,13,13,0,0,0.0,2019-11-01 00:09:39+00:00,2019-11-01 01:06:04+00:00,Browsers
516166373,3,5,5,0,0,0.0,2019-11-01 00:14:24+00:00,2019-11-01 02:40:18+00:00,Browsers
516172852,1,13,13,0,0,0.0,2019-11-01 00:46:04+00:00,2019-11-01 00:55:47+00:00,Browsers
516172873,1,5,5,0,0,0.0,2019-11-01 00:33:39+00:00,2019-11-01 00:35:28+00:00,Browsers
516172944,2,9,9,0,0,0.0,2019-11-01 01:41:24+00:00,2019-11-01 02:01:33+00:00,Browsers
516181728,1,7,7,0,0,0.0,2019-11-01 00:28:45+00:00,2019-11-01 00:33:12+00:00,Browsers
516185994,1,1,1,0,0,0.0,2019-11-01 01:03:03+00:00,2019-11-01 01:03:03+00:00,Browsers
516188611,1,1,1,0,0,0.0,2019-11-01 00:09:55+00:00,2019-11-01 00:09:55+00:00,Browsers
516189978,2,3,3,0,0,0.0,2019-11-01 01:11:00+00:00,2019-11-01 01:24:36+00:00,Browsers
516190236,1,3,3,0,0,0.0,2019-11-01 01:37:16+00:00,2019-11-01 01:39:55+00:00,Browsers
516191540,1,6,6,0,0,0.0,2019-11-01 02:24:37+00:00,2019-11-01 02:29:33+00:00,Browsers
516193439,1,5,5,0,0,0.0,2019-11-01 02:34:33+00:00,2019-11-01 02:38:56+00:00,Browsers
516194187,2,2,2,0,0,0.0,2019-11-01 01:05:13+00:00,2019-11-01 01:08:40+00:00,Browsers
516194416,1,1,1,0,0,0.0,2019-11-01 01:32:44+00:00,2019-11-01 01:32:44+00:00,Browsers
516198626,1,2,2,0,0,0.0,2019-11-01 00:16:13+00:00,2019-11-01 00:17:06+00:00,Browsers
516199263,1,1,1,0,0,0.0,2019-11-01 00:37:35+00:00,2019-11-01 00:37:35+00:00,Browsers
516199545,1,3,3,0,0,0.0,2019-11-01 00:24:25+00:00,2019-11-01 00:25:32+00:00,Browsers
516200807,4,10,8,1,1,203.09,2019-11-01 01:44:45+00:00,2019-11-01 01:57:11+00:00,High-value users (purchasers)
516201462,1,4,4,0,0,0.0,2019-11-01 00:58:48+00:00,2019-11-01 01:01:12+00:00,Browsers
516203092,3,21,21,0,0,0.0,2019-11-01 02:11:11+00:00,2019-11-01 02:47:57+00:00,Browsers
516203952,1,6,6,0,0,0.0,2019-11-01 02:02:20+00:00,2019-11-01 02:05:55+00:00,Browsers
516204751,2,2,2,0,0,0.0,2019-11-01 02:01:00+00:00,2019-11-01 02:01:11+00:00,Browsers
516206009,1,6,6,0,0,0.0,2019-11-01 01:02:20+00:00,2019-11-01 01:06:51+00:00,Browsers
516206968,1,5,5,0,0,0.0,2019-11-01 01:34:34+00:00,2019-11-01 01:39:32+00:00,Browsers
516208239,1,1,1,0,0,0.0,2019-11-01 02:41:11+00:00,2019-11-01 02:41:11+00:00,Browsers
516208299,1,9,9,0,0,0.0,2019-11-01 02:17:44+00:00,2019-11-01 02:21:33+00:00,Browsers
516212496,1,3,3,0,0,0.0,2019-11-01 02:32:12+00:00,2019-11-01 02:36:36+00:00,Browsers
516216581,1,5,5,0,0,0.0,2019-11-01 01:59:14+00:00,2019-11-01 02:01:28+00:00,Browsers
516218957,1,1,1,0,0,0.0,2019-11-01 02:44:22+00:00,2019-11-01 02:44:22+00:00,Browsers
516219103,1,1,1,0,0,0.0,2019-11-01 02:34:23+00:00,2019-11-01 02:34:23+00:00,Browsers
516220222,1,2,2,0,0,0.0,2019-11-01 01:00:38+00:00,2019-11-01 01:01:34+00:00,Browsers
516220790,2,5,5,0,0,0.0,2019-11-01 01:57:21+00:00,2019-11-01 02:07:37+00:00,Browsers
516221433,1,3,3,0,0,0.0,2019-11-01 02:04:30+00:00,2019-11-01 02:28:35+00:00,Browsers
516223704,1,1,1,0,0,0.0,2019-11-01 02:30:04+00:00,2019-11-01 02:30:04+00:00,Browsers
516224659,2,7,7,0,0,0.0,2019-11-01 02:23:36+00:00,2019-11-01 02:29:30+00:00,Browsers
516224725,1,12,12,0,0,0.0,2019-11-01 01:44:03+00:00,2019-11-01 01:47:43+00:00,Browsers
516230486,1,12,12,0,0,0.0,2019-11-01 01:03:14+00:00,2019-11-01 01:08:23+00:00,Browsers
516230991,1,1,1,0,0,0.0,2019-11-01 00:50:21+00:00,2019-11-01 00:50:21+00:00,Browsers
516236993,2,10,10,0,0,0.0,2019-11-01 02:07:05+00:00,2019-11-01 02:25:23+00:00,Browsers
516239091,1,2,1,1,0,0.0,2019-11-01 02:35:57+00:00,2019-11-01 02:36:13+00:00,Cart abandoners
516239312,1,3,1,1,1,128.42,2019-11-01 02:44:43+00:00,2019-11-01 02:46:53+00:00,High-value users (purchasers)
516240766,1,5,5,0,0,0.0,2019-11-01 01:37:58+00:00,2019-11-01 01:50:30+00:00,Browsers
516248515,2,3,3,0,0,0.0,2019-11-01 01:40:28+00:00,2019-11-01 01:42:09+00:00,Browsers
516249806,2,3,3,0,0,0.0,2019-11-01 02:20:48+00:00,2019-11-01 02:25:21+00:00,Browsers
516251960,1,8,8,0,0,0.0,2019-11-01 00:17:19+00:00,2019-11-01 00:21:36+00:00,Browsers
516254399,1,2,2,0,0,0.0,2019-11-01 00:23:10+00:00,2019-11-01 00:24:16+00:00,Browsers
516255668,1,1,1,0,0,0.0,2019-11-01 02:47:06+00:00,2019-11-01 02:47:06+00:00,Browsers
516257891,1,2,2,0,0,0.0,2019-11-01 02:21:48+00:00,2019-11-01 02:22:20+00:00,Browsers
516258740,1,2,2,0,0,0.0,2019-11-01 02:46:33+00:00,2019-11-01 02:48:18+00:00,Browsers
516258807,2,3,3,0,0,0.0,2019-11-01 01:31:45+00:00,2019-11-01 02:05:37+00:00,Browsers
516260047,1,8,8,0,0,0.0,2019-11-01 01:45:00+00:00,2019-11-01 01:55:01+00:00,Browsers
516262117,1,1,1,0,0,0.0,2019-11-01 02:25:17+00:00,2019-11-01 02:25:17+00:00,Browsers
516264114,1,1,1,0,0,0.0,2019-11-01 01:29:59+00:00,2019-11-01 01:29:59+00:00,Browsers
516265698,1,2,2,0,0,0.0,2019-11-01 01:06:16+00:00,2019-11-01 01:07:22+00:00,Browsers
516269492,1,2,2,0,0,0.0,2019-11-01 01:07:15+00:00,2019-11-01 01:07:58+00:00,Browsers
516274212,1,3,3,0,0,0.0,2019-11-01 02:10:53+00:00,2019-11-01 02:11:59+00:00,Browsers
516276170,1,3,3,0,0,0.0,2019-11-01 02:33:43+00:00,2019-11-01 02:39:51+00:00,Browsers
516276619,1,28,28,0,0,0.0,2019-11-01 02:32:18+00:00,2019-11-01 02:36:38+00:00,Browsers
516282926,1,4,4,0,0,0.0,2019-11-01 02:26:31+00:00,2019-11-01 02:27:56+00:00,Browsers
516284203,1,2,2,0,0,0.0,2019-11-01 02:26:01+00:00,2019-11-01 02:26:51+00:00,Browsers
516287157,1,1,1,0,0,0.0,2019-11-01 01:57:46+00:00,2019-11-01 01:57:46+00:00,Browsers
516292462,1,9,9,0,0,0.0,2019-11-01 01:32:40+00:00,2019-11-01 01:35:59+00:00,Browsers
516295466,1,8,8,0,0,0.0,2019-11-01 02:19:25+00:00,2019-11-01 02:24:16+00:00,Browsers
516297555,1,1,1,0,0,0.0,2019-11-01 01:54:35+00:00,2019-11-01 01:54:35+00:00,Browsers
516298129,3,14,8,3,3,264.77,2019-11-01 02:22:24+00:00,2019-11-01 02:38:53+00:00,High-value users (purchasers)
516301968,1,1,1,0,0,0.0,2019-11-01 02:45:35+00:00,2019-11-01 02:45:35+00:00,Browsers
516304104,2,3,3,0,0,0.0,2019-11-01 01:27:59+00:00,2019-11-01 02:11:56+00:00,Browsers
516308435,1,41,41,0,0,0.0,2019-11-01 01:54:12+00:00,2019-11-01 02:48:17+00:00,Browsers
516310080,1,1,1,0,0,0.0,2019-11-01 02:12:23+00:00,2019-11-01 02:12:23+00:00,Browsers
516311689,1,1,1,0,0,0.0,2019-11-01 02:31:02+00:00,2019-11-01 02:31:02+00:00,Browsers
516311851,1,34,34,0,0,0.0,2019-11-01 01:36:11+00:00,2019-11-01 02:04:02+00:00,Browsers
516315889,1,1,1,0,0,0.0,2019-11-01 02:40:35+00:00,2019-11-01 02:40:35+00:00,Browsers
516316320,3,66,64,1,1,1013.86,2019-11-01 00:04:15+00:00,2019-11-01 01:00:51+00:00,High-value users (purchasers)
516318526,1,7,7,0,0,0.0,2019-11-01 00:57:26+00:00,2019-11-01 01:06:31+00:00,Browsers
516323420,1,5,5,0,0,0.0,2019-11-01 02:43:26+00:00,2019-11-01 02:47:32+00:00,Browsers
516328953,1,1,1,0,0,0.0,2019-11-01 01:40:16+00:00,2019-11-01 01:40:16+00:00,Browsers
516330554,1,4,4,0,0,0.0,2019-11-01 02:43:12+00:00,2019-11-01 02:48:21+00:00,Browsers
516333064,2,6,6,0,0,0.0,2019-11-01 02:13:23+00:00,2019-11-01 02:19:15+00:00,Browsers
516333378,1,3,3,0,0,0.0,2019-11-01 02:33:26+00:00,2019-11-01 02:34:44+00:00,Browsers
516334880,1,7,7,0,0,0.0,2019-11-01 02:45:34+00:00,2019-11-01 02:47:35+00:00,Browsers
516339921,1,1,1,0,0,0.0,2019-11-01 02:39:48+00:00,2019-11-01 02:39:48+00:00,Browsers
516340669,1,1,1,0,0,0.0,2019-11-01 02:42:12+00:00,2019-11-01 02:42:12+00:00,Browsers
516341728,1,1,1,0,0,0.0,2019-11-01 00:53:21+00:00,2019-11-01 00:53:21+00:00,Browsers
516344423,1,4,3,1,0,0.0,2019-11-01 02:37:24+00:00,2019-11-01 02:39:28+00:00,Cart abandoners
516346212,1,7,7,0,0,0.0,2019-11-01 01:48:58+00:00,2019-11-01 01:59:57+00:00,Browsers
516347494,1,1,1,0,0,0.0,2019-11-01 02:34:58+00:00,2019-11-01 02:34:58+00:00,Browsers
516350501,1,1,1,0,0,0.0,2019-11-01 02:32:34+00:00,2019-11-01 02:32:34+00:00,Browsers
516351013,1,4,4,0,0,0.0,2019-11-01 00:45:01+00:00,2019-11-01 00:45:48+00:00,Browsers
516354496,1,1,1,0,0,0.0,2019-11-01 02:22:15+00:00,2019-11-01 02:22:15+00:00,Browsers
516354873,1,4,4,0,0,0.0,2019-11-01 01:36:27+00:00,2019-11-01 01:40:28+00:00,Browsers
516359563,2,14,12,1,1,223.95,2019-11-01 00:41:20+00:00,2019-11-01 00:59:02+00:00,High-value users (purchasers)
516361247,1,5,4,1,0,0.0,2019-11-01 02:10:44+00:00,2019-11-01 02:14:13+00:00,Cart abandoners
516362044,1,2,2,0,0,0.0,2019-11-01 01:25:33+00:00,2019-11-01 01:26:09+00:00,Browsers
516364086,1,2,2,0,0,0.0,2019-11-01 02:30:56+00:00,2019-11-01 02:32:19+00:00,Browsers
516364637,2,2,2,0,0,0.0,2019-11-01 02:32:59+00:00,2019-11-01 02:38:45+00:00,Browsers
516365505,1,1,1,0,0,0.0,2019-11-01 01:34:35+00:00,2019-11-01 01:34:35+00:00,Browsers
516365821,1,1,1,0,0,0.0,2019-11-01 00:47:26+00:00,2019-11-01 00:47:26+00:00,Browsers
516370497,1,1,1,0,0,0.0,2019-11-01 01:39:04+00:00,2019-11-01 01:39:04+00:00,Browsers
516376499,1,2,2,0,0,0.0,2019-11-01 02:32:10+00:00,2019-11-01 02:35:43+00:00,Browsers
516382707,1,6,6,0,0,0.0,2019-11-01 02:19:07+00:00,2019-11-01 02:24:18+00:00,Browsers
516393489,1,2,2,0,0,0.0,2019-11-01 01:50:56+00:00,2019-11-01 01:51:08+00:00,Browsers
516396187,3,49,49,0,0,0.0,2019-11-01 01:31:54+00:00,2019-11-01 02:31:55+00:00,Browsers
516396239,3,7,7,0,0,0.0,2019-11-01 01:27:28+00:00,2019-11-01 01:35:46+00:00,Browsers
516401864,2,2,2,0,0,0.0,2019-11-01 00:47:01+00:00,2019-11-01 00:49:11+00:00,Browsers
516402126,1,2,2,0,0,0.0,2019-11-01 00:43:21+00:00,2019-11-01 00:43:50+00:00,Browsers
516404770,1,1,1,0,0,0.0,2019-11-01 02:41:51+00:00,2019-11-01 02:41:51+00:00,Browsers
516407922,1,1,1,0,0,0.0,2019-11-01 01:21:52+00:00,2019-11-01 01:21:52+00:00,Browsers
516408067,1,1,1,0,0,0.0,2019-11-01 02:44:25+00:00,2019-11-01 02:44:25+00:00,Browsers
516410440,1,1,1,0,0,0.0,2019-11-01 00:32:21+00:00,2019-11-01 00:32:21+00:00,Browsers
516410632,1,3,3,0,0,0.0,2019-11-01 00:37:14+00:00,2019-11-01 00:40:01+00:00,Browsers
516411195,2,5,5,0,0,0.0,2019-11-01 01:49:37+00:00,2019-11-01 02:47:16+00:00,Browsers
516415443,1,8,8,0,0,0.0,2019-11-01 02:12:33+00:00,2019-11-01 02:16:30+00:00,Browsers
516417678,1,2,2,0,0,0.0,2019-11-01 02:29:48+00:00,2019-11-01 02:30:41+00:00,Browsers
516418191,1,2,2,0,0,0.0,2019-11-01 00:52:13+00:00,2019-11-01 00:52:39+00:00,Browsers
516418382,1,1,1,0,0,0.0,2019-11-01 01:35:15+00:00,2019-11-01 01:35:15+00:00,Browsers
516420768,1,8,8,0,0,0.0,2019-11-01 01:37:10+00:00,2019-11-01 01:41:02+00:00,Browsers
516423497,1,9,9,0,0,0.0,2019-11-01 02:25:30+00:00,2019-11-01 02:32:57+00:00,Browsers
516426931,4,49,35,7,7,2941.59,2019-11-01 00:01:46+00:00,2019-11-01 02:33:17+00:00,High-value users (purchasers)
516427074,1,23,23,0,0,0.0,2019-11-01 02:00:28+00:00,2019-11-01 02:07:09+00:00,Browsers
516431680,1,19,19,0,0,0.0,2019-11-01 00:25:24+00:00,2019-11-01 00:42:09+00:00,Browsers
516433526,1,2,2,0,0,0.0,2019-11-01 01:33:04+00:00,2019-11-01 01:34:01+00:00,Browsers
516433972,1,1,1,0,0,0.0,2019-11-01 00:46:20+00:00,2019-11-01 00:46:20+00:00,Browsers
516437083,1,9,9,0,0,0.0,2019-11-01 01:31:08+00:00,2019-11-01 01:43:07+00:00,Browsers
516440031,1,13,13,0,0,0.0,2019-11-01 02:42:07+00:00,2019-11-01 02:48:11+00:00,Browsers
516441179,1,4,4,0,0,0.0,2019-11-01 02:25:22+00:00,2019-11-01 02:26:16+00:00,Browsers
516443115,1,4,4,0,0,0.0,2019-11-01 02:02:57+00:00,2019-11-01 02:07:30+00:00,Browsers
516448938,1,2,2,0,0,0.0,2019-11-01 02:05:43+00:00,2019-11-01 02:06:13+00:00,Browsers
516449111,1,4,4,0,0,0.0,2019-11-01 02:19:42+00:00,2019-11-01 02:22:28+00:00,Browsers
516455390,1,1,1,0,0,0.0,2019-11-01 02:13:28+00:00,2019-11-01 02:13:28+00:00,Browsers
516455529,1,8,8,0,0,0.0,2019-11-01 02:23:55+00:00,2019-11-01 02:27:57+00:00,Browsers
516457377,1,5,5,0,0,0.0,2019-11-01 00:27:52+00:00,2019-11-01 00:36:32+00:00,Browsers
516459250,1,5,5,0,0,0.0,2019-11-01 02:02:59+00:00,2019-11-01 02:07:56+00:00,Browsers
516463268,1,1,1,0,0,0.0,2019-11-01 02:09:34+00:00,2019-11-01 02:09:34+00:00,Browsers
516464205,1,2,2,0,0,0.0,2019-11-01 01:41:09+00:00,2019-11-01 01:41:33+00:00,Browsers
516466436,2,4,4,0,0,0.0,2019-11-01 00:47:34+00:00,2019-11-01 00:49:57+00:00,Browsers
516473414,1,3,3,0,0,0.0,2019-11-01 02:36:27+00:00,2019-11-01 02:37:45+00:00,Browsers
516475820,1,5,4,0,1,91.61,2019-11-01 02:20:53+00:00,2019-11-01 02:25:14+00:00,High-value users (purchasers)
516477264,1,4,4,0,0,0.0,2019-11-01 00:08:18+00:00,2019-11-01 00:09:10+00:00,Browsers
516479270,1,4,4,0,0,0.0,2019-11-01 01:30:47+00:00,2019-11-01 01:34:02+00:00,Browsers
516482375,1,1,1,0,0,0.0,2019-11-01 02:47:24+00:00,2019-11-01 02:47:24+00:00,Browsers
516487172,1,4,3,0,1,128.42,2019-11-01 02:42:41+00:00,2019-11-01 02:46:19+00:00,High-value users (purchasers)
516487449,1,1,1,0,0,0.0,2019-11-01 01:49:19+00:00,2019-11-01 01:49:19+00:00,Browsers
516488017,1,1,1,0,0,0.0,2019-11-01 00:47:00+00:00,2019-11-01 00:47:00+00:00,Browsers
516489628,1,2,2,0,0,0.0,2019-11-01 02:26:10+00:00,2019-11-01 02:27:44+00:00,Browsers
516490575,1,9,9,0,0,0.0,2019-11-01 02:39:22+00:00,2019-11-01 02:48:09+00:00,Browsers
516491232,1,4,4,0,0,0.0,2019-11-01 02:00:38+00:00,2019-11-01 02:02:27+00:00,Browsers
516497945,2,12,12,0,0,0.0,2019-11-01 02:30:10+00:00,2019-11-01 02:47:53+00:00,Browsers
516499094,1,2,2,0,0,0.0,2019-11-01 01:24:46+00:00,2019-11-01 01:25:24+00:00,Browsers
516500043,1,1,1,0,0,0.0,2019-11-01 02:10:03+00:00,2019-11-01 02:10:03+00:00,Browsers
516507142,1,1,1,0,0,0.0,2019-11-01 01:50:48+00:00,2019-11-01 01:50:48+00:00,Browsers
516509815,1,2,2,0,0,0.0,2019-11-01 00:28:57+00:00,2019-11-01 00:29:10+00:00,Browsers
516512736,1,1,1,0,0,0.0,2019-11-01 02:19:10+00:00,2019-11-01 02:19:10+00:00,Browsers
516513149,1,1,1,0,0,0.0,2019-11-01 01:28:07+00:00,2019-11-01 01:28:07+00:00,Browsers
516518379,1,4,4,0,0,0.0,2019-11-01 00:13:08+00:00,2019-11-01 00:16:32+00:00,Browsers
516527014,1,4,4,0,0,0.0,2019-11-01 01:02:38+00:00,2019-11-01 01:05:25+00:00,Browsers
516543182,1,1,1,0,0,0.0,2019-11-01 00:49:17+00:00,2019-11-01 00:49:17+00:00,Browsers
516549187,1,3,3,0,0,0.0,2019-11-01 00:36:40+00:00,2019-11-01 00:39:57+00:00,Browsers
516559137,1,13,13,0,0,0.0,2019-11-01 02:34:51+00:00,2019-11-01 02:48:13+00:00,Browsers
516566638,1,3,3,0,0,0.0,2019-11-01 01:03:48+00:00,2019-11-01 01:05:59+00:00,Browsers
516576370,1,2,2,0,0,0.0,2019-11-01 00:42:24+00:00,2019-11-01 00:42:53+00:00,Browsers
516578153,1,3,3,0,0,0.0,2019-11-01 01:44:34+00:00,2019-11-01 01:45:40+00:00,Browsers
516581868,1,2,2,0,0,0.0,2019-11-01 02:44:48+00:00,2019-11-01 02:45:24+00:00,Browsers
516594081,1,1,1,0,0,0.0,2019-11-01 02:23:28+00:00,2019-11-01 02:23:28+00:00,Browsers
516596552,1,4,4,0,0,0.0,2019-11-01 01:43:40+00:00,2019-11-01 01:48:40+00:00,Browsers
516597413,1,1,1,0,0,0.0,2019-11-01 00:22:47+00:00,2019-11-01 00:22:47+00:00,Browsers
516599538,1,3,3,0,0,0.0,2019-11-01 01:54:48+00:00,2019-11-01 01:57:08+00:00,Browsers
516600364,1,20,20,0,0,0.0,2019-11-01 02:20:28+00:00,2019-11-01 02:30:52+00:00,Browsers
516601524,1,1,1,0,0,0.0,2019-11-01 00:37:35+00:00,2019-11-01 00:37:35+00:00,Browsers
516607663,1,1,1,0,0,0.0,2019-11-01 01:36:20+00:00,2019-11-01 01:36:20+00:00,Browsers
516608121,2,2,2,0,0,0.0,2019-11-01 02:38:37+00:00,2019-11-01 02:38:56+00:00,Browsers
516612689,1,3,3,0,0,0.0,2019-11-01 01:01:52+00:00,2019-11-01 01:02:48+00:00,Browsers
516617290,1,3,3,0,0,0.0,2019-11-01 02:40:23+00:00,2019-11-01 02:44:21+00:00,Browsers
516623367,2,10,10,0,0,0.0,2019-11-01 01:39:26+00:00,2019-11-01 01:48:45+00:00,Browsers
516623393,4,12,12,0,0,0.0,2019-11-01 01:01:31+00:00,2019-11-01 02:37:03+00:00,Browsers
516625417,1,4,4,0,0,0.0,2019-11-01 01:44:26+00:00,2019-11-01 01:47:46+00:00,Browsers
516625881,1,6,5,1,0,0.0,2019-11-01 02:16:43+00:00,2019-11-01 02:20:32+00:00,Cart abandoners
516625897,1,2,2,0,0,0.0,2019-11-01 01:31:43+00:00,2019-11-01 01:33:36+00:00,Browsers
516627065,2,3,3,0,0,0.0,2019-11-01 02:22:36+00:00,2019-11-01 02:25:02+00:00,Browsers
516628235,1,2,2,0,0,0.0,2019-11-01 02:23:50+00:00,2019-11-01 02:24:27+00:00,Browsers
516628722,1,2,2,0,0,0.0,2019-11-01 02:46:50+00:00,2019-11-01 02:48:26+00:00,Browsers
516632227,1,4,4,0,0,0.0,2019-11-01 02:04:14+00:00,2019-11-01 02:06:19+00:00,Browsers
516634280,1,17,17,0,0,0.0,2019-11-01 02:14:45+00:00,2019-11-01 02:27:39+00:00,Browsers
516637015,1,10,10,0,0,0.0,2019-11-01 02:09:59+00:00,2019-11-01 02:14:20+00:00,Browsers
516637125,1,3,3,0,0,0.0,2019-11-01 00:50:54+00:00,2019-11-01 00:54:56+00:00,Browsers
516646716,1,1,1,0,0,0.0,2019-11-01 01:29:19+00:00,2019-11-01 01:29:19+00:00,Browsers
516647433,1,1,1,0,0,0.0,2019-11-01 00:22:03+00:00,2019-11-01 00:22:03+00:00,Browsers
516658411,1,1,1,0,0,0.0,2019-11-01 02:05:47+00:00,2019-11-01 02:05:47+00:00,Browsers
516658643,1,4,3,0,1,41.19,2019-11-01 02:45:18+00:00,2019-11-01 02:46:44+00:00,High-value users (purchasers)
516664471,1,5,5,0,0,0.0,2019-11-01 01:47:16+00:00,2019-11-01 01:49:48+00:00,Browsers
516665461,1,2,2,0,0,0.0,2019-11-01 01:46:33+00:00,2019-11-01 01:48:36+00:00,Browsers
516667668,1,48,48,0,0,0.0,2019-11-01 02:31:54+00:00,2019-11-01 02:48:17+00:00,Browsers
516668719,1,2,2,0,0,0.0,2019-11-01 02:00:10+00:00,2019-11-01 02:00:37+00:00,Browsers
516669038,1,1,1,0,0,0.0,2019-11-01 02:35:33+00:00,2019-11-01 02:35:33+00:00,Browsers
516670136,1,4,4,0,0,0.0,2019-11-01 01:41:37+00:00,2019-11-01 01:50:46+00:00,Browsers
516670661,1,5,5,0,0,0.0,2019-11-01 02:19:55+00:00,2019-11-01 02:21:32+00:00,Browsers
516672146,1,5,5,0,0,0.0,2019-11-01 02:31:28+00:00,2019-11-01 02:39:26+00:00,Browsers
516673356,1,2,2,0,0,0.0,2019-11-01 02:38:25+00:00,2019-11-01 02:38:38+00:00,Browsers
516673465,1,3,3,0,0,0.0,2019-11-01 01:44:40+00:00,2019-11-01 01:46:17+00:00,Browsers
516674039,1,1,1,0,0,0.0,2019-11-01 00:49:58+00:00,2019-11-01 00:49:58+00:00,Browsers
516676963,1,6,4,1,1,362.29,2019-11-01 00:14:08+00:00,2019-11-01 00:19:37+00:00,High-value users (purchasers)
516681216,1,1,1,0,0,0.0,2019-11-01 01:51:59+00:00,2019-11-01 01:51:59+00:00,Browsers
516681231,1,2,2,0,0,0.0,2019-11-01 01:33:40+00:00,2019-11-01 02:17:44+00:00,Browsers
516681593,1,5,5,0,0,0.0,2019-11-01 01:41:43+00:00,2019-11-01 01:52:42+00:00,Browsers
516683766,1,9,9,0,0,0.0,2019-11-01 01:46:27+00:00,2019-11-01 02:03:04+00:00,Browsers
516685899,1,8,8,0,0,0.0,2019-11-01 01:39:44+00:00,2019-11-01 01:44:10+00:00,Browsers
516693237,1,1,1,0,0,0.0,2019-11-01 00:26:21+00:00,2019-11-01 00:26:21+00:00,Browsers
516697879,1,3,3,0,0,0.0,2019-11-01 02:29:26+00:00,2019-11-01 02:33:28+00:00,Browsers
516703417,1,3,3,0,0,0.0,2019-11-01 02:31:15+00:00,2019-11-01 02:33:58+00:00,Browsers
516703441,1,1,1,0,0,0.0,2019-11-01 02:01:43+00:00,2019-11-01 02:01:43+00:00,Browsers
516703896,1,2,2,0,0,0.0,2019-11-01 01:01:25+00:00,2019-11-01 01:01:46+00:00,Browsers
516705518,1,10,10,0,0,0.0,2019-11-01 02:10:55+00:00,2019-11-01 02:19:14+00:00,Browsers
516706917,1,1,1,0,0,0.0,2019-11-01 02:09:08+00:00,2019-11-01 02:09:08+00:00,Browsers
516707935,1,6,6,0,0,0.0,2019-11-01 01:55:08+00:00,2019-11-01 01:58:35+00:00,Browsers
516709635,1,3,3,0,0,0.0,2019-11-01 00:12:06+00:00,2019-11-01 00:12:44+00:00,Browsers
516711752,1,1,1,0,0,0.0,2019-11-01 02:27:06+00:00,2019-11-01 02:27:06+00:00,Browsers
516712363,1,1,1,0,0,0.0,2019-11-01 02:13:25+00:00,2019-11-01 02:13:25+00:00,Browsers
516712636,1,1,1,0,0,0.0,2019-11-01 02:11:53+00:00,2019-11-01 02:11:53+00:00,Browsers
516717365,2,3,3,0,0,0.0,2019-11-01 02:30:00+00:00,2019-11-01 02:36:19+00:00,Browsers
516717602,1,2,2,0,0,0.0,2019-11-01 00:50:27+00:00,2019-11-01 00:51:02+00:00,Browsers
516724262,1,1,1,0,0,0.0,2019-11-01 02:18:37+00:00,2019-11-01 02:18:37+00:00,Browsers
516725706,1,1,1,0,0,0.0,2019-11-01 01:57:48+00:00,2019-11-01 01:57:48+00:00,Browsers
516725758,1,9,6,1,2,320.42,2019-11-01 02:29:55+00:00,2019-11-01 02:44:30+00:00,High-value users (purchasers)
516727441,1,1,1,0,0,0.0,2019-11-01 02:37:55+00:00,2019-11-01 02:37:55+00:00,Browsers
516729246,1,1,1,0,0,0.0,2019-11-01 02:02:06+00:00,2019-11-01 02:02:06+00:00,Browsers
516729608,1,1,1,0,0,0.0,2019-11-01 01:55:03+00:00,2019-11-01 01:55:03+00:00,Browsers
516734495,1,2,2,0,0,0.0,2019-11-01 01:39:46+00:00,2019-11-01 01:40:03+00:00,Browsers
516735245,1,1,1,0,0,0.0,2019-11-01 01:43:23+00:00,2019-11-01 01:43:23+00:00,Browsers
516735727,1,7,7,0,0,0.0,2019-11-01 02:24:20+00:00,2019-11-01 02:27:08+00:00,Browsers
516736434,1,1,1,0,0,0.0,2019-11-01 00:34:38+00:00,2019-11-01 00:34:38+00:00,Browsers
516739476,1,7,7,0,0,0.0,2019-11-01 02:37:10+00:00,2019-11-01 02:39:11+00:00,Browsers
516745122,2,9,9,0,0,0.0,2019-11-01 02:16:16+00:00,2019-11-01 02:48:07+00:00,Browsers
516749918,1,1,1,0,0,0.0,2019-11-01 02:27:13+00:00,2019-11-01 02:27:13+00:00,Browsers
516750181,1,2,2,0,0,0.0,2019-11-01 01:39:33+00:00,2019-11-01 01:40:45+00:00,Browsers
516750989,1,1,1,0,0,0.0,2019-11-01 01:25:46+00:00,2019-11-01 01:25:46+00:00,Browsers
516752791,1,4,4,0,0,0.0,2019-11-01 02:13:21+00:00,2019-11-01 02:15:48+00:00,Browsers
516754459,1,1,1,0,0,0.0,2019-11-01 00:01:10+00:00,2019-11-01 00:01:10+00:00,Browsers
516757435,1,4,4,0,0,0.0,2019-11-01 02:02:45+00:00,2019-11-01 02:06:29+00:00,Browsers
516762942,1,6,6,0,0,0.0,2019-11-01 01:59:06+00:00,2019-11-01 02:03:46+00:00,Browsers
516765937,1,1,1,0,0,0.0,2019-11-01 02:41:30+00:00,2019-11-01 02:41:30+00:00,Browsers
516769732,1,5,5,0,0,0.0,2019-11-01 02:25:26+00:00,2019-11-01 02:47:45+00:00,Browsers
516770120,1,5,5,0,0,0.0,2019-11-01 01:39:47+00:00,2019-11-01 01:45:11+00:00,Browsers
516777629,1,1,1,0,0,0.0,2019-11-01 02:29:09+00:00,2019-11-01 02:29:09+00:00,Browsers
516779118,1,2,2,0,0,0.0,2019-11-01 00:59:39+00:00,2019-11-01 00:59:54+00:00,Browsers
516781764,1,5,5,0,0,0.0,2019-11-01 02:28:10+00:00,2019-11-01 02:34:26+00:00,Browsers
516782501,1,16,16,0,0,0.0,2019-11-01 01:36:14+00:00,2019-11-01 01:44:15+00:00,Browsers
516784799,1,1,1,0,0,0.0,2019-11-01 00:09:15+00:00,2019-11-01 00:09:15+00:00,Browsers
516786951,1,1,1,0,0,0.0,2019-11-01 02:47:32+00:00,2019-11-01 02:47:32+00:00,Browsers
516788357,1,2,2,0,0,0.0,2019-11-01 02:47:35+00:00,2019-11-01 02:47:59+00:00,Browsers
516789826,1,1,1,0,0,0.0,2019-11-01 02:48:15+00:00,2019-11-01 02:48:15+00:00,Browsers
516791528,1,2,2,0,0,0.0,2019-11-01 01:55:55+00:00,2019-11-01 01:57:05+00:00,Browsers
516795601,1,22,22,0,0,0.0,2019-11-01 02:13:02+00:00,2019-11-01 02:28:19+00:00,Browsers
516796949,1,1,1,0,0,0.0,2019-11-01 02:48:15+00:00,2019-11-01 02:48:15+00:00,Browsers
516798541,1,7,7,0,0,0.0,2019-11-01 00:28:21+00:00,2019-11-01 00:34:15+00:00,Browsers
516799261,1,6,6,0,0,0.0,2019-11-01 01:27:35+00:00,2019-11-01 01:30:53+00:00,Browsers
516801690,1,2,2,0,0,0.0,2019-11-01 01:38:07+00:00,2019-11-01 01:39:02+00:00,Browsers
516802104,1,4,4,0,0,0.0,2019-11-01 01:51:15+00:00,2019-11-01 01:53:58+00:00,Browsers
516804015,2,36,36,0,0,0.0,2019-11-01 01:47:15+00:00,2019-11-01 02:23:27+00:00,Browsers
516804876,1,10,10,0,0,0.0,2019-11-01 02:44:02+00:00,2019-11-01 02:47:44+00:00,Browsers
516807145,1,1,1,0,0,0.0,2019-11-01 01:46:21+00:00,2019-11-01 01:46:21+00:00,Browsers
516810909,1,1,1,0,0,0.0,2019-11-01 01:00:21+00:00,2019-11-01 01:00:21+00:00,Browsers
516811322,2,5,5,0,0,0.0,2019-11-01 00:34:56+00:00,2019-11-01 01:54:56+00:00,Browsers
516814920,1,7,7,0,0,0.0,2019-11-01 00:22:47+00:00,2019-11-01 00:28:51+00:00,Browsers
516818609,2,4,4,0,0,0.0,2019-11-01 01:52:59+00:00,2019-11-01 01:56:20+00:00,Browsers
516819096,1,1,1,0,0,0.0,2019-11-01 01:26:08+00:00,2019-11-01 01:26:08+00:00,Browsers
516823084,1,1,1,0,0,0.0,2019-11-01 02:34:45+00:00,2019-11-01 02:34:45+00:00,Browsers
516824803,1,3,3,0,0,0.0,2019-11-01 02:32:24+00:00,2019-11-01 02:33:47+00:00,Browsers
516826105,1,3,3,0,0,0.0,2019-11-01 00:00:23+00:00,2019-11-01 00:04:51+00:00,Browsers
516834833,1,2,2,0,0,0.0,2019-11-01 02:14:55+00:00,2019-11-01 02:16:14+00:00,Browsers
516834855,1,8,8,0,0,0.0,2019-11-01 01:41:13+00:00,2019-11-01 01:44:41+00:00,Browsers
516836222,1,1,1,0,0,0.0,2019-11-01 00:29:31+00:00,2019-11-01 00:29:31+00:00,Browsers
516836569,1,15,15,0,0,0.0,2019-11-01 02:20:53+00:00,2019-11-01 02:34:33+00:00,Browsers
516837492,1,12,12,0,0,0.0,2019-11-01 02:18:21+00:00,2019-11-01 02:30:18+00:00,Browsers
516840958,1,2,2,0,0,0.0,2019-11-01 02:40:18+00:00,2019-11-01 02:40:41+00:00,Browsers
516844218,1,3,3,0,0,0.0,2019-11-01 01:53:30+00:00,2019-11-01 01:59:18+00:00,Browsers
516845042,1,1,1,0,0,0.0,2019-11-01 01:27:31+00:00,2019-11-01 01:27:31+00:00,Browsers
516845366,1,4,4,0,0,0.0,2019-11-01 00:56:05+00:00,2019-11-01 01:07:59+00:00,Browsers
516846091,1,6,6,0,0,0.0,2019-11-01 01:24:55+00:00,2019-11-01 01:28:10+00:00,Browsers
516846221,1,2,2,0,0,0.0,2019-11-01 01:37:12+00:00,2019-11-01 01:38:02+00:00,Browsers
516849385,1,1,1,0,0,0.0,2019-11-01 01:57:23+00:00,2019-11-01 01:57:23+00:00,Browsers
516850856,1,1,1,0,0,0.0,2019-11-01 02:13:21+00:00,2019-11-01 02:13:21+00:00,Browsers
516851046,1,2,2,0,0,0.0,2019-11-01 02:40:29+00:00,2019-11-01 02:41:33+00:00,Browsers
516853100,2,69,69,0,0,0.0,2019-11-01 00:21:10+00:00,2019-11-01 01:05:53+00:00,Browsers
516853656,4,11,10,1,0,0.0,2019-11-01 01:59:26+00:00,2019-11-01 02:40:12+00:00,Cart abandoners
516855111,1,3,3,0,0,0.0,2019-11-01 00:59:44+00:00,2019-11-01 01:01:40+00:00,Browsers
516855365,3,10,10,0,0,0.0,2019-11-01 01:33:36+00:00,2019-11-01 02:36:21+00:00,Browsers
516867725,1,3,3,0,0,0.0,2019-11-01 01:42:32+00:00,2019-11-01 01:43:53+00:00,Browsers
516879649,1,3,3,0,0,0.0,2019-11-01 01:32:05+00:00,2019-11-01 01:34:29+00:00,Browsers
516891001,1,1,1,0,0,0.0,2019-11-01 01:51:01+00:00,2019-11-01 01:51:01+00:00,Browsers
516893021,1,8,8,0,0,0.0,2019-11-01 02:15:23+00:00,2019-11-01 02:18:50+00:00,Browsers
516903960,1,1,1,0,0,0.0,2019-11-01 00:31:10+00:00,2019-11-01 00:31:10+00:00,Browsers
516923137,1,1,1,0,0,0.0,2019-11-01 01:53:56+00:00,2019-11-01 01:53:56+00:00,Browsers
516969220,1,1,1,0,0,0.0,2019-11-01 01:36:28+00:00,2019-11-01 01:36:28+00:00,Browsers
516971314,1,13,13,0,0,0.0,2019-11-01 02:29:10+00:00,2019-11-01 02:39:29+00:00,Browsers
516971958,2,11,11,0,0,0.0,2019-11-01 00:23:33+00:00,2019-11-01 02:07:36+00:00,Browsers
516972279,1,1,1,0,0,0.0,2019-11-01 01:38:54+00:00,2019-11-01 01:38:54+00:00,Browsers
516972782,1,7,6,0,1,212.08,2019-11-01 02:30:35+00:00,2019-11-01 02:37:20+00:00,High-value users (purchasers)
516973046,1,1,1,0,0,0.0,2019-11-01 02:46:18+00:00,2019-11-01 02:46:18+00:00,Browsers
516976881,1,2,2,0,0,0.0,2019-11-01 02:14:09+00:00,2019-11-01 02:16:10+00:00,Browsers
516977445,2,6,5,0,1,437.31,2019-11-01 02:08:55+00:00,2019-11-01 02:41:21+00:00,High-value users (purchasers)
516979270,1,3,3,0,0,0.0,2019-11-01 02:24:29+00:00,2019-11-01 02:25:38+00:00,Browsers
516984070,1,1,1,0,0,0.0,2019-11-01 01:06:05+00:00,2019-11-01 01:06:05+00:00,Browsers
516984901,1,1,1,0,0,0.0,2019-11-01 02:42:00+00:00,2019-11-01 02:42:00+00:00,Browsers
516985823,1,1,1,0,0,0.0,2019-11-01 02:30:18+00:00,2019-11-01 02:30:18+00:00,Browsers
516986805,1,1,1,0,0,0.0,2019-11-01 02:17:29+00:00,2019-11-01 02:17:29+00:00,Browsers
516987971,1,1,1,0,0,0.0,2019-11-01 02:25:36+00:00,2019-11-01 02:25:36+00:00,Browsers
516989494,1,7,7,0,0,0.0,2019-11-01 01:49:36+00:00,2019-11-01 01:53:19+00:00,Browsers
516990686,1,2,2,0,0,0.0,2019-11-01 01:05:36+00:00,2019-11-01 01:05:50+00:00,Browsers
516991406,1,3,3,0,0,0.0,2019-11-01 02:31:58+00:00,2019-11-01 02:33:01+00:00,Browsers
516994062,1,2,2,0,0,0.0,2019-11-01 01:08:33+00:00,2019-11-01 01:08:59+00:00,Browsers
516994573,1,5,5,0,0,0.0,2019-11-01 01:44:39+00:00,2019-11-01 01:52:07+00:00,Browsers
516995448,1,5,4,0,1,118.01,2019-11-01 01:57:47+00:00,2019-11-01 02:22:40+00:00,High-value users (purchasers)
517000692,1,12,12,0,0,0.0,2019-11-01 01:49:02+00:00,2019-11-01 01:57:08+00:00,Browsers
517000823,1,6,6,0,0,0.0,2019-11-01 00:41:31+00:00,2019-11-01 00:46:15+00:00,Browsers
517001303,1,10,10,0,0,0.0,2019-11-01 01:32:43+00:00,2019-11-01 01:36:22+00:00,Browsers
517002547,1,3,3,0,0,0.0,2019-11-01 01:44:27+00:00,2019-11-01 01:45:41+00:00,Browsers
517003082,1,3,3,0,0,0.0,2019-11-01 00:32:37+00:00,2019-11-01 00:36:28+00:00,Browsers
517004005,1,2,2,0,0,0.0,2019-11-01 02:32:30+00:00,2019-11-01 02:34:05+00:00,Browsers
517017786,1,1,1,0,0,0.0,2019-11-01 02:33:46+00:00,2019-11-01 02:33:46+00:00,Browsers
517018963,2,8,8,0,0,0.0,2019-11-01 00:58:40+00:00,2019-11-01 01:05:36+00:00,Browsers
517020324,1,1,1,0,0,0.0,2019-11-01 02:38:31+00:00,2019-11-01 02:38:31+00:00,Browsers
517021114,1,3,3,0,0,0.0,2019-11-01 02:17:43+00:00,2019-11-01 02:18:25+00:00,Browsers
517026752,1,2,2,0,0,0.0,2019-11-01 02:31:21+00:00,2019-11-01 02:35:32+00:00,Browsers
517033045,1,1,1,0,0,0.0,2019-11-01 01:30:23+00:00,2019-11-01 01:30:23+00:00,Browsers
517034115,1,1,1,0,0,0.0,2019-11-01 00:45:48+00:00,2019-11-01 00:45:48+00:00,Browsers
517037759,1,1,1,0,0,0.0,2019-11-01 02:47:17+00:00,2019-11-01 02:47:17+00:00,Browsers
517038201,6,6,6,0,0,0.0,2019-11-01 02:06:03+00:00,2019-11-01 02:07:07+00:00,Browsers
517038812,1,1,1,0,0,0.0,2019-11-01 02:14:44+00:00,2019-11-01 02:14:44+00:00,Browsers
517040764,1,1,1,0,0,0.0,2019-11-01 00:50:34+00:00,2019-11-01 00:50:34+00:00,Browsers
517043718,2,4,3,0,1,54.83,2019-11-01 02:20:06+00:00,2019-11-01 02:30:01+00:00,High-value users (purchasers)
517049798,1,3,3,0,0,0.0,2019-11-01 01:56:17+00:00,2019-11-01 01:57:20+00:00,Browsers
517050597,1,2,2,0,0,0.0,2019-11-01 01:35:59+00:00,2019-11-01 01:36:39+00:00,Browsers
517053240,1,1,1,0,0,0.0,2019-11-01 01:44:24+00:00,2019-11-01 01:44:24+00:00,Browsers
517053989,1,13,13,0,0,0.0,2019-11-01 02:02:01+00:00,2019-11-01 02:12:54+00:00,Browsers
517054298,1,9,9,0,0,0.0,2019-11-01 00:58:57+00:00,2019-11-01 01:06:29+00:00,Browsers
517054712,1,5,5,0,0,0.0,2019-11-01 02:04:19+00:00,2019-11-01 02:09:03+00:00,Browsers
517060336,1,1,1,0,0,0.0,2019-11-01 02:10:04+00:00,2019-11-01 02:10:04+00:00,Browsers
517061814,1,3,3,0,0,0.0,2019-11-01 00:53:39+00:00,2019-11-01 00:55:56+00:00,Browsers
517070297,1,5,5,0,0,0.0,2019-11-01 01:38:22+00:00,2019-11-01 01:43:06+00:00,Browsers
517070751,1,3,3,0,0,0.0,2019-11-01 02:02:50+00:00,2019-11-01 02:05:17+00:00,Browsers
517073585,1,1,1,0,0,0.0,2019-11-01 02:39:08+00:00,2019-11-01 02:39:08+00:00,Browsers
517077410,1,10,10,0,0,0.0,2019-11-01 00:57:25+00:00,2019-11-01 01:00:01+00:00,Browsers
517081036,1,2,2,0,0,0.0,2019-11-01 02:38:53+00:00,2019-11-01 02:44:25+00:00,Browsers
517081324,1,5,5,0,0,0.0,2019-11-01 00:00:23+00:00,2019-11-01 00:04:13+00:00,Browsers
517081623,1,3,3,0,0,0.0,2019-11-01 02:28:09+00:00,2019-11-01 02:33:30+00:00,Browsers
517084565,1,1,1,0,0,0.0,2019-11-01 02:13:31+00:00,2019-11-01 02:13:31+00:00,Browsers
517087601,1,2,2,0,0,0.0,2019-11-01 02:01:53+00:00,2019-11-01 02:02:23+00:00,Browsers
517097704,1,2,2,0,0,0.0,2019-11-01 02:12:05+00:00,2019-11-01 02:15:11+00:00,Browsers
517099175,2,45,45,0,0,0.0,2019-11-01 00:52:38+00:00,2019-11-01 02:47:32+00:00,Browsers
517100968,1,3,3,0,0,0.0,2019-11-01 00:00:48+00:00,2019-11-01 00:03:07+00:00,Browsers
517105177,4,10,10,0,0,0.0,2019-11-01 01:30:51+00:00,2019-11-01 01:48:07+00:00,Browsers
517106530,1,19,19,0,0,0.0,2019-11-01 01:31:14+00:00,2019-11-01 01:46:10+00:00,Browsers
517111363,2,2,2,0,0,0.0,2019-11-01 02:47:25+00:00,2019-11-01 02:48:25+00:00,Browsers
517111623,2,11,11,0,0,0.0,2019-11-01 01:58:03+00:00,2019-11-01 02:35:14+00:00,Browsers
517112639,1,11,11,0,0,0.0,2019-11-01 02:08:01+00:00,2019-11-01 02:15:34+00:00,Browsers
517117066,1,1,1,0,0,0.0,2019-11-01 02:37:28+00:00,2019-11-01 02:37:28+00:00,Browsers
517119857,1,4,4,0,0,0.0,2019-11-01 00:08:38+00:00,2019-11-01 00:17:33+00:00,Browsers
517124345,1,5,5,0,0,0.0,2019-11-01 02:33:14+00:00,2019-11-01 02:36:00+00:00,Browsers
517126115,1,7,7,0,0,0.0,2019-11-01 01:49:18+00:00,2019-11-01 01:51:33+00:00,Browsers
517136639,1,8,8,0,0,0.0,2019-11-01 02:11:48+00:00,2019-11-01 02:24:20+00:00,Browsers
517136971,1,3,3,0,0,0.0,2019-11-01 00:23:32+00:00,2019-11-01 00:25:08+00:00,Browsers
517139608,1,1,1,0,0,0.0,2019-11-01 02:35:50+00:00,2019-11-01 02:35:50+00:00,Browsers
517143478,1,7,7,0,0,0.0,2019-11-01 02:33:46+00:00,2019-11-01 02:35:22+00:00,Browsers
517152066,1,4,4,0,0,0.0,2019-11-01 02:46:07+00:00,2019-11-01 02:46:49+00:00,Browsers
517152287,1,8,8,0,0,0.0,2019-11-01 01:55:54+00:00,2019-11-01 02:03:23+00:00,Browsers
517153042,1,6,6,0,0,0.0,2019-11-01 02:42:49+00:00,2019-11-01 02:47:20+00:00,Browsers
517154428,1,1,1,0,0,0.0,2019-11-01 01:50:39+00:00,2019-11-01 01:50:39+00:00,Browsers
517167420,1,14,14,0,0,0.0,2019-11-01 01:48:04+00:00,2019-11-01 01:58:58+00:00,Browsers
517169786,2,4,4,0,0,0.0,2019-11-01 01:57:59+00:00,2019-11-01 02:05:48+00:00,Browsers
517175878,2,3,3,0,0,0.0,2019-11-01 01:42:31+00:00,2019-11-01 02:16:54+00:00,Browsers
517177519,1,3,3,0,0,0.0,2019-11-01 01:44:28+00:00,2019-11-01 01:45:18+00:00,Browsers
517189795,1,1,1,0,0,0.0,2019-11-01 01:51:17+00:00,2019-11-01 01:51:17+00:00,Browsers
517221791,1,5,5,0,0,0.0,2019-11-01 01:36:07+00:00,2019-11-01 01:38:38+00:00,Browsers
517231436,3,3,3,0,0,0.0,2019-11-01 01:39:01+00:00,2019-11-01 01:44:51+00:00,Browsers
517231986,1,1,1,0,0,0.0,2019-11-01 01:00:02+00:00,2019-11-01 01:00:02+00:00,Browsers
517237624,1,6,6,0,0,0.0,2019-11-01 00:30:35+00:00,2019-11-01 00:34:23+00:00,Browsers
517238241,1,9,9,0,0,0.0,2019-11-01 02:11:43+00:00,2019-11-01 02:17:11+00:00,Browsers
517238851,1,3,3,0,0,0.0,2019-11-01 01:38:26+00:00,2019-11-01 01:39:04+00:00,Browsers
517239521,2,4,4,0,0,0.0,2019-11-01 01:29:47+00:00,2019-11-01 01:36:52+00:00,Browsers
517242447,1,2,2,0,0,0.0,2019-11-01 02:45:12+00:00,2019-11-01 02:45:21+00:00,Browsers
517242550,1,4,4,0,0,0.0,2019-11-01 00:49:03+00:00,2019-11-01 00:50:27+00:00,Browsers
517245080,1,3,3,0,0,0.0,2019-11-01 02:18:29+00:00,2019-11-01 02:19:40+00:00,Browsers
517245107,1,1,1,0,0,0.0,2019-11-01 00:56:15+00:00,2019-11-01 00:56:15+00:00,Browsers
517252874,1,3,3,0,0,0.0,2019-11-01 01:54:03+00:00,2019-11-01 01:55:50+00:00,Browsers
517254112,1,1,1,0,0,0.0,2019-11-01 02:02:47+00:00,2019-11-01 02:02:47+00:00,Browsers
517254670,1,1,1,0,0,0.0,2019-11-01 02:30:03+00:00,2019-11-01 02:30:03+00:00,Browsers
517256574,2,10,10,0,0,0.0,2019-11-01 01:25:11+00:00,2019-11-01 02:21:01+00:00,Browsers
517258978,1,6,6,0,0,0.0,2019-11-01 00:26:55+00:00,2019-11-01 00:38:09+00:00,Browsers
517259396,1,2,2,0,0,0.0,2019-11-01 02:10:00+00:00,2019-11-01 02:10:14+00:00,Browsers
517262392,1,3,3,0,0,0.0,2019-11-01 00:24:47+00:00,2019-11-01 00:27:45+00:00,Browsers
517262414,1,2,2,0,0,0.0,2019-11-01 02:23:18+00:00,2019-11-01 02:23:40+00:00,Browsers
517275410,1,1,1,0,0,0.0,2019-11-01 02:35:00+00:00,2019-11-01 02:35:00+00:00,Browsers
517277573,1,6,6,0,0,0.0,2019-11-01 01:32:55+00:00,2019-11-01 01:35:53+00:00,Browsers
517280274,1,3,3,0,0,0.0,2019-11-01 02:18:18+00:00,2019-11-01 02:23:55+00:00,Browsers
517281952,1,1,1,0,0,0.0,2019-11-01 01:00:08+00:00,2019-11-01 01:00:08+00:00,Browsers
517281953,1,1,1,0,0,0.0,2019-11-01 02:25:07+00:00,2019-11-01 02:25:07+00:00,Browsers
517300459,1,1,1,0,0,0.0,2019-11-01 02:42:28+00:00,2019-11-01 02:42:28+00:00,Browsers
517311824,1,1,1,0,0,0.0,2019-11-01 02:48:04+00:00,2019-11-01 02:48:04+00:00,Browsers
517330228,1,2,2,0,0,0.0,2019-11-01 02:24:08+00:00,2019-11-01 02:27:06+00:00,Browsers
517341202,1,1,1,0,0,0.0,2019-11-01 02:38:28+00:00,2019-11-01 02:38:28+00:00,Browsers
517362151,1,1,1,0,0,0.0,2019-11-01 02:32:42+00:00,2019-11-01 02:32:42+00:00,Browsers
517378175,1,1,1,0,0,0.0,2019-11-01 00:39:43+00:00,2019-11-01 00:39:43+00:00,Browsers
517382182,1,1,1,0,0,0.0,2019-11-01 01:40:43+00:00,2019-11-01 01:40:43+00:00,Browsers
517382460,1,1,1,0,0,0.0,2019-11-01 00:14:54+00:00,2019-11-01 00:14:54+00:00,Browsers
517386271,1,1,1,0,0,0.0,2019-11-01 02:07:43+00:00,2019-11-01 02:07:43+00:00,Browsers
517393146,1,1,1,0,0,0.0,2019-11-01 01:50:45+00:00,2019-11-01 01:50:45+00:00,Browsers
517399020,1,6,6,0,0,0.0,2019-11-01 00:01:43+00:00,2019-11-01 00:13:31+00:00,Browsers
517406811,1,3,3,0,0,0.0,2019-11-01 01:51:38+00:00,2019-11-01 01:54:12+00:00,Browsers
517407566,1,1,1,0,0,0.0,2019-11-01 02:23:26+00:00,2019-11-01 02:23:26+00:00,Browsers
517408356,1,1,1,0,0,0.0,2019-11-01 02:08:58+00:00,2019-11-01 02:08:58+00:00,Browsers
517410455,1,2,2,0,0,0.0,2019-11-01 01:06:54+00:00,2019-11-01 01:07:27+00:00,Browsers
517412536,18,40,40,0,0,0.0,2019-11-01 01:28:16+00:00,2019-11-01 02:07:23+00:00,Browsers
517412805,1,1,1,0,0,0.0,2019-11-01 02:48:05+00:00,2019-11-01 02:48:05+00:00,Browsers
517412819,1,1,1,0,0,0.0,2019-11-01 02:45:52+00:00,2019-11-01 02:45:52+00:00,Browsers
517417104,1,12,12,0,0,0.0,2019-11-01 02:24:11+00:00,2019-11-01 02:43:05+00:00,Browsers
517418741,1,3,3,0,0,0.0,2019-11-01 02:38:10+00:00,2019-11-01 02:38:49+00:00,Browsers
517424490,1,3,3,0,0,0.0,2019-11-01 02:36:55+00:00,2019-11-01 02:41:34+00:00,Browsers
517431995,1,2,2,0,0,0.0,2019-11-01 02:40:39+00:00,2019-11-01 02:41:10+00:00,Browsers
517433220,1,2,2,0,0,0.0,2019-11-01 01:51:00+00:00,2019-11-01 01:51:33+00:00,Browsers
517433897,1,5,5,0,0,0.0,2019-11-01 01:01:38+00:00,2019-11-01 01:04:28+00:00,Browsers
517434212,1,1,1,0,0,0.0,2019-11-01 02:19:33+00:00,2019-11-01 02:19:33+00:00,Browsers
517435676,1,7,7,0,0,0.0,2019-11-01 02:37:24+00:00,2019-11-01 02:40:37+00:00,Browsers
517436625,1,1,1,0,0,0.0,2019-11-01 02:09:39+00:00,2019-11-01 02:09:39+00:00,Browsers
517445703,1,37,37,0,0,0.0,2019-11-01 00:33:59+00:00,2019-11-01 01:03:18+00:00,Browsers
517447711,1,10,10,0,0,0.0,2019-11-01 02:20:23+00:00,2019-11-01 02:25:03+00:00,Browsers
517450116,1,11,11,0,0,0.0,2019-11-01 02:09:26+00:00,2019-11-01 02:16:06+00:00,Browsers
517451973,1,5,5,0,0,0.0,2019-11-01 00:19:44+00:00,2019-11-01 00:24:18+00:00,Browsers
517455173,1,2,2,0,0,0.0,2019-11-01 01:40:50+00:00,2019-11-01 01:41:56+00:00,Browsers
517455916,1,2,2,0,0,0.0,2019-11-01 01:46:09+00:00,2019-11-01 01:46:29+00:00,Browsers
517456822,1,2,2,0,0,0.0,2019-11-01 00:56:34+00:00,2019-11-01 00:57:52+00:00,Browsers
517457268,1,1,1,0,0,0.0,2019-11-01 01:42:36+00:00,2019-11-01 01:42:36+00:00,Browsers
517458171,1,1,1,0,0,0.0,2019-11-01 00:47:09+00:00,2019-11-01 00:47:09+00:00,Browsers
517458431,1,7,7,0,0,0.0,2019-11-01 01:50:59+00:00,2019-11-01 01:59:43+00:00,Browsers
517463891,1,1,1,0,0,0.0,2019-11-01 02:00:34+00:00,2019-11-01 02:00:34+00:00,Browsers
517464729,1,1,1,0,0,0.0,2019-11-01 02:43:03+00:00,2019-11-01 02:43:03+00:00,Browsers
517465365,1,5,3,2,0,0.0,2019-11-01 02:35:23+00:00,2019-11-01 02:45:12+00:00,Cart abandoners
517468079,1,4,4,0,0,0.0,2019-11-01 02:45:12+00:00,2019-11-01 02:47:12+00:00,Browsers
517469940,2,2,2,0,0,0.0,2019-11-01 01:29:07+00:00,2019-11-01 02:04:31+00:00,Browsers
517470529,1,15,15,0,0,0.0,2019-11-01 00:45:33+00:00,2019-11-01 01:03:20+00:00,Browsers
517470556,1,1,1,0,0,0.0,2019-11-01 02:33:51+00:00,2019-11-01 02:33:51+00:00,Browsers
517471728,1,1,1,0,0,0.0,2019-11-01 02:22:28+00:00,2019-11-01 02:22:28+00:00,Browsers
517471923,1,1,1,0,0,0.0,2019-11-01 00:56:44+00:00,2019-11-01 00:56:44+00:00,Browsers
517474480,2,3,3,0,0,0.0,2019-11-01 02:22:16+00:00,2019-11-01 02:25:17+00:00,Browsers
517486629,1,2,2,0,0,0.0,2019-11-01 02:14:28+00:00,2019-11-01 02:14:52+00:00,Browsers
517489360,1,1,1,0,0,0.0,2019-11-01 02:42:29+00:00,2019-11-01 02:42:29+00:00,Browsers
517491526,1,2,2,0,0,0.0,2019-11-01 02:40:44+00:00,2019-11-01 02:43:54+00:00,Browsers
517492125,1,3,3,0,0,0.0,2019-11-01 01:48:37+00:00,2019-11-01 01:50:15+00:00,Browsers
517493122,1,1,1,0,0,0.0,2019-11-01 02:01:18+00:00,2019-11-01 02:01:18+00:00,Browsers
517493722,1,5,5,0,0,0.0,2019-11-01 00:30:32+00:00,2019-11-01 00:45:52+00:00,Browsers
517498262,1,3,3,0,0,0.0,2019-11-01 02:06:54+00:00,2019-11-01 02:07:46+00:00,Browsers
517510798,1,9,9,0,0,0.0,2019-11-01 02:29:49+00:00,2019-11-01 02:34:47+00:00,Browsers
517514574,1,8,8,0,0,0.0,2019-11-01 01:58:57+00:00,2019-11-01 02:03:48+00:00,Browsers
517517538,1,8,8,0,0,0.0,2019-11-01 01:04:01+00:00,2019-11-01 01:08:03+00:00,Browsers
517519565,1,7,7,0,0,0.0,2019-11-01 00:31:03+00:00,2019-11-01 00:35:19+00:00,Browsers
517520884,1,4,4,0,0,0.0,2019-11-01 02:00:10+00:00,2019-11-01 02:02:06+00:00,Browsers
517525553,1,3,3,0,0,0.0,2019-11-01 01:56:25+00:00,2019-11-01 02:01:09+00:00,Browsers
517529208,1,1,1,0,0,0.0,2019-11-01 00:39:10+00:00,2019-11-01 00:39:10+00:00,Browsers
517531224,1,9,9,0,0,0.0,2019-11-01 02:42:53+00:00,2019-11-01 02:48:16+00:00,Browsers
517533104,1,2,2,0,0,0.0,2019-11-01 01:39:24+00:00,2019-11-01 01:39:57+00:00,Browsers
517534181,1,1,1,0,0,0.0,2019-11-01 02:43:04+00:00,2019-11-01 02:43:04+00:00,Browsers
517537015,1,4,4,0,0,0.0,2019-11-01 00:08:56+00:00,2019-11-01 00:13:15+00:00,Browsers
517545938,1,2,2,0,0,0.0,2019-11-01 01:24:44+00:00,2019-11-01 01:25:18+00:00,Browsers
517547915,1,4,4,0,0,0.0,2019-11-01 02:22:09+00:00,2019-11-01 02:24:11+00:00,Browsers
517556418,2,6,6,0,0,0.0,2019-11-01 02:29:20+00:00,2019-11-01 02:36:06+00:00,Browsers
517560402,1,6,6,0,0,0.0,2019-11-01 02:19:14+00:00,2019-11-01 02:22:19+00:00,Browsers
517561191,1,2,2,0,0,0.0,2019-11-01 02:46:13+00:00,2019-11-01 02:48:12+00:00,Browsers
517563115,1,29,29,0,0,0.0,2019-11-01 01:44:16+00:00,2019-11-01 02:09:36+00:00,Browsers
517566762,1,5,5,0,0,0.0,2019-11-01 01:27:09+00:00,2019-11-01 01:28:44+00:00,Browsers
517580671,5,8,8,0,0,0.0,2019-11-01 01:27:32+00:00,2019-11-01 01:43:36+00:00,Browsers
517581255,1,1,1,0,0,0.0,2019-11-01 01:05:33+00:00,2019-11-01 01:05:33+00:00,Browsers
517589862,1,6,6,0,0,0.0,2019-11-01 01:47:39+00:00,2019-11-01 01:59:26+00:00,Browsers
517590405,1,2,2,0,0,0.0,2019-11-01 00:46:05+00:00,2019-11-01 00:54:36+00:00,Browsers
517596563,1,1,1,0,0,0.0,2019-11-01 02:08:50+00:00,2019-11-01 02:08:50+00:00,Browsers
517597579,1,1,1,0,0,0.0,2019-11-01 02:35:16+00:00,2019-11-01 02:35:16+00:00,Browsers
517606682,1,2,2,0,0,0.0,2019-11-01 02:20:47+00:00,2019-11-01 02:22:10+00:00,Browsers
517611051,1,4,4,0,0,0.0,2019-11-01 02:05:55+00:00,2019-11-01 02:09:30+00:00,Browsers
517617967,1,1,1,0,0,0.0,2019-11-01 02:39:32+00:00,2019-11-01 02:39:32+00:00,Browsers
517621376,1,1,1,0,0,0.0,2019-11-01 02:29:36+00:00,2019-11-01 02:29:36+00:00,Browsers
517625873,1,1,1,0,0,0.0,2019-11-01 02:10:00+00:00,2019-11-01 02:10:00+00:00,Browsers
517626748,1,8,8,0,0,0.0,2019-11-01 02:32:18+00:00,2019-11-01 02:40:47+00:00,Browsers
517630001,2,6,6,0,0,0.0,2019-11-01 00:32:23+00:00,2019-11-01 02:21:17+00:00,Browsers
517630213,1,2,2,0,0,0.0,2019-11-01 00:52:33+00:00,2019-11-01 00:53:11+00:00,Browsers
517634740,1,4,4,0,0,0.0,2019-11-01 02:43:50+00:00,2019-11-01 02:46:32+00:00,Browsers
517636859,1,3,3,0,0,0.0,2019-11-01 01:06:48+00:00,2019-11-01 01:09:02+00:00,Browsers
517639739,1,2,2,0,0,0.0,2019-11-01 00:52:37+00:00,2019-11-01 00:53:40+00:00,Browsers
517643280,1,1,1,0,0,0.0,2019-11-01 02:47:56+00:00,2019-11-01 02:47:56+00:00,Browsers
517645956,1,22,22,0,0,0.0,2019-11-01 02:26:28+00:00,2019-11-01 02:48:09+00:00,Browsers
517646757,1,1,1,0,0,0.0,2019-11-01 02:32:45+00:00,2019-11-01 02:32:45+00:00,Browsers
517647424,1,2,2,0,0,0.0,2019-11-01 02:01:39+00:00,2019-11-01 02:02:06+00:00,Browsers
517649603,1,3,3,0,0,0.0,2019-11-01 01:40:28+00:00,2019-11-01 01:42:17+00:00,Browsers
517654771,1,2,2,0,0,0.0,2019-11-01 02:43:16+00:00,2019-11-01 02:48:17+00:00,Browsers
517655845,1,1,1,0,0,0.0,2019-11-01 01:46:10+00:00,2019-11-01 01:46:10+00:00,Browsers
517656443,1,5,5,0,0,0.0,2019-11-01 02:32:01+00:00,2019-11-01 02:33:34+00:00,Browsers
517662159,2,2,2,0,0,0.0,2019-11-01 02:03:04+00:00,2019-11-01 02:06:58+00:00,Browsers
517662695,1,6,6,0,0,0.0,2019-11-01 00:43:50+00:00,2019-11-01 00:51:05+00:00,Browsers
517668393,1,1,1,0,0,0.0,2019-11-01 00:57:15+00:00,2019-11-01 00:57:15+00:00,Browsers
517671350,1,3,3,0,0,0.0,2019-11-01 02:31:30+00:00,2019-11-01 02:39:24+00:00,Browsers
517673164,1,2,2,0,0,0.0,2019-11-01 01:41:05+00:00,2019-11-01 01:41:27+00:00,Browsers
517674810,1,1,1,0,0,0.0,2019-11-01 02:02:40+00:00,2019-11-01 02:02:40+00:00,Browsers
517676746,1,2,2,0,0,0.0,2019-11-01 02:42:39+00:00,2019-11-01 02:43:17+00:00,Browsers
517679125,1,7,7,0,0,0.0,2019-11-01 02:42:20+00:00,2019-11-01 02:47:08+00:00,Browsers
517681544,2,2,2,0,0,0.0,2019-11-01 01:44:02+00:00,2019-11-01 02:22:58+00:00,Browsers
517684722,1,12,12,0,0,0.0,2019-11-01 00:50:40+00:00,2019-11-01 00:57:36+00:00,Browsers
517689130,1,4,4,0,0,0.0,2019-11-01 02:26:52+00:00,2019-11-01 02:27:55+00:00,Browsers
517698758,1,1,1,0,0,0.0,2019-11-01 02:38:51+00:00,2019-11-01 02:38:51+00:00,Browsers
517702267,2,6,6,0,0,0.0,2019-11-01 00:00:12+00:00,2019-11-01 01:36:13+00:00,Browsers
517714796,1,1,1,0,0,0.0,2019-11-01 02:37:31+00:00,2019-11-01 02:37:31+00:00,Browsers
517715976,1,5,5,0,0,0.0,2019-11-01 01:38:27+00:00,2019-11-01 01:40:26+00:00,Browsers
517716756,1,1,1,0,0,0.0,2019-11-01 02:13:27+00:00,2019-11-01 02:13:27+00:00,Browsers
517718255,1,2,2,0,0,0.0,2019-11-01 02:38:00+00:00,2019-11-01 02:38:35+00:00,Browsers
517724131,1,1,1,0,0,0.0,2019-11-01 02:07:26+00:00,2019-11-01 02:07:26+00:00,Browsers
517731848,1,1,1,0,0,0.0,2019-11-01 02:17:43+00:00,2019-11-01 02:17:43+00:00,Browsers
517737504,1,2,2,0,0,0.0,2019-11-01 01:02:25+00:00,2019-11-01 01:05:02+00:00,Browsers
517757609,1,3,3,0,0,0.0,2019-11-01 01:42:56+00:00,2019-11-01 01:45:15+00:00,Browsers
517758469,1,10,10,0,0,0.0,2019-11-01 01:55:01+00:00,2019-11-01 02:02:22+00:00,Browsers
517775322,1,34,34,0,0,0.0,2019-11-01 00:10:26+00:00,2019-11-01 00:36:18+00:00,Browsers
517785217,1,2,2,0,0,0.0,2019-11-01 02:17:37+00:00,2019-11-01 02:18:14+00:00,Browsers
517802447,1,1,1,0,0,0.0,2019-11-01 00:39:01+00:00,2019-11-01 00:39:01+00:00,Browsers
517803903,1,5,5,0,0,0.0,2019-11-01 02:45:39+00:00,2019-11-01 02:47:47+00:00,Browsers
517805922,1,1,1,0,0,0.0,2019-11-01 01:32:09+00:00,2019-11-01 01:32:09+00:00,Browsers
517808389,1,12,12,0,0,0.0,2019-11-01 02:32:36+00:00,2019-11-01 02:46:52+00:00,Browsers
517811633,1,19,19,0,0,0.0,2019-11-01 00:00:14+00:00,2019-11-01 00:18:55+00:00,Browsers
517818009,5,14,14,0,0,0.0,2019-11-01 01:57:51+00:00,2019-11-01 02:45:53+00:00,Browsers
517818878,1,2,2,0,0,0.0,2019-11-01 02:39:13+00:00,2019-11-01 02:39:31+00:00,Browsers
517822136,1,2,2,0,0,0.0,2019-11-01 02:31:14+00:00,2019-11-01 02:31:24+00:00,Browsers
517823165,1,28,28,0,0,0.0,2019-11-01 02:26:33+00:00,2019-11-01 02:48:17+00:00,Browsers
517830711,1,1,1,0,0,0.0,2019-11-01 02:46:40+00:00,2019-11-01 02:46:40+00:00,Browsers
517843046,1,1,1,0,0,0.0,2019-11-01 01:41:06+00:00,2019-11-01 01:41:06+00:00,Browsers
517854981,1,4,4,0,0,0.0,2019-11-01 01:03:46+00:00,2019-11-01 01:07:16+00:00,Browsers
517855385,1,6,6,0,0,0.0,2019-11-01 02:26:24+00:00,2019-11-01 02:29:13+00:00,Browsers
517860794,1,3,3,0,0,0.0,2019-11-01 02:09:21+00:00,2019-11-01 02:13:25+00:00,Browsers
517864992,1,1,1,0,0,0.0,2019-11-01 02:37:01+00:00,2019-11-01 02:37:01+00:00,Browsers
517865851,1,1,1,0,0,0.0,2019-11-01 02:19:55+00:00,2019-11-01 02:19:55+00:00,Browsers
517867634,1,3,3,0,0,0.0,2019-11-01 02:29:45+00:00,2019-11-01 02:30:55+00:00,Browsers
517869453,1,1,1,0,0,0.0,2019-11-01 02:02:54+00:00,2019-11-01 02:02:54+00:00,Browsers
517878047,2,10,10,0,0,0.0,2019-11-01 02:24:00+00:00,2019-11-01 02:41:37+00:00,Browsers
517882436,1,1,1,0,0,0.0,2019-11-01 00:21:11+00:00,2019-11-01 00:21:11+00:00,Browsers
517884164,1,3,3,0,0,0.0,2019-11-01 02:14:57+00:00,2019-11-01 02:16:33+00:00,Browsers
517890844,1,1,1,0,0,0.0,2019-11-01 02:28:51+00:00,2019-11-01 02:28:51+00:00,Browsers
517895630,1,2,2,0,0,0.0,2019-11-01 02:19:07+00:00,2019-11-01 02:19:25+00:00,Browsers
517897853,1,9,6,3,0,0.0,2019-11-01 02:36:42+00:00,2019-11-01 02:48:21+00:00,Cart abandoners
517899196,1,1,1,0,0,0.0,2019-11-01 00:52:12+00:00,2019-11-01 00:52:12+00:00,Browsers
517900883,1,2,2,0,0,0.0,2019-11-01 02:12:55+00:00,2019-11-01 02:15:06+00:00,Browsers
517905208,2,32,32,0,0,0.0,2019-11-01 02:06:48+00:00,2019-11-01 02:33:14+00:00,Browsers
517906343,1,3,3,0,0,0.0,2019-11-01 02:05:28+00:00,2019-11-01 02:17:04+00:00,Browsers
517909550,1,5,5,0,0,0.0,2019-11-01 00:25:55+00:00,2019-11-01 00:28:56+00:00,Browsers
517909796,3,4,4,0,0,0.0,2019-11-01 02:37:41+00:00,2019-11-01 02:41:19+00:00,Browsers
517914201,1,10,10,0,0,0.0,2019-11-01 01:53:16+00:00,2019-11-01 02:01:09+00:00,Browsers
517914338,1,9,9,0,0,0.0,2019-11-01 01:37:34+00:00,2019-11-01 01:43:47+00:00,Browsers
517925866,1,1,1,0,0,0.0,2019-11-01 00:43:32+00:00,2019-11-01 00:43:32+00:00,Browsers
517926626,1,4,4,0,0,0.0,2019-11-01 01:48:36+00:00,2019-11-01 01:52:06+00:00,Browsers
517930729,1,9,9,0,0,0.0,2019-11-01 00:52:52+00:00,2019-11-01 00:57:36+00:00,Browsers
517934472,1,6,6,0,0,0.0,2019-11-01 01:43:30+00:00,2019-11-01 01:49:15+00:00,Browsers
517934748,1,2,2,0,0,0.0,2019-11-01 01:07:11+00:00,2019-11-01 01:07:26+00:00,Browsers
517941621,1,1,1,0,0,0.0,2019-11-01 00:44:30+00:00,2019-11-01 00:44:30+00:00,Browsers
517946609,1,3,3,0,0,0.0,2019-11-01 02:18:49+00:00,2019-11-01 02:19:41+00:00,Browsers
517952617,1,4,4,0,0,0.0,2019-11-01 01:52:19+00:00,2019-11-01 01:57:20+00:00,Browsers
517964749,1,15,15,0,0,0.0,2019-11-01 00:37:27+00:00,2019-11-01 00:47:02+00:00,Browsers
517966445,1,6,6,0,0,0.0,2019-11-01 02:22:41+00:00,2019-11-01 02:25:32+00:00,Browsers
517969065,1,3,3,0,0,0.0,2019-11-01 01:39:41+00:00,2019-11-01 01:40:21+00:00,Browsers
517971464,1,3,3,0,0,0.0,2019-11-01 02:44:26+00:00,2019-11-01 02:47:11+00:00,Browsers
517978243,1,2,2,0,0,0.0,2019-11-01 01:50:23+00:00,2019-11-01 01:51:33+00:00,Browsers
517981071,2,9,9,0,0,0.0,2019-11-01 01:50:37+00:00,2019-11-01 02:04:52+00:00,Browsers
517986424,1,8,8,0,0,0.0,2019-11-01 00:43:29+00:00,2019-11-01 00:50:37+00:00,Browsers
517993387,2,9,9,0,0,0.0,2019-11-01 02:17:47+00:00,2019-11-01 02:44:50+00:00,Browsers
517993589,1,1,1,0,0,0.0,2019-11-01 00:45:38+00:00,2019-11-01 00:45:38+00:00,Browsers
517996826,1,1,1,0,0,0.0,2019-11-01 02:04:56+00:00,2019-11-01 02:04:56+00:00,Browsers
517999523,1,2,2,0,0,0.0,2019-11-01 02:43:27+00:00,2019-11-01 02:44:13+00:00,Browsers
518001730,2,10,10,0,0,0.0,2019-11-01 00:00:50+00:00,2019-11-01 00:15:29+00:00,Browsers
518008091,1,7,7,0,0,0.0,2019-11-01 02:42:45+00:00,2019-11-01 02:47:17+00:00,Browsers
518014469,3,67,67,0,0,0.0,2019-11-01 01:45:28+00:00,2019-11-01 02:39:29+00:00,Browsers
518014478,1,1,1,0,0,0.0,2019-11-01 02:27:35+00:00,2019-11-01 02:27:35+00:00,Browsers
518015918,1,1,1,0,0,0.0,2019-11-01 01:42:56+00:00,2019-11-01 01:42:56+00:00,Browsers
518023647,1,1,1,0,0,0.0,2019-11-01 00:44:32+00:00,2019-11-01 00:44:32+00:00,Browsers
518026730,2,5,4,0,1,411.54,2019-11-01 02:07:20+00:00,2019-11-01 02:12:43+00:00,High-value users (purchasers)
518029206,1,4,4,0,0,0.0,2019-11-01 00:57:11+00:00,2019-11-01 01:03:26+00:00,Browsers
518039576,1,2,2,0,0,0.0,2019-11-01 00:17:16+00:00,2019-11-01 00:17:57+00:00,Browsers
518041558,1,2,2,0,0,0.0,2019-11-01 02:05:33+00:00,2019-11-01 02:07:31+00:00,Browsers
518043275,1,10,10,0,0,0.0,2019-11-01 02:44:55+00:00,2019-11-01 02:47:59+00:00,Browsers
518043411,1,1,1,0,0,0.0,2019-11-01 01:46:11+00:00,2019-11-01 01:46:11+00:00,Browsers
518044108,1,5,5,0,0,0.0,2019-11-01 00:33:21+00:00,2019-11-01 00:42:55+00:00,Browsers
518044896,1,1,1,0,0,0.0,2019-11-01 02:47:55+00:00,2019-11-01 02:47:55+00:00,Browsers
518045858,4,17,17,0,0,0.0,2019-11-01 00:00:54+00:00,2019-11-01 01:41:34+00:00,Browsers
518049862,1,4,4,0,0,0.0,2019-11-01 02:16:47+00:00,2019-11-01 02:21:06+00:00,Browsers
518054932,1,2,2,0,0,0.0,2019-11-01 00:40:20+00:00,2019-11-01 00:40:46+00:00,Browsers
518056358,1,1,1,0,0,0.0,2019-11-01 01:52:23+00:00,2019-11-01 01:52:23+00:00,Browsers
518060939,1,1,1,0,0,0.0,2019-11-01 02:22:48+00:00,2019-11-01 02:22:48+00:00,Browsers
518062651,1,2,2,0,0,0.0,2019-11-01 01:56:51+00:00,2019-11-01 02:01:49+00:00,Browsers
518066225,1,2,2,0,0,0.0,2019-11-01 01:04:03+00:00,2019-11-01 01:06:31+00:00,Browsers
518073929,1,2,2,0,0,0.0,2019-11-01 01:47:05+00:00,2019-11-01 01:47:43+00:00,Browsers
518076876,1,2,2,0,0,0.0,2019-11-01 01:48:03+00:00,2019-11-01 01:49:43+00:00,Browsers
518077588,1,6,6,0,0,0.0,2019-11-01 00:07:20+00:00,2019-11-01 00:10:55+00:00,Browsers
518078074,1,1,1,0,0,0.0,2019-11-01 00:24:22+00:00,2019-11-01 00:24:22+00:00,Browsers
518079618,1,4,4,0,0,0.0,2019-11-01 00:45:32+00:00,2019-11-01 00:47:55+00:00,Browsers
518085591,6,13,13,0,0,0.0,2019-11-01 00:00:01+00:00,2019-11-01 01:25:00+00:00,Browsers
518089072,2,4,4,0,0,0.0,2019-11-01 02:26:42+00:00,2019-11-01 02:31:14+00:00,Browsers
518092872,2,10,10,0,0,0.0,2019-11-01 00:40:00+00:00,2019-11-01 01:06:11+00:00,Browsers
518098261,2,6,5,0,1,160.57,2019-11-01 02:43:30+00:00,2019-11-01 02:46:04+00:00,High-value users (purchasers)
518107476,1,7,7,0,0,0.0,2019-11-01 02:26:31+00:00,2019-11-01 02:29:02+00:00,Browsers
518113288,1,1,1,0,0,0.0,2019-11-01 00:23:42+00:00,2019-11-01 00:23:42+00:00,Browsers
518117806,1,4,4,0,0,0.0,2019-11-01 01:27:02+00:00,2019-11-01 01:30:15+00:00,Browsers
518137013,4,9,9,0,0,0.0,2019-11-01 02:04:55+00:00,2019-11-01 02:06:17+00:00,Browsers
518166789,1,4,3,0,1,1348.61,2019-11-01 01:37:38+00:00,2019-11-01 01:40:06+00:00,High-value users (purchasers)
518167283,1,8,8,0,0,0.0,2019-11-01 00:36:58+00:00,2019-11-01 00:40:07+00:00,Browsers
518176380,2,14,14,0,0,0.0,2019-11-01 01:36:58+00:00,2019-11-01 02:03:58+00:00,Browsers
518193283,1,13,13,0,0,0.0,2019-11-01 02:14:02+00:00,2019-11-01 02:40:45+00:00,Browsers
518264104,1,6,6,0,0,0.0,2019-11-01 02:14:48+00:00,2019-11-01 02:18:19+00:00,Browsers
518267348,3,11,9,1,1,1337.23,2019-11-01 00:11:48+00:00,2019-11-01 00:19:25+00:00,High-value users (purchasers)
518277746,1,3,2,0,1,531.26,2019-11-01 02:24:21+00:00,2019-11-01 02:28:33+00:00,High-value users (purchasers)
518280638,1,6,6,0,0,0.0,2019-11-01 00:36:01+00:00,2019-11-01 00:37:33+00:00,Browsers
518280663,1,1,1,0,0,0.0,2019-11-01 02:19:02+00:00,2019-11-01 02:19:02+00:00,Browsers
518289926,1,1,1,0,0,0.0,2019-11-01 02:14:42+00:00,2019-11-01 02:14:42+00:00,Browsers
518291241,1,2,1,0,1,167.31,2019-11-01 02:47:55+00:00,2019-11-01 02:48:25+00:00,High-value users (purchasers)
518298387,2,5,5,0,0,0.0,2019-11-01 02:16:54+00:00,2019-11-01 02:39:47+00:00,Browsers
518299803,2,5,5,0,0,0.0,2019-11-01 01:49:58+00:00,2019-11-01 02:36:03+00:00,Browsers
518301539,1,22,22,0,0,0.0,2019-11-01 02:35:17+00:00,2019-11-01 02:48:22+00:00,Browsers
518307659,1,1,1,0,0,0.0,2019-11-01 02:41:22+00:00,2019-11-01 02:41:22+00:00,Browsers
518311660,1,5,5,0,0,0.0,2019-11-01 02:02:10+00:00,2019-11-01 02:06:42+00:00,Browsers
518311799,1,5,5,0,0,0.0,2019-11-01 02:36:41+00:00,2019-11-01 02:41:31+00:00,Browsers
518319006,1,12,12,0,0,0.0,2019-11-01 02:33:13+00:00,2019-11-01 02:38:08+00:00,Browsers
518332451,1,5,5,0,0,0.0,2019-11-01 02:25:08+00:00,2019-11-01 02:26:44+00:00,Browsers
518333863,1,5,5,0,0,0.0,2019-11-01 02:07:58+00:00,2019-11-01 02:13:15+00:00,Browsers
518334756,1,2,2,0,0,0.0,2019-11-01 00:53:30+00:00,2019-11-01 00:55:09+00:00,Browsers
518337218,1,4,4,0,0,0.0,2019-11-01 01:43:53+00:00,2019-11-01 01:45:12+00:00,Browsers
518341746,1,2,2,0,0,0.0,2019-11-01 02:08:31+00:00,2019-11-01 02:09:24+00:00,Browsers
518343573,2,10,10,0,0,0.0,2019-11-01 01:55:55+00:00,2019-11-01 02:37:42+00:00,Browsers
518352946,1,1,1,0,0,0.0,2019-11-01 01:07:39+00:00,2019-11-01 01:07:39+00:00,Browsers
518368347,3,32,32,0,0,0.0,2019-11-01 00:29:37+00:00,2019-11-01 01:14:49+00:00,Browsers
518370820,1,9,9,0,0,0.0,2019-11-01 00:25:01+00:00,2019-11-01 01:08:46+00:00,Browsers
518371070,1,10,10,0,0,0.0,2019-11-01 01:49:18+00:00,2019-11-01 02:00:34+00:00,Browsers
518371534,1,5,5,0,0,0.0,2019-11-01 02:21:07+00:00,2019-11-01 02:24:44+00:00,Browsers
518373642,1,21,21,0,0,0.0,2019-11-01 01:51:27+00:00,2019-11-01 02:45:49+00:00,Browsers
518374323,1,1,1,0,0,0.0,2019-11-01 01:45:44+00:00,2019-11-01 01:45:44+00:00,Browsers
518379954,1,1,1,0,0,0.0,2019-11-01 00:14:27+00:00,2019-11-01 00:14:27+00:00,Browsers
518381320,3,4,4,0,0,0.0,2019-11-01 01:30:30+00:00,2019-11-01 02:28:29+00:00,Browsers
518384037,1,2,2,0,0,0.0,2019-11-01 00:21:55+00:00,2019-11-01 00:23:02+00:00,Browsers
518394703,1,12,12,0,0,0.0,2019-11-01 00:58:40+00:00,2019-11-01 01:07:27+00:00,Browsers
518395511,1,1,1,0,0,0.0,2019-11-01 02:30:26+00:00,2019-11-01 02:30:26+00:00,Browsers
518397661,1,2,2,0,0,0.0,2019-11-01 02:22:32+00:00,2019-11-01 02:22:49+00:00,Browsers
518398361,1,3,3,0,0,0.0,2019-11-01 00:01:02+00:00,2019-11-01 00:03:24+00:00,Browsers
518401809,1,3,3,0,0,0.0,2019-11-01 01:37:55+00:00,2019-11-01 01:38:41+00:00,Browsers
518402193,1,2,2,0,0,0.0,2019-11-01 02:33:04+00:00,2019-11-01 02:34:07+00:00,Browsers
518406008,1,2,2,0,0,0.0,2019-11-01 02:10:12+00:00,2019-11-01 02:11:21+00:00,Browsers
518407514,1,2,2,0,0,0.0,2019-11-01 01:50:00+00:00,2019-11-01 01:55:39+00:00,Browsers
518408874,1,4,4,0,0,0.0,2019-11-01 01:03:26+00:00,2019-11-01 01:08:36+00:00,Browsers
518420133,1,1,1,0,0,0.0,2019-11-01 02:03:41+00:00,2019-11-01 02:03:41+00:00,Browsers
518422709,1,10,10,0,0,0.0,2019-11-01 01:26:06+00:00,2019-11-01 01:31:41+00:00,Browsers
518427361,1,1,1,0,0,0.0,2019-11-01 00:00:03+00:00,2019-11-01 00:00:03+00:00,Browsers
518435836,1,16,16,0,0,0.0,2019-11-01 02:18:40+00:00,2019-11-01 02:30:01+00:00,Browsers
518443005,1,4,4,0,0,0.0,2019-11-01 02:00:08+00:00,2019-11-01 02:05:58+00:00,Browsers
518443341,1,6,6,0,0,0.0,2019-11-01 02:29:45+00:00,2019-11-01 02:43:02+00:00,Browsers
518444415,1,1,1,0,0,0.0,2019-11-01 00:52:26+00:00,2019-11-01 00:52:26+00:00,Browsers
518445923,4,4,4,0,0,0.0,2019-11-01 01:51:08+00:00,2019-11-01 01:55:55+00:00,Browsers
518451048,1,10,10,0,0,0.0,2019-11-01 01:52:53+00:00,2019-11-01 02:03:30+00:00,Browsers
518452354,1,1,1,0,0,0.0,2019-11-01 01:29:07+00:00,2019-11-01 01:29:07+00:00,Browsers
518453893,1,4,4,0,0,0.0,2019-11-01 01:05:01+00:00,2019-11-01 01:07:51+00:00,Browsers
518456725,1,1,1,0,0,0.0,2019-11-01 01:43:09+00:00,2019-11-01 01:43:09+00:00,Browsers
518459242,1,2,2,0,0,0.0,2019-11-01 01:29:47+00:00,2019-11-01 01:29:54+00:00,Browsers
518464244,1,1,1,0,0,0.0,2019-11-01 02:16:09+00:00,2019-11-01 02:16:09+00:00,Browsers
518467269,1,1,1,0,0,0.0,2019-11-01 02:45:17+00:00,2019-11-01 02:45:17+00:00,Browsers
518468047,1,4,4,0,0,0.0,2019-11-01 01:48:09+00:00,2019-11-01 01:50:43+00:00,Browsers
518470749,1,2,2,0,0,0.0,2019-11-01 00:04:46+00:00,2019-11-01 00:05:06+00:00,Browsers
518471741,1,1,1,0,0,0.0,2019-11-01 02:15:47+00:00,2019-11-01 02:15:47+00:00,Browsers
518472006,1,1,1,0,0,0.0,2019-11-01 02:39:06+00:00,2019-11-01 02:39:06+00:00,Browsers
518472134,1,5,5,0,0,0.0,2019-11-01 02:22:02+00:00,2019-11-01 02:28:17+00:00,Browsers
518475034,1,1,1,0,0,0.0,2019-11-01 01:34:24+00:00,2019-11-01 01:34:24+00:00,Browsers
518475071,2,72,72,0,0,0.0,2019-11-01 01:48:44+00:00,2019-11-01 02:24:23+00:00,Browsers
518481141,1,1,1,0,0,0.0,2019-11-01 02:24:44+00:00,2019-11-01 02:24:44+00:00,Browsers
518481872,1,3,3,0,0,0.0,2019-11-01 02:41:28+00:00,2019-11-01 02:44:25+00:00,Browsers
518482231,1,12,12,0,0,0.0,2019-11-01 00:26:55+00:00,2019-11-01 00:59:26+00:00,Browsers
518484905,3,16,16,0,0,0.0,2019-11-01 00:30:57+00:00,2019-11-01 00:46:46+00:00,Browsers
518485372,1,1,1,0,0,0.0,2019-11-01 01:35:55+00:00,2019-11-01 01:35:55+00:00,Browsers
518485441,1,1,1,0,0,0.0,2019-11-01 01:53:40+00:00,2019-11-01 01:53:40+00:00,Browsers
518489407,1,1,1,0,0,0.0,2019-11-01 02:48:09+00:00,2019-11-01 02:48:09+00:00,Browsers
518489582,1,1,1,0,0,0.0,2019-11-01 01:00:43+00:00,2019-11-01 01:00:43+00:00,Browsers
518492021,1,2,2,0,0,0.0,2019-11-01 02:10:56+00:00,2019-11-01 02:13:56+00:00,Browsers
518501704,1,5,5,0,0,0.0,2019-11-01 01:03:11+00:00,2019-11-01 01:06:09+00:00,Browsers
518503021,3,67,67,0,0,0.0,2019-11-01 01:47:33+00:00,2019-11-01 02:44:44+00:00,Browsers
518503734,2,4,4,0,0,0.0,2019-11-01 02:36:53+00:00,2019-11-01 02:42:59+00:00,Browsers
518504674,1,1,1,0,0,0.0,2019-11-01 01:55:04+00:00,2019-11-01 01:55:04+00:00,Browsers
518507851,1,4,4,0,0,0.0,2019-11-01 02:15:46+00:00,2019-11-01 02:18:09+00:00,Browsers
518512070,1,3,3,0,0,0.0,2019-11-01 02:45:05+00:00,2019-11-01 02:47:06+00:00,Browsers
518513088,2,11,11,0,0,0.0,2019-11-01 01:49:27+00:00,2019-11-01 01:58:21+00:00,Browsers
518516562,1,7,7,0,0,0.0,2019-11-01 02:29:47+00:00,2019-11-01 02:39:20+00:00,Browsers
518523520,1,5,5,0,0,0.0,2019-11-01 01:54:40+00:00,2019-11-01 01:57:34+00:00,Browsers
518523816,1,7,7,0,0,0.0,2019-11-01 01:46:04+00:00,2019-11-01 02:01:29+00:00,Browsers
518530199,1,1,1,0,0,0.0,2019-11-01 01:27:54+00:00,2019-11-01 01:27:54+00:00,Browsers
518538389,1,1,1,0,0,0.0,2019-11-01 00:04:48+00:00,2019-11-01 00:04:48+00:00,Browsers
518542063,1,1,1,0,0,0.0,2019-11-01 01:54:51+00:00,2019-11-01 01:54:51+00:00,Browsers
518549830,1,20,20,0,0,0.0,2019-11-01 01:41:59+00:00,2019-11-01 01:55:34+00:00,Browsers
518551846,2,9,9,0,0,0.0,2019-11-01 02:20:26+00:00,2019-11-01 02:32:21+00:00,Browsers
518559831,3,7,5,0,2,119.34,2019-11-01 01:58:57+00:00,2019-11-01 02:22:20+00:00,High-value users (purchasers)
518574284,1,9,9,0,0,0.0,2019-11-01 00:00:02+00:00,2019-11-01 00:07:13+00:00,Browsers
518577273,5,24,24,0,0,0.0,2019-11-01 02:17:37+00:00,2019-11-01 02:32:28+00:00,Browsers
518590049,1,3,3,0,0,0.0,2019-11-01 01:02:45+00:00,2019-11-01 01:06:28+00:00,Browsers
518590703,1,6,6,0,0,0.0,2019-11-01 01:01:00+00:00,2019-11-01 01:04:45+00:00,Browsers
518591301,1,6,6,0,0,0.0,2019-11-01 01:35:55+00:00,2019-11-01 01:38:24+00:00,Browsers
518591347,1,1,1,0,0,0.0,2019-11-01 02:27:26+00:00,2019-11-01 02:27:26+00:00,Browsers
518595713,1,1,1,0,0,0.0,2019-11-01 02:43:51+00:00,2019-11-01 02:43:51+00:00,Browsers
518603963,3,25,25,0,0,0.0,2019-11-01 02:17:06+00:00,2019-11-01 02:42:11+00:00,Browsers
518604387,1,5,5,0,0,0.0,2019-11-01 02:45:19+00:00,2019-11-01 02:47:58+00:00,Browsers
518604683,1,3,3,0,0,0.0,2019-11-01 00:51:28+00:00,2019-11-01 00:54:27+00:00,Browsers
518608190,2,11,11,0,0,0.0,2019-11-01 01:42:58+00:00,2019-11-01 02:21:02+00:00,Browsers
518608533,1,2,2,0,0,0.0,2019-11-01 01:41:14+00:00,2019-11-01 01:41:57+00:00,Browsers
518609085,1,8,8,0,0,0.0,2019-11-01 02:13:23+00:00,2019-11-01 02:17:52+00:00,Browsers
518609441,1,9,9,0,0,0.0,2019-11-01 02:29:55+00:00,2019-11-01 02:32:27+00:00,Browsers
518611202,1,2,2,0,0,0.0,2019-11-01 01:55:06+00:00,2019-11-01 01:56:20+00:00,Browsers
518613515,1,1,1,0,0,0.0,2019-11-01 01:50:03+00:00,2019-11-01 01:50:03+00:00,Browsers
518614005,1,13,13,0,0,0.0,2019-11-01 00:33:01+00:00,2019-11-01 00:54:51+00:00,Browsers
518614051,1,18,18,0,0,0.0,2019-11-01 01:51:44+00:00,2019-11-01 02:28:38+00:00,Browsers
518615309,1,2,2,0,0,0.0,2019-11-01 01:46:01+00:00,2019-11-01 01:46:48+00:00,Browsers
518617671,1,1,1,0,0,0.0,2019-11-01 00:59:27+00:00,2019-11-01 00:59:27+00:00,Browsers
518618772,1,7,6,0,1,722.4,2019-11-01 02:42:15+00:00,2019-11-01 02:46:11+00:00,High-value users (purchasers)
518619217,1,3,3,0,0,0.0,2019-11-01 01:59:39+00:00,2019-11-01 02:00:27+00:00,Browsers
518620989,1,2,2,0,0,0.0,2019-11-01 02:35:29+00:00,2019-11-01 02:35:35+00:00,Browsers
518621167,1,10,8,1,1,29.86,2019-11-01 02:00:33+00:00,2019-11-01 02:04:26+00:00,High-value users (purchasers)
518621750,1,13,13,0,0,0.0,2019-11-01 00:01:32+00:00,2019-11-01 00:10:43+00:00,Browsers
518622723,1,1,1,0,0,0.0,2019-11-01 02:41:28+00:00,2019-11-01 02:41:28+00:00,Browsers
518623165,1,9,9,0,0,0.0,2019-11-01 02:41:12+00:00,2019-11-01 02:48:22+00:00,Browsers
518623263,1,1,1,0,0,0.0,2019-11-01 02:06:01+00:00,2019-11-01 02:06:01+00:00,Browsers
518625624,1,9,5,0,4,246.6,2019-11-01 02:38:09+00:00,2019-11-01 02:42:11+00:00,High-value users (purchasers)
518627389,1,3,3,0,0,0.0,2019-11-01 02:06:04+00:00,2019-11-01 02:07:31+00:00,Browsers
518628431,1,4,4,0,0,0.0,2019-11-01 01:31:12+00:00,2019-11-01 01:33:11+00:00,Browsers
518628657,1,1,1,0,0,0.0,2019-11-01 02:45:41+00:00,2019-11-01 02:45:41+00:00,Browsers
518628732,1,3,3,0,0,0.0,2019-11-01 00:06:59+00:00,2019-11-01 00:08:21+00:00,Browsers
518629312,1,3,3,0,0,0.0,2019-11-01 01:49:59+00:00,2019-11-01 01:52:18+00:00,Browsers
518629597,1,1,1,0,0,0.0,2019-11-01 01:53:08+00:00,2019-11-01 01:53:08+00:00,Browsers
518629737,1,8,8,0,0,0.0,2019-11-01 01:43:01+00:00,2019-11-01 01:47:38+00:00,Browsers
518630665,1,1,1,0,0,0.0,2019-11-01 01:08:49+00:00,2019-11-01 01:08:49+00:00,Browsers
518634062,1,1,1,0,0,0.0,2019-11-01 02:27:52+00:00,2019-11-01 02:27:52+00:00,Browsers
518637321,1,1,1,0,0,0.0,2019-11-01 02:28:02+00:00,2019-11-01 02:28:02+00:00,Browsers
518639669,2,4,4,0,0,0.0,2019-11-01 02:08:32+00:00,2019-11-01 02:42:14+00:00,Browsers
518640375,1,13,12,0,1,57.92,2019-11-01 01:48:30+00:00,2019-11-01 02:04:20+00:00,High-value users (purchasers)
518641035,1,1,1,0,0,0.0,2019-11-01 00:05:08+00:00,2019-11-01 00:05:08+00:00,Browsers
518641811,1,9,9,0,0,0.0,2019-11-01 02:11:32+00:00,2019-11-01 02:15:05+00:00,Browsers
518643036,1,1,1,0,0,0.0,2019-11-01 02:10:59+00:00,2019-11-01 02:10:59+00:00,Browsers
518645833,1,78,78,0,0,0.0,2019-11-01 01:29:35+00:00,2019-11-01 02:13:10+00:00,Browsers
518648669,1,2,2,0,0,0.0,2019-11-01 02:09:24+00:00,2019-11-01 02:09:59+00:00,Browsers
518648882,1,6,6,0,0,0.0,2019-11-01 02:14:34+00:00,2019-11-01 02:18:14+00:00,Browsers
518651784,1,1,1,0,0,0.0,2019-11-01 01:51:15+00:00,2019-11-01 01:51:15+00:00,Browsers
518653812,1,4,4,0,0,0.0,2019-11-01 02:27:59+00:00,2019-11-01 02:29:52+00:00,Browsers
518654206,1,1,1,0,0,0.0,2019-11-01 02:47:25+00:00,2019-11-01 02:47:25+00:00,Browsers
518655960,1,2,2,0,0,0.0,2019-11-01 02:39:39+00:00,2019-11-01 02:40:01+00:00,Browsers
518656487,1,7,7,0,0,0.0,2019-11-01 00:00:48+00:00,2019-11-01 00:10:58+00:00,Browsers
518661417,1,2,2,0,0,0.0,2019-11-01 00:04:40+00:00,2019-11-01 00:05:10+00:00,Browsers
518661593,1,3,3,0,0,0.0,2019-11-01 01:31:43+00:00,2019-11-01 01:32:20+00:00,Browsers
518665898,1,2,1,1,0,0.0,2019-11-01 02:02:18+00:00,2019-11-01 02:03:02+00:00,Cart abandoners
518666971,1,12,12,0,0,0.0,2019-11-01 02:29:22+00:00,2019-11-01 02:37:24+00:00,Browsers
518668574,1,3,1,2,0,0.0,2019-11-01 02:44:52+00:00,2019-11-01 02:47:11+00:00,Cart abandoners
518671877,2,17,17,0,0,0.0,2019-11-01 01:44:47+00:00,2019-11-01 01:57:31+00:00,Browsers
518673586,1,1,1,0,0,0.0,2019-11-01 02:04:16+00:00,2019-11-01 02:04:16+00:00,Browsers
518674424,1,12,12,0,0,0.0,2019-11-01 00:49:20+00:00,2019-11-01 01:00:14+00:00,Browsers
518674693,1,2,2,0,0,0.0,2019-11-01 01:01:52+00:00,2019-11-01 01:02:55+00:00,Browsers
518675245,1,5,5,0,0,0.0,2019-11-01 01:25:37+00:00,2019-11-01 01:34:15+00:00,Browsers
518676464,1,25,25,0,0,0.0,2019-11-01 00:50:22+00:00,2019-11-01 01:12:35+00:00,Browsers
518678310,1,44,44,0,0,0.0,2019-11-01 02:23:20+00:00,2019-11-01 02:33:32+00:00,Browsers
518678662,1,5,4,1,0,0.0,2019-11-01 02:24:42+00:00,2019-11-01 02:30:33+00:00,Cart abandoners
518679035,1,17,14,2,1,142.84,2019-11-01 00:31:02+00:00,2019-11-01 00:42:43+00:00,High-value users (purchasers)
518680897,1,8,8,0,0,0.0,2019-11-01 01:01:05+00:00,2019-11-01 01:08:28+00:00,Browsers
518681544,1,5,5,0,0,0.0,2019-11-01 02:04:46+00:00,2019-11-01 02:10:19+00:00,Browsers
518684300,1,1,1,0,0,0.0,2019-11-01 01:34:36+00:00,2019-11-01 01:34:36+00:00,Browsers
518684939,1,1,1,0,0,0.0,2019-11-01 02:19:51+00:00,2019-11-01 02:19:51+00:00,Browsers
518685158,1,12,12,0,0,0.0,2019-11-01 02:22:23+00:00,2019-11-01 02:35:29+00:00,Browsers
518685432,1,9,9,0,0,0.0,2019-11-01 00:53:59+00:00,2019-11-01 01:43:30+00:00,Browsers
518686130,1,4,4,0,0,0.0,2019-11-01 02:44:15+00:00,2019-11-01 02:46:23+00:00,Browsers
518688642,2,8,8,0,0,0.0,2019-11-01 00:42:44+00:00,2019-11-01 01:01:09+00:00,Browsers
518690216,1,1,1,0,0,0.0,2019-11-01 02:17:23+00:00,2019-11-01 02:17:23+00:00,Browsers
518691953,1,10,10,0,0,0.0,2019-11-01 00:12:03+00:00,2019-11-01 00:20:07+00:00,Browsers
518695962,1,25,25,0,0,0.0,2019-11-01 01:40:33+00:00,2019-11-01 01:57:08+00:00,Browsers
518696350,2,7,7,0,0,0.0,2019-11-01 02:02:44+00:00,2019-11-01 02:26:20+00:00,Browsers
518696650,1,13,13,0,0,0.0,2019-11-01 00:53:55+00:00,2019-11-01 01:09:45+00:00,Browsers
518697864,1,13,13,0,0,0.0,2019-11-01 01:49:33+00:00,2019-11-01 01:59:10+00:00,Browsers
518697897,1,1,1,0,0,0.0,2019-11-01 00:58:58+00:00,2019-11-01 00:58:58+00:00,Browsers
518700360,1,2,2,0,0,0.0,2019-11-01 02:47:10+00:00,2019-11-01 02:47:59+00:00,Browsers
518703450,2,2,2,0,0,0.0,2019-11-01 01:25:04+00:00,2019-11-01 01:27:20+00:00,Browsers
518709357,1,2,1,1,0,0.0,2019-11-01 00:46:57+00:00,2019-11-01 00:47:53+00:00,Cart abandoners
518709576,1,1,1,0,0,0.0,2019-11-01 00:06:36+00:00,2019-11-01 00:06:36+00:00,Browsers
518709782,1,12,12,0,0,0.0,2019-11-01 02:18:42+00:00,2019-11-01 02:26:22+00:00,Browsers
518710537,1,3,3,0,0,0.0,2019-11-01 01:41:33+00:00,2019-11-01 01:43:07+00:00,Browsers
518711894,1,1,1,0,0,0.0,2019-11-01 01:44:22+00:00,2019-11-01 01:44:22+00:00,Browsers
518713798,2,3,3,0,0,0.0,2019-11-01 00:44:53+00:00,2019-11-01 00:55:33+00:00,Browsers
518726691,2,8,8,0,0,0.0,2019-11-01 00:26:26+00:00,2019-11-01 00:35:23+00:00,Browsers
518727966,1,4,4,0,0,0.0,2019-11-01 02:05:49+00:00,2019-11-01 02:06:55+00:00,Browsers
518728844,2,15,15,0,0,0.0,2019-11-01 01:03:31+00:00,2019-11-01 01:29:01+00:00,Browsers
518728881,1,2,2,0,0,0.0,2019-11-01 02:44:37+00:00,2019-11-01 02:47:14+00:00,Browsers
518732932,1,1,1,0,0,0.0,2019-11-01 01:31:41+00:00,2019-11-01 01:31:41+00:00,Browsers
518736272,2,18,18,0,0,0.0,2019-11-01 01:45:23+00:00,2019-11-01 02:02:06+00:00,Browsers
518739823,1,2,2,0,0,0.0,2019-11-01 00:28:39+00:00,2019-11-01 00:31:01+00:00,Browsers
518740592,2,4,4,0,0,0.0,2019-11-01 02:36:48+00:00,2019-11-01 02:41:36+00:00,Browsers
518742041,1,1,1,0,0,0.0,2019-11-01 01:33:23+00:00,2019-11-01 01:33:23+00:00,Browsers
518743523,1,1,1,0,0,0.0,2019-11-01 02:21:11+00:00,2019-11-01 02:21:11+00:00,Browsers
518743592,1,1,1,0,0,0.0,2019-11-01 02:42:06+00:00,2019-11-01 02:42:06+00:00,Browsers
518743793,1,1,1,0,0,0.0,2019-11-01 02:03:07+00:00,2019-11-01 02:03:07+00:00,Browsers
518743935,2,7,7,0,0,0.0,2019-11-01 02:06:52+00:00,2019-11-01 02:47:59+00:00,Browsers
518746361,1,4,4,0,0,0.0,2019-11-01 02:21:39+00:00,2019-11-01 02:25:31+00:00,Browsers
518747229,1,5,5,0,0,0.0,2019-11-01 02:39:31+00:00,2019-11-01 02:47:45+00:00,Browsers
518747313,1,1,1,0,0,0.0,2019-11-01 02:47:41+00:00,2019-11-01 02:47:41+00:00,Browsers
518751723,1,3,3,0,0,0.0,2019-11-01 01:46:54+00:00,2019-11-01 01:49:59+00:00,Browsers
518756694,2,6,6,0,0,0.0,2019-11-01 02:19:25+00:00,2019-11-01 02:30:04+00:00,Browsers
518758107,2,12,12,0,0,0.0,2019-11-01 00:00:13+00:00,2019-11-01 00:39:29+00:00,Browsers
518758469,1,1,1,0,0,0.0,2019-11-01 02:08:43+00:00,2019-11-01 02:08:43+00:00,Browsers
518760696,1,3,3,0,0,0.0,2019-11-01 02:36:52+00:00,2019-11-01 02:38:14+00:00,Browsers
518763013,1,2,2,0,0,0.0,2019-11-01 02:11:53+00:00,2019-11-01 02:12:45+00:00,Browsers
518768045,2,9,9,0,0,0.0,2019-11-01 02:15:41+00:00,2019-11-01 02:23:06+00:00,Browsers
518769504,2,3,3,0,0,0.0,2019-11-01 02:12:36+00:00,2019-11-01 02:18:15+00:00,Browsers
518771094,1,2,1,0,1,45.82,2019-11-01 00:59:27+00:00,2019-11-01 01:03:09+00:00,High-value users (purchasers)
518776896,1,5,5,0,0,0.0,2019-11-01 02:40:43+00:00,2019-11-01 02:44:59+00:00,Browsers
518777553,1,31,31,0,0,0.0,2019-11-01 02:04:16+00:00,2019-11-01 02:33:15+00:00,Browsers
518777978,1,1,1,0,0,0.0,2019-11-01 01:08:20+00:00,2019-11-01 01:08:20+00:00,Browsers
518780506,2,3,3,0,0,0.0,2019-11-01 02:07:38+00:00,2019-11-01 02:10:02+00:00,Browsers
518780843,1,7,7,0,0,0.0,2019-11-01 00:00:03+00:00,2019-11-01 00:14:27+00:00,Browsers
518781622,1,4,4,0,0,0.0,2019-11-01 02:02:01+00:00,2019-11-01 02:04:26+00:00,Browsers
518782231,1,1,1,0,0,0.0,2019-11-01 00:03:17+00:00,2019-11-01 00:03:17+00:00,Browsers
518783329,1,2,2,0,0,0.0,2019-11-01 02:08:26+00:00,2019-11-01 02:09:05+00:00,Browsers
518784510,1,1,1,0,0,0.0,2019-11-01 02:25:53+00:00,2019-11-01 02:25:53+00:00,Browsers
518784715,1,5,5,0,0,0.0,2019-11-01 00:05:52+00:00,2019-11-01 00:09:43+00:00,Browsers
518784760,1,5,5,0,0,0.0,2019-11-01 01:49:42+00:00,2019-11-01 01:52:01+00:00,Browsers
518790534,1,2,2,0,0,0.0,2019-11-01 02:14:01+00:00,2019-11-01 02:14:30+00:00,Browsers
518791181,2,4,4,0,0,0.0,2019-11-01 02:11:17+00:00,2019-11-01 02:16:03+00:00,Browsers
518791204,1,7,7,0,0,0.0,2019-11-01 02:30:04+00:00,2019-11-01 02:37:32+00:00,Browsers
518791667,1,5,5,0,0,0.0,2019-11-01 02:10:25+00:00,2019-11-01 02:14:19+00:00,Browsers
518795883,1,1,1,0,0,0.0,2019-11-01 00:40:44+00:00,2019-11-01 00:40:44+00:00,Browsers
518800412,2,15,15,0,0,0.0,2019-11-01 00:35:30+00:00,2019-11-01 02:31:22+00:00,Browsers
518800925,2,18,18,0,0,0.0,2019-11-01 01:43:28+00:00,2019-11-01 01:58:53+00:00,Browsers
518806858,1,4,4,0,0,0.0,2019-11-01 02:21:29+00:00,2019-11-01 02:23:14+00:00,Browsers
518808879,1,9,8,1,0,0.0,2019-11-01 02:00:26+00:00,2019-11-01 02:04:03+00:00,Cart abandoners
518814691,1,2,2,0,0,0.0,2019-11-01 01:41:18+00:00,2019-11-01 01:54:27+00:00,Browsers
518814893,1,18,18,0,0,0.0,2019-11-01 00:36:48+00:00,2019-11-01 00:50:33+00:00,Browsers
518815866,1,5,5,0,0,0.0,2019-11-01 02:01:24+00:00,2019-11-01 02:03:49+00:00,Browsers
518816396,1,28,28,0,0,0.0,2019-11-01 02:32:48+00:00,2019-11-01 02:48:21+00:00,Browsers
518818170,2,8,8,0,0,0.0,2019-11-01 00:48:41+00:00,2019-11-01 00:56:59+00:00,Browsers
518837684,1,2,2,0,0,0.0,2019-11-01 01:44:01+00:00,2019-11-01 01:45:24+00:00,Browsers
518840496,1,4,2,1,1,1348.61,2019-11-01 00:14:32+00:00,2019-11-01 00:15:46+00:00,High-value users (purchasers)
518841038,1,1,1,0,0,0.0,2019-11-01 02:25:46+00:00,2019-11-01 02:25:46+00:00,Browsers
518843420,1,22,22,0,0,0.0,2019-11-01 01:34:40+00:00,2019-11-01 01:51:01+00:00,Browsers
518843925,1,7,7,0,0,0.0,2019-11-01 01:33:03+00:00,2019-11-01 01:38:28+00:00,Browsers
518844846,1,3,3,0,0,0.0,2019-11-01 01:42:57+00:00,2019-11-01 01:43:53+00:00,Browsers
518845266,1,2,2,0,0,0.0,2019-11-01 01:58:23+00:00,2019-11-01 01:59:08+00:00,Browsers
518848718,1,5,5,0,0,0.0,2019-11-01 02:37:44+00:00,2019-11-01 02:39:36+00:00,Browsers
518850066,1,3,3,0,0,0.0,2019-11-01 02:14:58+00:00,2019-11-01 02:37:38+00:00,Browsers
518850374,1,1,1,0,0,0.0,2019-11-01 01:05:47+00:00,2019-11-01 01:05:47+00:00,Browsers
518851890,1,1,1,0,0,0.0,2019-11-01 02:29:40+00:00,2019-11-01 02:29:40+00:00,Browsers
518852849,1,5,5,0,0,0.0,2019-11-01 00:58:39+00:00,2019-11-01 01:02:47+00:00,Browsers
518854403,1,3,3,0,0,0.0,2019-11-01 02:31:52+00:00,2019-11-01 02:34:28+00:00,Browsers
518854817,1,3,3,0,0,0.0,2019-11-01 02:24:56+00:00,2019-11-01 02:26:25+00:00,Browsers
518855495,1,1,1,0,0,0.0,2019-11-01 02:20:07+00:00,2019-11-01 02:20:07+00:00,Browsers
518858660,1,2,2,0,0,0.0,2019-11-01 02:21:08+00:00,2019-11-01 02:23:22+00:00,Browsers
518858867,1,10,10,0,0,0.0,2019-11-01 01:59:35+00:00,2019-11-01 02:05:52+00:00,Browsers
518862597,1,1,1,0,0,0.0,2019-11-01 02:35:28+00:00,2019-11-01 02:35:28+00:00,Browsers
518864202,1,2,2,0,0,0.0,2019-11-01 02:01:28+00:00,2019-11-01 02:02:16+00:00,Browsers
518865937,1,5,5,0,0,0.0,2019-11-01 00:36:09+00:00,2019-11-01 00:41:28+00:00,Browsers
518868629,1,2,2,0,0,0.0,2019-11-01 02:00:28+00:00,2019-11-01 02:01:01+00:00,Browsers
518868656,1,1,1,0,0,0.0,2019-11-01 02:14:07+00:00,2019-11-01 02:14:07+00:00,Browsers
518870968,2,12,12,0,0,0.0,2019-11-01 02:14:52+00:00,2019-11-01 02:41:35+00:00,Browsers
518875180,1,5,5,0,0,0.0,2019-11-01 02:38:33+00:00,2019-11-01 02:41:07+00:00,Browsers
518876353,1,1,1,0,0,0.0,2019-11-01 01:46:52+00:00,2019-11-01 01:46:52+00:00,Browsers
518878525,1,1,1,0,0,0.0,2019-11-01 02:45:23+00:00,2019-11-01 02:45:23+00:00,Browsers
518879898,2,4,4,0,0,0.0,2019-11-01 01:44:19+00:00,2019-11-01 01:52:10+00:00,Browsers
518880100,1,3,3,0,0,0.0,2019-11-01 02:44:07+00:00,2019-11-01 02:45:29+00:00,Browsers
518890476,1,15,15,0,0,0.0,2019-11-01 02:23:49+00:00,2019-11-01 02:47:23+00:00,Browsers
518893575,1,3,3,0,0,0.0,2019-11-01 02:38:03+00:00,2019-11-01 02:42:04+00:00,Browsers
518901284,1,2,2,0,0,0.0,2019-11-01 02:08:10+00:00,2019-11-01 02:09:06+00:00,Browsers
518901535,1,1,1,0,0,0.0,2019-11-01 01:56:52+00:00,2019-11-01 01:56:52+00:00,Browsers
518903615,1,3,3,0,0,0.0,2019-11-01 02:35:52+00:00,2019-11-01 02:37:22+00:00,Browsers
518905233,1,7,7,0,0,0.0,2019-11-01 02:01:01+00:00,2019-11-01 02:14:43+00:00,Browsers
518905483,1,2,2,0,0,0.0,2019-11-01 00:59:37+00:00,2019-11-01 01:02:07+00:00,Browsers
518906682,1,5,5,0,0,0.0,2019-11-01 02:17:15+00:00,2019-11-01 02:19:00+00:00,Browsers
518911316,1,2,2,0,0,0.0,2019-11-01 00:41:49+00:00,2019-11-01 00:47:05+00:00,Browsers
518913698,1,4,2,1,1,358.31,2019-11-01 01:29:06+00:00,2019-11-01 01:30:39+00:00,High-value users (purchasers)
518915435,1,6,6,0,0,0.0,2019-11-01 02:16:09+00:00,2019-11-01 02:20:50+00:00,Browsers
518916138,1,1,1,0,0,0.0,2019-11-01 02:24:09+00:00,2019-11-01 02:24:09+00:00,Browsers
518918827,1,3,3,0,0,0.0,2019-11-01 01:45:26+00:00,2019-11-01 01:46:49+00:00,Browsers
518919599,1,1,1,0,0,0.0,2019-11-01 00:53:44+00:00,2019-11-01 00:53:44+00:00,Browsers
518920336,1,5,5,0,0,0.0,2019-11-01 02:11:08+00:00,2019-11-01 02:18:08+00:00,Browsers
518921421,1,6,6,0,0,0.0,2019-11-01 02:19:18+00:00,2019-11-01 02:28:59+00:00,Browsers
518922017,1,1,1,0,0,0.0,2019-11-01 02:24:56+00:00,2019-11-01 02:24:56+00:00,Browsers
518922715,2,17,17,0,0,0.0,2019-11-01 01:37:54+00:00,2019-11-01 01:56:31+00:00,Browsers
518923180,1,1,1,0,0,0.0,2019-11-01 01:48:31+00:00,2019-11-01 01:48:31+00:00,Browsers
518924206,1,3,3,0,0,0.0,2019-11-01 00:48:43+00:00,2019-11-01 00:57:04+00:00,Browsers
518928082,1,5,5,0,0,0.0,2019-11-01 01:41:13+00:00,2019-11-01 01:47:03+00:00,Browsers
518929732,1,11,11,0,0,0.0,2019-11-01 02:01:42+00:00,2019-11-01 02:05:49+00:00,Browsers
518929930,1,3,3,0,0,0.0,2019-11-01 02:22:53+00:00,2019-11-01 02:25:54+00:00,Browsers
518934065,1,13,13,0,0,0.0,2019-11-01 01:51:41+00:00,2019-11-01 01:59:20+00:00,Browsers
518935033,1,3,3,0,0,0.0,2019-11-01 02:20:38+00:00,2019-11-01 02:22:17+00:00,Browsers
518945964,1,3,3,0,0,0.0,2019-11-01 01:40:44+00:00,2019-11-01 01:43:23+00:00,Browsers
518949510,1,22,22,0,0,0.0,2019-11-01 02:11:14+00:00,2019-11-01 02:21:58+00:00,Browsers
518949512,1,69,69,0,0,0.0,2019-11-01 01:47:46+00:00,2019-11-01 02:27:34+00:00,Browsers
518952288,1,11,11,0,0,0.0,2019-11-01 00:59:53+00:00,2019-11-01 01:09:48+00:00,Browsers
518953298,1,7,7,0,0,0.0,2019-11-01 02:04:13+00:00,2019-11-01 02:10:09+00:00,Browsers
518954668,1,1,1,0,0,0.0,2019-11-01 02:44:03+00:00,2019-11-01 02:44:03+00:00,Browsers
518956209,1,2,2,0,0,0.0,2019-11-01 00:01:33+00:00,2019-11-01 00:02:11+00:00,Browsers
518958613,2,17,17,0,0,0.0,2019-11-01 00:43:46+00:00,2019-11-01 01:08:36+00:00,Browsers
518959377,1,1,1,0,0,0.0,2019-11-01 02:43:17+00:00,2019-11-01 02:43:17+00:00,Browsers
518962405,1,1,1,0,0,0.0,2019-11-01 01:35:51+00:00,2019-11-01 01:35:51+00:00,Browsers
518993184,1,1,1,0,0,0.0,2019-11-01 02:34:26+00:00,2019-11-01 02:34:26+00:00,Browsers
519007129,1,1,1,0,0,0.0,2019-11-01 01:32:51+00:00,2019-11-01 01:32:51+00:00,Browsers
519009930,1,1,1,0,0,0.0,2019-11-01 02:35:27+00:00,2019-11-01 02:35:27+00:00,Browsers
519011828,2,34,33,1,0,0.0,2019-11-01 00:30:16+00:00,2019-11-01 02:48:06+00:00,Cart abandoners
519023588,1,2,2,0,0,0.0,2019-11-01 02:40:16+00:00,2019-11-01 02:40:56+00:00,Browsers
519024510,1,9,9,0,0,0.0,2019-11-01 02:18:04+00:00,2019-11-01 02:22:43+00:00,Browsers
519025457,1,1,1,0,0,0.0,2019-11-01 02:42:55+00:00,2019-11-01 02:42:55+00:00,Browsers
519025719,1,3,3,0,0,0.0,2019-11-01 02:01:46+00:00,2019-11-01 02:04:01+00:00,Browsers
519025960,1,9,9,0,0,0.0,2019-11-01 02:20:11+00:00,2019-11-01 02:30:26+00:00,Browsers
519026359,1,2,2,0,0,0.0,2019-11-01 02:00:06+00:00,2019-11-01 02:01:08+00:00,Browsers
519026798,1,3,3,0,0,0.0,2019-11-01 00:45:50+00:00,2019-11-01 00:48:41+00:00,Browsers
519029866,1,1,1,0,0,0.0,2019-11-01 02:18:03+00:00,2019-11-01 02:18:03+00:00,Browsers
519032492,1,3,3,0,0,0.0,2019-11-01 02:09:01+00:00,2019-11-01 02:10:59+00:00,Browsers
519033008,1,1,1,0,0,0.0,2019-11-01 02:05:39+00:00,2019-11-01 02:05:39+00:00,Browsers
519036101,1,2,2,0,0,0.0,2019-11-01 00:29:50+00:00,2019-11-01 00:30:56+00:00,Browsers
519036103,1,2,2,0,0,0.0,2019-11-01 02:11:45+00:00,2019-11-01 02:12:19+00:00,Browsers
519036234,1,2,2,0,0,0.0,2019-11-01 02:44:49+00:00,2019-11-01 02:45:18+00:00,Browsers
519036931,1,2,2,0,0,0.0,2019-11-01 01:35:13+00:00,2019-11-01 01:35:44+00:00,Browsers
519040762,1,2,1,0,1,900.64,2019-11-01 02:26:47+00:00,2019-11-01 02:30:29+00:00,High-value users (purchasers)
519041101,1,1,1,0,0,0.0,2019-11-01 02:14:18+00:00,2019-11-01 02:14:18+00:00,Browsers
519041616,1,3,3,0,0,0.0,2019-11-01 02:43:59+00:00,2019-11-01 02:45:17+00:00,Browsers
519041881,1,11,11,0,0,0.0,2019-11-01 00:01:12+00:00,2019-11-01 00:08:01+00:00,Browsers
519048208,1,6,5,0,1,66.93,2019-11-01 01:38:32+00:00,2019-11-01 01:49:06+00:00,High-value users (purchasers)
519048855,1,2,2,0,0,0.0,2019-11-01 00:49:16+00:00,2019-11-01 01:05:53+00:00,Browsers
519052731,1,1,1,0,0,0.0,2019-11-01 02:44:17+00:00,2019-11-01 02:44:17+00:00,Browsers
519058074,1,3,3,0,0,0.0,2019-11-01 02:19:28+00:00,2019-11-01 02:24:57+00:00,Browsers
519059415,1,16,16,0,0,0.0,2019-11-01 02:22:29+00:00,2019-11-01 02:37:40+00:00,Browsers
519060488,1,1,1,0,0,0.0,2019-11-01 01:04:31+00:00,2019-11-01 01:04:31+00:00,Browsers
519063423,2,28,28,0,0,0.0,2019-11-01 02:35:15+00:00,2019-11-01 02:48:08+00:00,Browsers
519065388,1,2,2,0,0,0.0,2019-11-01 01:51:48+00:00,2019-11-01 01:52:28+00:00,Browsers
519065810,1,1,1,0,0,0.0,2019-11-01 01:32:51+00:00,2019-11-01 01:32:51+00:00,Browsers
519067200,2,3,3,0,0,0.0,2019-11-01 00:30:41+00:00,2019-11-01 02:40:08+00:00,Browsers
519069106,1,1,1,0,0,0.0,2019-11-01 02:31:23+00:00,2019-11-01 02:31:23+00:00,Browsers
519070184,1,5,5,0,0,0.0,2019-11-01 01:30:27+00:00,2019-11-01 01:33:53+00:00,Browsers
519071804,1,12,12,0,0,0.0,2019-11-01 02:28:54+00:00,2019-11-01 02:35:37+00:00,Browsers
519075487,1,1,1,0,0,0.0,2019-11-01 02:03:21+00:00,2019-11-01 02:03:21+00:00,Browsers
519075569,1,1,1,0,0,0.0,2019-11-01 01:05:13+00:00,2019-11-01 01:05:13+00:00,Browsers
519075995,1,1,1,0,0,0.0,2019-11-01 01:42:30+00:00,2019-11-01 01:42:30+00:00,Browsers
519076803,1,5,5,0,0,0.0,2019-11-01 02:29:33+00:00,2019-11-01 02:36:16+00:00,Browsers
519077740,1,4,4,0,0,0.0,2019-11-01 02:18:47+00:00,2019-11-01 02:20:41+00:00,Browsers
519077791,1,4,4,0,0,0.0,2019-11-01 01:58:02+00:00,2019-11-01 02:00:12+00:00,Browsers
519083182,1,2,2,0,0,0.0,2019-11-01 02:37:19+00:00,2019-11-01 02:37:33+00:00,Browsers
519084175,1,7,7,0,0,0.0,2019-11-01 02:38:41+00:00,2019-11-01 02:40:15+00:00,Browsers
519085157,1,1,1,0,0,0.0,2019-11-01 00:29:02+00:00,2019-11-01 00:29:02+00:00,Browsers
519086481,1,1,1,0,0,0.0,2019-11-01 02:41:22+00:00,2019-11-01 02:41:22+00:00,Browsers
519088464,1,1,1,0,0,0.0,2019-11-01 02:10:28+00:00,2019-11-01 02:10:28+00:00,Browsers
519089807,1,1,1,0,0,0.0,2019-11-01 00:31:33+00:00,2019-11-01 00:31:33+00:00,Browsers
519098105,1,1,1,0,0,0.0,2019-11-01 01:30:31+00:00,2019-11-01 01:30:31+00:00,Browsers
519099753,1,2,2,0,0,0.0,2019-11-01 02:22:08+00:00,2019-11-01 02:43:30+00:00,Browsers
519100553,1,6,6,0,0,0.0,2019-11-01 00:26:02+00:00,2019-11-01 00:38:17+00:00,Browsers
519100829,1,1,1,0,0,0.0,2019-11-01 00:43:10+00:00,2019-11-01 00:43:10+00:00,Browsers
519101615,1,12,12,0,0,0.0,2019-11-01 02:20:19+00:00,2019-11-01 02:26:25+00:00,Browsers
519104596,3,6,6,0,0,0.0,2019-11-01 02:41:43+00:00,2019-11-01 02:46:33+00:00,Browsers
519107525,1,15,15,0,0,0.0,2019-11-01 01:02:13+00:00,2019-11-01 01:08:06+00:00,Browsers
519108238,1,5,5,0,0,0.0,2019-11-01 02:28:00+00:00,2019-11-01 02:40:36+00:00,Browsers
519109632,1,2,2,0,0,0.0,2019-11-01 01:47:29+00:00,2019-11-01 01:47:54+00:00,Browsers
519124697,1,2,2,0,0,0.0,2019-11-01 02:42:39+00:00,2019-11-01 02:42:51+00:00,Browsers
519125613,1,11,11,0,0,0.0,2019-11-01 00:40:14+00:00,2019-11-01 00:54:37+00:00,Browsers
519126099,2,6,5,0,1,178.9,2019-11-01 02:29:01+00:00,2019-11-01 02:37:18+00:00,High-value users (purchasers)
519126231,1,2,2,0,0,0.0,2019-11-01 01:47:53+00:00,2019-11-01 01:48:44+00:00,Browsers
519128180,1,1,1,0,0,0.0,2019-11-01 02:32:19+00:00,2019-11-01 02:32:19+00:00,Browsers
519128349,1,3,1,1,1,128.42,2019-11-01 02:24:16+00:00,2019-11-01 02:42:41+00:00,High-value users (purchasers)
519134087,1,4,3,1,0,0.0,2019-11-01 02:30:28+00:00,2019-11-01 02:32:57+00:00,Cart abandoners
519135902,1,2,2,0,0,0.0,2019-11-01 02:37:55+00:00,2019-11-01 02:39:15+00:00,Browsers
519139321,1,2,2,0,0,0.0,2019-11-01 02:21:48+00:00,2019-11-01 02:22:35+00:00,Browsers
519141180,1,2,2,0,0,0.0,2019-11-01 00:48:51+00:00,2019-11-01 00:49:24+00:00,Browsers
519141412,2,10,10,0,0,0.0,2019-11-01 02:02:54+00:00,2019-11-01 02:07:17+00:00,Browsers
519143104,1,9,9,0,0,0.0,2019-11-01 02:29:54+00:00,2019-11-01 02:42:12+00:00,Browsers
519143199,1,2,2,0,0,0.0,2019-11-01 01:37:10+00:00,2019-11-01 01:37:30+00:00,Browsers
519143746,1,6,6,0,0,0.0,2019-11-01 00:45:16+00:00,2019-11-01 00:50:48+00:00,Browsers
519145644,1,10,10,0,0,0.0,2019-11-01 01:52:18+00:00,2019-11-01 02:04:06+00:00,Browsers
519146544,1,6,6,0,0,0.0,2019-11-01 02:32:59+00:00,2019-11-01 02:41:42+00:00,Browsers
519146763,1,6,6,0,0,0.0,2019-11-01 02:11:35+00:00,2019-11-01 02:13:47+00:00,Browsers
519149133,1,9,9,0,0,0.0,2019-11-01 01:53:28+00:00,2019-11-01 01:59:45+00:00,Browsers
519152697,1,4,4,0,0,0.0,2019-11-01 01:24:31+00:00,2019-11-01 01:26:57+00:00,Browsers
519155085,1,2,2,0,0,0.0,2019-11-01 00:29:39+00:00,2019-11-01 01:50:55+00:00,Browsers
519164247,1,4,4,0,0,0.0,2019-11-01 01:43:42+00:00,2019-11-01 01:47:43+00:00,Browsers
519166745,1,2,2,0,0,0.0,2019-11-01 01:04:50+00:00,2019-11-01 01:05:09+00:00,Browsers
519174410,1,3,3,0,0,0.0,2019-11-01 00:52:13+00:00,2019-11-01 00:53:20+00:00,Browsers
519176978,1,1,1,0,0,0.0,2019-11-01 02:12:20+00:00,2019-11-01 02:12:20+00:00,Browsers
519178326,1,11,9,1,1,22.8,2019-11-01 01:34:07+00:00,2019-11-01 02:29:39+00:00,High-value users (purchasers)
519178500,1,2,2,0,0,0.0,2019-11-01 01:27:56+00:00,2019-11-01 01:28:49+00:00,Browsers
519178534,1,4,3,1,0,0.0,2019-11-01 02:13:09+00:00,2019-11-01 02:17:42+00:00,Cart abandoners
519186893,1,4,4,0,0,0.0,2019-11-01 02:03:45+00:00,2019-11-01 02:05:02+00:00,Browsers
519188649,1,9,9,0,0,0.0,2019-11-01 02:05:04+00:00,2019-11-01 02:10:36+00:00,Browsers
519189867,1,1,1,0,0,0.0,2019-11-01 02:36:10+00:00,2019-11-01 02:36:10+00:00,Browsers
519191035,1,3,3,0,0,0.0,2019-11-01 02:35:04+00:00,2019-11-01 02:35:29+00:00,Browsers
519195242,1,19,19,0,0,0.0,2019-11-01 01:25:10+00:00,2019-11-01 01:39:39+00:00,Browsers
519209941,1,1,1,0,0,0.0,2019-11-01 00:57:54+00:00,2019-11-01 00:57:54+00:00,Browsers
519212885,1,3,3,0,0,0.0,2019-11-01 01:48:36+00:00,2019-11-01 01:49:24+00:00,Browsers
519214693,2,5,5,0,0,0.0,2019-11-01 01:42:55+00:00,2019-11-01 02:01:26+00:00,Browsers
519219071,1,2,2,0,0,0.0,2019-11-01 02:09:56+00:00,2019-11-01 02:10:18+00:00,Browsers
519220511,1,7,7,0,0,0.0,2019-11-01 00:49:14+00:00,2019-11-01 00:51:53+00:00,Browsers
519229581,1,1,1,0,0,0.0,2019-11-01 01:30:39+00:00,2019-11-01 01:30:39+00:00,Browsers
519230643,1,1,1,0,0,0.0,2019-11-01 02:19:57+00:00,2019-11-01 02:19:57+00:00,Browsers
519232718,1,7,7,0,0,0.0,2019-11-01 01:27:43+00:00,2019-11-01 01:33:36+00:00,Browsers
519233119,1,2,1,0,1,128.68,2019-11-01 02:36:11+00:00,2019-11-01 02:37:46+00:00,High-value users (purchasers)
519233525,1,20,20,0,0,0.0,2019-11-01 01:49:28+00:00,2019-11-01 02:10:45+00:00,Browsers
519234058,1,3,3,0,0,0.0,2019-11-01 02:08:45+00:00,2019-11-01 02:11:26+00:00,Browsers
519235891,1,15,15,0,0,0.0,2019-11-01 02:14:36+00:00,2019-11-01 02:24:01+00:00,Browsers
519236173,1,1,1,0,0,0.0,2019-11-01 02:06:12+00:00,2019-11-01 02:06:12+00:00,Browsers
519236603,1,12,12,0,0,0.0,2019-11-01 02:29:19+00:00,2019-11-01 02:45:22+00:00,Browsers
519239377,1,1,1,0,0,0.0,2019-11-01 02:34:49+00:00,2019-11-01 02:34:49+00:00,Browsers
519246767,1,3,3,0,0,0.0,2019-11-01 02:22:17+00:00,2019-11-01 02:23:30+00:00,Browsers
519247864,1,11,11,0,0,0.0,2019-11-01 02:36:53+00:00,2019-11-01 02:47:48+00:00,Browsers
519248279,1,1,1,0,0,0.0,2019-11-01 02:42:48+00:00,2019-11-01 02:42:48+00:00,Browsers
519250944,1,1,1,0,0,0.0,2019-11-01 01:00:05+00:00,2019-11-01 01:00:05+00:00,Browsers
519251430,1,1,1,0,0,0.0,2019-11-01 02:45:39+00:00,2019-11-01 02:45:39+00:00,Browsers
519251691,1,8,8,0,0,0.0,2019-11-01 02:29:50+00:00,2019-11-01 02:47:25+00:00,Browsers
519260560,1,1,1,0,0,0.0,2019-11-01 00:29:21+00:00,2019-11-01 00:29:21+00:00,Browsers
519261533,1,2,2,0,0,0.0,2019-11-01 01:23:53+00:00,2019-11-01 01:24:37+00:00,Browsers
519261582,2,4,4,0,0,0.0,2019-11-01 00:27:32+00:00,2019-11-01 00:30:43+00:00,Browsers
519261625,1,2,2,0,0,0.0,2019-11-01 00:56:45+00:00,2019-11-01 00:58:19+00:00,Browsers
519262791,1,2,2,0,0,0.0,2019-11-01 01:53:01+00:00,2019-11-01 01:53:40+00:00,Browsers
519263736,1,1,1,0,0,0.0,2019-11-01 02:18:06+00:00,2019-11-01 02:18:06+00:00,Browsers
519264167,1,9,9,0,0,0.0,2019-11-01 02:38:17+00:00,2019-11-01 02:42:40+00:00,Browsers
519264402,1,4,4,0,0,0.0,2019-11-01 01:38:17+00:00,2019-11-01 01:40:24+00:00,Browsers
519266213,1,9,9,0,0,0.0,2019-11-01 02:08:28+00:00,2019-11-01 02:16:15+00:00,Browsers
519269083,1,1,1,0,0,0.0,2019-11-01 02:48:19+00:00,2019-11-01 02:48:19+00:00,Browsers
519269480,2,5,3,1,1,369.45,2019-11-01 02:41:07+00:00,2019-11-01 02:45:22+00:00,High-value users (purchasers)
519270250,3,44,44,0,0,0.0,2019-11-01 01:45:38+00:00,2019-11-01 02:37:49+00:00,Browsers
519277091,1,1,1,0,0,0.0,2019-11-01 00:00:41+00:00,2019-11-01 00:00:41+00:00,Browsers
519278232,1,1,1,0,0,0.0,2019-11-01 02:44:10+00:00,2019-11-01 02:44:10+00:00,Browsers
519278616,1,16,16,0,0,0.0,2019-11-01 01:25:45+00:00,2019-11-01 01:49:44+00:00,Browsers
519278852,1,2,2,0,0,0.0,2019-11-01 02:27:58+00:00,2019-11-01 02:29:05+00:00,Browsers
519280656,1,7,7,0,0,0.0,2019-11-01 01:30:01+00:00,2019-11-01 01:33:12+00:00,Browsers
519281749,1,4,4,0,0,0.0,2019-11-01 01:31:18+00:00,2019-11-01 01:34:44+00:00,Browsers
519281780,1,1,1,0,0,0.0,2019-11-01 01:34:14+00:00,2019-11-01 01:34:14+00:00,Browsers
519283413,1,9,9,0,0,0.0,2019-11-01 02:04:12+00:00,2019-11-01 02:15:17+00:00,Browsers
519286828,1,2,2,0,0,0.0,2019-11-01 01:35:42+00:00,2019-11-01 01:36:20+00:00,Browsers
519291536,2,13,13,0,0,0.0,2019-11-01 01:53:37+00:00,2019-11-01 02:00:54+00:00,Browsers
519297283,2,2,2,0,0,0.0,2019-11-01 01:57:19+00:00,2019-11-01 02:11:19+00:00,Browsers
519300165,1,13,13,0,0,0.0,2019-11-01 02:38:03+00:00,2019-11-01 02:42:34+00:00,Browsers
519301158,1,13,13,0,0,0.0,2019-11-01 02:17:22+00:00,2019-11-01 02:28:47+00:00,Browsers
519303079,1,1,1,0,0,0.0,2019-11-01 00:25:00+00:00,2019-11-01 00:25:00+00:00,Browsers
519303494,1,13,13,0,0,0.0,2019-11-01 01:46:16+00:00,2019-11-01 01:51:17+00:00,Browsers
519306754,1,6,6,0,0,0.0,2019-11-01 01:34:49+00:00,2019-11-01 01:38:12+00:00,Browsers
519306775,1,7,6,1,0,0.0,2019-11-01 01:58:59+00:00,2019-11-01 02:05:55+00:00,Cart abandoners
519307172,1,1,1,0,0,0.0,2019-11-01 00:23:08+00:00,2019-11-01 00:23:08+00:00,Browsers
519309066,1,3,3,0,0,0.0,2019-11-01 00:29:34+00:00,2019-11-01 00:29:48+00:00,Browsers
519310057,1,1,1,0,0,0.0,2019-11-01 00:38:31+00:00,2019-11-01 00:38:31+00:00,Browsers
519319886,1,5,5,0,0,0.0,2019-11-01 01:00:48+00:00,2019-11-01 01:03:07+00:00,Browsers
519346665,1,1,1,0,0,0.0,2019-11-01 01:26:20+00:00,2019-11-01 01:26:20+00:00,Browsers
519351170,1,5,5,0,0,0.0,2019-11-01 02:35:58+00:00,2019-11-01 02:38:55+00:00,Browsers
519364315,1,1,1,0,0,0.0,2019-11-01 00:54:45+00:00,2019-11-01 00:54:45+00:00,Browsers
519373035,1,3,3,0,0,0.0,2019-11-01 01:29:53+00:00,2019-11-01 01:32:21+00:00,Browsers
519380807,1,1,1,0,0,0.0,2019-11-01 01:30:35+00:00,2019-11-01 01:30:35+00:00,Browsers
519385694,1,2,2,0,0,0.0,2019-11-01 01:30:20+00:00,2019-11-01 01:31:36+00:00,Browsers
519385969,1,1,1,0,0,0.0,2019-11-01 00:10:13+00:00,2019-11-01 00:10:13+00:00,Browsers
519391995,1,1,1,0,0,0.0,2019-11-01 01:54:35+00:00,2019-11-01 01:54:35+00:00,Browsers
519400364,1,1,1,0,0,0.0,2019-11-01 02:40:56+00:00,2019-11-01 02:40:56+00:00,Browsers
519407836,1,3,3,0,0,0.0,2019-11-01 00:44:41+00:00,2019-11-01 00:45:35+00:00,Browsers
519409308,1,1,1,0,0,0.0,2019-11-01 00:54:24+00:00,2019-11-01 00:54:24+00:00,Browsers
519421025,1,2,2,0,0,0.0,2019-11-01 02:17:45+00:00,2019-11-01 02:18:10+00:00,Browsers
519430549,1,3,3,0,0,0.0,2019-11-01 02:01:55+00:00,2019-11-01 02:05:09+00:00,Browsers
519430598,1,1,1,0,0,0.0,2019-11-01 00:05:12+00:00,2019-11-01 00:05:12+00:00,Browsers
519432926,1,2,2,0,0,0.0,2019-11-01 02:39:13+00:00,2019-11-01 02:42:09+00:00,Browsers
519433000,1,1,1,0,0,0.0,2019-11-01 01:40:02+00:00,2019-11-01 01:40:02+00:00,Browsers
519435734,1,4,4,0,0,0.0,2019-11-01 01:26:11+00:00,2019-11-01 01:29:57+00:00,Browsers
519438060,1,2,2,0,0,0.0,2019-11-01 02:26:10+00:00,2019-11-01 02:26:41+00:00,Browsers
519438960,1,3,1,1,1,22.8,2019-11-01 02:41:07+00:00,2019-11-01 02:42:42+00:00,High-value users (purchasers)
519440975,1,1,1,0,0,0.0,2019-11-01 02:46:24+00:00,2019-11-01 02:46:24+00:00,Browsers
519441877,1,1,1,0,0,0.0,2019-11-01 02:34:29+00:00,2019-11-01 02:34:29+00:00,Browsers
519449254,1,3,3,0,0,0.0,2019-11-01 02:18:17+00:00,2019-11-01 02:19:52+00:00,Browsers
519450576,1,11,10,1,0,0.0,2019-11-01 01:39:04+00:00,2019-11-01 01:45:49+00:00,Cart abandoners
519456951,1,4,1,2,1,275.25,2019-11-01 01:34:14+00:00,2019-11-01 01:38:51+00:00,High-value users (purchasers)
519457278,1,4,4,0,0,0.0,2019-11-01 01:33:44+00:00,2019-11-01 01:37:54+00:00,Browsers
519458656,1,3,3,0,0,0.0,2019-11-01 02:02:59+00:00,2019-11-01 02:09:14+00:00,Browsers
519472037,1,2,2,0,0,0.0,2019-11-01 00:10:38+00:00,2019-11-01 00:11:19+00:00,Browsers
519476970,1,2,2,0,0,0.0,2019-11-01 02:35:48+00:00,2019-11-01 02:36:16+00:00,Browsers
519479704,1,5,5,0,0,0.0,2019-11-01 02:13:40+00:00,2019-11-01 02:20:12+00:00,Browsers
519483847,2,49,49,0,0,0.0,2019-11-01 02:08:58+00:00,2019-11-01 02:46:52+00:00,Browsers
519497224,1,1,1,0,0,0.0,2019-11-01 01:42:53+00:00,2019-11-01 01:42:53+00:00,Browsers
519498663,1,4,4,0,0,0.0,2019-11-01 02:03:43+00:00,2019-11-01 02:06:29+00:00,Browsers
519506141,1,3,3,0,0,0.0,2019-11-01 02:28:51+00:00,2019-11-01 02:29:24+00:00,Browsers
519513193,1,2,2,0,0,0.0,2019-11-01 02:10:21+00:00,2019-11-01 02:11:16+00:00,Browsers
519515756,1,1,1,0,0,0.0,2019-11-01 00:08:45+00:00,2019-11-01 00:08:45+00:00,Browsers
519526638,1,6,6,0,0,0.0,2019-11-01 02:23:54+00:00,2019-11-01 02:28:45+00:00,Browsers
519549337,1,2,2,0,0,0.0,2019-11-01 00:36:58+00:00,2019-11-01 00:38:09+00:00,Browsers
519557762,1,1,1,0,0,0.0,2019-11-01 01:56:53+00:00,2019-11-01 01:56:53+00:00,Browsers
519568225,1,5,5,0,0,0.0,2019-11-01 02:01:30+00:00,2019-11-01 02:03:37+00:00,Browsers
519580009,1,1,1,0,0,0.0,2019-11-01 02:48:08+00:00,2019-11-01 02:48:08+00:00,Browsers
519591509,1,2,2,0,0,0.0,2019-11-01 02:34:36+00:00,2019-11-01 02:37:01+00:00,Browsers
519597967,1,2,2,0,0,0.0,2019-11-01 02:36:59+00:00,2019-11-01 02:37:20+00:00,Browsers
519605975,1,1,1,0,0,0.0,2019-11-01 01:53:38+00:00,2019-11-01 01:53:38+00:00,Browsers
519606145,1,9,9,0,0,0.0,2019-11-01 02:16:33+00:00,2019-11-01 02:32:41+00:00,Browsers
519611087,1,7,7,0,0,0.0,2019-11-01 02:41:40+00:00,2019-11-01 02:45:44+00:00,Browsers
519612139,1,1,1,0,0,0.0,2019-11-01 02:32:47+00:00,2019-11-01 02:32:47+00:00,Browsers
519614605,1,3,3,0,0,0.0,2019-11-01 01:31:02+00:00,2019-11-01 01:31:44+00:00,Browsers
519617044,1,9,9,0,0,0.0,2019-11-01 00:35:52+00:00,2019-11-01 00:40:07+00:00,Browsers
519617886,1,5,5,0,0,0.0,2019-11-01 02:18:01+00:00,2019-11-01 02:24:50+00:00,Browsers
519629082,1,5,5,0,0,0.0,2019-11-01 02:33:29+00:00,2019-11-01 02:38:15+00:00,Browsers
519630557,1,2,2,0,0,0.0,2019-11-01 02:14:03+00:00,2019-11-01 02:15:05+00:00,Browsers
519636386,1,6,6,0,0,0.0,2019-11-01 02:20:04+00:00,2019-11-01 02:23:30+00:00,Browsers
519641455,2,2,2,0,0,0.0,2019-11-01 01:35:25+00:00,2019-11-01 01:37:04+00:00,Browsers
519642182,1,1,1,0,0,0.0,2019-11-01 02:43:19+00:00,2019-11-01 02:43:19+00:00,Browsers
519645494,1,2,2,0,0,0.0,2019-11-01 01:00:08+00:00,2019-11-01 01:00:39+00:00,Browsers
519646421,1,1,1,0,0,0.0,2019-11-01 02:30:53+00:00,2019-11-01 02:30:53+00:00,Browsers
519651706,2,15,15,0,0,0.0,2019-11-01 00:32:53+00:00,2019-11-01 02:35:21+00:00,Browsers
519655104,1,3,3,0,0,0.0,2019-11-01 00:41:25+00:00,2019-11-01 00:42:40+00:00,Browsers
519659646,1,1,1,0,0,0.0,2019-11-01 02:44:28+00:00,2019-11-01 02:44:28+00:00,Browsers
519659999,1,1,1,0,0,0.0,2019-11-01 00:03:32+00:00,2019-11-01 00:03:32+00:00,Browsers
519661701,1,5,5,0,0,0.0,2019-11-01 02:33:11+00:00,2019-11-01 02:38:04+00:00,Browsers
519664471,1,1,1,0,0,0.0,2019-11-01 01:37:36+00:00,2019-11-01 01:37:36+00:00,Browsers
519668666,1,2,2,0,0,0.0,2019-11-01 00:14:59+00:00,2019-11-01 00:16:22+00:00,Browsers
519671187,1,11,11,0,0,0.0,2019-11-01 00:43:01+00:00,2019-11-01 00:57:39+00:00,Browsers
519686531,1,3,3,0,0,0.0,2019-11-01 02:39:21+00:00,2019-11-01 02:40:38+00:00,Browsers
519731171,1,1,1,0,0,0.0,2019-11-01 02:27:59+00:00,2019-11-01 02:27:59+00:00,Browsers
519744739,1,9,9,0,0,0.0,2019-11-01 01:02:41+00:00,2019-11-01 01:08:40+00:00,Browsers
519771502,1,5,5,0,0,0.0,2019-11-01 00:55:05+00:00,2019-11-01 01:08:29+00:00,Browsers
519790820,1,4,4,0,0,0.0,2019-11-01 02:21:46+00:00,2019-11-01 02:23:16+00:00,Browsers
519792442,2,2,2,0,0,0.0,2019-11-01 00:46:25+00:00,2019-11-01 01:43:18+00:00,Browsers
519792586,1,2,2,0,0,0.0,2019-11-01 02:06:28+00:00,2019-11-01 02:09:42+00:00,Browsers
519794016,2,8,8,0,0,0.0,2019-11-01 01:37:42+00:00,2019-11-01 01:50:03+00:00,Browsers
519796116,1,6,6,0,0,0.0,2019-11-01 02:44:27+00:00,2019-11-01 02:47:41+00:00,Browsers
519796772,1,1,1,0,0,0.0,2019-11-01 02:25:29+00:00,2019-11-01 02:25:29+00:00,Browsers
519797597,1,3,3,0,0,0.0,2019-11-01 01:49:09+00:00,2019-11-01 01:50:23+00:00,Browsers
519799371,1,1,1,0,0,0.0,2019-11-01 02:40:26+00:00,2019-11-01 02:40:26+00:00,Browsers
519810351,2,3,3,0,0,0.0,2019-11-01 00:23:14+00:00,2019-11-01 02:19:28+00:00,Browsers
519812200,1,5,5,0,0,0.0,2019-11-01 00:55:38+00:00,2019-11-01 00:57:40+00:00,Browsers
519817191,1,1,1,0,0,0.0,2019-11-01 02:22:38+00:00,2019-11-01 02:22:38+00:00,Browsers
519823701,1,14,14,0,0,0.0,2019-11-01 02:30:18+00:00,2019-11-01 02:45:21+00:00,Browsers
519825162,1,9,9,0,0,0.0,2019-11-01 02:05:03+00:00,2019-11-01 02:11:24+00:00,Browsers
519828211,1,1,1,0,0,0.0,2019-11-01 00:24:05+00:00,2019-11-01 00:24:05+00:00,Browsers
519829553,1,1,1,0,0,0.0,2019-11-01 02:32:48+00:00,2019-11-01 02:32:48+00:00,Browsers
519834112,1,3,3,0,0,0.0,2019-11-01 01:53:51+00:00,2019-11-01 01:54:49+00:00,Browsers
519835984,1,5,5,0,0,0.0,2019-11-01 02:10:27+00:00,2019-11-01 02:18:28+00:00,Browsers
519836976,1,20,20,0,0,0.0,2019-11-01 02:02:01+00:00,2019-11-01 02:11:36+00:00,Browsers
519853899,1,8,8,0,0,0.0,2019-11-01 01:31:04+00:00,2019-11-01 01:42:30+00:00,Browsers
519854168,1,7,7,0,0,0.0,2019-11-01 01:31:54+00:00,2019-11-01 01:34:34+00:00,Browsers
519859182,1,4,4,0,0,0.0,2019-11-01 01:41:27+00:00,2019-11-01 01:43:41+00:00,Browsers
519864176,1,1,1,0,0,0.0,2019-11-01 02:31:36+00:00,2019-11-01 02:31:36+00:00,Browsers
519868435,1,1,1,0,0,0.0,2019-11-01 02:03:15+00:00,2019-11-01 02:03:15+00:00,Browsers
519883368,1,5,5,0,0,0.0,2019-11-01 01:03:34+00:00,2019-11-01 01:06:13+00:00,Browsers
519889384,2,14,14,0,0,0.0,2019-11-01 01:49:02+00:00,2019-11-01 02:05:23+00:00,Browsers
519893482,2,3,3,0,0,0.0,2019-11-01 02:27:12+00:00,2019-11-01 02:31:35+00:00,Browsers
519902122,1,2,2,0,0,0.0,2019-11-01 00:46:34+00:00,2019-11-01 00:47:50+00:00,Browsers
519902359,1,7,7,0,0,0.0,2019-11-01 00:04:06+00:00,2019-11-01 00:07:59+00:00,Browsers
519905356,1,8,8,0,0,0.0,2019-11-01 02:00:26+00:00,2019-11-01 02:06:36+00:00,Browsers
519911302,1,2,2,0,0,0.0,2019-11-01 02:04:34+00:00,2019-11-01 02:05:06+00:00,Browsers
519922788,1,1,1,0,0,0.0,2019-11-01 02:45:19+00:00,2019-11-01 02:45:19+00:00,Browsers
519926512,6,9,9,0,0,0.0,2019-11-01 00:42:37+00:00,2019-11-01 00:50:48+00:00,Browsers
519929663,1,2,2,0,0,0.0,2019-11-01 01:07:20+00:00,2019-11-01 01:07:38+00:00,Browsers
519930825,1,2,2,0,0,0.0,2019-11-01 02:09:42+00:00,2019-11-01 02:10:23+00:00,Browsers
519933330,2,3,3,0,0,0.0,2019-11-01 01:46:03+00:00,2019-11-01 01:49:31+00:00,Browsers
519935876,2,12,12,0,0,0.0,2019-11-01 02:22:56+00:00,2019-11-01 02:31:08+00:00,Browsers
519938712,1,1,1,0,0,0.0,2019-11-01 00:40:42+00:00,2019-11-01 00:40:42+00:00,Browsers
519940745,1,2,2,0,0,0.0,2019-11-01 00:40:29+00:00,2019-11-01 00:41:16+00:00,Browsers
519952287,1,2,2,0,0,0.0,2019-11-01 01:33:58+00:00,2019-11-01 01:34:38+00:00,Browsers
519965889,1,1,1,0,0,0.0,2019-11-01 00:54:55+00:00,2019-11-01 00:54:55+00:00,Browsers
519969439,1,5,5,0,0,0.0,2019-11-01 01:48:04+00:00,2019-11-01 01:54:37+00:00,Browsers
519970961,1,2,2,0,0,0.0,2019-11-01 02:16:22+00:00,2019-11-01 02:23:47+00:00,Browsers
519971967,1,4,4,0,0,0.0,2019-11-01 01:30:45+00:00,2019-11-01 01:33:20+00:00,Browsers
519972082,1,1,1,0,0,0.0,2019-11-01 00:06:45+00:00,2019-11-01 00:06:45+00:00,Browsers
519979023,1,2,2,0,0,0.0,2019-11-01 01:26:56+00:00,2019-11-01 01:27:18+00:00,Browsers
519984752,2,4,4,0,0,0.0,2019-11-01 02:28:12+00:00,2019-11-01 02:34:16+00:00,Browsers
519990247,1,1,1,0,0,0.0,2019-11-01 02:22:05+00:00,2019-11-01 02:22:05+00:00,Browsers
520013847,1,14,14,0,0,0.0,2019-11-01 01:49:34+00:00,2019-11-01 01:59:50+00:00,Browsers
520037415,1,1,1,0,0,0.0,2019-11-01 00:00:07+00:00,2019-11-01 00:00:07+00:00,Browsers
520051205,1,31,31,0,0,0.0,2019-11-01 02:09:45+00:00,2019-11-01 02:31:00+00:00,Browsers
520051223,1,3,3,0,0,0.0,2019-11-01 01:59:33+00:00,2019-11-01 02:00:01+00:00,Browsers
520055814,1,3,3,0,0,0.0,2019-11-01 02:08:30+00:00,2019-11-01 02:09:45+00:00,Browsers
520065361,1,20,20,0,0,0.0,2019-11-01 01:38:19+00:00,2019-11-01 01:53:50+00:00,Browsers
520070130,1,4,4,0,0,0.0,2019-11-01 01:06:28+00:00,2019-11-01 01:08:56+00:00,Browsers
520072445,1,1,1,0,0,0.0,2019-11-01 00:07:08+00:00,2019-11-01 00:07:08+00:00,Browsers
520074423,2,11,11,0,0,0.0,2019-11-01 02:03:21+00:00,2019-11-01 02:11:32+00:00,Browsers
520081875,1,4,4,0,0,0.0,2019-11-01 02:19:20+00:00,2019-11-01 02:21:43+00:00,Browsers
520088904,2,18,18,0,0,0.0,2019-11-01 00:00:00+00:00,2019-11-01 00:45:34+00:00,Browsers
520117081,3,9,9,0,0,0.0,2019-11-01 00:42:04+00:00,2019-11-01 02:27:35+00:00,Browsers
520136533,1,4,4,0,0,0.0,2019-11-01 02:26:49+00:00,2019-11-01 02:29:01+00:00,Browsers
520137789,1,2,2,0,0,0.0,2019-11-01 02:09:43+00:00,2019-11-01 02:10:01+00:00,Browsers
520143805,1,6,6,0,0,0.0,2019-11-01 01:26:50+00:00,2019-11-01 01:30:52+00:00,Browsers
520160515,1,4,4,0,0,0.0,2019-11-01 00:52:55+00:00,2019-11-01 00:54:05+00:00,Browsers
520172640,1,7,7,0,0,0.0,2019-11-01 02:29:51+00:00,2019-11-01 02:39:10+00:00,Browsers
520175378,1,2,2,0,0,0.0,2019-11-01 02:16:42+00:00,2019-11-01 02:19:23+00:00,Browsers
520179529,1,7,7,0,0,0.0,2019-11-01 01:01:12+00:00,2019-11-01 01:07:50+00:00,Browsers
520182010,1,2,2,0,0,0.0,2019-11-01 02:24:13+00:00,2019-11-01 02:26:25+00:00,Browsers
520189662,1,1,1,0,0,0.0,2019-11-01 02:22:25+00:00,2019-11-01 02:22:25+00:00,Browsers
520197371,1,1,1,0,0,0.0,2019-11-01 02:28:06+00:00,2019-11-01 02:28:06+00:00,Browsers
520200322,1,1,1,0,0,0.0,2019-11-01 00:01:28+00:00,2019-11-01 00:01:28+00:00,Browsers
520200904,2,9,9,0,0,0.0,2019-11-01 02:11:36+00:00,2019-11-01 02:19:49+00:00,Browsers
520202170,1,2,2,0,0,0.0,2019-11-01 01:42:13+00:00,2019-11-01 01:43:48+00:00,Browsers
520208502,1,2,2,0,0,0.0,2019-11-01 02:08:34+00:00,2019-11-01 02:09:28+00:00,Browsers
520210660,1,2,2,0,0,0.0,2019-11-01 00:06:36+00:00,2019-11-01 00:07:13+00:00,Browsers
520214844,1,8,4,2,2,321.14,2019-11-01 00:22:35+00:00,2019-11-01 00:26:51+00:00,High-value users (purchasers)
520217140,1,2,2,0,0,0.0,2019-11-01 01:50:25+00:00,2019-11-01 01:50:48+00:00,Browsers
520217407,1,1,1,0,0,0.0,2019-11-01 02:48:20+00:00,2019-11-01 02:48:20+00:00,Browsers
520218890,1,2,2,0,0,0.0,2019-11-01 02:03:50+00:00,2019-11-01 02:04:07+00:00,Browsers
520220631,1,1,1,0,0,0.0,2019-11-01 00:56:01+00:00,2019-11-01 00:56:01+00:00,Browsers
520240010,1,7,5,0,2,516.19,2019-11-01 02:35:26+00:00,2019-11-01 02:48:15+00:00,High-value users (purchasers)
520244506,1,2,2,0,0,0.0,2019-11-01 02:28:51+00:00,2019-11-01 02:32:35+00:00,Browsers
520247104,2,4,4,0,0,0.0,2019-11-01 01:41:22+00:00,2019-11-01 02:04:26+00:00,Browsers
520250968,1,4,4,0,0,0.0,2019-11-01 02:43:57+00:00,2019-11-01 02:45:17+00:00,Browsers
520261377,1,1,1,0,0,0.0,2019-11-01 00:57:44+00:00,2019-11-01 00:57:44+00:00,Browsers
520273968,1,1,1,0,0,0.0,2019-11-01 02:37:33+00:00,2019-11-01 02:37:33+00:00,Browsers
520282201,1,3,3,0,0,0.0,2019-11-01 02:47:16+00:00,2019-11-01 02:47:50+00:00,Browsers
520282224,1,1,1,0,0,0.0,2019-11-01 02:17:54+00:00,2019-11-01 02:17:54+00:00,Browsers
520286480,1,2,2,0,0,0.0,2019-11-01 02:01:59+00:00,2019-11-01 02:02:20+00:00,Browsers
520299373,1,6,6,0,0,0.0,2019-11-01 01:40:37+00:00,2019-11-01 01:42:41+00:00,Browsers
520299443,1,5,5,0,0,0.0,2019-11-01 02:36:00+00:00,2019-11-01 02:38:11+00:00,Browsers
520303557,1,6,6,0,0,0.0,2019-11-01 01:28:27+00:00,2019-11-01 01:33:22+00:00,Browsers
520315085,1,1,1,0,0,0.0,2019-11-01 01:33:54+00:00,2019-11-01 01:33:54+00:00,Browsers
520322409,1,1,1,0,0,0.0,2019-11-01 01:41:03+00:00,2019-11-01 01:41:03+00:00,Browsers
520337789,1,4,3,1,0,0.0,2019-11-01 02:05:49+00:00,2019-11-01 02:26:12+00:00,Cart abandoners
520353563,1,2,2,0,0,0.0,2019-11-01 02:29:04+00:00,2019-11-01 02:29:16+00:00,Browsers
520358594,1,1,1,0,0,0.0,2019-11-01 02:31:18+00:00,2019-11-01 02:31:18+00:00,Browsers
520359870,1,9,9,0,0,0.0,2019-11-01 00:54:31+00:00,2019-11-01 00:57:47+00:00,Browsers
520369287,1,8,8,0,0,0.0,2019-11-01 02:16:47+00:00,2019-11-01 02:23:47+00:00,Browsers
520381659,1,15,15,0,0,0.0,2019-11-01 01:53:36+00:00,2019-11-01 02:01:41+00:00,Browsers
520389404,1,1,1,0,0,0.0,2019-11-01 01:59:44+00:00,2019-11-01 01:59:44+00:00,Browsers
520407690,1,3,3,0,0,0.0,2019-11-01 02:41:47+00:00,2019-11-01 02:47:28+00:00,Browsers
520408894,1,8,8,0,0,0.0,2019-11-01 02:13:52+00:00,2019-11-01 02:16:42+00:00,Browsers
520408966,1,2,2,0,0,0.0,2019-11-01 00:22:36+00:00,2019-11-01 00:23:22+00:00,Browsers
520418896,1,1,1,0,0,0.0,2019-11-01 00:51:29+00:00,2019-11-01 00:51:29+00:00,Browsers
520419313,1,2,2,0,0,0.0,2019-11-01 02:16:40+00:00,2019-11-01 02:17:10+00:00,Browsers
520429320,1,1,1,0,0,0.0,2019-11-01 02:23:20+00:00,2019-11-01 02:23:20+00:00,Browsers
520429629,1,1,1,0,0,0.0,2019-11-01 02:45:55+00:00,2019-11-01 02:45:55+00:00,Browsers
520433567,2,11,11,0,0,0.0,2019-11-01 02:00:26+00:00,2019-11-01 02:22:24+00:00,Browsers
520433956,1,3,3,0,0,0.0,2019-11-01 02:11:09+00:00,2019-11-01 02:12:01+00:00,Browsers
520449782,1,1,1,0,0,0.0,2019-11-01 02:28:41+00:00,2019-11-01 02:28:41+00:00,Browsers
520456767,1,5,5,0,0,0.0,2019-11-01 02:15:28+00:00,2019-11-01 02:18:57+00:00,Browsers
520486304,1,1,1,0,0,0.0,2019-11-01 01:06:06+00:00,2019-11-01 01:06:06+00:00,Browsers
520498001,1,1,1,0,0,0.0,2019-11-01 00:30:00+00:00,2019-11-01 00:30:00+00:00,Browsers
520498756,1,2,2,0,0,0.0,2019-11-01 01:42:08+00:00,2019-11-01 01:42:52+00:00,Browsers
520503624,2,8,8,0,0,0.0,2019-11-01 01:48:14+00:00,2019-11-01 01:54:20+00:00,Browsers
520518869,1,2,2,0,0,0.0,2019-11-01 02:31:52+00:00,2019-11-01 02:37:45+00:00,Browsers
520538288,1,7,7,0,0,0.0,2019-11-01 00:41:40+00:00,2019-11-01 00:45:30+00:00,Browsers
520543848,2,27,27,0,0,0.0,2019-11-01 00:21:48+00:00,2019-11-01 00:54:21+00:00,Browsers
520548253,1,2,2,0,0,0.0,2019-11-01 02:34:02+00:00,2019-11-01 02:34:31+00:00,Browsers
520551216,5,5,5,0,0,0.0,2019-11-01 00:25:04+00:00,2019-11-01 00:26:16+00:00,Browsers
520553311,1,6,6,0,0,0.0,2019-11-01 00:42:23+00:00,2019-11-01 00:54:01+00:00,Browsers
520554033,3,3,3,0,0,0.0,2019-11-01 02:12:23+00:00,2019-11-01 02:19:23+00:00,Browsers
520562236,1,3,3,0,0,0.0,2019-11-01 00:32:58+00:00,2019-11-01 00:33:27+00:00,Browsers
520571969,1,7,7,0,0,0.0,2019-11-01 01:35:34+00:00,2019-11-01 01:38:53+00:00,Browsers
520588471,1,8,8,0,0,0.0,2019-11-01 02:29:55+00:00,2019-11-01 02:32:35+00:00,Browsers
520589073,1,1,1,0,0,0.0,2019-11-01 01:25:16+00:00,2019-11-01 01:25:16+00:00,Browsers
520589585,1,3,3,0,0,0.0,2019-11-01 02:16:29+00:00,2019-11-01 02:17:32+00:00,Browsers
520589996,1,3,3,0,0,0.0,2019-11-01 02:08:02+00:00,2019-11-01 02:16:56+00:00,Browsers
520593266,1,1,1,0,0,0.0,2019-11-01 02:12:03+00:00,2019-11-01 02:12:03+00:00,Browsers
520597240,1,3,3,0,0,0.0,2019-11-01 02:20:00+00:00,2019-11-01 02:21:50+00:00,Browsers
520598912,1,3,3,0,0,0.0,2019-11-01 02:29:39+00:00,2019-11-01 02:32:10+00:00,Browsers
520601923,1,3,3,0,0,0.0,2019-11-01 00:03:51+00:00,2019-11-01 00:08:49+00:00,Browsers
520604627,1,3,3,0,0,0.0,2019-11-01 02:33:55+00:00,2019-11-01 02:34:49+00:00,Browsers
520605198,2,8,8,0,0,0.0,2019-11-01 01:38:25+00:00,2019-11-01 01:50:07+00:00,Browsers
520614740,1,3,3,0,0,0.0,2019-11-01 01:27:01+00:00,2019-11-01 01:27:17+00:00,Browsers
520642350,1,3,3,0,0,0.0,2019-11-01 00:53:39+00:00,2019-11-01 00:54:01+00:00,Browsers
520647546,1,1,1,0,0,0.0,2019-11-01 01:37:54+00:00,2019-11-01 01:37:54+00:00,Browsers
520652430,1,1,1,0,0,0.0,2019-11-01 00:17:44+00:00,2019-11-01 00:17:44+00:00,Browsers
520659070,1,1,1,0,0,0.0,2019-11-01 02:32:33+00:00,2019-11-01 02:32:33+00:00,Browsers
520664270,1,3,3,0,0,0.0,2019-11-01 02:43:59+00:00,2019-11-01 02:47:12+00:00,Browsers
520668973,1,1,1,0,0,0.0,2019-11-01 02:42:43+00:00,2019-11-01 02:42:43+00:00,Browsers
520680866,1,1,1,0,0,0.0,2019-11-01 02:44:08+00:00,2019-11-01 02:44:08+00:00,Browsers
520687420,1,1,1,0,0,0.0,2019-11-01 01:31:10+00:00,2019-11-01 01:31:10+00:00,Browsers
520687811,1,1,1,0,0,0.0,2019-11-01 00:33:39+00:00,2019-11-01 00:33:39+00:00,Browsers
520688549,1,25,25,0,0,0.0,2019-11-01 01:50:00+00:00,2019-11-01 02:29:26+00:00,Browsers
520688707,1,1,1,0,0,0.0,2019-11-01 02:08:36+00:00,2019-11-01 02:08:36+00:00,Browsers
520689105,1,2,2,0,0,0.0,2019-11-01 01:34:45+00:00,2019-11-01 01:35:40+00:00,Browsers
520691744,1,3,3,0,0,0.0,2019-11-01 02:13:28+00:00,2019-11-01 02:18:05+00:00,Browsers
520694297,1,5,5,0,0,0.0,2019-11-01 01:45:56+00:00,2019-11-01 01:53:43+00:00,Browsers
520701141,1,12,12,0,0,0.0,2019-11-01 00:21:36+00:00,2019-11-01 00:32:08+00:00,Browsers
520704098,1,4,4,0,0,0.0,2019-11-01 00:51:03+00:00,2019-11-01 00:53:12+00:00,Browsers
520709866,1,3,3,0,0,0.0,2019-11-01 02:06:41+00:00,2019-11-01 02:08:58+00:00,Browsers
520713593,1,1,1,0,0,0.0,2019-11-01 02:07:20+00:00,2019-11-01 02:07:20+00:00,Browsers
520735202,1,3,3,0,0,0.0,2019-11-01 01:51:30+00:00,2019-11-01 01:52:23+00:00,Browsers
520735503,1,3,3,0,0,0.0,2019-11-01 00:06:01+00:00,2019-11-01 00:09:19+00:00,Browsers
520736131,1,2,2,0,0,0.0,2019-11-01 00:17:27+00:00,2019-11-01 00:19:38+00:00,Browsers
520743967,1,18,18,0,0,0.0,2019-11-01 00:41:13+00:00,2019-11-01 00:53:07+00:00,Browsers
520744853,1,7,7,0,0,0.0,2019-11-01 02:31:42+00:00,2019-11-01 02:45:40+00:00,Browsers
520754119,1,1,1,0,0,0.0,2019-11-01 01:52:41+00:00,2019-11-01 01:52:41+00:00,Browsers
520760198,2,2,2,0,0,0.0,2019-11-01 02:40:19+00:00,2019-11-01 02:40:19+00:00,Browsers
520761071,1,13,11,1,1,38.1,2019-11-01 01:40:47+00:00,2019-11-01 02:04:50+00:00,High-value users (purchasers)
520772685,1,17,17,0,0,0.0,2019-11-01 00:00:01+00:00,2019-11-01 00:04:21+00:00,Browsers
520778848,1,1,1,0,0,0.0,2019-11-01 02:03:28+00:00,2019-11-01 02:03:28+00:00,Browsers
520787663,1,1,1,0,0,0.0,2019-11-01 02:15:03+00:00,2019-11-01 02:15:03+00:00,Browsers
520790365,2,6,6,0,0,0.0,2019-11-01 02:27:20+00:00,2019-11-01 02:35:45+00:00,Browsers
520790784,1,1,1,0,0,0.0,2019-11-01 02:39:34+00:00,2019-11-01 02:39:34+00:00,Browsers
520790800,1,1,1,0,0,0.0,2019-11-01 02:07:22+00:00,2019-11-01 02:07:22+00:00,Browsers
520793613,1,3,3,0,0,0.0,2019-11-01 01:01:12+00:00,2019-11-01 01:01:43+00:00,Browsers
520796149,1,7,7,0,0,0.0,2019-11-01 02:15:59+00:00,2019-11-01 02:19:32+00:00,Browsers
520808276,1,20,20,0,0,0.0,2019-11-01 00:43:44+00:00,2019-11-01 00:52:54+00:00,Browsers
520809994,1,1,1,0,0,0.0,2019-11-01 01:35:06+00:00,2019-11-01 01:35:06+00:00,Browsers
520815658,1,2,2,0,0,0.0,2019-11-01 01:33:36+00:00,2019-11-01 01:35:11+00:00,Browsers
520816625,1,22,22,0,0,0.0,2019-11-01 02:12:30+00:00,2019-11-01 02:47:48+00:00,Browsers
520826923,1,2,2,0,0,0.0,2019-11-01 01:25:25+00:00,2019-11-01 01:27:15+00:00,Browsers
520829774,1,6,6,0,0,0.0,2019-11-01 02:37:59+00:00,2019-11-01 02:44:46+00:00,Browsers
520840044,1,1,1,0,0,0.0,2019-11-01 02:42:05+00:00,2019-11-01 02:42:05+00:00,Browsers
520844533,1,1,1,0,0,0.0,2019-11-01 00:58:59+00:00,2019-11-01 00:58:59+00:00,Browsers
520860732,1,2,2,0,0,0.0,2019-11-01 02:43:16+00:00,2019-11-01 02:44:28+00:00,Browsers
520871458,1,1,1,0,0,0.0,2019-11-01 00:43:14+00:00,2019-11-01 00:43:14+00:00,Browsers
520887009,1,1,1,0,0,0.0,2019-11-01 02:43:12+00:00,2019-11-01 02:43:12+00:00,Browsers
520894353,1,1,1,0,0,0.0,2019-11-01 02:20:27+00:00,2019-11-01 02:20:27+00:00,Browsers
520907477,1,1,1,0,0,0.0,2019-11-01 01:28:59+00:00,2019-11-01 01:28:59+00:00,Browsers
520918280,1,1,1,0,0,0.0,2019-11-01 02:24:22+00:00,2019-11-01 02:24:22+00:00,Browsers
520918931,1,1,1,0,0,0.0,2019-11-01 02:27:17+00:00,2019-11-01 02:27:17+00:00,Browsers
520933119,1,5,5,0,0,0.0,2019-11-01 02:40:30+00:00,2019-11-01 02:43:42+00:00,Browsers
520934632,1,7,7,0,0,0.0,2019-11-01 00:02:33+00:00,2019-11-01 01:01:13+00:00,Browsers
520935578,1,4,4,0,0,0.0,2019-11-01 01:30:52+00:00,2019-11-01 01:32:08+00:00,Browsers
520950630,1,1,1,0,0,0.0,2019-11-01 01:58:12+00:00,2019-11-01 01:58:12+00:00,Browsers
520954281,1,11,11,0,0,0.0,2019-11-01 01:41:26+00:00,2019-11-01 01:44:24+00:00,Browsers
520956879,1,3,3,0,0,0.0,2019-11-01 00:00:19+00:00,2019-11-01 00:10:16+00:00,Browsers
520957160,1,2,2,0,0,0.0,2019-11-01 02:09:07+00:00,2019-11-01 02:09:15+00:00,Browsers
520982812,1,2,2,0,0,0.0,2019-11-01 02:21:36+00:00,2019-11-01 02:22:44+00:00,Browsers
520984372,1,2,2,0,0,0.0,2019-11-01 02:04:51+00:00,2019-11-01 02:05:40+00:00,Browsers
521000506,1,6,6,0,0,0.0,2019-11-01 02:26:05+00:00,2019-11-01 02:29:14+00:00,Browsers
521002866,1,2,2,0,0,0.0,2019-11-01 01:27:18+00:00,2019-11-01 01:37:49+00:00,Browsers
521013136,1,1,1,0,0,0.0,2019-11-01 02:46:59+00:00,2019-11-01 02:46:59+00:00,Browsers
521014376,1,3,3,0,0,0.0,2019-11-01 02:28:08+00:00,2019-11-01 02:30:39+00:00,Browsers
521016598,1,1,1,0,0,0.0,2019-11-01 01:59:39+00:00,2019-11-01 01:59:39+00:00,Browsers
521023796,1,3,3,0,0,0.0,2019-11-01 01:27:44+00:00,2019-11-01 01:31:53+00:00,Browsers
521024000,1,1,1,0,0,0.0,2019-11-01 00:44:31+00:00,2019-11-01 00:44:31+00:00,Browsers
521041111,1,2,2,0,0,0.0,2019-11-01 01:48:12+00:00,2019-11-01 01:48:59+00:00,Browsers
521044963,1,1,1,0,0,0.0,2019-11-01 02:45:45+00:00,2019-11-01 02:45:45+00:00,Browsers
521056568,1,1,1,0,0,0.0,2019-11-01 01:54:56+00:00,2019-11-01 01:54:56+00:00,Browsers
521059488,1,3,3,0,0,0.0,2019-11-01 00:05:10+00:00,2019-11-01 00:05:34+00:00,Browsers
521062749,1,9,9,0,0,0.0,2019-11-01 01:53:45+00:00,2019-11-01 01:59:37+00:00,Browsers
521071897,1,1,1,0,0,0.0,2019-11-01 00:58:18+00:00,2019-11-01 00:58:18+00:00,Browsers
521097574,1,3,3,0,0,0.0,2019-11-01 01:31:56+00:00,2019-11-01 01:33:30+00:00,Browsers
521104536,1,2,2,0,0,0.0,2019-11-01 00:35:39+00:00,2019-11-01 00:36:37+00:00,Browsers
521109179,1,1,1,0,0,0.0,2019-11-01 00:53:30+00:00,2019-11-01 00:53:30+00:00,Browsers
521114947,1,2,2,0,0,0.0,2019-11-01 00:53:58+00:00,2019-11-01 00:54:51+00:00,Browsers
521117603,1,1,1,0,0,0.0,2019-11-01 01:39:06+00:00,2019-11-01 01:39:06+00:00,Browsers
521120735,1,1,1,0,0,0.0,2019-11-01 00:44:24+00:00,2019-11-01 00:44:24+00:00,Browsers
521122111,1,1,1,0,0,0.0,2019-11-01 02:19:28+00:00,2019-11-01 02:19:28+00:00,Browsers
521122611,1,2,2,0,0,0.0,2019-11-01 02:42:55+00:00,2019-11-01 02:45:51+00:00,Browsers
521130562,1,14,14,0,0,0.0,2019-11-01 02:08:47+00:00,2019-11-01 02:15:40+00:00,Browsers
521146922,1,1,1,0,0,0.0,2019-11-01 01:50:49+00:00,2019-11-01 01:50:49+00:00,Browsers
521159183,1,1,1,0,0,0.0,2019-11-01 02:41:11+00:00,2019-11-01 02:41:11+00:00,Browsers
521181653,1,1,1,0,0,0.0,2019-11-01 00:43:37+00:00,2019-11-01 00:43:37+00:00,Browsers
521186850,1,11,11,0,0,0.0,2019-11-01 01:26:40+00:00,2019-11-01 01:30:45+00:00,Browsers
521192815,2,13,13,0,0,0.0,2019-11-01 01:43:55+00:00,2019-11-01 01:48:54+00:00,Browsers
521207707,1,1,1,0,0,0.0,2019-11-01 00:26:37+00:00,2019-11-01 00:26:37+00:00,Browsers
521208192,1,4,4,0,0,0.0,2019-11-01 02:32:34+00:00,2019-11-01 02:40:09+00:00,Browsers
521237218,1,3,3,0,0,0.0,2019-11-01 01:31:08+00:00,2019-11-01 01:31:35+00:00,Browsers
521251268,1,5,5,0,0,0.0,2019-11-01 02:35:40+00:00,2019-11-01 02:37:10+00:00,Browsers
521251703,1,4,4,0,0,0.0,2019-11-01 02:05:11+00:00,2019-11-01 02:06:16+00:00,Browsers
521283003,1,1,1,0,0,0.0,2019-11-01 00:16:17+00:00,2019-11-01 00:16:17+00:00,Browsers
521293022,1,5,5,0,0,0.0,2019-11-01 02:35:14+00:00,2019-11-01 02:43:27+00:00,Browsers
521302047,1,1,1,0,0,0.0,2019-11-01 02:28:44+00:00,2019-11-01 02:28:44+00:00,Browsers
521310295,1,3,3,0,0,0.0,2019-11-01 01:44:57+00:00,2019-11-01 01:46:45+00:00,Browsers
521312446,1,4,4,0,0,0.0,2019-11-01 02:34:57+00:00,2019-11-01 02:40:59+00:00,Browsers
521316201,1,11,11,0,0,0.0,2019-11-01 02:01:11+00:00,2019-11-01 02:09:47+00:00,Browsers
521320593,1,12,12,0,0,0.0,2019-11-01 00:54:27+00:00,2019-11-01 00:59:28+00:00,Browsers
521320993,1,11,11,0,0,0.0,2019-11-01 01:37:10+00:00,2019-11-01 01:43:46+00:00,Browsers
521321604,1,4,4,0,0,0.0,2019-11-01 02:43:55+00:00,2019-11-01 02:45:42+00:00,Browsers
521324982,1,5,5,0,0,0.0,2019-11-01 00:00:26+00:00,2019-11-01 00:13:41+00:00,Browsers
521333579,1,2,2,0,0,0.0,2019-11-01 02:44:17+00:00,2019-11-01 02:44:27+00:00,Browsers
521335345,1,5,5,0,0,0.0,2019-11-01 02:42:25+00:00,2019-11-01 02:45:22+00:00,Browsers
521336756,1,14,14,0,0,0.0,2019-11-01 00:35:15+00:00,2019-11-01 00:39:24+00:00,Browsers
521338118,1,3,3,0,0,0.0,2019-11-01 02:08:11+00:00,2019-11-01 02:10:21+00:00,Browsers
521339065,1,2,1,0,1,306.05,2019-11-01 01:44:54+00:00,2019-11-01 01:45:15+00:00,High-value users (purchasers)
521342160,1,29,29,0,0,0.0,2019-11-01 02:09:16+00:00,2019-11-01 02:35:34+00:00,Browsers
521342236,1,4,4,0,0,0.0,2019-11-01 01:32:27+00:00,2019-11-01 01:33:54+00:00,Browsers
521355027,1,1,1,0,0,0.0,2019-11-01 02:39:41+00:00,2019-11-01 02:39:41+00:00,Browsers
521368162,1,4,4,0,0,0.0,2019-11-01 00:00:24+00:00,2019-11-01 00:02:50+00:00,Browsers
521372906,1,1,1,0,0,0.0,2019-11-01 02:26:21+00:00,2019-11-01 02:26:21+00:00,Browsers
521374214,1,3,2,0,1,185.85,2019-11-01 01:52:37+00:00,2019-11-01 01:53:55+00:00,High-value users (purchasers)
521376370,1,2,2,0,0,0.0,2019-11-01 00:29:10+00:00,2019-11-01 00:29:47+00:00,Browsers
521378793,1,2,2,0,0,0.0,2019-11-01 02:08:40+00:00,2019-11-01 02:10:26+00:00,Browsers
521379301,1,1,1,0,0,0.0,2019-11-01 01:50:38+00:00,2019-11-01 01:50:38+00:00,Browsers
521394091,1,1,1,0,0,0.0,2019-11-01 01:02:44+00:00,2019-11-01 01:02:44+00:00,Browsers
521396520,1,10,10,0,0,0.0,2019-11-01 02:17:37+00:00,2019-11-01 02:24:47+00:00,Browsers
521410231,1,1,1,0,0,0.0,2019-11-01 02:21:14+00:00,2019-11-01 02:21:14+00:00,Browsers
521418470,3,3,3,0,0,0.0,2019-11-01 01:48:51+00:00,2019-11-01 01:50:44+00:00,Browsers
521424400,1,1,1,0,0,0.0,2019-11-01 02:31:19+00:00,2019-11-01 02:31:19+00:00,Browsers
521434830,1,1,1,0,0,0.0,2019-11-01 01:26:46+00:00,2019-11-01 01:26:46+00:00,Browsers
521441620,1,1,1,0,0,0.0,2019-11-01 02:42:08+00:00,2019-11-01 02:42:08+00:00,Browsers
521451601,1,4,4,0,0,0.0,2019-11-01 02:40:16+00:00,2019-11-01 02:41:01+00:00,Browsers
521456368,1,3,3,0,0,0.0,2019-11-01 00:51:57+00:00,2019-11-01 01:00:34+00:00,Browsers
521458826,1,2,2,0,0,0.0,2019-11-01 01:01:40+00:00,2019-11-01 01:04:03+00:00,Browsers
521462824,1,1,1,0,0,0.0,2019-11-01 00:59:07+00:00,2019-11-01 00:59:07+00:00,Browsers
521465400,1,10,10,0,0,0.0,2019-11-01 00:32:21+00:00,2019-11-01 00:46:22+00:00,Browsers
521469521,1,2,2,0,0,0.0,2019-11-01 00:29:53+00:00,2019-11-01 00:31:24+00:00,Browsers
521473053,1,8,8,0,0,0.0,2019-11-01 02:39:38+00:00,2019-11-01 02:46:30+00:00,Browsers
521477157,1,1,1,0,0,0.0,2019-11-01 00:42:27+00:00,2019-11-01 00:42:27+00:00,Browsers
521477932,2,15,15,0,0,0.0,2019-11-01 00:48:17+00:00,2019-11-01 02:39:49+00:00,Browsers
521492716,2,5,4,0,1,15.42,2019-11-01 00:59:38+00:00,2019-11-01 02:42:29+00:00,High-value users (purchasers)
521500144,1,2,1,1,0,0.0,2019-11-01 02:35:36+00:00,2019-11-01 02:35:51+00:00,Cart abandoners
521527672,1,6,6,0,0,0.0,2019-11-01 02:17:40+00:00,2019-11-01 02:47:23+00:00,Browsers
521541049,1,2,2,0,0,0.0,2019-11-01 01:58:51+00:00,2019-11-01 01:59:46+00:00,Browsers
521543283,1,5,5,0,0,0.0,2019-11-01 00:03:37+00:00,2019-11-01 00:05:12+00:00,Browsers
521553303,1,1,1,0,0,0.0,2019-11-01 01:27:10+00:00,2019-11-01 01:27:10+00:00,Browsers
521566947,1,6,5,1,0,0.0,2019-11-01 00:52:14+00:00,2019-11-01 00:54:36+00:00,Cart abandoners
521569814,1,2,2,0,0,0.0,2019-11-01 01:39:59+00:00,2019-11-01 01:42:33+00:00,Browsers
521571524,1,1,1,0,0,0.0,2019-11-01 00:29:20+00:00,2019-11-01 00:29:20+00:00,Browsers
521572790,1,20,18,2,0,0.0,2019-11-01 02:13:22+00:00,2019-11-01 02:30:02+00:00,Cart abandoners
521577352,1,1,1,0,0,0.0,2019-11-01 02:45:38+00:00,2019-11-01 02:45:38+00:00,Browsers
521581897,1,1,1,0,0,0.0,2019-11-01 01:01:34+00:00,2019-11-01 01:01:34+00:00,Browsers
521585565,1,1,1,0,0,0.0,2019-11-01 01:08:23+00:00,2019-11-01 01:08:23+00:00,Browsers
521586542,1,1,1,0,0,0.0,2019-11-01 02:22:32+00:00,2019-11-01 02:22:32+00:00,Browsers
521587488,1,3,3,0,0,0.0,2019-11-01 02:15:02+00:00,2019-11-01 02:17:53+00:00,Browsers
521587734,1,2,2,0,0,0.0,2019-11-01 01:00:39+00:00,2019-11-01 01:01:49+00:00,Browsers
521596086,2,9,9,0,0,0.0,2019-11-01 01:33:20+00:00,2019-11-01 01:43:52+00:00,Browsers
521596914,2,12,12,0,0,0.0,2019-11-01 02:26:06+00:00,2019-11-01 02:34:53+00:00,Browsers
521602815,1,4,4,0,0,0.0,2019-11-01 01:38:47+00:00,2019-11-01 01:40:13+00:00,Browsers
521619237,1,1,1,0,0,0.0,2019-11-01 00:41:28+00:00,2019-11-01 00:41:28+00:00,Browsers
521626655,1,1,1,0,0,0.0,2019-11-01 02:24:17+00:00,2019-11-01 02:24:17+00:00,Browsers
521628285,1,1,1,0,0,0.0,2019-11-01 02:48:15+00:00,2019-11-01 02:48:15+00:00,Browsers
521668100,2,2,2,0,0,0.0,2019-11-01 01:52:30+00:00,2019-11-01 01:53:15+00:00,Browsers
521673752,1,8,8,0,0,0.0,2019-11-01 02:06:27+00:00,2019-11-01 02:09:16+00:00,Browsers
521680120,1,1,1,0,0,0.0,2019-11-01 01:16:53+00:00,2019-11-01 01:16:53+00:00,Browsers
521680717,1,2,2,0,0,0.0,2019-11-01 02:15:34+00:00,2019-11-01 02:15:49+00:00,Browsers
521682079,1,4,4,0,0,0.0,2019-11-01 01:39:37+00:00,2019-11-01 01:40:20+00:00,Browsers
521684747,1,1,1,0,0,0.0,2019-11-01 00:32:13+00:00,2019-11-01 00:32:13+00:00,Browsers
521688533,1,4,4,0,0,0.0,2019-11-01 02:26:01+00:00,2019-11-01 02:27:25+00:00,Browsers
521689042,1,5,5,0,0,0.0,2019-11-01 00:40:53+00:00,2019-11-01 00:52:02+00:00,Browsers
521693054,2,7,6,0,1,99.1,2019-11-01 02:18:43+00:00,2019-11-01 02:26:18+00:00,High-value users (purchasers)
521734903,2,18,16,1,1,749.67,2019-11-01 00:27:27+00:00,2019-11-01 01:06:04+00:00,High-value users (purchasers)
521743283,1,1,1,0,0,0.0,2019-11-01 02:18:29+00:00,2019-11-01 02:18:29+00:00,Browsers
521750030,1,6,6,0,0,0.0,2019-11-01 00:13:17+00:00,2019-11-01 00:21:14+00:00,Browsers
521758244,1,4,4,0,0,0.0,2019-11-01 02:46:30+00:00,2019-11-01 02:47:55+00:00,Browsers
521768861,1,18,18,0,0,0.0,2019-11-01 02:10:36+00:00,2019-11-01 02:22:19+00:00,Browsers
521771911,1,1,1,0,0,0.0,2019-11-01 01:58:54+00:00,2019-11-01 01:58:54+00:00,Browsers
521775096,2,8,8,0,0,0.0,2019-11-01 01:36:44+00:00,2019-11-01 01:39:42+00:00,Browsers
521777207,2,4,4,0,0,0.0,2019-11-01 01:45:47+00:00,2019-11-01 01:49:31+00:00,Browsers
521778429,1,1,1,0,0,0.0,2019-11-01 01:26:23+00:00,2019-11-01 01:26:23+00:00,Browsers
521783766,1,1,1,0,0,0.0,2019-11-01 01:52:04+00:00,2019-11-01 01:52:04+00:00,Browsers
521793571,2,22,12,5,5,2022.99,2019-11-01 00:33:55+00:00,2019-11-01 02:15:09+00:00,High-value users (purchasers)
521799361,1,2,2,0,0,0.0,2019-11-01 01:02:11+00:00,2019-11-01 01:03:09+00:00,Browsers
521811341,3,3,3,0,0,0.0,2019-11-01 02:04:01+00:00,2019-11-01 02:17:06+00:00,Browsers
521826347,1,1,1,0,0,0.0,2019-11-01 00:33:31+00:00,2019-11-01 00:33:31+00:00,Browsers
521848939,1,1,1,0,0,0.0,2019-11-01 00:56:54+00:00,2019-11-01 00:56:54+00:00,Browsers
521849559,1,4,4,0,0,0.0,2019-11-01 02:43:39+00:00,2019-11-01 02:46:31+00:00,Browsers
521851534,1,4,4,0,0,0.0,2019-11-01 02:01:37+00:00,2019-11-01 02:03:31+00:00,Browsers
521859879,2,9,9,0,0,0.0,2019-11-01 01:06:36+00:00,2019-11-01 02:46:15+00:00,Browsers
521862027,1,1,1,0,0,0.0,2019-11-01 01:16:21+00:00,2019-11-01 01:16:21+00:00,Browsers
521870158,1,2,2,0,0,0.0,2019-11-01 02:46:59+00:00,2019-11-01 02:47:10+00:00,Browsers
521887451,1,1,1,0,0,0.0,2019-11-01 02:22:09+00:00,2019-11-01 02:22:09+00:00,Browsers
521892042,1,3,3,0,0,0.0,2019-11-01 02:08:00+00:00,2019-11-01 02:08:36+00:00,Browsers
521899895,1,1,1,0,0,0.0,2019-11-01 01:19:14+00:00,2019-11-01 01:19:14+00:00,Browsers
521908136,1,33,33,0,0,0.0,2019-11-01 01:31:06+00:00,2019-11-01 01:54:32+00:00,Browsers
521915766,1,8,8,0,0,0.0,2019-11-01 01:26:39+00:00,2019-11-01 01:50:28+00:00,Browsers
521923399,1,1,1,0,0,0.0,2019-11-01 02:07:37+00:00,2019-11-01 02:07:37+00:00,Browsers
521931387,1,1,1,0,0,0.0,2019-11-01 01:41:14+00:00,2019-11-01 01:41:14+00:00,Browsers
521951818,1,1,1,0,0,0.0,2019-11-01 02:34:09+00:00,2019-11-01 02:34:09+00:00,Browsers
521996432,1,5,5,0,0,0.0,2019-11-01 02:18:07+00:00,2019-11-01 02:21:07+00:00,Browsers
521996737,1,4,4,0,0,0.0,2019-11-01 01:29:43+00:00,2019-11-01 01:42:10+00:00,Browsers
522000869,1,1,1,0,0,0.0,2019-11-01 01:53:06+00:00,2019-11-01 01:53:06+00:00,Browsers
522031876,1,31,31,0,0,0.0,2019-11-01 00:00:19+00:00,2019-11-01 00:35:14+00:00,Browsers
522037659,1,13,13,0,0,0.0,2019-11-01 02:26:28+00:00,2019-11-01 02:45:00+00:00,Browsers
522041188,1,2,2,0,0,0.0,2019-11-01 01:57:17+00:00,2019-11-01 01:59:15+00:00,Browsers
522049592,1,3,3,0,0,0.0,2019-11-01 01:51:20+00:00,2019-11-01 01:52:58+00:00,Browsers
522049758,1,7,7,0,0,0.0,2019-11-01 00:33:12+00:00,2019-11-01 00:39:04+00:00,Browsers
522067522,1,5,5,0,0,0.0,2019-11-01 02:26:16+00:00,2019-11-01 02:28:22+00:00,Browsers
522067964,1,2,2,0,0,0.0,2019-11-01 02:40:30+00:00,2019-11-01 02:41:29+00:00,Browsers
522069229,1,1,1,0,0,0.0,2019-11-01 01:43:24+00:00,2019-11-01 01:43:24+00:00,Browsers
522074066,1,1,1,0,0,0.0,2019-11-01 02:04:22+00:00,2019-11-01 02:04:22+00:00,Browsers
522074578,1,2,2,0,0,0.0,2019-11-01 02:13:34+00:00,2019-11-01 02:13:56+00:00,Browsers
522083888,1,7,7,0,0,0.0,2019-11-01 01:01:47+00:00,2019-11-01 01:05:23+00:00,Browsers
522106530,1,1,1,0,0,0.0,2019-11-01 02:13:29+00:00,2019-11-01 02:13:29+00:00,Browsers
522106992,4,17,17,0,0,0.0,2019-11-01 01:56:18+00:00,2019-11-01 02:06:55+00:00,Browsers
522110062,1,1,1,0,0,0.0,2019-11-01 00:24:34+00:00,2019-11-01 00:24:34+00:00,Browsers
522115167,1,3,3,0,0,0.0,2019-11-01 01:39:14+00:00,2019-11-01 01:40:24+00:00,Browsers
522128646,1,9,9,0,0,0.0,2019-11-01 01:42:25+00:00,2019-11-01 01:49:06+00:00,Browsers
522131606,1,3,3,0,0,0.0,2019-11-01 02:22:39+00:00,2019-11-01 02:23:41+00:00,Browsers
522133012,1,2,2,0,0,0.0,2019-11-01 00:16:48+00:00,2019-11-01 00:17:09+00:00,Browsers
522137605,2,10,10,0,0,0.0,2019-11-01 01:33:42+00:00,2019-11-01 02:13:23+00:00,Browsers
522141314,1,4,4,0,0,0.0,2019-11-01 02:36:22+00:00,2019-11-01 02:45:49+00:00,Browsers
522159350,1,2,2,0,0,0.0,2019-11-01 02:41:29+00:00,2019-11-01 02:41:53+00:00,Browsers
522159601,2,3,3,0,0,0.0,2019-11-01 02:41:05+00:00,2019-11-01 02:45:56+00:00,Browsers
522166285,1,22,22,0,0,0.0,2019-11-01 02:21:43+00:00,2019-11-01 02:38:46+00:00,Browsers
522171623,1,5,5,0,0,0.0,2019-11-01 00:53:40+00:00,2019-11-01 00:56:00+00:00,Browsers
522174347,1,9,9,0,0,0.0,2019-11-01 02:31:42+00:00,2019-11-01 02:38:34+00:00,Browsers
522180157,1,2,2,0,0,0.0,2019-11-01 02:24:21+00:00,2019-11-01 02:25:02+00:00,Browsers
522181326,1,2,2,0,0,0.0,2019-11-01 01:26:57+00:00,2019-11-01 01:28:22+00:00,Browsers
522201765,1,7,7,0,0,0.0,2019-11-01 00:51:59+00:00,2019-11-01 00:57:30+00:00,Browsers
522208684,1,6,6,0,0,0.0,2019-11-01 01:00:59+00:00,2019-11-01 01:03:16+00:00,Browsers
522228863,1,5,5,0,0,0.0,2019-11-01 02:06:06+00:00,2019-11-01 02:09:05+00:00,Browsers
522235084,1,8,8,0,0,0.0,2019-11-01 01:46:12+00:00,2019-11-01 02:03:43+00:00,Browsers
522235296,1,1,1,0,0,0.0,2019-11-01 02:26:12+00:00,2019-11-01 02:26:12+00:00,Browsers
522235989,1,1,1,0,0,0.0,2019-11-01 00:09:52+00:00,2019-11-01 00:09:52+00:00,Browsers
522248675,2,2,2,0,0,0.0,2019-11-01 02:28:19+00:00,2019-11-01 02:29:03+00:00,Browsers
522250722,1,3,3,0,0,0.0,2019-11-01 02:27:26+00:00,2019-11-01 02:28:47+00:00,Browsers
522256154,1,9,9,0,0,0.0,2019-11-01 00:40:36+00:00,2019-11-01 00:45:23+00:00,Browsers
522260090,1,2,2,0,0,0.0,2019-11-01 01:40:50+00:00,2019-11-01 02:16:36+00:00,Browsers
522270878,1,7,7,0,0,0.0,2019-11-01 01:56:15+00:00,2019-11-01 01:58:34+00:00,Browsers
522276195,1,3,3,0,0,0.0,2019-11-01 01:39:52+00:00,2019-11-01 01:40:29+00:00,Browsers
522283548,1,1,1,0,0,0.0,2019-11-01 02:28:56+00:00,2019-11-01 02:28:56+00:00,Browsers
522333400,1,3,3,0,0,0.0,2019-11-01 01:54:52+00:00,2019-11-01 01:56:41+00:00,Browsers
522335330,2,9,8,0,1,85.81,2019-11-01 02:31:02+00:00,2019-11-01 02:44:35+00:00,High-value users (purchasers)
522351971,1,1,1,0,0,0.0,2019-11-01 02:12:18+00:00,2019-11-01 02:12:18+00:00,Browsers
522352077,3,15,11,3,1,242.63,2019-11-01 01:51:51+00:00,2019-11-01 02:08:11+00:00,High-value users (purchasers)
522355461,1,9,9,0,0,0.0,2019-11-01 02:43:10+00:00,2019-11-01 02:47:49+00:00,Browsers
522355747,1,3,2,1,0,0.0,2019-11-01 00:10:21+00:00,2019-11-01 00:11:02+00:00,Cart abandoners
522364230,1,1,1,0,0,0.0,2019-11-01 00:14:09+00:00,2019-11-01 00:14:09+00:00,Browsers
522366033,1,15,15,0,0,0.0,2019-11-01 02:03:23+00:00,2019-11-01 02:12:34+00:00,Browsers
522375394,1,7,7,0,0,0.0,2019-11-01 00:30:36+00:00,2019-11-01 00:32:33+00:00,Browsers
522377135,1,1,1,0,0,0.0,2019-11-01 01:59:21+00:00,2019-11-01 01:59:21+00:00,Browsers
522390824,1,7,7,0,0,0.0,2019-11-01 01:32:00+00:00,2019-11-01 01:40:04+00:00,Browsers
522395422,1,5,5,0,0,0.0,2019-11-01 02:05:10+00:00,2019-11-01 02:06:24+00:00,Browsers
522402220,1,1,1,0,0,0.0,2019-11-01 02:45:08+00:00,2019-11-01 02:45:08+00:00,Browsers
522414572,1,5,5,0,0,0.0,2019-11-01 00:56:14+00:00,2019-11-01 00:58:01+00:00,Browsers
522444363,2,7,7,0,0,0.0,2019-11-01 01:52:38+00:00,2019-11-01 02:15:00+00:00,Browsers
522450585,1,1,1,0,0,0.0,2019-11-01 00:10:16+00:00,2019-11-01 00:10:16+00:00,Browsers
522470541,1,5,5,0,0,0.0,2019-11-01 01:49:22+00:00,2019-11-01 01:58:50+00:00,Browsers
522474385,1,1,1,0,0,0.0,2019-11-01 01:13:22+00:00,2019-11-01 01:13:22+00:00,Browsers
522477086,1,1,1,0,0,0.0,2019-11-01 02:17:03+00:00,2019-11-01 02:17:03+00:00,Browsers
522485267,1,1,1,0,0,0.0,2019-11-01 02:45:03+00:00,2019-11-01 02:45:03+00:00,Browsers
522501231,1,23,23,0,0,0.0,2019-11-01 01:27:56+00:00,2019-11-01 01:52:40+00:00,Browsers
522532230,1,1,1,0,0,0.0,2019-11-01 02:41:13+00:00,2019-11-01 02:41:13+00:00,Browsers
522533585,1,4,3,1,0,0.0,2019-11-01 02:32:57+00:00,2019-11-01 02:34:21+00:00,Cart abandoners
522535934,3,7,7,0,0,0.0,2019-11-01 02:40:29+00:00,2019-11-01 02:47:09+00:00,Browsers
522537220,1,14,14,0,0,0.0,2019-11-01 02:03:36+00:00,2019-11-01 02:25:18+00:00,Browsers
522542085,1,1,1,0,0,0.0,2019-11-01 02:19:06+00:00,2019-11-01 02:19:06+00:00,Browsers
522545001,1,1,1,0,0,0.0,2019-11-01 00:20:59+00:00,2019-11-01 00:20:59+00:00,Browsers
522550623,1,3,3,0,0,0.0,2019-11-01 02:20:09+00:00,2019-11-01 02:21:27+00:00,Browsers
522560074,2,15,14,0,1,180.16,2019-11-01 00:52:08+00:00,2019-11-01 01:09:12+00:00,High-value users (purchasers)
522566242,1,1,1,0,0,0.0,2019-11-01 02:28:11+00:00,2019-11-01 02:28:11+00:00,Browsers
522580153,1,1,1,0,0,0.0,2019-11-01 02:39:11+00:00,2019-11-01 02:39:11+00:00,Browsers
522582633,1,2,2,0,0,0.0,2019-11-01 02:21:48+00:00,2019-11-01 02:22:30+00:00,Browsers
522584823,1,1,1,0,0,0.0,2019-11-01 02:42:20+00:00,2019-11-01 02:42:20+00:00,Browsers
522601499,1,1,1,0,0,0.0,2019-11-01 02:23:13+00:00,2019-11-01 02:23:13+00:00,Browsers
522612543,1,1,1,0,0,0.0,2019-11-01 02:42:42+00:00,2019-11-01 02:42:42+00:00,Browsers
522636953,1,2,2,0,0,0.0,2019-11-01 01:42:07+00:00,2019-11-01 01:42:16+00:00,Browsers
522664659,1,6,6,0,0,0.0,2019-11-01 01:25:23+00:00,2019-11-01 01:27:50+00:00,Browsers
522690511,2,2,2,0,0,0.0,2019-11-01 00:57:51+00:00,2019-11-01 02:34:12+00:00,Browsers
522696089,1,4,4,0,0,0.0,2019-11-01 00:40:29+00:00,2019-11-01 00:45:03+00:00,Browsers
522698711,1,2,2,0,0,0.0,2019-11-01 01:45:44+00:00,2019-11-01 01:46:32+00:00,Browsers
522707132,1,1,1,0,0,0.0,2019-11-01 02:39:56+00:00,2019-11-01 02:39:56+00:00,Browsers
522713456,1,1,1,0,0,0.0,2019-11-01 02:37:03+00:00,2019-11-01 02:37:03+00:00,Browsers
522717744,2,17,14,1,2,1010.58,2019-11-01 00:39:22+00:00,2019-11-01 00:56:09+00:00,High-value users (purchasers)
522727936,1,8,8,0,0,0.0,2019-11-01 02:23:12+00:00,2019-11-01 02:29:59+00:00,Browsers
522737779,1,5,5,0,0,0.0,2019-11-01 02:14:57+00:00,2019-11-01 02:20:28+00:00,Browsers
522754748,1,4,4,0,0,0.0,2019-11-01 02:07:53+00:00,2019-11-01 02:10:42+00:00,Browsers
522761204,1,10,10,0,0,0.0,2019-11-01 00:05:56+00:00,2019-11-01 00:17:42+00:00,Browsers
522762656,1,1,1,0,0,0.0,2019-11-01 02:04:44+00:00,2019-11-01 02:04:44+00:00,Browsers
522772301,1,1,1,0,0,0.0,2019-11-01 02:01:50+00:00,2019-11-01 02:01:50+00:00,Browsers
522773303,1,1,1,0,0,0.0,2019-11-01 01:46:07+00:00,2019-11-01 01:46:07+00:00,Browsers
522775138,1,2,2,0,0,0.0,2019-11-01 00:28:40+00:00,2019-11-01 00:29:04+00:00,Browsers
522780062,1,7,7,0,0,0.0,2019-11-01 00:44:10+00:00,2019-11-01 00:48:18+00:00,Browsers
522783616,1,1,1,0,0,0.0,2019-11-01 01:03:54+00:00,2019-11-01 01:03:54+00:00,Browsers
522793393,1,5,5,0,0,0.0,2019-11-01 02:44:58+00:00,2019-11-01 02:47:58+00:00,Browsers
522800393,1,2,2,0,0,0.0,2019-11-01 01:43:48+00:00,2019-11-01 01:44:03+00:00,Browsers
522803094,1,5,5,0,0,0.0,2019-11-01 02:22:07+00:00,2019-11-01 02:26:36+00:00,Browsers
522813774,1,1,1,0,0,0.0,2019-11-01 02:30:05+00:00,2019-11-01 02:30:05+00:00,Browsers
522834981,1,1,1,0,0,0.0,2019-11-01 02:25:49+00:00,2019-11-01 02:25:49+00:00,Browsers
522840697,1,1,1,0,0,0.0,2019-11-01 01:41:51+00:00,2019-11-01 01:41:51+00:00,Browsers
522842829,1,9,9,0,0,0.0,2019-11-01 01:27:35+00:00,2019-11-01 01:38:09+00:00,Browsers
522846958,1,1,1,0,0,0.0,2019-11-01 01:40:36+00:00,2019-11-01 01:40:36+00:00,Browsers
522851120,1,1,1,0,0,0.0,2019-11-01 02:47:46+00:00,2019-11-01 02:47:46+00:00,Browsers
522855461,1,1,1,0,0,0.0,2019-11-01 01:03:11+00:00,2019-11-01 01:03:11+00:00,Browsers
522858728,1,3,3,0,0,0.0,2019-11-01 00:09:32+00:00,2019-11-01 00:12:10+00:00,Browsers
522863798,1,1,1,0,0,0.0,2019-11-01 02:42:23+00:00,2019-11-01 02:42:23+00:00,Browsers
522868322,1,1,1,0,0,0.0,2019-11-01 02:08:53+00:00,2019-11-01 02:08:53+00:00,Browsers
522882946,2,4,4,0,0,0.0,2019-11-01 01:02:59+00:00,2019-11-01 01:06:04+00:00,Browsers
522892771,4,6,6,0,0,0.0,2019-11-01 02:40:50+00:00,2019-11-01 02:47:23+00:00,Browsers
522894072,1,1,1,0,0,0.0,2019-11-01 00:36:36+00:00,2019-11-01 00:36:36+00:00,Browsers
522894716,1,1,1,0,0,0.0,2019-11-01 01:26:55+00:00,2019-11-01 01:26:55+00:00,Browsers
522908163,1,1,1,0,0,0.0,2019-11-01 01:29:40+00:00,2019-11-01 01:29:40+00:00,Browsers
522908874,1,1,1,0,0,0.0,2019-11-01 02:29:23+00:00,2019-11-01 02:29:23+00:00,Browsers
522910874,1,1,1,0,0,0.0,2019-11-01 02:03:20+00:00,2019-11-01 02:03:20+00:00,Browsers
522925390,1,6,6,0,0,0.0,2019-11-01 01:29:16+00:00,2019-11-01 01:37:21+00:00,Browsers
522925522,1,1,1,0,0,0.0,2019-11-01 00:17:35+00:00,2019-11-01 00:17:35+00:00,Browsers
522926993,2,18,18,0,0,0.0,2019-11-01 00:50:03+00:00,2019-11-01 02:27:10+00:00,Browsers
522935050,1,1,1,0,0,0.0,2019-11-01 02:20:22+00:00,2019-11-01 02:20:22+00:00,Browsers
522936033,1,11,11,0,0,0.0,2019-11-01 02:17:42+00:00,2019-11-01 02:23:34+00:00,Browsers
522945582,1,6,6,0,0,0.0,2019-11-01 00:51:19+00:00,2019-11-01 00:54:58+00:00,Browsers
522945824,1,8,8,0,0,0.0,2019-11-01 01:41:43+00:00,2019-11-01 01:43:20+00:00,Browsers
522955460,2,5,5,0,0,0.0,2019-11-01 00:49:54+00:00,2019-11-01 02:28:44+00:00,Browsers
522957619,1,11,10,0,1,43.73,2019-11-01 00:12:40+00:00,2019-11-01 02:01:18+00:00,High-value users (purchasers)
522994382,1,2,2,0,0,0.0,2019-11-01 01:53:07+00:00,2019-11-01 01:53:11+00:00,Browsers
522997188,1,1,1,0,0,0.0,2019-11-01 01:56:22+00:00,2019-11-01 01:56:22+00:00,Browsers
523000918,1,1,1,0,0,0.0,2019-11-01 01:53:49+00:00,2019-11-01 01:53:49+00:00,Browsers
523057017,1,1,1,0,0,0.0,2019-11-01 00:51:48+00:00,2019-11-01 00:51:48+00:00,Browsers
523057498,1,16,16,0,0,0.0,2019-11-01 02:25:04+00:00,2019-11-01 02:31:37+00:00,Browsers
523066701,1,2,2,0,0,0.0,2019-11-01 00:20:13+00:00,2019-11-01 00:20:16+00:00,Browsers
523067137,1,5,5,0,0,0.0,2019-11-01 00:46:59+00:00,2019-11-01 00:48:42+00:00,Browsers
523071991,1,1,1,0,0,0.0,2019-11-01 02:15:33+00:00,2019-11-01 02:15:33+00:00,Browsers
523078457,1,1,1,0,0,0.0,2019-11-01 01:51:07+00:00,2019-11-01 01:51:07+00:00,Browsers
523079802,1,2,2,0,0,0.0,2019-11-01 02:09:47+00:00,2019-11-01 02:10:49+00:00,Browsers
523083637,1,15,15,0,0,0.0,2019-11-01 00:20:03+00:00,2019-11-01 00:54:23+00:00,Browsers
523085323,1,1,1,0,0,0.0,2019-11-01 00:01:12+00:00,2019-11-01 00:01:12+00:00,Browsers
523085424,1,2,2,0,0,0.0,2019-11-01 01:08:46+00:00,2019-11-01 01:09:25+00:00,Browsers
523087549,1,1,1,0,0,0.0,2019-11-01 02:17:45+00:00,2019-11-01 02:17:45+00:00,Browsers
523091682,8,12,12,0,0,0.0,2019-11-01 01:44:32+00:00,2019-11-01 01:52:48+00:00,Browsers
523094766,1,5,5,0,0,0.0,2019-11-01 01:59:55+00:00,2019-11-01 02:04:36+00:00,Browsers
523095300,2,2,2,0,0,0.0,2019-11-01 02:38:35+00:00,2019-11-01 02:44:21+00:00,Browsers
523100667,1,3,3,0,0,0.0,2019-11-01 02:28:09+00:00,2019-11-01 02:31:55+00:00,Browsers
523120366,1,4,4,0,0,0.0,2019-11-01 01:41:24+00:00,2019-11-01 01:42:07+00:00,Browsers
523123770,1,3,3,0,0,0.0,2019-11-01 02:08:48+00:00,2019-11-01 02:09:40+00:00,Browsers
523125660,1,6,6,0,0,0.0,2019-11-01 02:24:59+00:00,2019-11-01 02:28:17+00:00,Browsers
523126336,1,2,2,0,0,0.0,2019-11-01 01:04:05+00:00,2019-11-01 01:04:21+00:00,Browsers
523132604,1,1,1,0,0,0.0,2019-11-01 02:03:28+00:00,2019-11-01 02:03:28+00:00,Browsers
523133513,1,24,24,0,0,0.0,2019-11-01 02:04:28+00:00,2019-11-01 02:23:22+00:00,Browsers
523144194,1,1,1,0,0,0.0,2019-11-01 02:25:35+00:00,2019-11-01 02:25:35+00:00,Browsers
523146923,1,2,2,0,0,0.0,2019-11-01 02:01:12+00:00,2019-11-01 02:01:51+00:00,Browsers
523150772,1,4,4,0,0,0.0,2019-11-01 00:40:59+00:00,2019-11-01 00:43:24+00:00,Browsers
523153049,1,1,1,0,0,0.0,2019-11-01 01:43:33+00:00,2019-11-01 01:43:33+00:00,Browsers
523182502,1,1,1,0,0,0.0,2019-11-01 02:00:11+00:00,2019-11-01 02:00:11+00:00,Browsers
523196312,1,1,1,0,0,0.0,2019-11-01 00:05:20+00:00,2019-11-01 00:05:20+00:00,Browsers
523204334,1,3,3,0,0,0.0,2019-11-01 00:34:47+00:00,2019-11-01 00:45:01+00:00,Browsers
523223241,1,10,10,0,0,0.0,2019-11-01 02:29:43+00:00,2019-11-01 02:40:28+00:00,Browsers
523229532,2,8,8,0,0,0.0,2019-11-01 00:49:39+00:00,2019-11-01 02:11:50+00:00,Browsers
523238909,1,6,3,1,2,256.84,2019-11-01 02:16:21+00:00,2019-11-01 02:23:55+00:00,High-value users (purchasers)
523239524,2,7,7,0,0,0.0,2019-11-01 00:02:30+00:00,2019-11-01 00:13:52+00:00,Browsers
523244774,1,2,2,0,0,0.0,2019-11-01 02:23:50+00:00,2019-11-01 02:25:09+00:00,Browsers
523250524,7,8,8,0,0,0.0,2019-11-01 02:32:08+00:00,2019-11-01 02:37:15+00:00,Browsers
523257640,1,6,6,0,0,0.0,2019-11-01 02:04:34+00:00,2019-11-01 02:14:24+00:00,Browsers
523258885,1,4,4,0,0,0.0,2019-11-01 02:38:25+00:00,2019-11-01 02:40:50+00:00,Browsers
523277114,1,2,2,0,0,0.0,2019-11-01 00:54:28+00:00,2019-11-01 00:55:48+00:00,Browsers
523290049,1,3,3,0,0,0.0,2019-11-01 02:23:52+00:00,2019-11-01 02:25:05+00:00,Browsers
523293434,1,1,1,0,0,0.0,2019-11-01 02:32:40+00:00,2019-11-01 02:32:40+00:00,Browsers
523298443,2,8,8,0,0,0.0,2019-11-01 00:57:00+00:00,2019-11-01 01:05:05+00:00,Browsers
523337273,1,1,1,0,0,0.0,2019-11-01 00:27:25+00:00,2019-11-01 00:27:25+00:00,Browsers
523341898,1,2,2,0,0,0.0,2019-11-01 02:47:43+00:00,2019-11-01 02:48:14+00:00,Browsers
523350042,1,3,3,0,0,0.0,2019-11-01 02:47:14+00:00,2019-11-01 02:48:22+00:00,Browsers
523358036,1,1,1,0,0,0.0,2019-11-01 01:40:00+00:00,2019-11-01 01:40:00+00:00,Browsers
523358186,1,3,3,0,0,0.0,2019-11-01 02:26:09+00:00,2019-11-01 02:28:15+00:00,Browsers
523367231,1,1,1,0,0,0.0,2019-11-01 02:48:11+00:00,2019-11-01 02:48:11+00:00,Browsers
523374992,1,9,9,0,0,0.0,2019-11-01 02:04:31+00:00,2019-11-01 02:09:55+00:00,Browsers
523375286,1,2,2,0,0,0.0,2019-11-01 01:05:08+00:00,2019-11-01 01:05:31+00:00,Browsers
523377508,2,24,24,0,0,0.0,2019-11-01 01:08:28+00:00,2019-11-01 02:14:06+00:00,Browsers
523389690,1,2,2,0,0,0.0,2019-11-01 02:13:28+00:00,2019-11-01 02:14:36+00:00,Browsers
523433357,1,1,1,0,0,0.0,2019-11-01 02:28:27+00:00,2019-11-01 02:28:27+00:00,Browsers
523437578,1,4,4,0,0,0.0,2019-11-01 02:24:53+00:00,2019-11-01 02:28:10+00:00,Browsers
523460856,2,3,3,0,0,0.0,2019-11-01 02:17:50+00:00,2019-11-01 02:21:16+00:00,Browsers
523487179,1,1,1,0,0,0.0,2019-11-01 02:18:04+00:00,2019-11-01 02:18:04+00:00,Browsers
523506244,1,2,2,0,0,0.0,2019-11-01 00:55:32+00:00,2019-11-01 00:55:42+00:00,Browsers
523508578,1,1,1,0,0,0.0,2019-11-01 02:05:39+00:00,2019-11-01 02:05:39+00:00,Browsers
523513003,1,1,1,0,0,0.0,2019-11-01 02:36:00+00:00,2019-11-01 02:36:00+00:00,Browsers
523514540,1,2,2,0,0,0.0,2019-11-01 00:44:45+00:00,2019-11-01 00:45:19+00:00,Browsers
523514933,1,1,1,0,0,0.0,2019-11-01 02:47:09+00:00,2019-11-01 02:47:09+00:00,Browsers
523517625,1,3,3,0,0,0.0,2019-11-01 02:12:35+00:00,2019-11-01 02:13:35+00:00,Browsers
523519268,1,3,3,0,0,0.0,2019-11-01 00:22:20+00:00,2019-11-01 00:25:16+00:00,Browsers
523520506,1,1,1,0,0,0.0,2019-11-01 02:36:22+00:00,2019-11-01 02:36:22+00:00,Browsers
523529582,1,4,4,0,0,0.0,2019-11-01 02:31:46+00:00,2019-11-01 02:45:23+00:00,Browsers
523536721,1,26,25,1,0,0.0,2019-11-01 01:52:38+00:00,2019-11-01 02:16:11+00:00,Cart abandoners
523545566,1,1,1,0,0,0.0,2019-11-01 02:09:27+00:00,2019-11-01 02:09:27+00:00,Browsers
523545881,1,1,1,0,0,0.0,2019-11-01 02:02:42+00:00,2019-11-01 02:02:42+00:00,Browsers
523548779,1,3,3,0,0,0.0,2019-11-01 02:14:08+00:00,2019-11-01 02:15:16+00:00,Browsers
523551843,1,1,1,0,0,0.0,2019-11-01 00:25:38+00:00,2019-11-01 00:25:38+00:00,Browsers
523553183,1,1,1,0,0,0.0,2019-11-01 02:40:24+00:00,2019-11-01 02:40:24+00:00,Browsers
523565323,1,15,15,0,0,0.0,2019-11-01 00:29:23+00:00,2019-11-01 00:49:40+00:00,Browsers
523585839,1,8,8,0,0,0.0,2019-11-01 02:28:32+00:00,2019-11-01 02:32:54+00:00,Browsers
523586598,1,5,5,0,0,0.0,2019-11-01 00:17:05+00:00,2019-11-01 00:19:53+00:00,Browsers
523592973,1,4,4,0,0,0.0,2019-11-01 02:35:59+00:00,2019-11-01 02:37:39+00:00,Browsers
523596733,1,2,2,0,0,0.0,2019-11-01 01:52:43+00:00,2019-11-01 01:54:14+00:00,Browsers
523599900,1,1,1,0,0,0.0,2019-11-01 01:44:11+00:00,2019-11-01 01:44:11+00:00,Browsers
523605577,1,2,2,0,0,0.0,2019-11-01 02:09:00+00:00,2019-11-01 02:09:14+00:00,Browsers
523610201,1,2,2,0,0,0.0,2019-11-01 01:50:42+00:00,2019-11-01 01:51:34+00:00,Browsers
523611922,1,1,1,0,0,0.0,2019-11-01 02:00:40+00:00,2019-11-01 02:00:40+00:00,Browsers
523616100,1,2,2,0,0,0.0,2019-11-01 01:59:45+00:00,2019-11-01 02:00:14+00:00,Browsers
523616904,1,3,3,0,0,0.0,2019-11-01 01:55:13+00:00,2019-11-01 01:57:11+00:00,Browsers
523619070,1,1,1,0,0,0.0,2019-11-01 01:36:53+00:00,2019-11-01 01:36:53+00:00,Browsers
523648978,1,1,1,0,0,0.0,2019-11-01 01:26:14+00:00,2019-11-01 01:26:14+00:00,Browsers
523687263,1,1,1,0,0,0.0,2019-11-01 02:13:06+00:00,2019-11-01 02:13:06+00:00,Browsers
523693771,1,8,8,0,0,0.0,2019-11-01 02:23:45+00:00,2019-11-01 02:47:02+00:00,Browsers
523698919,1,1,1,0,0,0.0,2019-11-01 02:44:41+00:00,2019-11-01 02:44:41+00:00,Browsers
523699330,1,15,15,0,0,0.0,2019-11-01 02:00:30+00:00,2019-11-01 02:12:23+00:00,Browsers
523704997,2,9,9,0,0,0.0,2019-11-01 00:55:29+00:00,2019-11-01 01:06:22+00:00,Browsers
523724041,1,3,3,0,0,0.0,2019-11-01 02:23:05+00:00,2019-11-01 02:23:49+00:00,Browsers
523726168,1,5,5,0,0,0.0,2019-11-01 01:47:50+00:00,2019-11-01 01:51:01+00:00,Browsers
523727996,1,1,1,0,0,0.0,2019-11-01 02:43:12+00:00,2019-11-01 02:43:12+00:00,Browsers
523731620,1,8,8,0,0,0.0,2019-11-01 02:22:19+00:00,2019-11-01 02:26:20+00:00,Browsers
523732298,1,5,5,0,0,0.0,2019-11-01 01:27:04+00:00,2019-11-01 02:10:52+00:00,Browsers
523736775,1,1,1,0,0,0.0,2019-11-01 02:45:12+00:00,2019-11-01 02:45:12+00:00,Browsers
523747692,1,2,2,0,0,0.0,2019-11-01 02:36:48+00:00,2019-11-01 02:37:07+00:00,Browsers
523769758,1,3,3,0,0,0.0,2019-11-01 02:42:48+00:00,2019-11-01 02:43:00+00:00,Browsers
523772335,3,7,7,0,0,0.0,2019-11-01 02:39:31+00:00,2019-11-01 02:47:50+00:00,Browsers
523791757,1,1,1,0,0,0.0,2019-11-01 02:16:52+00:00,2019-11-01 02:16:52+00:00,Browsers
523797353,1,1,1,0,0,0.0,2019-11-01 02:01:08+00:00,2019-11-01 02:01:08+00:00,Browsers
523800207,2,5,5,0,0,0.0,2019-11-01 02:02:20+00:00,2019-11-01 02:03:20+00:00,Browsers
523820911,1,1,1,0,0,0.0,2019-11-01 02:24:38+00:00,2019-11-01 02:24:38+00:00,Browsers
523843457,1,15,15,0,0,0.0,2019-11-01 01:27:04+00:00,2019-11-01 01:39:02+00:00,Browsers
523883071,1,22,22,0,0,0.0,2019-11-01 01:34:33+00:00,2019-11-01 02:07:01+00:00,Browsers
523885493,1,4,4,0,0,0.0,2019-11-01 01:38:44+00:00,2019-11-01 01:45:50+00:00,Browsers
523889474,1,1,1,0,0,0.0,2019-11-01 02:07:51+00:00,2019-11-01 02:07:51+00:00,Browsers
523891931,1,1,1,0,0,0.0,2019-11-01 01:53:34+00:00,2019-11-01 01:53:34+00:00,Browsers
523892487,1,1,1,0,0,0.0,2019-11-01 02:02:52+00:00,2019-11-01 02:02:52+00:00,Browsers
523893477,4,17,12,2,3,981.54,2019-11-01 02:22:33+00:00,2019-11-01 02:47:22+00:00,High-value users (purchasers)
523895332,1,2,2,0,0,0.0,2019-11-01 02:31:03+00:00,2019-11-01 02:32:08+00:00,Browsers
523901901,1,4,4,0,0,0.0,2019-11-01 02:31:10+00:00,2019-11-01 02:32:04+00:00,Browsers
523927836,1,3,3,0,0,0.0,2019-11-01 02:11:21+00:00,2019-11-01 02:16:12+00:00,Browsers
523937985,1,6,6,0,0,0.0,2019-11-01 02:00:53+00:00,2019-11-01 02:10:53+00:00,Browsers
523944272,1,25,25,0,0,0.0,2019-11-01 01:48:26+00:00,2019-11-01 02:14:52+00:00,Browsers
523954162,1,1,1,0,0,0.0,2019-11-01 02:16:10+00:00,2019-11-01 02:16:10+00:00,Browsers
523955361,1,2,2,0,0,0.0,2019-11-01 02:35:02+00:00,2019-11-01 02:35:28+00:00,Browsers
523958018,1,10,10,0,0,0.0,2019-11-01 02:00:02+00:00,2019-11-01 02:05:08+00:00,Browsers
523961226,1,2,2,0,0,0.0,2019-11-01 01:07:27+00:00,2019-11-01 01:08:07+00:00,Browsers
523966975,1,4,3,0,1,203.09,2019-11-01 01:50:59+00:00,2019-11-01 01:51:49+00:00,High-value users (purchasers)
523973369,1,6,6,0,0,0.0,2019-11-01 02:22:00+00:00,2019-11-01 02:29:38+00:00,Browsers
523973844,1,1,1,0,0,0.0,2019-11-01 01:45:57+00:00,2019-11-01 01:45:57+00:00,Browsers
523975579,1,2,1,0,1,347.24,2019-11-01 02:34:25+00:00,2019-11-01 02:35:44+00:00,High-value users (purchasers)
523989459,1,1,1,0,0,0.0,2019-11-01 00:55:21+00:00,2019-11-01 00:55:21+00:00,Browsers
523993237,1,4,4,0,0,0.0,2019-11-01 02:04:37+00:00,2019-11-01 02:07:58+00:00,Browsers
523998127,2,6,6,0,0,0.0,2019-11-01 00:52:40+00:00,2019-11-01 01:01:27+00:00,Browsers
523998249,1,4,4,0,0,0.0,2019-11-01 02:35:07+00:00,2019-11-01 02:37:12+00:00,Browsers
524007038,1,1,1,0,0,0.0,2019-11-01 02:30:03+00:00,2019-11-01 02:30:03+00:00,Browsers
524009914,1,11,11,0,0,0.0,2019-11-01 00:33:53+00:00,2019-11-01 00:41:30+00:00,Browsers
524011439,1,1,1,0,0,0.0,2019-11-01 02:22:17+00:00,2019-11-01 02:22:17+00:00,Browsers
524017742,1,1,1,0,0,0.0,2019-11-01 00:15:12+00:00,2019-11-01 00:15:12+00:00,Browsers
524033149,1,24,23,0,1,38.19,2019-11-01 01:25:51+00:00,2019-11-01 01:42:46+00:00,High-value users (purchasers)
524051713,2,14,14,0,0,0.0,2019-11-01 02:29:45+00:00,2019-11-01 02:45:26+00:00,Browsers
524058096,1,7,7,0,0,0.0,2019-11-01 02:27:35+00:00,2019-11-01 02:34:46+00:00,Browsers
524066427,1,1,1,0,0,0.0,2019-11-01 00:08:33+00:00,2019-11-01 00:08:33+00:00,Browsers
524067764,1,1,1,0,0,0.0,2019-11-01 02:14:59+00:00,2019-11-01 02:14:59+00:00,Browsers
524093702,1,4,4,0,0,0.0,2019-11-01 02:44:01+00:00,2019-11-01 02:46:44+00:00,Browsers
524102593,1,4,4,0,0,0.0,2019-11-01 02:40:09+00:00,2019-11-01 02:41:28+00:00,Browsers
524107287,1,1,1,0,0,0.0,2019-11-01 02:17:30+00:00,2019-11-01 02:17:30+00:00,Browsers
524110718,1,3,3,0,0,0.0,2019-11-01 02:15:45+00:00,2019-11-01 02:16:19+00:00,Browsers
524112847,1,8,8,0,0,0.0,2019-11-01 02:28:45+00:00,2019-11-01 02:33:33+00:00,Browsers
524113911,1,6,6,0,0,0.0,2019-11-01 01:59:02+00:00,2019-11-01 02:02:47+00:00,Browsers
524115244,1,1,1,0,0,0.0,2019-11-01 01:55:43+00:00,2019-11-01 01:55:43+00:00,Browsers
524119098,1,4,4,0,0,0.0,2019-11-01 02:44:42+00:00,2019-11-01 02:48:16+00:00,Browsers
524122732,1,1,1,0,0,0.0,2019-11-01 02:35:08+00:00,2019-11-01 02:35:08+00:00,Browsers
524127136,1,3,3,0,0,0.0,2019-11-01 02:07:21+00:00,2019-11-01 02:08:34+00:00,Browsers
524130391,1,3,1,1,1,128.42,2019-11-01 01:58:49+00:00,2019-11-01 02:01:33+00:00,High-value users (purchasers)
524138402,2,2,2,0,0,0.0,2019-11-01 02:10:39+00:00,2019-11-01 02:11:20+00:00,Browsers
524140156,1,4,4,0,0,0.0,2019-11-01 02:17:20+00:00,2019-11-01 02:19:18+00:00,Browsers
524149427,1,1,1,0,0,0.0,2019-11-01 02:14:51+00:00,2019-11-01 02:14:51+00:00,Browsers
524158385,1,3,3,0,0,0.0,2019-11-01 02:44:41+00:00,2019-11-01 02:45:09+00:00,Browsers
524170567,1,13,13,0,0,0.0,2019-11-01 01:55:45+00:00,2019-11-01 02:05:29+00:00,Browsers
524178265,1,3,3,0,0,0.0,2019-11-01 00:11:41+00:00,2019-11-01 00:14:03+00:00,Browsers
524179575,1,1,1,0,0,0.0,2019-11-01 01:05:02+00:00,2019-11-01 01:05:02+00:00,Browsers
524191646,1,1,1,0,0,0.0,2019-11-01 00:42:37+00:00,2019-11-01 00:42:37+00:00,Browsers
524193693,1,5,5,0,0,0.0,2019-11-01 00:54:12+00:00,2019-11-01 00:55:08+00:00,Browsers
524209064,1,1,1,0,0,0.0,2019-11-01 02:46:01+00:00,2019-11-01 02:46:01+00:00,Browsers
524239250,1,1,1,0,0,0.0,2019-11-01 01:08:41+00:00,2019-11-01 01:08:41+00:00,Browsers
524241354,1,6,6,0,0,0.0,2019-11-01 01:36:45+00:00,2019-11-01 01:41:06+00:00,Browsers
524258019,3,19,19,0,0,0.0,2019-11-01 01:30:39+00:00,2019-11-01 02:08:58+00:00,Browsers
524273738,1,1,1,0,0,0.0,2019-11-01 02:12:43+00:00,2019-11-01 02:12:43+00:00,Browsers
524279118,1,2,2,0,0,0.0,2019-11-01 00:54:46+00:00,2019-11-01 00:55:13+00:00,Browsers
524288955,1,7,7,0,0,0.0,2019-11-01 02:13:52+00:00,2019-11-01 02:30:46+00:00,Browsers
524298889,1,2,2,0,0,0.0,2019-11-01 02:44:11+00:00,2019-11-01 02:47:02+00:00,Browsers
524307793,1,1,1,0,0,0.0,2019-11-01 02:40:48+00:00,2019-11-01 02:40:48+00:00,Browsers
524325235,1,1,1,0,0,0.0,2019-11-01 02:38:46+00:00,2019-11-01 02:38:46+00:00,Browsers
524338414,1,4,4,0,0,0.0,2019-11-01 02:12:30+00:00,2019-11-01 02:14:17+00:00,Browsers
524346572,1,5,4,1,0,0.0,2019-11-01 02:43:28+00:00,2019-11-01 02:44:48+00:00,Cart abandoners
524355103,1,1,1,0,0,0.0,2019-11-01 02:43:54+00:00,2019-11-01 02:43:54+00:00,Browsers
524356542,2,25,25,0,0,0.0,2019-11-01 00:00:35+00:00,2019-11-01 00:29:16+00:00,Browsers
524365835,1,1,1,0,0,0.0,2019-11-01 02:18:06+00:00,2019-11-01 02:18:06+00:00,Browsers
524375725,1,4,4,0,0,0.0,2019-11-01 01:43:29+00:00,2019-11-01 01:46:59+00:00,Browsers
524381079,1,12,12,0,0,0.0,2019-11-01 02:38:42+00:00,2019-11-01 02:47:50+00:00,Browsers
524390224,1,10,10,0,0,0.0,2019-11-01 02:12:41+00:00,2019-11-01 02:17:33+00:00,Browsers
524401679,1,13,13,0,0,0.0,2019-11-01 00:35:50+00:00,2019-11-01 01:04:01+00:00,Browsers
524418653,1,1,1,0,0,0.0,2019-11-01 01:35:16+00:00,2019-11-01 01:35:16+00:00,Browsers
524421377,2,2,2,0,0,0.0,2019-11-01 00:42:41+00:00,2019-11-01 00:46:16+00:00,Browsers
524423492,1,2,2,0,0,0.0,2019-11-01 01:36:55+00:00,2019-11-01 01:38:20+00:00,Browsers
524440791,1,6,6,0,0,0.0,2019-11-01 02:44:56+00:00,2019-11-01 02:46:53+00:00,Browsers
524444992,2,4,4,0,0,0.0,2019-11-01 01:42:33+00:00,2019-11-01 01:47:07+00:00,Browsers
524448632,1,2,2,0,0,0.0,2019-11-01 02:37:48+00:00,2019-11-01 02:44:10+00:00,Browsers
524450993,2,16,16,0,0,0.0,2019-11-01 00:53:29+00:00,2019-11-01 01:05:57+00:00,Browsers
524453970,1,2,2,0,0,0.0,2019-11-01 01:45:34+00:00,2019-11-01 02:11:37+00:00,Browsers
524471239,1,6,6,0,0,0.0,2019-11-01 01:31:28+00:00,2019-11-01 01:38:17+00:00,Browsers
524494332,2,5,5,0,0,0.0,2019-11-01 02:10:34+00:00,2019-11-01 02:34:15+00:00,Browsers
524506620,1,4,4,0,0,0.0,2019-11-01 01:39:54+00:00,2019-11-01 01:41:10+00:00,Browsers
524537605,1,10,10,0,0,0.0,2019-11-01 00:51:05+00:00,2019-11-01 00:58:43+00:00,Browsers
524539590,1,1,1,0,0,0.0,2019-11-01 02:25:28+00:00,2019-11-01 02:25:28+00:00,Browsers
524539678,1,1,1,0,0,0.0,2019-11-01 00:36:17+00:00,2019-11-01 00:36:17+00:00,Browsers
524543436,1,5,4,0,1,51.48,2019-11-01 00:38:07+00:00,2019-11-01 00:39:31+00:00,High-value users (purchasers)
524547439,1,6,6,0,0,0.0,2019-11-01 02:25:53+00:00,2019-11-01 02:29:06+00:00,Browsers
524547948,1,2,2,0,0,0.0,2019-11-01 00:27:24+00:00,2019-11-01 00:29:10+00:00,Browsers
524591965,1,6,6,0,0,0.0,2019-11-01 02:31:04+00:00,2019-11-01 02:34:00+00:00,Browsers
524605905,2,26,26,0,0,0.0,2019-11-01 02:19:18+00:00,2019-11-01 02:38:47+00:00,Browsers
524609545,1,4,4,0,0,0.0,2019-11-01 01:30:52+00:00,2019-11-01 01:34:10+00:00,Browsers
524630438,1,2,2,0,0,0.0,2019-11-01 00:59:12+00:00,2019-11-01 01:00:49+00:00,Browsers
524635519,1,1,1,0,0,0.0,2019-11-01 01:28:20+00:00,2019-11-01 01:28:20+00:00,Browsers
524639276,4,28,28,0,0,0.0,2019-11-01 00:10:18+00:00,2019-11-01 00:38:19+00:00,Browsers
524645119,1,1,1,0,0,0.0,2019-11-01 01:56:57+00:00,2019-11-01 01:56:57+00:00,Browsers
524649937,1,1,1,0,0,0.0,2019-11-01 01:01:24+00:00,2019-11-01 01:01:24+00:00,Browsers
524656369,1,1,1,0,0,0.0,2019-11-01 02:04:22+00:00,2019-11-01 02:04:22+00:00,Browsers
524663034,1,1,1,0,0,0.0,2019-11-01 02:40:03+00:00,2019-11-01 02:40:03+00:00,Browsers
524672943,2,5,5,0,0,0.0,2019-11-01 02:38:23+00:00,2019-11-01 02:48:25+00:00,Browsers
524673992,1,5,5,0,0,0.0,2019-11-01 01:05:18+00:00,2019-11-01 01:08:06+00:00,Browsers
524679427,1,11,11,0,0,0.0,2019-11-01 02:23:30+00:00,2019-11-01 02:34:25+00:00,Browsers
524682292,1,1,1,0,0,0.0,2019-11-01 02:18:09+00:00,2019-11-01 02:18:09+00:00,Browsers
524686797,2,9,9,0,0,0.0,2019-11-01 02:39:09+00:00,2019-11-01 02:43:24+00:00,Browsers
524686945,1,1,1,0,0,0.0,2019-11-01 00:44:26+00:00,2019-11-01 00:44:26+00:00,Browsers
524688270,1,19,19,0,0,0.0,2019-11-01 02:05:18+00:00,2019-11-01 02:25:02+00:00,Browsers
524704813,1,3,3,0,0,0.0,2019-11-01 00:52:42+00:00,2019-11-01 00:53:16+00:00,Browsers
524709440,1,5,5,0,0,0.0,2019-11-01 02:33:24+00:00,2019-11-01 02:47:31+00:00,Browsers
524728383,1,2,2,0,0,0.0,2019-11-01 02:47:09+00:00,2019-11-01 02:47:44+00:00,Browsers
524732675,1,2,2,0,0,0.0,2019-11-01 02:12:53+00:00,2019-11-01 02:13:49+00:00,Browsers
524737519,1,3,3,0,0,0.0,2019-11-01 02:40:42+00:00,2019-11-01 02:46:59+00:00,Browsers
524752053,1,2,2,0,0,0.0,2019-11-01 00:14:58+00:00,2019-11-01 00:15:41+00:00,Browsers
524769312,1,1,1,0,0,0.0,2019-11-01 01:29:20+00:00,2019-11-01 01:29:20+00:00,Browsers
524786147,1,15,14,0,1,75.16,2019-11-01 01:51:31+00:00,2019-11-01 02:02:52+00:00,High-value users (purchasers)
524786714,1,1,1,0,0,0.0,2019-11-01 02:29:36+00:00,2019-11-01 02:29:36+00:00,Browsers
524787525,1,1,1,0,0,0.0,2019-11-01 01:28:24+00:00,2019-11-01 01:28:24+00:00,Browsers
524813647,1,3,3,0,0,0.0,2019-11-01 02:16:24+00:00,2019-11-01 02:18:35+00:00,Browsers
524837464,1,1,1,0,0,0.0,2019-11-01 01:51:39+00:00,2019-11-01 01:51:39+00:00,Browsers
524843394,1,1,1,0,0,0.0,2019-11-01 00:18:51+00:00,2019-11-01 00:18:51+00:00,Browsers
524847204,1,5,5,0,0,0.0,2019-11-01 00:48:08+00:00,2019-11-01 00:50:16+00:00,Browsers
524850155,1,1,1,0,0,0.0,2019-11-01 02:28:48+00:00,2019-11-01 02:28:48+00:00,Browsers
524859006,1,4,4,0,0,0.0,2019-11-01 02:25:29+00:00,2019-11-01 02:29:11+00:00,Browsers
524880703,1,1,1,0,0,0.0,2019-11-01 01:32:25+00:00,2019-11-01 01:32:25+00:00,Browsers
524894101,1,1,1,0,0,0.0,2019-11-01 02:34:49+00:00,2019-11-01 02:34:49+00:00,Browsers
524915790,1,8,8,0,0,0.0,2019-11-01 02:06:05+00:00,2019-11-01 02:17:37+00:00,Browsers
524943856,1,4,4,0,0,0.0,2019-11-01 00:25:08+00:00,2019-11-01 00:29:18+00:00,Browsers
524979751,2,4,4,0,0,0.0,2019-11-01 02:25:28+00:00,2019-11-01 02:29:02+00:00,Browsers
525010360,1,1,1,0,0,0.0,2019-11-01 02:43:23+00:00,2019-11-01 02:43:23+00:00,Browsers
525059408,1,9,9,0,0,0.0,2019-11-01 01:26:37+00:00,2019-11-01 01:33:16+00:00,Browsers
525060929,1,3,3,0,0,0.0,2019-11-01 02:25:03+00:00,2019-11-01 02:26:31+00:00,Browsers
525063665,3,70,70,0,0,0.0,2019-11-01 01:56:30+00:00,2019-11-01 02:47:35+00:00,Browsers
525066184,1,2,2,0,0,0.0,2019-11-01 02:36:14+00:00,2019-11-01 02:36:39+00:00,Browsers
525067768,1,3,3,0,0,0.0,2019-11-01 02:46:24+00:00,2019-11-01 02:48:02+00:00,Browsers
525073866,1,15,15,0,0,0.0,2019-11-01 01:28:04+00:00,2019-11-01 01:37:00+00:00,Browsers
525080091,1,1,1,0,0,0.0,2019-11-01 01:34:37+00:00,2019-11-01 01:34:37+00:00,Browsers
525083525,1,6,6,0,0,0.0,2019-11-01 02:20:59+00:00,2019-11-01 02:25:05+00:00,Browsers
525099693,1,1,1,0,0,0.0,2019-11-01 02:18:17+00:00,2019-11-01 02:18:17+00:00,Browsers
525122535,1,8,8,0,0,0.0,2019-11-01 01:02:36+00:00,2019-11-01 01:08:38+00:00,Browsers
525126671,1,4,4,0,0,0.0,2019-11-01 02:25:04+00:00,2019-11-01 02:33:44+00:00,Browsers
525127133,1,1,1,0,0,0.0,2019-11-01 02:47:34+00:00,2019-11-01 02:47:34+00:00,Browsers
525144465,1,4,3,0,1,949.47,2019-11-01 01:42:17+00:00,2019-11-01 01:50:08+00:00,High-value users (purchasers)
525166200,1,9,9,0,0,0.0,2019-11-01 01:53:53+00:00,2019-11-01 02:12:25+00:00,Browsers
525185078,1,4,4,0,0,0.0,2019-11-01 02:05:41+00:00,2019-11-01 02:07:45+00:00,Browsers
525196671,2,8,8,0,0,0.0,2019-11-01 01:35:06+00:00,2019-11-01 02:14:32+00:00,Browsers
525206542,1,5,5,0,0,0.0,2019-11-01 01:54:28+00:00,2019-11-01 01:57:48+00:00,Browsers
525225337,1,7,7,0,0,0.0,2019-11-01 01:33:01+00:00,2019-11-01 01:48:20+00:00,Browsers
525236800,1,5,5,0,0,0.0,2019-11-01 02:33:49+00:00,2019-11-01 02:37:22+00:00,Browsers
525240445,1,1,1,0,0,0.0,2019-11-01 02:11:16+00:00,2019-11-01 02:11:16+00:00,Browsers
525242135,1,4,4,0,0,0.0,2019-11-01 01:06:04+00:00,2019-11-01 01:07:57+00:00,Browsers
525258476,3,40,40,0,0,0.0,2019-11-01 02:01:50+00:00,2019-11-01 02:28:40+00:00,Browsers
525259550,1,3,3,0,0,0.0,2019-11-01 02:28:38+00:00,2019-11-01 02:31:32+00:00,Browsers
525262206,1,1,1,0,0,0.0,2019-11-01 00:56:41+00:00,2019-11-01 00:56:41+00:00,Browsers
525262885,1,1,1,0,0,0.0,2019-11-01 02:48:17+00:00,2019-11-01 02:48:17+00:00,Browsers
525288890,1,1,1,0,0,0.0,2019-11-01 02:34:16+00:00,2019-11-01 02:34:16+00:00,Browsers
525366989,1,11,11,0,0,0.0,2019-11-01 02:36:43+00:00,2019-11-01 02:45:13+00:00,Browsers
525374728,1,1,1,0,0,0.0,2019-11-01 01:35:21+00:00,2019-11-01 01:35:21+00:00,Browsers
525377149,3,18,18,0,0,0.0,2019-11-01 00:05:43+00:00,2019-11-01 02:36:14+00:00,Browsers
525387667,1,1,1,0,0,0.0,2019-11-01 02:23:21+00:00,2019-11-01 02:23:21+00:00,Browsers
525389756,2,9,9,0,0,0.0,2019-11-01 02:01:41+00:00,2019-11-01 02:17:11+00:00,Browsers
525394149,1,4,4,0,0,0.0,2019-11-01 02:38:18+00:00,2019-11-01 02:40:30+00:00,Browsers
525438858,1,4,4,0,0,0.0,2019-11-01 02:36:22+00:00,2019-11-01 02:38:06+00:00,Browsers
525439532,1,8,8,0,0,0.0,2019-11-01 01:49:39+00:00,2019-11-01 01:53:44+00:00,Browsers
525457360,1,14,14,0,0,0.0,2019-11-01 01:31:51+00:00,2019-11-01 01:46:21+00:00,Browsers
525457576,1,2,2,0,0,0.0,2019-11-01 02:26:35+00:00,2019-11-01 02:26:54+00:00,Browsers
525461871,2,2,2,0,0,0.0,2019-11-01 01:57:56+00:00,2019-11-01 02:09:43+00:00,Browsers
525488168,1,2,2,0,0,0.0,2019-11-01 02:36:31+00:00,2019-11-01 02:37:28+00:00,Browsers
525506965,1,1,1,0,0,0.0,2019-11-01 02:36:27+00:00,2019-11-01 02:36:27+00:00,Browsers
525514154,1,19,19,0,0,0.0,2019-11-01 01:47:21+00:00,2019-11-01 02:04:07+00:00,Browsers
525526539,1,1,1,0,0,0.0,2019-11-01 02:18:28+00:00,2019-11-01 02:18:28+00:00,Browsers
525554227,3,7,5,2,0,0.0,2019-11-01 02:17:32+00:00,2019-11-01 02:32:21+00:00,Cart abandoners
525569016,1,1,1,0,0,0.0,2019-11-01 02:47:52+00:00,2019-11-01 02:47:52+00:00,Browsers
525570489,3,10,10,0,0,0.0,2019-11-01 01:37:05+00:00,2019-11-01 02:26:44+00:00,Browsers
525574210,1,3,3,0,0,0.0,2019-11-01 02:37:44+00:00,2019-11-01 02:38:01+00:00,Browsers
525576324,1,3,3,0,0,0.0,2019-11-01 02:23:39+00:00,2019-11-01 02:24:51+00:00,Browsers
525589257,1,3,2,0,1,257.15,2019-11-01 02:29:13+00:00,2019-11-01 02:31:37+00:00,High-value users (purchasers)
525597035,1,1,1,0,0,0.0,2019-11-01 01:05:10+00:00,2019-11-01 01:05:10+00:00,Browsers
525599019,1,4,2,1,1,223.95,2019-11-01 02:02:36+00:00,2019-11-01 02:04:35+00:00,High-value users (purchasers)
525599417,1,21,21,0,0,0.0,2019-11-01 02:11:16+00:00,2019-11-01 02:39:06+00:00,Browsers
525599966,1,9,9,0,0,0.0,2019-11-01 00:16:10+00:00,2019-11-01 00:21:06+00:00,Browsers
525600227,1,1,1,0,0,0.0,2019-11-01 02:11:39+00:00,2019-11-01 02:11:39+00:00,Browsers
525601792,1,1,1,0,0,0.0,2019-11-01 02:34:26+00:00,2019-11-01 02:34:26+00:00,Browsers
525617819,1,2,2,0,0,0.0,2019-11-01 01:27:39+00:00,2019-11-01 01:33:39+00:00,Browsers
525630044,1,1,1,0,0,0.0,2019-11-01 01:01:08+00:00,2019-11-01 01:01:08+00:00,Browsers
525636780,1,1,1,0,0,0.0,2019-11-01 02:01:40+00:00,2019-11-01 02:01:40+00:00,Browsers
525653644,1,3,3,0,0,0.0,2019-11-01 02:42:23+00:00,2019-11-01 02:43:51+00:00,Browsers
525659069,2,2,2,0,0,0.0,2019-11-01 00:19:07+00:00,2019-11-01 00:20:09+00:00,Browsers
525693236,1,13,13,0,0,0.0,2019-11-01 00:58:34+00:00,2019-11-01 01:08:51+00:00,Browsers
525733174,1,5,5,0,0,0.0,2019-11-01 02:36:02+00:00,2019-11-01 02:38:04+00:00,Browsers
525745175,1,1,1,0,0,0.0,2019-11-01 02:15:50+00:00,2019-11-01 02:15:50+00:00,Browsers
525775174,1,6,4,2,0,0.0,2019-11-01 02:26:47+00:00,2019-11-01 02:33:36+00:00,Cart abandoners
525776648,1,2,2,0,0,0.0,2019-11-01 00:49:51+00:00,2019-11-01 00:51:08+00:00,Browsers
525803250,5,12,12,0,0,0.0,2019-11-01 00:30:04+00:00,2019-11-01 00:52:28+00:00,Browsers
525805888,1,1,1,0,0,0.0,2019-11-01 00:49:50+00:00,2019-11-01 00:49:50+00:00,Browsers
525811343,2,11,11,0,0,0.0,2019-11-01 00:40:33+00:00,2019-11-01 02:44:17+00:00,Browsers
525814966,1,1,1,0,0,0.0,2019-11-01 02:09:37+00:00,2019-11-01 02:09:37+00:00,Browsers
525818697,1,1,1,0,0,0.0,2019-11-01 00:44:18+00:00,2019-11-01 00:44:18+00:00,Browsers
525854834,1,5,5,0,0,0.0,2019-11-01 01:40:28+00:00,2019-11-01 01:45:13+00:00,Browsers
525866881,1,4,4,0,0,0.0,2019-11-01 02:34:58+00:00,2019-11-01 02:37:38+00:00,Browsers
525870786,1,1,1,0,0,0.0,2019-11-01 02:10:31+00:00,2019-11-01 02:10:31+00:00,Browsers
525870990,1,1,1,0,0,0.0,2019-11-01 02:06:35+00:00,2019-11-01 02:06:35+00:00,Browsers
525881662,1,1,1,0,0,0.0,2019-11-01 02:41:41+00:00,2019-11-01 02:41:41+00:00,Browsers
525886269,1,1,1,0,0,0.0,2019-11-01 02:00:44+00:00,2019-11-01 02:00:44+00:00,Browsers
525887542,1,3,3,0,0,0.0,2019-11-01 02:21:18+00:00,2019-11-01 02:25:10+00:00,Browsers
525894042,2,4,4,0,0,0.0,2019-11-01 01:36:27+00:00,2019-11-01 01:41:49+00:00,Browsers
525899929,1,5,5,0,0,0.0,2019-11-01 02:02:14+00:00,2019-11-01 02:05:27+00:00,Browsers
525933708,1,1,1,0,0,0.0,2019-11-01 00:41:51+00:00,2019-11-01 00:41:51+00:00,Browsers
525934634,1,5,5,0,0,0.0,2019-11-01 01:47:20+00:00,2019-11-01 01:55:36+00:00,Browsers
525941655,3,35,35,0,0,0.0,2019-11-01 01:00:51+00:00,2019-11-01 01:32:58+00:00,Browsers
525942280,1,4,4,0,0,0.0,2019-11-01 01:45:01+00:00,2019-11-01 01:49:27+00:00,Browsers
525951274,1,1,1,0,0,0.0,2019-11-01 02:48:15+00:00,2019-11-01 02:48:15+00:00,Browsers
525963435,1,7,7,0,0,0.0,2019-11-01 02:30:32+00:00,2019-11-01 02:33:21+00:00,Browsers
525964980,1,7,7,0,0,0.0,2019-11-01 01:51:17+00:00,2019-11-01 01:55:30+00:00,Browsers
525970979,1,12,11,0,1,256.74,2019-11-01 02:16:20+00:00,2019-11-01 02:25:52+00:00,High-value users (purchasers)
525976992,1,2,2,0,0,0.0,2019-11-01 02:32:59+00:00,2019-11-01 02:35:45+00:00,Browsers
525982382,1,4,4,0,0,0.0,2019-11-01 01:52:10+00:00,2019-11-01 01:53:48+00:00,Browsers
525992386,1,2,2,0,0,0.0,2019-11-01 02:11:16+00:00,2019-11-01 02:11:27+00:00,Browsers
525994771,1,28,28,0,0,0.0,2019-11-01 01:55:00+00:00,2019-11-01 02:20:53+00:00,Browsers
525998419,1,2,2,0,0,0.0,2019-11-01 02:24:47+00:00,2019-11-01 02:25:35+00:00,Browsers
526003469,1,1,1,0,0,0.0,2019-11-01 01:29:26+00:00,2019-11-01 01:29:26+00:00,Browsers
526004223,2,8,8,0,0,0.0,2019-11-01 02:19:07+00:00,2019-11-01 02:24:30+00:00,Browsers
526004272,1,1,1,0,0,0.0,2019-11-01 00:50:06+00:00,2019-11-01 00:50:06+00:00,Browsers
526007915,1,1,1,0,0,0.0,2019-11-01 00:28:55+00:00,2019-11-01 00:28:55+00:00,Browsers
526027612,1,2,2,0,0,0.0,2019-11-01 00:51:23+00:00,2019-11-01 00:51:45+00:00,Browsers
526040391,1,1,1,0,0,0.0,2019-11-01 01:51:28+00:00,2019-11-01 01:51:28+00:00,Browsers
526047441,1,1,1,0,0,0.0,2019-11-01 02:44:00+00:00,2019-11-01 02:44:00+00:00,Browsers
526062582,2,4,3,0,1,97.79,2019-11-01 02:17:38+00:00,2019-11-01 02:19:47+00:00,High-value users (purchasers)
526081150,1,3,3,0,0,0.0,2019-11-01 00:46:40+00:00,2019-11-01 00:49:36+00:00,Browsers
526125083,1,4,3,0,1,239.36,2019-11-01 01:38:41+00:00,2019-11-01 01:43:43+00:00,High-value users (purchasers)
526141136,2,10,9,0,1,422.92,2019-11-01 01:53:29+00:00,2019-11-01 02:13:05+00:00,High-value users (purchasers)
526149300,1,1,1,0,0,0.0,2019-11-01 01:40:04+00:00,2019-11-01 01:40:04+00:00,Browsers
526149669,1,1,1,0,0,0.0,2019-11-01 00:21:18+00:00,2019-11-01 00:21:18+00:00,Browsers
526171817,2,15,15,0,0,0.0,2019-11-01 01:28:38+00:00,2019-11-01 01:36:18+00:00,Browsers
526173264,1,1,1,0,0,0.0,2019-11-01 02:16:18+00:00,2019-11-01 02:16:18+00:00,Browsers
526181092,1,1,1,0,0,0.0,2019-11-01 01:06:33+00:00,2019-11-01 01:06:33+00:00,Browsers
526187319,1,1,1,0,0,0.0,2019-11-01 01:43:54+00:00,2019-11-01 01:43:54+00:00,Browsers
526188048,3,13,12,0,1,102.58,2019-11-01 00:03:09+00:00,2019-11-01 00:42:56+00:00,High-value users (purchasers)
526200276,1,4,4,0,0,0.0,2019-11-01 02:11:25+00:00,2019-11-01 02:12:52+00:00,Browsers
526205056,1,1,1,0,0,0.0,2019-11-01 00:48:05+00:00,2019-11-01 00:48:05+00:00,Browsers
526208006,1,11,11,0,0,0.0,2019-11-01 02:39:03+00:00,2019-11-01 02:48:03+00:00,Browsers
526215439,1,3,3,0,0,0.0,2019-11-01 01:35:01+00:00,2019-11-01 01:41:03+00:00,Browsers
526220306,1,1,1,0,0,0.0,2019-11-01 01:53:51+00:00,2019-11-01 01:53:51+00:00,Browsers
526254039,1,4,4,0,0,0.0,2019-11-01 01:52:29+00:00,2019-11-01 01:53:30+00:00,Browsers
526256500,1,1,1,0,0,0.0,2019-11-01 02:33:22+00:00,2019-11-01 02:33:22+00:00,Browsers
526498212,1,1,1,0,0,0.0,2019-11-01 02:10:39+00:00,2019-11-01 02:10:39+00:00,Browsers
526498570,1,2,2,0,0,0.0,2019-11-01 02:46:52+00:00,2019-11-01 02:47:44+00:00,Browsers
526509740,2,8,8,0,0,0.0,2019-11-01 02:39:08+00:00,2019-11-01 02:47:59+00:00,Browsers
526516413,1,3,3,0,0,0.0,2019-11-01 00:50:59+00:00,2019-11-01 00:53:04+00:00,Browsers
526517776,1,4,4,0,0,0.0,2019-11-01 01:26:39+00:00,2019-11-01 01:28:24+00:00,Browsers
526538540,1,1,1,0,0,0.0,2019-11-01 01:41:11+00:00,2019-11-01 01:41:11+00:00,Browsers
526541730,2,3,3,0,0,0.0,2019-11-01 01:46:08+00:00,2019-11-01 01:53:20+00:00,Browsers
526545883,1,35,35,0,0,0.0,2019-11-01 00:30:09+00:00,2019-11-01 00:50:58+00:00,Browsers
526553388,1,28,28,0,0,0.0,2019-11-01 02:31:51+00:00,2019-11-01 02:41:57+00:00,Browsers
526574626,1,4,4,0,0,0.0,2019-11-01 00:15:36+00:00,2019-11-01 00:20:56+00:00,Browsers
526574987,1,1,1,0,0,0.0,2019-11-01 02:47:28+00:00,2019-11-01 02:47:28+00:00,Browsers
526591649,1,1,1,0,0,0.0,2019-11-01 01:56:42+00:00,2019-11-01 01:56:42+00:00,Browsers
526593856,1,1,1,0,0,0.0,2019-11-01 02:41:24+00:00,2019-11-01 02:41:24+00:00,Browsers
526595547,1,9,9,0,0,0.0,2019-11-01 00:00:05+00:00,2019-11-01 00:06:32+00:00,Browsers
526601376,1,1,1,0,0,0.0,2019-11-01 01:06:47+00:00,2019-11-01 01:06:47+00:00,Browsers
526620244,1,2,1,1,0,0.0,2019-11-01 02:46:03+00:00,2019-11-01 02:46:57+00:00,Cart abandoners
526629957,2,2,2,0,0,0.0,2019-11-01 02:17:53+00:00,2019-11-01 02:30:40+00:00,Browsers
526636442,1,1,1,0,0,0.0,2019-11-01 02:48:05+00:00,2019-11-01 02:48:05+00:00,Browsers
526659490,1,1,1,0,0,0.0,2019-11-01 00:40:57+00:00,2019-11-01 00:40:57+00:00,Browsers
526662337,2,14,14,0,0,0.0,2019-11-01 00:35:57+00:00,2019-11-01 00:56:20+00:00,Browsers
526672655,1,8,8,0,0,0.0,2019-11-01 00:28:37+00:00,2019-11-01 00:40:03+00:00,Browsers
526678592,1,1,1,0,0,0.0,2019-11-01 01:33:19+00:00,2019-11-01 01:33:19+00:00,Browsers
526688501,1,12,12,0,0,0.0,2019-11-01 00:48:48+00:00,2019-11-01 00:54:44+00:00,Browsers
526688620,1,1,1,0,0,0.0,2019-11-01 01:50:02+00:00,2019-11-01 01:50:02+00:00,Browsers
526701400,1,11,10,1,0,0.0,2019-11-01 02:26:24+00:00,2019-11-01 02:35:40+00:00,Cart abandoners
526708010,2,6,6,0,0,0.0,2019-11-01 02:23:23+00:00,2019-11-01 02:29:11+00:00,Browsers
526709343,1,2,2,0,0,0.0,2019-11-01 02:20:44+00:00,2019-11-01 02:21:49+00:00,Browsers
526715469,1,5,5,0,0,0.0,2019-11-01 02:37:02+00:00,2019-11-01 02:40:48+00:00,Browsers
526750604,1,3,3,0,0,0.0,2019-11-01 01:04:46+00:00,2019-11-01 01:05:57+00:00,Browsers
526786890,1,1,1,0,0,0.0,2019-11-01 01:32:44+00:00,2019-11-01 01:32:44+00:00,Browsers
526794876,1,5,5,0,0,0.0,2019-11-01 02:13:44+00:00,2019-11-01 02:17:41+00:00,Browsers
526842948,1,1,1,0,0,0.0,2019-11-01 00:32:30+00:00,2019-11-01 00:32:30+00:00,Browsers
526843659,1,1,1,0,0,0.0,2019-11-01 00:09:18+00:00,2019-11-01 00:09:18+00:00,Browsers
526848503,1,8,8,0,0,0.0,2019-11-01 02:13:24+00:00,2019-11-01 02:19:02+00:00,Browsers
526853893,1,1,1,0,0,0.0,2019-11-01 01:34:02+00:00,2019-11-01 01:34:02+00:00,Browsers
526857821,1,1,1,0,0,0.0,2019-11-01 02:38:43+00:00,2019-11-01 02:38:43+00:00,Browsers
526859043,1,1,1,0,0,0.0,2019-11-01 02:10:47+00:00,2019-11-01 02:10:47+00:00,Browsers
526859874,1,2,2,0,0,0.0,2019-11-01 02:45:58+00:00,2019-11-01 02:47:41+00:00,Browsers
526868112,2,11,11,0,0,0.0,2019-11-01 02:34:36+00:00,2019-11-01 02:48:22+00:00,Browsers
526874623,1,6,6,0,0,0.0,2019-11-01 00:42:42+00:00,2019-11-01 00:45:31+00:00,Browsers
526879202,1,14,14,0,0,0.0,2019-11-01 01:38:56+00:00,2019-11-01 01:55:21+00:00,Browsers
526881754,1,6,6,0,0,0.0,2019-11-01 02:36:23+00:00,2019-11-01 02:42:15+00:00,Browsers
526888090,1,1,1,0,0,0.0,2019-11-01 02:13:15+00:00,2019-11-01 02:13:15+00:00,Browsers
526906725,1,6,6,0,0,0.0,2019-11-01 02:20:40+00:00,2019-11-01 02:23:53+00:00,Browsers
526942990,1,6,6,0,0,0.0,2019-11-01 02:05:58+00:00,2019-11-01 02:09:33+00:00,Browsers
526970934,1,1,1,0,0,0.0,2019-11-01 01:56:41+00:00,2019-11-01 01:56:41+00:00,Browsers
526974811,1,1,1,0,0,0.0,2019-11-01 01:43:54+00:00,2019-11-01 01:43:54+00:00,Browsers
526976896,1,1,1,0,0,0.0,2019-11-01 02:30:54+00:00,2019-11-01 02:30:54+00:00,Browsers
526979157,1,1,1,0,0,0.0,2019-11-01 00:59:54+00:00,2019-11-01 00:59:54+00:00,Browsers
526979701,1,2,1,1,0,0.0,2019-11-01 01:54:18+00:00,2019-11-01 01:54:59+00:00,Cart abandoners
526985608,1,1,1,0,0,0.0,2019-11-01 02:34:16+00:00,2019-11-01 02:34:16+00:00,Browsers
526996709,1,3,3,0,0,0.0,2019-11-01 00:01:12+00:00,2019-11-01 00:02:44+00:00,Browsers
527000189,1,1,1,0,0,0.0,2019-11-01 02:27:51+00:00,2019-11-01 02:27:51+00:00,Browsers
527038329,1,2,2,0,0,0.0,2019-11-01 00:47:21+00:00,2019-11-01 00:47:37+00:00,Browsers
527039669,1,2,2,0,0,0.0,2019-11-01 00:21:29+00:00,2019-11-01 00:21:37+00:00,Browsers
527047236,1,1,1,0,0,0.0,2019-11-01 01:39:19+00:00,2019-11-01 01:39:19+00:00,Browsers
527056980,1,5,5,0,0,0.0,2019-11-01 02:23:39+00:00,2019-11-01 02:25:11+00:00,Browsers
527064042,1,6,6,0,0,0.0,2019-11-01 01:54:20+00:00,2019-11-01 01:57:54+00:00,Browsers
527071732,1,3,3,0,0,0.0,2019-11-01 02:03:25+00:00,2019-11-01 02:06:24+00:00,Browsers
527077585,2,22,22,0,0,0.0,2019-11-01 01:55:04+00:00,2019-11-01 02:42:35+00:00,Browsers
527082194,1,2,2,0,0,0.0,2019-11-01 02:39:36+00:00,2019-11-01 02:41:47+00:00,Browsers
527088117,1,1,1,0,0,0.0,2019-11-01 01:31:49+00:00,2019-11-01 01:31:49+00:00,Browsers
527103958,1,1,1,0,0,0.0,2019-11-01 02:17:45+00:00,2019-11-01 02:17:45+00:00,Browsers
527177845,1,1,1,0,0,0.0,2019-11-01 00:28:51+00:00,2019-11-01 00:28:51+00:00,Browsers
527179696,1,1,1,0,0,0.0,2019-11-01 02:30:21+00:00,2019-11-01 02:30:21+00:00,Browsers
527180316,2,3,3,0,0,0.0,2019-11-01 01:07:07+00:00,2019-11-01 01:08:33+00:00,Browsers
527185059,2,14,14,0,0,0.0,2019-11-01 01:55:45+00:00,2019-11-01 02:01:34+00:00,Browsers
527187208,1,2,2,0,0,0.0,2019-11-01 02:01:21+00:00,2019-11-01 02:02:07+00:00,Browsers
527190401,2,22,22,0,0,0.0,2019-11-01 01:01:02+00:00,2019-11-01 01:47:48+00:00,Browsers
527210748,1,10,10,0,0,0.0,2019-11-01 00:58:34+00:00,2019-11-01 01:05:18+00:00,Browsers
527212209,1,3,3,0,0,0.0,2019-11-01 02:14:16+00:00,2019-11-01 02:15:42+00:00,Browsers
527214197,1,10,10,0,0,0.0,2019-11-01 00:29:00+00:00,2019-11-01 00:33:31+00:00,Browsers
527237531,1,20,20,0,0,0.0,2019-11-01 01:40:05+00:00,2019-11-01 01:57:17+00:00,Browsers
527242428,1,1,1,0,0,0.0,2019-11-01 01:52:41+00:00,2019-11-01 01:52:41+00:00,Browsers
527254129,1,2,2,0,0,0.0,2019-11-01 01:02:02+00:00,2019-11-01 01:02:18+00:00,Browsers
527255818,1,11,11,0,0,0.0,2019-11-01 02:17:58+00:00,2019-11-01 02:32:01+00:00,Browsers
527260195,1,3,3,0,0,0.0,2019-11-01 00:37:44+00:00,2019-11-01 00:42:21+00:00,Browsers
527260811,2,17,16,0,1,84.43,2019-11-01 02:16:11+00:00,2019-11-01 02:40:27+00:00,High-value users (purchasers)
527261564,1,13,13,0,0,0.0,2019-11-01 01:47:08+00:00,2019-11-01 01:52:47+00:00,Browsers
527276141,1,2,2,0,0,0.0,2019-11-01 02:46:19+00:00,2019-11-01 02:46:54+00:00,Browsers
527277579,1,3,2,0,1,215.19,2019-11-01 01:58:17+00:00,2019-11-01 01:59:56+00:00,High-value users (purchasers)
527279694,1,1,1,0,0,0.0,2019-11-01 00:14:24+00:00,2019-11-01 00:14:24+00:00,Browsers
527285018,1,2,2,0,0,0.0,2019-11-01 01:08:07+00:00,2019-11-01 01:08:30+00:00,Browsers
527286587,1,4,4,0,0,0.0,2019-11-01 02:46:16+00:00,2019-11-01 02:48:23+00:00,Browsers
527286877,1,11,11,0,0,0.0,2019-11-01 02:09:14+00:00,2019-11-01 02:30:13+00:00,Browsers
527287458,1,2,2,0,0,0.0,2019-11-01 01:31:40+00:00,2019-11-01 01:32:13+00:00,Browsers
527314685,1,1,1,0,0,0.0,2019-11-01 00:15:26+00:00,2019-11-01 00:15:26+00:00,Browsers
527316550,1,4,4,0,0,0.0,2019-11-01 02:27:53+00:00,2019-11-01 02:31:43+00:00,Browsers
527321402,1,2,2,0,0,0.0,2019-11-01 02:41:42+00:00,2019-11-01 02:45:45+00:00,Browsers
527322328,1,13,13,0,0,0.0,2019-11-01 00:00:12+00:00,2019-11-01 00:22:03+00:00,Browsers
527322451,1,1,1,0,0,0.0,2019-11-01 01:08:33+00:00,2019-11-01 01:08:33+00:00,Browsers
527328719,1,3,3,0,0,0.0,2019-11-01 00:39:01+00:00,2019-11-01 00:41:51+00:00,Browsers
527344824,1,1,1,0,0,0.0,2019-11-01 01:46:53+00:00,2019-11-01 01:46:53+00:00,Browsers
527357679,1,16,16,0,0,0.0,2019-11-01 00:03:53+00:00,2019-11-01 00:10:30+00:00,Browsers
527361530,1,13,13,0,0,0.0,2019-11-01 01:52:43+00:00,2019-11-01 01:57:58+00:00,Browsers
527362798,1,1,1,0,0,0.0,2019-11-01 02:16:23+00:00,2019-11-01 02:16:23+00:00,Browsers
527373035,1,5,5,0,0,0.0,2019-11-01 02:22:32+00:00,2019-11-01 02:29:33+00:00,Browsers
527382679,2,3,3,0,0,0.0,2019-11-01 02:23:41+00:00,2019-11-01 02:28:20+00:00,Browsers
527386785,1,3,3,0,0,0.0,2019-11-01 01:31:52+00:00,2019-11-01 01:32:48+00:00,Browsers
527396367,1,1,1,0,0,0.0,2019-11-01 00:09:41+00:00,2019-11-01 00:09:41+00:00,Browsers
527400805,1,2,2,0,0,0.0,2019-11-01 00:50:04+00:00,2019-11-01 00:51:42+00:00,Browsers
527418493,1,4,4,0,0,0.0,2019-11-01 01:40:27+00:00,2019-11-01 01:42:36+00:00,Browsers
527421224,1,1,1,0,0,0.0,2019-11-01 02:05:44+00:00,2019-11-01 02:05:44+00:00,Browsers
527424574,1,17,17,0,0,0.0,2019-11-01 02:12:16+00:00,2019-11-01 02:31:07+00:00,Browsers
527438508,1,11,11,0,0,0.0,2019-11-01 02:39:44+00:00,2019-11-01 02:45:31+00:00,Browsers
527442950,1,3,3,0,0,0.0,2019-11-01 02:32:05+00:00,2019-11-01 02:33:20+00:00,Browsers
527461191,1,1,1,0,0,0.0,2019-11-01 00:26:15+00:00,2019-11-01 00:26:15+00:00,Browsers
527498194,1,3,3,0,0,0.0,2019-11-01 02:16:15+00:00,2019-11-01 02:16:54+00:00,Browsers
527499804,1,10,10,0,0,0.0,2019-11-01 00:19:08+00:00,2019-11-01 00:24:37+00:00,Browsers
527515047,3,3,3,0,0,0.0,2019-11-01 01:46:40+00:00,2019-11-01 01:47:06+00:00,Browsers
527519150,1,1,1,0,0,0.0,2019-11-01 02:13:26+00:00,2019-11-01 02:13:26+00:00,Browsers
527520258,1,1,1,0,0,0.0,2019-11-01 02:23:03+00:00,2019-11-01 02:23:03+00:00,Browsers
527520398,1,2,2,0,0,0.0,2019-11-01 02:28:00+00:00,2019-11-01 02:28:10+00:00,Browsers
527526842,1,1,1,0,0,0.0,2019-11-01 02:47:24+00:00,2019-11-01 02:47:24+00:00,Browsers
527532301,1,1,1,0,0,0.0,2019-11-01 00:58:40+00:00,2019-11-01 00:58:40+00:00,Browsers
527534888,2,3,3,0,0,0.0,2019-11-01 02:16:45+00:00,2019-11-01 02:18:31+00:00,Browsers
527542885,1,1,1,0,0,0.0,2019-11-01 01:25:37+00:00,2019-11-01 01:25:37+00:00,Browsers
527549223,1,1,1,0,0,0.0,2019-11-01 02:12:15+00:00,2019-11-01 02:12:15+00:00,Browsers
527560787,1,18,18,0,0,0.0,2019-11-01 00:38:12+00:00,2019-11-01 00:45:11+00:00,Browsers
527564859,1,16,16,0,0,0.0,2019-11-01 01:33:14+00:00,2019-11-01 01:43:52+00:00,Browsers
527565326,2,2,2,0,0,0.0,2019-11-01 02:37:54+00:00,2019-11-01 02:39:53+00:00,Browsers
527569124,1,4,4,0,0,0.0,2019-11-01 01:40:51+00:00,2019-11-01 01:43:08+00:00,Browsers
527573159,1,7,7,0,0,0.0,2019-11-01 01:40:04+00:00,2019-11-01 01:44:15+00:00,Browsers
527575915,1,2,2,0,0,0.0,2019-11-01 02:08:32+00:00,2019-11-01 02:08:58+00:00,Browsers
527600208,1,2,2,0,0,0.0,2019-11-01 02:20:09+00:00,2019-11-01 02:21:15+00:00,Browsers
527600987,1,1,1,0,0,0.0,2019-11-01 02:00:51+00:00,2019-11-01 02:00:51+00:00,Browsers
527611339,1,2,2,0,0,0.0,2019-11-01 02:22:13+00:00,2019-11-01 02:23:01+00:00,Browsers
527655869,1,1,1,0,0,0.0,2019-11-01 02:43:19+00:00,2019-11-01 02:43:19+00:00,Browsers
527689504,1,2,2,0,0,0.0,2019-11-01 00:44:32+00:00,2019-11-01 00:45:04+00:00,Browsers
527700673,1,3,2,0,1,135.01,2019-11-01 02:08:12+00:00,2019-11-01 02:09:37+00:00,High-value users (purchasers)
527728442,2,6,6,0,0,0.0,2019-11-01 01:54:26+00:00,2019-11-01 02:00:00+00:00,Browsers
527744207,1,1,1,0,0,0.0,2019-11-01 01:58:14+00:00,2019-11-01 01:58:14+00:00,Browsers
527748267,1,29,29,0,0,0.0,2019-11-01 01:48:40+00:00,2019-11-01 02:06:07+00:00,Browsers
527751987,1,1,1,0,0,0.0,2019-11-01 01:30:34+00:00,2019-11-01 01:30:34+00:00,Browsers
527760804,1,1,1,0,0,0.0,2019-11-01 02:48:05+00:00,2019-11-01 02:48:05+00:00,Browsers
527762037,1,4,4,0,0,0.0,2019-11-01 02:44:07+00:00,2019-11-01 02:47:17+00:00,Browsers
527764561,1,1,1,0,0,0.0,2019-11-01 01:32:55+00:00,2019-11-01 01:32:55+00:00,Browsers
527765704,1,9,9,0,0,0.0,2019-11-01 02:10:28+00:00,2019-11-01 02:13:56+00:00,Browsers
527767170,1,9,9,0,0,0.0,2019-11-01 02:20:46+00:00,2019-11-01 02:29:00+00:00,Browsers
527792661,1,1,1,0,0,0.0,2019-11-01 02:31:40+00:00,2019-11-01 02:31:40+00:00,Browsers
527806286,2,5,5,0,0,0.0,2019-11-01 02:16:34+00:00,2019-11-01 02:18:31+00:00,Browsers
527806675,1,2,2,0,0,0.0,2019-11-01 01:24:23+00:00,2019-11-01 01:25:23+00:00,Browsers
527848416,1,1,1,0,0,0.0,2019-11-01 01:01:32+00:00,2019-11-01 01:01:32+00:00,Browsers
527859779,1,23,23,0,0,0.0,2019-11-01 00:33:20+00:00,2019-11-01 00:44:53+00:00,Browsers
527893225,2,5,5,0,0,0.0,2019-11-01 02:27:51+00:00,2019-11-01 02:40:53+00:00,Browsers
527893251,1,6,6,0,0,0.0,2019-11-01 02:42:36+00:00,2019-11-01 02:44:16+00:00,Browsers
527911630,1,6,6,0,0,0.0,2019-11-01 02:14:26+00:00,2019-11-01 02:17:57+00:00,Browsers
527916719,1,5,4,0,1,90.44,2019-11-01 02:22:29+00:00,2019-11-01 02:30:46+00:00,High-value users (purchasers)
527926731,1,2,2,0,0,0.0,2019-11-01 02:25:37+00:00,2019-11-01 02:26:30+00:00,Browsers
527927169,1,1,1,0,0,0.0,2019-11-01 02:33:43+00:00,2019-11-01 02:33:43+00:00,Browsers
527929303,1,12,12,0,0,0.0,2019-11-01 02:13:53+00:00,2019-11-01 02:30:10+00:00,Browsers
527936379,1,1,1,0,0,0.0,2019-11-01 02:23:52+00:00,2019-11-01 02:23:52+00:00,Browsers
527954036,1,2,2,0,0,0.0,2019-11-01 02:38:07+00:00,2019-11-01 02:39:49+00:00,Browsers
527962881,1,3,3,0,0,0.0,2019-11-01 00:15:46+00:00,2019-11-01 00:22:47+00:00,Browsers
527973322,1,4,4,0,0,0.0,2019-11-01 02:20:06+00:00,2019-11-01 02:22:32+00:00,Browsers
527974147,1,6,6,0,0,0.0,2019-11-01 01:43:29+00:00,2019-11-01 01:52:08+00:00,Browsers
527979613,1,1,1,0,0,0.0,2019-11-01 02:16:40+00:00,2019-11-01 02:16:40+00:00,Browsers
527983375,1,1,1,0,0,0.0,2019-11-01 01:49:56+00:00,2019-11-01 01:49:56+00:00,Browsers
527987215,1,4,4,0,0,0.0,2019-11-01 02:01:29+00:00,2019-11-01 02:05:12+00:00,Browsers
527999533,1,1,1,0,0,0.0,2019-11-01 00:51:09+00:00,2019-11-01 00:51:09+00:00,Browsers
528004665,1,2,2,0,0,0.0,2019-11-01 02:46:55+00:00,2019-11-01 02:47:27+00:00,Browsers
528026695,1,2,2,0,0,0.0,2019-11-01 02:28:08+00:00,2019-11-01 02:28:11+00:00,Browsers
528034295,1,14,14,0,0,0.0,2019-11-01 01:59:39+00:00,2019-11-01 02:08:24+00:00,Browsers
528035562,1,3,3,0,0,0.0,2019-11-01 01:52:37+00:00,2019-11-01 01:57:55+00:00,Browsers
528037725,1,11,11,0,0,0.0,2019-11-01 02:03:00+00:00,2019-11-01 02:24:54+00:00,Browsers
528039908,1,5,5,0,0,0.0,2019-11-01 02:41:59+00:00,2019-11-01 02:47:29+00:00,Browsers
528048073,1,3,3,0,0,0.0,2019-11-01 02:31:58+00:00,2019-11-01 02:34:46+00:00,Browsers
528058859,1,6,6,0,0,0.0,2019-11-01 00:31:45+00:00,2019-11-01 00:44:26+00:00,Browsers
528070368,1,3,3,0,0,0.0,2019-11-01 02:00:43+00:00,2019-11-01 02:01:42+00:00,Browsers
528075001,1,5,5,0,0,0.0,2019-11-01 02:24:32+00:00,2019-11-01 02:40:17+00:00,Browsers
528080429,1,1,1,0,0,0.0,2019-11-01 01:04:21+00:00,2019-11-01 01:04:21+00:00,Browsers
528088267,1,2,2,0,0,0.0,2019-11-01 02:43:42+00:00,2019-11-01 02:45:19+00:00,Browsers
528094664,1,5,5,0,0,0.0,2019-11-01 02:03:35+00:00,2019-11-01 02:07:18+00:00,Browsers
528095516,1,2,2,0,0,0.0,2019-11-01 01:40:40+00:00,2019-11-01 01:41:46+00:00,Browsers
528102552,1,9,9,0,0,0.0,2019-11-01 01:39:10+00:00,2019-11-01 01:46:42+00:00,Browsers
528103820,2,6,6,0,0,0.0,2019-11-01 02:36:22+00:00,2019-11-01 02:40:39+00:00,Browsers
528111072,1,3,3,0,0,0.0,2019-11-01 02:39:28+00:00,2019-11-01 02:43:48+00:00,Browsers
528133044,1,9,6,1,2,183.62,2019-11-01 01:54:35+00:00,2019-11-01 02:03:14+00:00,High-value users (purchasers)
528134439,1,7,7,0,0,0.0,2019-11-01 02:15:33+00:00,2019-11-01 02:19:23+00:00,Browsers
528141539,1,1,1,0,0,0.0,2019-11-01 02:07:01+00:00,2019-11-01 02:07:01+00:00,Browsers
528180813,1,6,6,0,0,0.0,2019-11-01 02:22:55+00:00,2019-11-01 02:24:15+00:00,Browsers
528195751,1,3,3,0,0,0.0,2019-11-01 01:26:19+00:00,2019-11-01 01:29:14+00:00,Browsers
528201133,1,2,2,0,0,0.0,2019-11-01 02:01:13+00:00,2019-11-01 02:01:49+00:00,Browsers
528201750,1,1,1,0,0,0.0,2019-11-01 01:05:23+00:00,2019-11-01 01:05:23+00:00,Browsers
528203750,1,1,1,0,0,0.0,2019-11-01 02:47:30+00:00,2019-11-01 02:47:30+00:00,Browsers
528205428,2,26,26,0,0,0.0,2019-11-01 01:42:04+00:00,2019-11-01 02:15:47+00:00,Browsers
528213322,1,1,1,0,0,0.0,2019-11-01 00:56:51+00:00,2019-11-01 00:56:51+00:00,Browsers
528237371,1,4,2,1,1,229.9,2019-11-01 02:23:08+00:00,2019-11-01 02:24:20+00:00,High-value users (purchasers)
528269305,3,36,36,0,0,0.0,2019-11-01 00:01:56+00:00,2019-11-01 01:43:48+00:00,Browsers
528271890,1,4,3,1,0,0.0,2019-11-01 02:22:39+00:00,2019-11-01 02:24:45+00:00,Cart abandoners
528272934,1,1,1,0,0,0.0,2019-11-01 02:15:16+00:00,2019-11-01 02:15:16+00:00,Browsers
528276484,1,3,3,0,0,0.0,2019-11-01 00:49:12+00:00,2019-11-01 00:51:12+00:00,Browsers
528276785,1,1,1,0,0,0.0,2019-11-01 01:44:57+00:00,2019-11-01 01:44:57+00:00,Browsers
528293100,1,14,14,0,0,0.0,2019-11-01 00:48:48+00:00,2019-11-01 00:59:35+00:00,Browsers
528293931,1,2,2,0,0,0.0,2019-11-01 02:47:24+00:00,2019-11-01 02:47:43+00:00,Browsers
528302175,1,5,5,0,0,0.0,2019-11-01 01:48:55+00:00,2019-11-01 01:54:14+00:00,Browsers
528344630,1,5,5,0,0,0.0,2019-11-01 00:34:19+00:00,2019-11-01 00:38:41+00:00,Browsers
528350248,1,21,21,0,0,0.0,2019-11-01 02:33:00+00:00,2019-11-01 02:41:18+00:00,Browsers
528355181,1,1,1,0,0,0.0,2019-11-01 01:55:33+00:00,2019-11-01 01:55:33+00:00,Browsers
528363654,1,2,2,0,0,0.0,2019-11-01 02:36:19+00:00,2019-11-01 02:38:34+00:00,Browsers
528372111,1,1,1,0,0,0.0,2019-11-01 01:55:57+00:00,2019-11-01 01:55:57+00:00,Browsers
528374021,1,1,1,0,0,0.0,2019-11-01 02:47:24+00:00,2019-11-01 02:47:24+00:00,Browsers
528375191,1,4,2,0,2,160.88,2019-11-01 02:14:13+00:00,2019-11-01 02:18:00+00:00,High-value users (purchasers)
528390796,4,7,7,0,0,0.0,2019-11-01 00:21:31+00:00,2019-11-01 02:17:25+00:00,Browsers
528397663,1,1,1,0,0,0.0,2019-11-01 02:05:26+00:00,2019-11-01 02:05:26+00:00,Browsers
528399402,1,2,2,0,0,0.0,2019-11-01 02:31:00+00:00,2019-11-01 02:32:54+00:00,Browsers
528406776,1,29,29,0,0,0.0,2019-11-01 02:18:15+00:00,2019-11-01 02:35:33+00:00,Browsers
528410760,2,22,22,0,0,0.0,2019-11-01 01:45:24+00:00,2019-11-01 02:11:51+00:00,Browsers
528413195,1,3,3,0,0,0.0,2019-11-01 02:18:50+00:00,2019-11-01 02:19:11+00:00,Browsers
528420681,1,4,4,0,0,0.0,2019-11-01 00:48:48+00:00,2019-11-01 00:49:52+00:00,Browsers
528422827,1,1,1,0,0,0.0,2019-11-01 00:31:23+00:00,2019-11-01 00:31:23+00:00,Browsers
528425060,1,12,12,0,0,0.0,2019-11-01 01:47:05+00:00,2019-11-01 01:58:18+00:00,Browsers
528437244,1,1,1,0,0,0.0,2019-11-01 00:20:41+00:00,2019-11-01 00:20:41+00:00,Browsers
528438356,1,5,5,0,0,0.0,2019-11-01 00:44:21+00:00,2019-11-01 00:47:44+00:00,Browsers
528439726,1,1,1,0,0,0.0,2019-11-01 00:39:06+00:00,2019-11-01 00:39:06+00:00,Browsers
528465393,2,20,20,0,0,0.0,2019-11-01 01:30:59+00:00,2019-11-01 01:50:43+00:00,Browsers
528769606,1,2,2,0,0,0.0,2019-11-01 02:46:08+00:00,2019-11-01 02:46:11+00:00,Browsers
528946907,1,1,1,0,0,0.0,2019-11-01 02:48:12+00:00,2019-11-01 02:48:12+00:00,Browsers
528991521,1,1,1,0,0,0.0,2019-11-01 02:21:01+00:00,2019-11-01 02:21:01+00:00,Browsers
529023440,2,7,7,0,0,0.0,2019-11-01 01:59:26+00:00,2019-11-01 02:08:18+00:00,Browsers
529024659,2,5,5,0,0,0.0,2019-11-01 02:17:35+00:00,2019-11-01 02:23:23+00:00,Browsers
529026115,1,1,1,0,0,0.0,2019-11-01 00:24:10+00:00,2019-11-01 00:24:10+00:00,Browsers
529026141,1,6,6,0,0,0.0,2019-11-01 01:04:58+00:00,2019-11-01 01:08:30+00:00,Browsers
529029565,1,1,1,0,0,0.0,2019-11-01 02:48:23+00:00,2019-11-01 02:48:23+00:00,Browsers
529049986,1,4,4,0,0,0.0,2019-11-01 01:04:15+00:00,2019-11-01 01:06:18+00:00,Browsers
529053767,1,5,5,0,0,0.0,2019-11-01 01:56:36+00:00,2019-11-01 01:59:24+00:00,Browsers
529057200,1,1,1,0,0,0.0,2019-11-01 01:46:26+00:00,2019-11-01 01:46:26+00:00,Browsers
529086677,1,5,5,0,0,0.0,2019-11-01 02:43:00+00:00,2019-11-01 02:44:51+00:00,Browsers
529104456,1,3,3,0,0,0.0,2019-11-01 00:39:54+00:00,2019-11-01 00:41:28+00:00,Browsers
529118573,1,1,1,0,0,0.0,2019-11-01 02:31:12+00:00,2019-11-01 02:31:12+00:00,Browsers
529119033,1,5,5,0,0,0.0,2019-11-01 00:54:55+00:00,2019-11-01 00:57:18+00:00,Browsers
529125801,2,9,9,0,0,0.0,2019-11-01 01:54:47+00:00,2019-11-01 02:01:23+00:00,Browsers
529151150,1,4,4,0,0,0.0,2019-11-01 00:29:51+00:00,2019-11-01 00:32:10+00:00,Browsers
529170005,1,1,1,0,0,0.0,2019-11-01 01:57:26+00:00,2019-11-01 01:57:26+00:00,Browsers
529195539,1,8,8,0,0,0.0,2019-11-01 00:51:25+00:00,2019-11-01 00:53:00+00:00,Browsers
529212970,1,5,5,0,0,0.0,2019-11-01 02:34:19+00:00,2019-11-01 02:36:32+00:00,Browsers
529214846,1,2,2,0,0,0.0,2019-11-01 01:57:59+00:00,2019-11-01 01:58:59+00:00,Browsers
529223398,1,8,8,0,0,0.0,2019-11-01 02:32:58+00:00,2019-11-01 02:45:05+00:00,Browsers
529224328,1,6,6,0,0,0.0,2019-11-01 02:30:56+00:00,2019-11-01 02:36:47+00:00,Browsers
529237620,1,1,1,0,0,0.0,2019-11-01 02:33:53+00:00,2019-11-01 02:33:53+00:00,Browsers
529248703,1,2,2,0,0,0.0,2019-11-01 01:07:24+00:00,2019-11-01 01:08:43+00:00,Browsers
529291536,4,20,20,0,0,0.0,2019-11-01 01:48:11+00:00,2019-11-01 01:59:17+00:00,Browsers
529323523,1,1,1,0,0,0.0,2019-11-01 00:37:35+00:00,2019-11-01 00:37:35+00:00,Browsers
529330894,1,1,1,0,0,0.0,2019-11-01 00:15:03+00:00,2019-11-01 00:15:03+00:00,Browsers
529333842,1,4,4,0,0,0.0,2019-11-01 02:26:29+00:00,2019-11-01 02:29:05+00:00,Browsers
529340810,1,12,12,0,0,0.0,2019-11-01 02:35:48+00:00,2019-11-01 02:45:06+00:00,Browsers
529344828,1,1,1,0,0,0.0,2019-11-01 01:50:32+00:00,2019-11-01 01:50:32+00:00,Browsers
529361779,2,2,2,0,0,0.0,2019-11-01 01:50:15+00:00,2019-11-01 01:50:29+00:00,Browsers
529388957,2,14,14,0,0,0.0,2019-11-01 00:00:28+00:00,2019-11-01 00:19:40+00:00,Browsers
529405497,1,1,1,0,0,0.0,2019-11-01 02:15:49+00:00,2019-11-01 02:15:49+00:00,Browsers
529411881,1,1,1,0,0,0.0,2019-11-01 00:57:21+00:00,2019-11-01 00:57:21+00:00,Browsers
529413254,2,5,5,0,0,0.0,2019-11-01 01:41:21+00:00,2019-11-01 02:29:17+00:00,Browsers
529420417,1,3,3,0,0,0.0,2019-11-01 01:40:38+00:00,2019-11-01 01:43:16+00:00,Browsers
529424019,1,1,1,0,0,0.0,2019-11-01 02:44:53+00:00,2019-11-01 02:44:53+00:00,Browsers
529425773,1,17,17,0,0,0.0,2019-11-01 00:49:28+00:00,2019-11-01 01:01:40+00:00,Browsers
529443218,1,4,4,0,0,0.0,2019-11-01 01:04:59+00:00,2019-11-01 01:08:21+00:00,Browsers
529451647,2,2,2,0,0,0.0,2019-11-01 00:35:19+00:00,2019-11-01 00:35:59+00:00,Browsers
529460267,1,3,3,0,0,0.0,2019-11-01 02:43:15+00:00,2019-11-01 02:45:17+00:00,Browsers
529479180,2,22,22,0,0,0.0,2019-11-01 00:45:21+00:00,2019-11-01 01:01:26+00:00,Browsers
529491208,1,1,1,0,0,0.0,2019-11-01 00:34:44+00:00,2019-11-01 00:34:44+00:00,Browsers
529529395,1,8,8,0,0,0.0,2019-11-01 02:44:04+00:00,2019-11-01 02:45:20+00:00,Browsers
529536413,1,4,2,1,1,1348.61,2019-11-01 01:54:25+00:00,2019-11-01 01:55:30+00:00,High-value users (purchasers)
529541682,2,2,2,0,0,0.0,2019-11-01 02:43:00+00:00,2019-11-01 02:45:58+00:00,Browsers
529543122,1,1,1,0,0,0.0,2019-11-01 01:56:43+00:00,2019-11-01 01:56:43+00:00,Browsers
529544396,1,1,1,0,0,0.0,2019-11-01 02:46:49+00:00,2019-11-01 02:46:49+00:00,Browsers
529558093,1,3,3,0,0,0.0,2019-11-01 00:10:03+00:00,2019-11-01 00:11:17+00:00,Browsers
529558151,1,4,4,0,0,0.0,2019-11-01 02:07:10+00:00,2019-11-01 02:08:16+00:00,Browsers
529561032,3,12,12,0,0,0.0,2019-11-01 00:22:27+00:00,2019-11-01 00:43:05+00:00,Browsers
529563681,4,19,18,1,0,0.0,2019-11-01 01:36:03+00:00,2019-11-01 02:33:03+00:00,Cart abandoners
529574932,1,3,3,0,0,0.0,2019-11-01 02:03:38+00:00,2019-11-01 02:07:55+00:00,Browsers
529589575,1,5,5,0,0,0.0,2019-11-01 00:12:27+00:00,2019-11-01 00:16:50+00:00,Browsers
529648053,1,1,1,0,0,0.0,2019-11-01 01:53:55+00:00,2019-11-01 01:53:55+00:00,Browsers
529652516,1,2,2,0,0,0.0,2019-11-01 02:13:04+00:00,2019-11-01 02:15:17+00:00,Browsers
529655198,2,4,4,0,0,0.0,2019-11-01 00:43:14+00:00,2019-11-01 01:39:12+00:00,Browsers
529664388,1,1,1,0,0,0.0,2019-11-01 02:48:15+00:00,2019-11-01 02:48:15+00:00,Browsers
529664426,1,4,4,0,0,0.0,2019-11-01 02:46:40+00:00,2019-11-01 02:48:17+00:00,Browsers
529672169,1,15,15,0,0,0.0,2019-11-01 01:28:14+00:00,2019-11-01 01:39:13+00:00,Browsers
529673689,1,2,2,0,0,0.0,2019-11-01 00:58:17+00:00,2019-11-01 00:58:57+00:00,Browsers
529691117,1,1,1,0,0,0.0,2019-11-01 01:49:14+00:00,2019-11-01 01:49:14+00:00,Browsers
529707266,2,12,12,0,0,0.0,2019-11-01 00:01:17+00:00,2019-11-01 00:21:07+00:00,Browsers
529708531,2,2,2,0,0,0.0,2019-11-01 02:34:11+00:00,2019-11-01 02:35:16+00:00,Browsers
529712266,1,4,3,0,1,40.93,2019-11-01 00:58:42+00:00,2019-11-01 01:03:41+00:00,High-value users (purchasers)
529713369,4,20,20,0,0,0.0,2019-11-01 01:36:40+00:00,2019-11-01 02:13:08+00:00,Browsers
529726896,1,11,10,0,1,262.3,2019-11-01 02:28:19+00:00,2019-11-01 02:43:25+00:00,High-value users (purchasers)
529736038,1,1,1,0,0,0.0,2019-11-01 02:45:53+00:00,2019-11-01 02:45:53+00:00,Browsers
529739082,1,13,13,0,0,0.0,2019-11-01 00:40:27+00:00,2019-11-01 00:48:29+00:00,Browsers
529741950,1,1,1,0,0,0.0,2019-11-01 02:02:57+00:00,2019-11-01 02:02:57+00:00,Browsers
529761233,1,2,2,0,0,0.0,2019-11-01 02:16:47+00:00,2019-11-01 02:18:24+00:00,Browsers
529765040,1,20,18,2,0,0.0,2019-11-01 00:44:57+00:00,2019-11-01 00:58:03+00:00,Cart abandoners
529767290,1,2,2,0,0,0.0,2019-11-01 01:58:59+00:00,2019-11-01 01:59:56+00:00,Browsers
529781500,1,1,1,0,0,0.0,2019-11-01 02:19:19+00:00,2019-11-01 02:19:19+00:00,Browsers
529786619,1,31,30,0,1,980.46,2019-11-01 01:01:20+00:00,2019-11-01 01:07:12+00:00,High-value users (purchasers)
529788463,1,2,2,0,0,0.0,2019-11-01 02:08:46+00:00,2019-11-01 02:09:06+00:00,Browsers
529795522,1,1,1,0,0,0.0,2019-11-01 00:58:33+00:00,2019-11-01 00:58:33+00:00,Browsers
529797803,1,3,3,0,0,0.0,2019-11-01 02:03:18+00:00,2019-11-01 02:04:23+00:00,Browsers
529801055,1,4,4,0,0,0.0,2019-11-01 01:32:41+00:00,2019-11-01 01:42:18+00:00,Browsers
529801482,1,1,1,0,0,0.0,2019-11-01 01:28:18+00:00,2019-11-01 01:28:18+00:00,Browsers
529805596,1,6,6,0,0,0.0,2019-11-01 01:31:22+00:00,2019-11-01 01:34:38+00:00,Browsers
529807664,1,5,5,0,0,0.0,2019-11-01 01:08:44+00:00,2019-11-01 01:09:40+00:00,Browsers
529830845,1,2,2,0,0,0.0,2019-11-01 02:32:21+00:00,2019-11-01 02:34:17+00:00,Browsers
529834059,1,2,2,0,0,0.0,2019-11-01 02:31:21+00:00,2019-11-01 02:34:08+00:00,Browsers
529836227,1,2,2,0,0,0.0,2019-11-01 02:44:14+00:00,2019-11-01 02:45:24+00:00,Browsers
529847466,1,4,4,0,0,0.0,2019-11-01 01:32:18+00:00,2019-11-01 01:33:53+00:00,Browsers
529853198,2,4,4,0,0,0.0,2019-11-01 02:29:11+00:00,2019-11-01 02:37:00+00:00,Browsers
529863704,2,12,12,0,0,0.0,2019-11-01 01:28:33+00:00,2019-11-01 01:47:50+00:00,Browsers
529871962,1,5,3,1,1,139.68,2019-11-01 02:18:16+00:00,2019-11-01 02:22:42+00:00,High-value users (purchasers)
529881206,1,1,1,0,0,0.0,2019-11-01 01:48:20+00:00,2019-11-01 01:48:20+00:00,Browsers
529899273,1,2,2,0,0,0.0,2019-11-01 01:05:04+00:00,2019-11-01 01:06:39+00:00,Browsers
529900578,1,1,1,0,0,0.0,2019-11-01 02:14:42+00:00,2019-11-01 02:14:42+00:00,Browsers
529922140,3,3,3,0,0,0.0,2019-11-01 02:27:21+00:00,2019-11-01 02:27:34+00:00,Browsers
529927408,1,7,7,0,0,0.0,2019-11-01 02:24:47+00:00,2019-11-01 02:29:16+00:00,Browsers
529976498,1,2,2,0,0,0.0,2019-11-01 00:29:12+00:00,2019-11-01 00:30:16+00:00,Browsers
529983971,1,1,1,0,0,0.0,2019-11-01 02:19:15+00:00,2019-11-01 02:19:15+00:00,Browsers
530016947,1,6,6,0,0,0.0,2019-11-01 01:34:02+00:00,2019-11-01 01:35:55+00:00,Browsers
530033921,1,2,2,0,0,0.0,2019-11-01 00:17:35+00:00,2019-11-01 00:18:32+00:00,Browsers
530045595,1,1,1,0,0,0.0,2019-11-01 02:35:27+00:00,2019-11-01 02:35:27+00:00,Browsers
530050526,1,4,4,0,0,0.0,2019-11-01 02:09:55+00:00,2019-11-01 02:11:56+00:00,Browsers
530053833,1,2,2,0,0,0.0,2019-11-01 01:48:22+00:00,2019-11-01 01:49:04+00:00,Browsers
530053888,1,10,9,0,1,106.54,2019-11-01 01:44:32+00:00,2019-11-01 01:56:11+00:00,High-value users (purchasers)
530065043,1,3,3,0,0,0.0,2019-11-01 02:16:46+00:00,2019-11-01 02:17:53+00:00,Browsers
530085082,1,1,1,0,0,0.0,2019-11-01 02:25:52+00:00,2019-11-01 02:25:52+00:00,Browsers
530099530,1,1,1,0,0,0.0,2019-11-01 02:44:45+00:00,2019-11-01 02:44:45+00:00,Browsers
530114093,1,14,14,0,0,0.0,2019-11-01 01:45:45+00:00,2019-11-01 01:49:56+00:00,Browsers
530118221,1,3,3,0,0,0.0,2019-11-01 02:44:34+00:00,2019-11-01 02:46:34+00:00,Browsers
530123863,1,3,3,0,0,0.0,2019-11-01 02:08:34+00:00,2019-11-01 02:09:30+00:00,Browsers
530134757,2,6,6,0,0,0.0,2019-11-01 01:59:50+00:00,2019-11-01 02:06:33+00:00,Browsers
530138148,1,13,13,0,0,0.0,2019-11-01 02:11:30+00:00,2019-11-01 02:24:23+00:00,Browsers
530141996,1,1,1,0,0,0.0,2019-11-01 01:03:23+00:00,2019-11-01 01:03:23+00:00,Browsers
530146660,2,4,4,0,0,0.0,2019-11-01 01:48:44+00:00,2019-11-01 01:57:07+00:00,Browsers
530165980,1,2,2,0,0,0.0,2019-11-01 02:13:17+00:00,2019-11-01 02:14:06+00:00,Browsers
530171688,1,9,9,0,0,0.0,2019-11-01 00:55:15+00:00,2019-11-01 01:01:16+00:00,Browsers
530173538,2,35,35,0,0,0.0,2019-11-01 01:26:02+00:00,2019-11-01 01:49:51+00:00,Browsers
530187571,1,2,2,0,0,0.0,2019-11-01 00:25:43+00:00,2019-11-01 02:04:31+00:00,Browsers
530205704,1,2,2,0,0,0.0,2019-11-01 01:32:16+00:00,2019-11-01 01:33:12+00:00,Browsers
530221353,1,1,1,0,0,0.0,2019-11-01 01:56:41+00:00,2019-11-01 01:56:41+00:00,Browsers
530222334,1,12,12,0,0,0.0,2019-11-01 00:55:50+00:00,2019-11-01 01:07:03+00:00,Browsers
530222960,1,1,1,0,0,0.0,2019-11-01 02:28:31+00:00,2019-11-01 02:28:31+00:00,Browsers
530224588,1,1,1,0,0,0.0,2019-11-01 01:03:24+00:00,2019-11-01 01:03:24+00:00,Browsers
530225353,1,9,9,0,0,0.0,2019-11-01 01:26:14+00:00,2019-11-01 01:31:56+00:00,Browsers
530241978,1,1,1,0,0,0.0,2019-11-01 02:31:27+00:00,2019-11-01 02:31:27+00:00,Browsers
530246765,1,1,1,0,0,0.0,2019-11-01 02:08:25+00:00,2019-11-01 02:08:25+00:00,Browsers
530253263,1,2,2,0,0,0.0,2019-11-01 00:22:14+00:00,2019-11-01 00:23:30+00:00,Browsers
530265258,2,3,3,0,0,0.0,2019-11-01 01:33:36+00:00,2019-11-01 01:44:16+00:00,Browsers
530287925,1,2,2,0,0,0.0,2019-11-01 02:19:27+00:00,2019-11-01 02:19:42+00:00,Browsers
530302391,1,1,1,0,0,0.0,2019-11-01 02:05:32+00:00,2019-11-01 02:05:32+00:00,Browsers
530327518,1,8,8,0,0,0.0,2019-11-01 02:43:00+00:00,2019-11-01 02:47:43+00:00,Browsers
530358789,1,10,10,0,0,0.0,2019-11-01 01:03:51+00:00,2019-11-01 01:10:26+00:00,Browsers
530379824,1,7,7,0,0,0.0,2019-11-01 00:59:11+00:00,2019-11-01 01:12:29+00:00,Browsers
530381056,1,5,5,0,0,0.0,2019-11-01 02:09:28+00:00,2019-11-01 02:12:30+00:00,Browsers
530382450,1,6,6,0,0,0.0,2019-11-01 02:22:56+00:00,2019-11-01 02:29:42+00:00,Browsers
530385335,1,3,3,0,0,0.0,2019-11-01 01:38:39+00:00,2019-11-01 01:42:38+00:00,Browsers
530388112,1,4,4,0,0,0.0,2019-11-01 01:04:22+00:00,2019-11-01 01:06:18+00:00,Browsers
530405203,1,1,1,0,0,0.0,2019-11-01 01:37:20+00:00,2019-11-01 01:37:20+00:00,Browsers
530437937,1,4,4,0,0,0.0,2019-11-01 00:51:40+00:00,2019-11-01 00:56:31+00:00,Browsers
530441903,1,1,1,0,0,0.0,2019-11-01 02:19:00+00:00,2019-11-01 02:19:00+00:00,Browsers
530447253,1,4,4,0,0,0.0,2019-11-01 00:00:59+00:00,2019-11-01 00:15:43+00:00,Browsers
530456866,2,2,2,0,0,0.0,2019-11-01 00:26:21+00:00,2019-11-01 00:27:18+00:00,Browsers
530483793,1,1,1,0,0,0.0,2019-11-01 00:22:09+00:00,2019-11-01 00:22:09+00:00,Browsers
530496790,1,1,1,0,0,0.0,2019-11-01 00:00:00+00:00,2019-11-01 00:00:00+00:00,Browsers
530513202,1,1,1,0,0,0.0,2019-11-01 01:49:45+00:00,2019-11-01 01:49:45+00:00,Browsers
530517882,1,1,1,0,0,0.0,2019-11-01 01:00:27+00:00,2019-11-01 01:00:27+00:00,Browsers
530545378,2,15,15,0,0,0.0,2019-11-01 02:17:30+00:00,2019-11-01 02:26:16+00:00,Browsers
530545774,1,1,1,0,0,0.0,2019-11-01 02:32:31+00:00,2019-11-01 02:32:31+00:00,Browsers
530561749,1,1,1,0,0,0.0,2019-11-01 02:38:49+00:00,2019-11-01 02:38:49+00:00,Browsers
530563703,1,1,1,0,0,0.0,2019-11-01 02:41:32+00:00,2019-11-01 02:41:32+00:00,Browsers
530574698,1,1,1,0,0,0.0,2019-11-01 00:33:03+00:00,2019-11-01 00:33:03+00:00,Browsers
530588589,1,3,2,0,1,1027.44,2019-11-01 02:34:48+00:00,2019-11-01 02:36:44+00:00,High-value users (purchasers)
530589472,1,7,7,0,0,0.0,2019-11-01 01:41:34+00:00,2019-11-01 01:44:14+00:00,Browsers
530592483,1,3,3,0,0,0.0,2019-11-01 00:40:27+00:00,2019-11-01 00:41:08+00:00,Browsers
530627347,1,2,2,0,0,0.0,2019-11-01 01:45:18+00:00,2019-11-01 01:46:26+00:00,Browsers
530637242,1,1,1,0,0,0.0,2019-11-01 02:36:06+00:00,2019-11-01 02:36:06+00:00,Browsers
530638352,2,4,4,0,0,0.0,2019-11-01 02:17:31+00:00,2019-11-01 02:37:03+00:00,Browsers
530650018,1,2,2,0,0,0.0,2019-11-01 02:34:09+00:00,2019-11-01 02:35:11+00:00,Browsers
530651137,1,2,2,0,0,0.0,2019-11-01 01:53:25+00:00,2019-11-01 01:53:44+00:00,Browsers
530659432,1,4,4,0,0,0.0,2019-11-01 01:45:20+00:00,2019-11-01 01:47:13+00:00,Browsers
530691776,1,1,1,0,0,0.0,2019-11-01 02:17:44+00:00,2019-11-01 02:17:44+00:00,Browsers
530695089,2,11,11,0,0,0.0,2019-11-01 00:16:58+00:00,2019-11-01 01:07:19+00:00,Browsers
530717866,1,7,3,2,2,3330.72,2019-11-01 00:23:27+00:00,2019-11-01 00:26:44+00:00,High-value users (purchasers)
530735887,4,15,15,0,0,0.0,2019-11-01 01:08:03+00:00,2019-11-01 02:45:44+00:00,Browsers
530758457,1,1,1,0,0,0.0,2019-11-01 02:12:39+00:00,2019-11-01 02:12:39+00:00,Browsers
530768175,1,1,1,0,0,0.0,2019-11-01 02:17:07+00:00,2019-11-01 02:17:07+00:00,Browsers
530770917,1,7,7,0,0,0.0,2019-11-01 01:41:20+00:00,2019-11-01 01:44:04+00:00,Browsers
530773499,2,7,6,0,1,70.27,2019-11-01 02:29:05+00:00,2019-11-01 02:40:18+00:00,High-value users (purchasers)
530773648,1,8,8,0,0,0.0,2019-11-01 02:38:26+00:00,2019-11-01 02:44:35+00:00,Browsers
530774818,2,6,6,0,0,0.0,2019-11-01 02:34:34+00:00,2019-11-01 02:45:10+00:00,Browsers
530780971,1,4,4,0,0,0.0,2019-11-01 02:37:15+00:00,2019-11-01 02:39:00+00:00,Browsers
530799234,1,2,2,0,0,0.0,2019-11-01 02:12:34+00:00,2019-11-01 02:13:02+00:00,Browsers
530799752,1,5,5,0,0,0.0,2019-11-01 02:44:12+00:00,2019-11-01 02:48:07+00:00,Browsers
530801944,1,4,4,0,0,0.0,2019-11-01 00:36:30+00:00,2019-11-01 01:14:14+00:00,Browsers
530801958,1,35,35,0,0,0.0,2019-11-01 02:13:34+00:00,2019-11-01 02:46:58+00:00,Browsers
530802944,1,1,1,0,0,0.0,2019-11-01 02:07:04+00:00,2019-11-01 02:07:04+00:00,Browsers
530820648,1,6,6,0,0,0.0,2019-11-01 02:43:00+00:00,2019-11-01 02:45:59+00:00,Browsers
530822954,1,3,3,0,0,0.0,2019-11-01 02:23:07+00:00,2019-11-01 02:28:45+00:00,Browsers
530830872,1,2,2,0,0,0.0,2019-11-01 01:29:16+00:00,2019-11-01 01:29:31+00:00,Browsers
530843815,1,7,7,0,0,0.0,2019-11-01 00:38:54+00:00,2019-11-01 00:42:46+00:00,Browsers
530844539,1,4,4,0,0,0.0,2019-11-01 02:45:15+00:00,2019-11-01 02:47:15+00:00,Browsers
530852336,1,4,3,0,1,78.51,2019-11-01 01:45:20+00:00,2019-11-01 01:52:36+00:00,High-value users (purchasers)
530852802,1,2,2,0,0,0.0,2019-11-01 01:29:42+00:00,2019-11-01 01:30:52+00:00,Browsers
530856450,1,1,1,0,0,0.0,2019-11-01 02:25:00+00:00,2019-11-01 02:25:00+00:00,Browsers
530857208,1,6,6,0,0,0.0,2019-11-01 00:00:29+00:00,2019-11-01 00:02:12+00:00,Browsers
530866908,1,1,1,0,0,0.0,2019-11-01 00:46:42+00:00,2019-11-01 00:46:42+00:00,Browsers
530874734,1,6,6,0,0,0.0,2019-11-01 01:45:44+00:00,2019-11-01 01:53:50+00:00,Browsers
530877057,2,23,23,0,0,0.0,2019-11-01 00:45:57+00:00,2019-11-01 01:07:12+00:00,Browsers
530887229,1,2,2,0,0,0.0,2019-11-01 02:47:18+00:00,2019-11-01 02:47:56+00:00,Browsers
530887326,1,2,2,0,0,0.0,2019-11-01 01:33:56+00:00,2019-11-01 01:34:13+00:00,Browsers
530919905,1,1,1,0,0,0.0,2019-11-01 00:49:36+00:00,2019-11-01 00:49:36+00:00,Browsers
530927538,1,3,3,0,0,0.0,2019-11-01 01:55:30+00:00,2019-11-01 01:58:11+00:00,Browsers
530953341,1,1,1,0,0,0.0,2019-11-01 01:40:14+00:00,2019-11-01 01:40:14+00:00,Browsers
530957636,1,5,5,0,0,0.0,2019-11-01 01:28:51+00:00,2019-11-01 01:31:03+00:00,Browsers
530977925,1,1,1,0,0,0.0,2019-11-01 01:56:06+00:00,2019-11-01 01:56:06+00:00,Browsers
530990069,1,4,4,0,0,0.0,2019-11-01 00:51:56+00:00,2019-11-01 00:55:14+00:00,Browsers
531021270,1,1,1,0,0,0.0,2019-11-01 01:15:14+00:00,2019-11-01 01:15:14+00:00,Browsers
531021848,1,6,2,3,1,160.57,2019-11-01 02:33:47+00:00,2019-11-01 02:40:47+00:00,High-value users (purchasers)
531027056,1,2,2,0,0,0.0,2019-11-01 02:05:27+00:00,2019-11-01 02:05:55+00:00,Browsers
531029498,1,11,11,0,0,0.0,2019-11-01 02:40:32+00:00,2019-11-01 02:47:18+00:00,Browsers
531060571,1,2,2,0,0,0.0,2019-11-01 00:28:18+00:00,2019-11-01 00:28:41+00:00,Browsers
531100516,1,3,3,0,0,0.0,2019-11-01 02:15:14+00:00,2019-11-01 02:15:34+00:00,Browsers
531116923,1,1,1,0,0,0.0,2019-11-01 00:29:06+00:00,2019-11-01 00:29:06+00:00,Browsers
531123341,1,1,1,0,0,0.0,2019-11-01 00:36:49+00:00,2019-11-01 00:36:49+00:00,Browsers
531135797,1,1,1,0,0,0.0,2019-11-01 02:47:09+00:00,2019-11-01 02:47:09+00:00,Browsers
531142655,1,1,1,0,0,0.0,2019-11-01 02:26:50+00:00,2019-11-01 02:26:50+00:00,Browsers
531146410,1,5,5,0,0,0.0,2019-11-01 02:21:29+00:00,2019-11-01 02:24:33+00:00,Browsers
531148230,2,2,2,0,0,0.0,2019-11-01 00:00:59+00:00,2019-11-01 00:01:53+00:00,Browsers
531174456,1,1,1,0,0,0.0,2019-11-01 02:06:09+00:00,2019-11-01 02:06:09+00:00,Browsers
531177440,1,10,10,0,0,0.0,2019-11-01 01:30:11+00:00,2019-11-01 01:36:23+00:00,Browsers
531214271,1,4,4,0,0,0.0,2019-11-01 00:39:17+00:00,2019-11-01 00:54:00+00:00,Browsers
531217990,1,16,16,0,0,0.0,2019-11-01 02:41:42+00:00,2019-11-01 02:48:26+00:00,Browsers
531221380,1,1,1,0,0,0.0,2019-11-01 02:45:14+00:00,2019-11-01 02:45:14+00:00,Browsers
531240949,1,7,7,0,0,0.0,2019-11-01 02:30:05+00:00,2019-11-01 02:32:49+00:00,Browsers
531246574,1,2,2,0,0,0.0,2019-11-01 01:55:47+00:00,2019-11-01 01:57:05+00:00,Browsers
531247514,1,1,1,0,0,0.0,2019-11-01 02:22:20+00:00,2019-11-01 02:22:20+00:00,Browsers
531251400,1,2,2,0,0,0.0,2019-11-01 02:33:18+00:00,2019-11-01 02:33:53+00:00,Browsers
531257662,1,18,18,0,0,0.0,2019-11-01 02:04:23+00:00,2019-11-01 02:14:05+00:00,Browsers
531275896,1,1,1,0,0,0.0,2019-11-01 02:00:46+00:00,2019-11-01 02:00:46+00:00,Browsers
531293947,1,2,2,0,0,0.0,2019-11-01 02:19:30+00:00,2019-11-01 02:19:51+00:00,Browsers
531305094,1,5,5,0,0,0.0,2019-11-01 01:36:43+00:00,2019-11-01 01:51:55+00:00,Browsers
531305333,1,1,1,0,0,0.0,2019-11-01 02:21:43+00:00,2019-11-01 02:21:43+00:00,Browsers
531324904,1,2,2,0,0,0.0,2019-11-01 01:59:19+00:00,2019-11-01 01:59:23+00:00,Browsers
531333947,1,2,2,0,0,0.0,2019-11-01 02:37:59+00:00,2019-11-01 02:40:28+00:00,Browsers
531334571,1,27,27,0,0,0.0,2019-11-01 02:21:26+00:00,2019-11-01 02:37:01+00:00,Browsers
531361311,1,1,1,0,0,0.0,2019-11-01 02:01:41+00:00,2019-11-01 02:01:41+00:00,Browsers
531368322,1,1,1,0,0,0.0,2019-11-01 02:47:27+00:00,2019-11-01 02:47:27+00:00,Browsers
531370033,1,4,4,0,0,0.0,2019-11-01 01:46:51+00:00,2019-11-01 01:49:27+00:00,Browsers
531372224,1,28,28,0,0,0.0,2019-11-01 02:23:17+00:00,2019-11-01 02:42:52+00:00,Browsers
531388912,1,1,1,0,0,0.0,2019-11-01 00:42:19+00:00,2019-11-01 00:42:19+00:00,Browsers
531394216,1,2,2,0,0,0.0,2019-11-01 02:33:15+00:00,2019-11-01 02:33:35+00:00,Browsers
531396741,1,1,1,0,0,0.0,2019-11-01 02:33:36+00:00,2019-11-01 02:33:36+00:00,Browsers
531399023,1,1,1,0,0,0.0,2019-11-01 02:26:40+00:00,2019-11-01 02:26:40+00:00,Browsers
531403739,1,2,2,0,0,0.0,2019-11-01 02:32:01+00:00,2019-11-01 02:32:27+00:00,Browsers
531413680,1,1,1,0,0,0.0,2019-11-01 01:41:12+00:00,2019-11-01 01:41:12+00:00,Browsers
531457922,1,1,1,0,0,0.0,2019-11-01 01:59:41+00:00,2019-11-01 01:59:41+00:00,Browsers
531465927,1,1,1,0,0,0.0,2019-11-01 02:19:29+00:00,2019-11-01 02:19:29+00:00,Browsers
531491538,1,1,1,0,0,0.0,2019-11-01 02:01:47+00:00,2019-11-01 02:01:47+00:00,Browsers
531504240,1,9,9,0,0,0.0,2019-11-01 01:31:21+00:00,2019-11-01 01:37:13+00:00,Browsers
531514960,1,20,19,1,0,0.0,2019-11-01 01:54:29+00:00,2019-11-01 02:03:56+00:00,Cart abandoners
531527575,1,2,2,0,0,0.0,2019-11-01 02:13:07+00:00,2019-11-01 02:16:39+00:00,Browsers
531531705,1,4,4,0,0,0.0,2019-11-01 01:56:30+00:00,2019-11-01 01:59:30+00:00,Browsers
531546325,1,3,3,0,0,0.0,2019-11-01 01:47:02+00:00,2019-11-01 01:49:45+00:00,Browsers
531549122,2,3,3,0,0,0.0,2019-11-01 02:31:27+00:00,2019-11-01 02:34:56+00:00,Browsers
531552598,1,1,1,0,0,0.0,2019-11-01 02:47:48+00:00,2019-11-01 02:47:48+00:00,Browsers
531559551,1,5,5,0,0,0.0,2019-11-01 02:30:50+00:00,2019-11-01 02:31:27+00:00,Browsers
531568298,1,1,1,0,0,0.0,2019-11-01 00:58:34+00:00,2019-11-01 00:58:34+00:00,Browsers
531584589,3,4,4,0,0,0.0,2019-11-01 00:01:30+00:00,2019-11-01 00:13:47+00:00,Browsers
531590004,1,6,6,0,0,0.0,2019-11-01 02:32:28+00:00,2019-11-01 02:39:11+00:00,Browsers
531628174,1,4,4,0,0,0.0,2019-11-01 02:30:37+00:00,2019-11-01 02:32:39+00:00,Browsers
531632699,2,3,3,0,0,0.0,2019-11-01 02:05:58+00:00,2019-11-01 02:13:19+00:00,Browsers
531637416,1,2,2,0,0,0.0,2019-11-01 01:32:56+00:00,2019-11-01 01:33:28+00:00,Browsers
531639464,2,9,9,0,0,0.0,2019-11-01 00:22:59+00:00,2019-11-01 00:31:15+00:00,Browsers
531643800,1,2,2,0,0,0.0,2019-11-01 02:33:26+00:00,2019-11-01 02:34:20+00:00,Browsers
531651764,1,2,2,0,0,0.0,2019-11-01 00:59:10+00:00,2019-11-01 00:59:32+00:00,Browsers
531675267,1,8,8,0,0,0.0,2019-11-01 01:55:24+00:00,2019-11-01 02:04:36+00:00,Browsers
531678130,1,1,1,0,0,0.0,2019-11-01 02:04:02+00:00,2019-11-01 02:04:02+00:00,Browsers
531680212,1,1,1,0,0,0.0,2019-11-01 01:57:40+00:00,2019-11-01 01:57:40+00:00,Browsers
531699214,1,2,2,0,0,0.0,2019-11-01 01:29:32+00:00,2019-11-01 01:30:22+00:00,Browsers
531714510,1,3,3,0,0,0.0,2019-11-01 01:32:49+00:00,2019-11-01 01:35:21+00:00,Browsers
531715506,1,3,3,0,0,0.0,2019-11-01 01:25:32+00:00,2019-11-01 01:27:47+00:00,Browsers
531716283,1,3,3,0,0,0.0,2019-11-01 01:27:20+00:00,2019-11-01 01:30:01+00:00,Browsers
531728455,1,7,6,0,1,36.07,2019-11-01 02:34:50+00:00,2019-11-01 02:38:46+00:00,High-value users (purchasers)
531734498,2,12,12,0,0,0.0,2019-11-01 02:26:52+00:00,2019-11-01 02:44:50+00:00,Browsers
531764468,1,5,5,0,0,0.0,2019-11-01 02:13:51+00:00,2019-11-01 02:15:28+00:00,Browsers
531776375,2,4,4,0,0,0.0,2019-11-01 01:38:34+00:00,2019-11-01 01:40:33+00:00,Browsers
531848065,1,4,3,0,1,42.99,2019-11-01 00:43:12+00:00,2019-11-01 00:45:34+00:00,High-value users (purchasers)
531849754,1,2,2,0,0,0.0,2019-11-01 00:10:19+00:00,2019-11-01 00:15:55+00:00,Browsers
531866975,2,4,4,0,0,0.0,2019-11-01 02:26:39+00:00,2019-11-01 02:27:46+00:00,Browsers
531883904,4,4,4,0,0,0.0,2019-11-01 00:25:48+00:00,2019-11-01 00:33:00+00:00,Browsers
531888725,1,2,2,0,0,0.0,2019-11-01 02:42:07+00:00,2019-11-01 02:43:10+00:00,Browsers
531892865,1,1,1,0,0,0.0,2019-11-01 02:01:59+00:00,2019-11-01 02:01:59+00:00,Browsers
531905454,1,1,1,0,0,0.0,2019-11-01 02:34:37+00:00,2019-11-01 02:34:37+00:00,Browsers
531918477,1,3,3,0,0,0.0,2019-11-01 02:38:46+00:00,2019-11-01 02:42:12+00:00,Browsers
531920881,1,3,3,0,0,0.0,2019-11-01 01:53:19+00:00,2019-11-01 01:59:42+00:00,Browsers
531924759,1,7,7,0,0,0.0,2019-11-01 02:27:16+00:00,2019-11-01 02:32:45+00:00,Browsers
531956157,1,1,1,0,0,0.0,2019-11-01 02:41:11+00:00,2019-11-01 02:41:11+00:00,Browsers
531958488,1,1,1,0,0,0.0,2019-11-01 01:29:39+00:00,2019-11-01 01:29:39+00:00,Browsers
531968973,1,14,14,0,0,0.0,2019-11-01 00:01:04+00:00,2019-11-01 00:11:40+00:00,Browsers
531981598,1,8,8,0,0,0.0,2019-11-01 01:51:40+00:00,2019-11-01 01:56:34+00:00,Browsers
532005564,1,3,3,0,0,0.0,2019-11-01 02:41:39+00:00,2019-11-01 02:42:39+00:00,Browsers
532019654,1,1,1,0,0,0.0,2019-11-01 00:18:03+00:00,2019-11-01 00:18:03+00:00,Browsers
532031307,1,7,7,0,0,0.0,2019-11-01 01:03:55+00:00,2019-11-01 01:09:05+00:00,Browsers
532038405,1,11,11,0,0,0.0,2019-11-01 02:10:49+00:00,2019-11-01 02:17:42+00:00,Browsers
532045355,1,4,4,0,0,0.0,2019-11-01 02:11:21+00:00,2019-11-01 02:13:32+00:00,Browsers
532049337,1,1,1,0,0,0.0,2019-11-01 00:18:47+00:00,2019-11-01 00:18:47+00:00,Browsers
532074645,1,1,1,0,0,0.0,2019-11-01 02:20:32+00:00,2019-11-01 02:20:32+00:00,Browsers
532082676,1,3,3,0,0,0.0,2019-11-01 01:03:37+00:00,2019-11-01 01:04:49+00:00,Browsers
532083923,1,11,11,0,0,0.0,2019-11-01 00:52:09+00:00,2019-11-01 01:00:45+00:00,Browsers
532085155,1,1,1,0,0,0.0,2019-11-01 02:20:07+00:00,2019-11-01 02:20:07+00:00,Browsers
532095982,1,6,6,0,0,0.0,2019-11-01 00:25:27+00:00,2019-11-01 00:27:20+00:00,Browsers
532096809,2,3,3,0,0,0.0,2019-11-01 01:28:13+00:00,2019-11-01 01:29:07+00:00,Browsers
532107139,1,2,1,1,0,0.0,2019-11-01 01:53:01+00:00,2019-11-01 01:54:01+00:00,Cart abandoners
532110265,1,1,1,0,0,0.0,2019-11-01 01:07:25+00:00,2019-11-01 01:07:25+00:00,Browsers
532110943,2,12,12,0,0,0.0,2019-11-01 00:18:20+00:00,2019-11-01 00:32:52+00:00,Browsers
532141156,1,1,1,0,0,0.0,2019-11-01 00:39:26+00:00,2019-11-01 00:39:26+00:00,Browsers
532153591,1,4,4,0,0,0.0,2019-11-01 00:19:45+00:00,2019-11-01 00:24:26+00:00,Browsers
532195453,1,5,5,0,0,0.0,2019-11-01 01:32:26+00:00,2019-11-01 01:41:19+00:00,Browsers
532201720,1,1,1,0,0,0.0,2019-11-01 00:47:32+00:00,2019-11-01 00:47:32+00:00,Browsers
532206941,1,1,1,0,0,0.0,2019-11-01 02:18:44+00:00,2019-11-01 02:18:44+00:00,Browsers
532207141,1,1,1,0,0,0.0,2019-11-01 02:04:01+00:00,2019-11-01 02:04:01+00:00,Browsers
532217732,1,2,2,0,0,0.0,2019-11-01 01:49:57+00:00,2019-11-01 01:50:17+00:00,Browsers
532228874,1,5,5,0,0,0.0,2019-11-01 02:16:00+00:00,2019-11-01 02:23:36+00:00,Browsers
532235438,1,6,6,0,0,0.0,2019-11-01 01:57:53+00:00,2019-11-01 02:03:41+00:00,Browsers
532243392,1,1,1,0,0,0.0,2019-11-01 00:59:21+00:00,2019-11-01 00:59:21+00:00,Browsers
532260885,1,3,3,0,0,0.0,2019-11-01 01:03:43+00:00,2019-11-01 01:08:34+00:00,Browsers
532266103,2,2,2,0,0,0.0,2019-11-01 00:26:45+00:00,2019-11-01 00:27:03+00:00,Browsers
532269578,2,5,5,0,0,0.0,2019-11-01 01:34:07+00:00,2019-11-01 01:36:47+00:00,Browsers
532277431,1,2,2,0,0,0.0,2019-11-01 02:42:23+00:00,2019-11-01 02:42:39+00:00,Browsers
532290024,1,5,5,0,0,0.0,2019-11-01 02:44:57+00:00,2019-11-01 02:47:59+00:00,Browsers
532294751,6,14,14,0,0,0.0,2019-11-01 01:58:55+00:00,2019-11-01 02:10:36+00:00,Browsers
532297687,1,1,1,0,0,0.0,2019-11-01 02:39:38+00:00,2019-11-01 02:39:38+00:00,Browsers
532301335,1,1,1,0,0,0.0,2019-11-01 02:27:26+00:00,2019-11-01 02:27:26+00:00,Browsers
532306841,1,1,1,0,0,0.0,2019-11-01 02:26:37+00:00,2019-11-01 02:26:37+00:00,Browsers
532331765,1,7,7,0,0,0.0,2019-11-01 00:19:53+00:00,2019-11-01 00:26:04+00:00,Browsers
532331996,1,6,6,0,0,0.0,2019-11-01 01:42:59+00:00,2019-11-01 01:45:08+00:00,Browsers
532353442,1,26,26,0,0,0.0,2019-11-01 02:19:24+00:00,2019-11-01 02:47:29+00:00,Browsers
532359958,1,1,1,0,0,0.0,2019-11-01 02:39:34+00:00,2019-11-01 02:39:34+00:00,Browsers
532364121,1,3,3,0,0,0.0,2019-11-01 00:00:02+00:00,2019-11-01 00:01:35+00:00,Browsers
532372863,1,1,1,0,0,0.0,2019-11-01 01:55:27+00:00,2019-11-01 01:55:27+00:00,Browsers
532375032,1,2,2,0,0,0.0,2019-11-01 02:31:58+00:00,2019-11-01 02:32:49+00:00,Browsers
532381974,1,9,9,0,0,0.0,2019-11-01 02:41:41+00:00,2019-11-01 02:46:29+00:00,Browsers
532397890,1,2,2,0,0,0.0,2019-11-01 01:45:44+00:00,2019-11-01 01:46:51+00:00,Browsers
532398919,1,1,1,0,0,0.0,2019-11-01 01:37:52+00:00,2019-11-01 01:37:52+00:00,Browsers
532401523,1,7,7,0,0,0.0,2019-11-01 02:02:29+00:00,2019-11-01 02:06:33+00:00,Browsers
532412649,1,7,7,0,0,0.0,2019-11-01 02:03:27+00:00,2019-11-01 02:07:49+00:00,Browsers
532414392,3,3,3,0,0,0.0,2019-11-01 02:14:30+00:00,2019-11-01 02:42:34+00:00,Browsers
532416027,1,1,1,0,0,0.0,2019-11-01 02:46:30+00:00,2019-11-01 02:46:30+00:00,Browsers
532435239,2,3,3,0,0,0.0,2019-11-01 00:38:28+00:00,2019-11-01 00:52:36+00:00,Browsers
532447746,1,1,1,0,0,0.0,2019-11-01 00:32:49+00:00,2019-11-01 00:32:49+00:00,Browsers
532455955,1,4,4,0,0,0.0,2019-11-01 01:27:04+00:00,2019-11-01 01:28:22+00:00,Browsers
532463112,1,9,9,0,0,0.0,2019-11-01 02:42:56+00:00,2019-11-01 02:48:00+00:00,Browsers
532478977,1,1,1,0,0,0.0,2019-11-01 02:00:27+00:00,2019-11-01 02:00:27+00:00,Browsers
532490839,1,2,2,0,0,0.0,2019-11-01 01:58:01+00:00,2019-11-01 02:01:18+00:00,Browsers
532533316,1,6,6,0,0,0.0,2019-11-01 01:59:03+00:00,2019-11-01 02:03:40+00:00,Browsers
532535634,1,4,4,0,0,0.0,2019-11-01 00:32:00+00:00,2019-11-01 00:32:48+00:00,Browsers
532541006,1,3,3,0,0,0.0,2019-11-01 01:04:10+00:00,2019-11-01 01:05:31+00:00,Browsers
532541778,1,1,1,0,0,0.0,2019-11-01 01:30:55+00:00,2019-11-01 01:30:55+00:00,Browsers
532542999,1,3,2,1,0,0.0,2019-11-01 00:35:07+00:00,2019-11-01 00:38:33+00:00,Cart abandoners
532556895,1,1,1,0,0,0.0,2019-11-01 00:29:44+00:00,2019-11-01 00:29:44+00:00,Browsers
532572658,3,11,11,0,0,0.0,2019-11-01 00:01:03+00:00,2019-11-01 00:11:53+00:00,Browsers
532604326,1,9,9,0,0,0.0,2019-11-01 01:47:23+00:00,2019-11-01 01:51:37+00:00,Browsers
532610883,1,1,1,0,0,0.0,2019-11-01 02:42:10+00:00,2019-11-01 02:42:10+00:00,Browsers
532614786,1,2,2,0,0,0.0,2019-11-01 01:30:00+00:00,2019-11-01 01:31:39+00:00,Browsers
532620976,1,3,3,0,0,0.0,2019-11-01 01:40:16+00:00,2019-11-01 01:42:11+00:00,Browsers
532644320,1,1,1,0,0,0.0,2019-11-01 02:22:07+00:00,2019-11-01 02:22:07+00:00,Browsers
532647354,1,9,9,0,0,0.0,2019-11-01 00:00:02+00:00,2019-11-01 00:03:21+00:00,Browsers
532647875,1,1,1,0,0,0.0,2019-11-01 02:04:22+00:00,2019-11-01 02:04:22+00:00,Browsers
532672279,1,1,1,0,0,0.0,2019-11-01 01:37:00+00:00,2019-11-01 01:37:00+00:00,Browsers
532673786,1,1,1,0,0,0.0,2019-11-01 00:40:50+00:00,2019-11-01 00:40:50+00:00,Browsers
532675275,1,1,1,0,0,0.0,2019-11-01 02:28:06+00:00,2019-11-01 02:28:06+00:00,Browsers
532701597,1,2,2,0,0,0.0,2019-11-01 02:10:32+00:00,2019-11-01 02:10:46+00:00,Browsers
532704496,1,5,5,0,0,0.0,2019-11-01 00:00:12+00:00,2019-11-01 00:03:42+00:00,Browsers
532734325,1,2,2,0,0,0.0,2019-11-01 00:21:54+00:00,2019-11-01 00:22:13+00:00,Browsers
532761670,1,8,8,0,0,0.0,2019-11-01 02:40:14+00:00,2019-11-01 02:43:59+00:00,Browsers
532768897,1,1,1,0,0,0.0,2019-11-01 01:04:54+00:00,2019-11-01 01:04:54+00:00,Browsers
532775326,3,6,6,0,0,0.0,2019-11-01 01:52:05+00:00,2019-11-01 02:06:11+00:00,Browsers
532777383,1,4,4,0,0,0.0,2019-11-01 00:35:52+00:00,2019-11-01 00:40:23+00:00,Browsers
532778450,1,5,5,0,0,0.0,2019-11-01 01:47:14+00:00,2019-11-01 01:57:54+00:00,Browsers
532791085,3,4,4,0,0,0.0,2019-11-01 01:40:56+00:00,2019-11-01 02:30:36+00:00,Browsers
532791423,1,4,4,0,0,0.0,2019-11-01 02:27:37+00:00,2019-11-01 02:29:35+00:00,Browsers
532799697,1,3,3,0,0,0.0,2019-11-01 00:38:34+00:00,2019-11-01 01:05:25+00:00,Browsers
532841906,1,8,7,0,1,30.34,2019-11-01 02:14:01+00:00,2019-11-01 02:17:10+00:00,High-value users (purchasers)
532849073,1,4,4,0,0,0.0,2019-11-01 00:04:43+00:00,2019-11-01 00:11:20+00:00,Browsers
532854802,1,1,1,0,0,0.0,2019-11-01 02:12:00+00:00,2019-11-01 02:12:00+00:00,Browsers
532879560,1,2,2,0,0,0.0,2019-11-01 01:35:49+00:00,2019-11-01 01:35:57+00:00,Browsers
532908784,1,2,2,0,0,0.0,2019-11-01 01:34:32+00:00,2019-11-01 01:34:44+00:00,Browsers
532918938,1,7,7,0,0,0.0,2019-11-01 02:03:58+00:00,2019-11-01 02:06:07+00:00,Browsers
532943419,1,3,3,0,0,0.0,2019-11-01 01:03:32+00:00,2019-11-01 01:08:10+00:00,Browsers
532974869,2,3,3,0,0,0.0,2019-11-01 02:21:57+00:00,2019-11-01 02:22:57+00:00,Browsers
532977437,1,1,1,0,0,0.0,2019-11-01 01:42:37+00:00,2019-11-01 01:42:37+00:00,Browsers
532982710,1,2,2,0,0,0.0,2019-11-01 00:19:09+00:00,2019-11-01 00:20:00+00:00,Browsers
532986507,1,1,1,0,0,0.0,2019-11-01 00:35:22+00:00,2019-11-01 00:35:22+00:00,Browsers
533017515,1,1,1,0,0,0.0,2019-11-01 00:51:25+00:00,2019-11-01 00:51:25+00:00,Browsers
533020620,1,1,1,0,0,0.0,2019-11-01 00:19:04+00:00,2019-11-01 00:19:04+00:00,Browsers
533027678,1,14,14,0,0,0.0,2019-11-01 01:42:29+00:00,2019-11-01 01:49:41+00:00,Browsers
533030747,1,1,1,0,0,0.0,2019-11-01 01:47:22+00:00,2019-11-01 01:47:22+00:00,Browsers
533033474,1,2,2,0,0,0.0,2019-11-01 02:30:28+00:00,2019-11-01 02:30:44+00:00,Browsers
533034604,1,1,1,0,0,0.0,2019-11-01 01:34:15+00:00,2019-11-01 01:34:15+00:00,Browsers
533041350,1,1,1,0,0,0.0,2019-11-01 02:01:18+00:00,2019-11-01 02:01:18+00:00,Browsers
533044192,3,10,10,0,0,0.0,2019-11-01 01:52:38+00:00,2019-11-01 02:02:27+00:00,Browsers
533064698,1,1,1,0,0,0.0,2019-11-01 00:49:58+00:00,2019-11-01 00:49:58+00:00,Browsers
533100712,1,2,2,0,0,0.0,2019-11-01 01:40:56+00:00,2019-11-01 01:41:10+00:00,Browsers
533102361,1,3,3,0,0,0.0,2019-11-01 02:16:50+00:00,2019-11-01 02:18:08+00:00,Browsers
533102430,1,3,3,0,0,0.0,2019-11-01 00:17:13+00:00,2019-11-01 00:36:04+00:00,Browsers
533120700,1,7,7,0,0,0.0,2019-11-01 02:39:15+00:00,2019-11-01 02:43:34+00:00,Browsers
533130276,2,3,2,1,0,0.0,2019-11-01 00:34:25+00:00,2019-11-01 01:06:22+00:00,Cart abandoners
533131899,1,1,1,0,0,0.0,2019-11-01 01:47:57+00:00,2019-11-01 01:47:57+00:00,Browsers
533140011,1,1,1,0,0,0.0,2019-11-01 01:44:49+00:00,2019-11-01 01:44:49+00:00,Browsers
533145081,1,1,1,0,0,0.0,2019-11-01 02:39:58+00:00,2019-11-01 02:39:58+00:00,Browsers
533146381,1,8,8,0,0,0.0,2019-11-01 02:04:36+00:00,2019-11-01 02:07:32+00:00,Browsers
533150099,1,2,2,0,0,0.0,2019-11-01 02:41:13+00:00,2019-11-01 02:42:05+00:00,Browsers
533152421,1,4,4,0,0,0.0,2019-11-01 01:34:02+00:00,2019-11-01 01:36:13+00:00,Browsers
533155093,2,8,8,0,0,0.0,2019-11-01 02:26:24+00:00,2019-11-01 02:36:57+00:00,Browsers
533160248,1,1,1,0,0,0.0,2019-11-01 01:29:49+00:00,2019-11-01 01:29:49+00:00,Browsers
533169377,1,11,11,0,0,0.0,2019-11-01 02:24:51+00:00,2019-11-01 02:32:00+00:00,Browsers
533174696,1,9,9,0,0,0.0,2019-11-01 00:49:53+00:00,2019-11-01 00:52:09+00:00,Browsers
533174796,2,4,4,0,0,0.0,2019-11-01 02:34:23+00:00,2019-11-01 02:38:45+00:00,Browsers
533189542,1,6,5,0,1,169.81,2019-11-01 01:02:13+00:00,2019-11-01 01:05:07+00:00,High-value users (purchasers)
533271638,1,1,1,0,0,0.0,2019-11-01 00:26:33+00:00,2019-11-01 00:26:33+00:00,Browsers
533300737,1,1,1,0,0,0.0,2019-11-01 01:40:49+00:00,2019-11-01 01:40:49+00:00,Browsers
533306650,1,1,1,0,0,0.0,2019-11-01 02:36:41+00:00,2019-11-01 02:36:41+00:00,Browsers
533307635,1,13,13,0,0,0.0,2019-11-01 01:32:29+00:00,2019-11-01 01:45:32+00:00,Browsers
533308184,3,15,15,0,0,0.0,2019-11-01 01:47:45+00:00,2019-11-01 02:30:42+00:00,Browsers
533312397,1,9,9,0,0,0.0,2019-11-01 00:04:28+00:00,2019-11-01 00:33:47+00:00,Browsers
533315448,1,6,6,0,0,0.0,2019-11-01 02:38:41+00:00,2019-11-01 02:42:16+00:00,Browsers
533326659,1,1,0,1,0,0.0,2019-11-01 00:00:14+00:00,2019-11-01 00:00:14+00:00,Cart abandoners
533333345,1,7,7,0,0,0.0,2019-11-01 02:11:58+00:00,2019-11-01 02:14:12+00:00,Browsers
533351761,2,38,38,0,0,0.0,2019-11-01 00:00:16+00:00,2019-11-01 02:42:08+00:00,Browsers
533352165,1,22,22,0,0,0.0,2019-11-01 00:09:22+00:00,2019-11-01 00:30:46+00:00,Browsers
533354110,1,1,1,0,0,0.0,2019-11-01 02:31:17+00:00,2019-11-01 02:31:17+00:00,Browsers
533356364,2,2,2,0,0,0.0,2019-11-01 02:42:59+00:00,2019-11-01 02:43:20+00:00,Browsers
533365442,1,3,3,0,0,0.0,2019-11-01 01:35:28+00:00,2019-11-01 01:39:53+00:00,Browsers
533372359,3,4,4,0,0,0.0,2019-11-01 00:26:48+00:00,2019-11-01 00:42:52+00:00,Browsers
533374754,1,2,2,0,0,0.0,2019-11-01 01:56:06+00:00,2019-11-01 01:59:12+00:00,Browsers
533375500,1,4,4,0,0,0.0,2019-11-01 00:58:53+00:00,2019-11-01 01:01:49+00:00,Browsers
533379194,1,4,4,0,0,0.0,2019-11-01 01:58:38+00:00,2019-11-01 02:05:56+00:00,Browsers
533406852,1,6,6,0,0,0.0,2019-11-01 02:38:50+00:00,2019-11-01 02:44:37+00:00,Browsers
533414096,2,4,4,0,0,0.0,2019-11-01 02:43:46+00:00,2019-11-01 02:46:43+00:00,Browsers
533422049,1,1,1,0,0,0.0,2019-11-01 00:21:31+00:00,2019-11-01 00:21:31+00:00,Browsers
533427236,1,5,4,0,1,308.63,2019-11-01 01:40:11+00:00,2019-11-01 01:47:59+00:00,High-value users (purchasers)
533437717,1,1,1,0,0,0.0,2019-11-01 02:21:48+00:00,2019-11-01 02:21:48+00:00,Browsers
533463281,2,7,7,0,0,0.0,2019-11-01 00:12:15+00:00,2019-11-01 00:27:20+00:00,Browsers
533470422,1,2,2,0,0,0.0,2019-11-01 02:24:12+00:00,2019-11-01 02:24:58+00:00,Browsers
533484169,1,4,4,0,0,0.0,2019-11-01 02:01:17+00:00,2019-11-01 02:07:27+00:00,Browsers
533489073,1,1,1,0,0,0.0,2019-11-01 02:10:33+00:00,2019-11-01 02:10:33+00:00,Browsers
533506635,1,1,1,0,0,0.0,2019-11-01 02:36:34+00:00,2019-11-01 02:36:34+00:00,Browsers
533515097,1,8,7,1,0,0.0,2019-11-01 02:38:35+00:00,2019-11-01 02:41:57+00:00,Cart abandoners
533539339,1,1,1,0,0,0.0,2019-11-01 02:14:29+00:00,2019-11-01 02:14:29+00:00,Browsers
533556021,1,3,3,0,0,0.0,2019-11-01 02:24:17+00:00,2019-11-01 02:25:20+00:00,Browsers
533560757,1,5,5,0,0,0.0,2019-11-01 01:54:54+00:00,2019-11-01 01:56:57+00:00,Browsers
533564838,1,1,1,0,0,0.0,2019-11-01 02:06:39+00:00,2019-11-01 02:06:39+00:00,Browsers
533584447,1,7,7,0,0,0.0,2019-11-01 01:55:55+00:00,2019-11-01 02:00:58+00:00,Browsers
533593419,1,2,2,0,0,0.0,2019-11-01 02:11:09+00:00,2019-11-01 02:11:24+00:00,Browsers
533600078,2,5,5,0,0,0.0,2019-11-01 01:48:50+00:00,2019-11-01 02:19:45+00:00,Browsers
533631053,1,1,1,0,0,0.0,2019-11-01 02:17:28+00:00,2019-11-01 02:17:28+00:00,Browsers
533631731,1,11,11,0,0,0.0,2019-11-01 02:03:37+00:00,2019-11-01 02:12:19+00:00,Browsers
533646243,1,1,1,0,0,0.0,2019-11-01 00:46:29+00:00,2019-11-01 00:46:29+00:00,Browsers
533649812,2,11,11,0,0,0.0,2019-11-01 00:59:52+00:00,2019-11-01 01:07:59+00:00,Browsers
533653108,1,1,1,0,0,0.0,2019-11-01 00:12:07+00:00,2019-11-01 00:12:07+00:00,Browsers
533684527,1,1,1,0,0,0.0,2019-11-01 02:38:48+00:00,2019-11-01 02:38:48+00:00,Browsers
533687444,1,7,3,3,1,229.9,2019-11-01 01:38:11+00:00,2019-11-01 01:47:08+00:00,High-value users (purchasers)
533693502,1,1,1,0,0,0.0,2019-11-01 02:23:51+00:00,2019-11-01 02:23:51+00:00,Browsers
533729893,1,11,11,0,0,0.0,2019-11-01 00:55:15+00:00,2019-11-01 01:03:57+00:00,Browsers
533735150,1,8,8,0,0,0.0,2019-11-01 02:36:49+00:00,2019-11-01 02:41:50+00:00,Browsers
533739932,1,1,1,0,0,0.0,2019-11-01 01:47:37+00:00,2019-11-01 01:47:37+00:00,Browsers
533746995,1,1,1,0,0,0.0,2019-11-01 02:37:00+00:00,2019-11-01 02:37:00+00:00,Browsers
533751955,1,9,9,0,0,0.0,2019-11-01 00:29:32+00:00,2019-11-01 00:51:10+00:00,Browsers
533761808,1,3,3,0,0,0.0,2019-11-01 02:36:38+00:00,2019-11-01 02:37:14+00:00,Browsers
533762153,1,2,2,0,0,0.0,2019-11-01 01:39:27+00:00,2019-11-01 01:39:31+00:00,Browsers
533768504,1,7,6,1,0,0.0,2019-11-01 02:34:54+00:00,2019-11-01 02:40:03+00:00,Cart abandoners
533778603,1,1,1,0,0,0.0,2019-11-01 02:11:48+00:00,2019-11-01 02:11:48+00:00,Browsers
533783574,1,1,1,0,0,0.0,2019-11-01 02:36:02+00:00,2019-11-01 02:36:02+00:00,Browsers
533788862,2,4,4,0,0,0.0,2019-11-01 01:55:03+00:00,2019-11-01 02:46:15+00:00,Browsers
533791494,3,9,7,2,0,0.0,2019-11-01 01:32:53+00:00,2019-11-01 02:20:47+00:00,Cart abandoners
533798786,1,3,3,0,0,0.0,2019-11-01 02:26:24+00:00,2019-11-01 02:28:24+00:00,Browsers
533799620,1,1,1,0,0,0.0,2019-11-01 02:11:46+00:00,2019-11-01 02:11:46+00:00,Browsers
533824867,2,9,9,0,0,0.0,2019-11-01 02:01:23+00:00,2019-11-01 02:07:18+00:00,Browsers
533825035,1,3,3,0,0,0.0,2019-11-01 02:21:05+00:00,2019-11-01 02:22:51+00:00,Browsers
533827276,1,31,31,0,0,0.0,2019-11-01 01:32:24+00:00,2019-11-01 01:52:05+00:00,Browsers
533833284,1,1,1,0,0,0.0,2019-11-01 02:17:24+00:00,2019-11-01 02:17:24+00:00,Browsers
533833624,1,2,2,0,0,0.0,2019-11-01 02:29:35+00:00,2019-11-01 02:30:29+00:00,Browsers
533843158,1,1,1,0,0,0.0,2019-11-01 02:48:00+00:00,2019-11-01 02:48:00+00:00,Browsers
533863630,2,14,14,0,0,0.0,2019-11-01 01:55:58+00:00,2019-11-01 02:11:34+00:00,Browsers
533877078,1,1,1,0,0,0.0,2019-11-01 02:44:55+00:00,2019-11-01 02:44:55+00:00,Browsers
533890998,1,6,6,0,0,0.0,2019-11-01 00:32:30+00:00,2019-11-01 00:35:39+00:00,Browsers
533901305,1,2,2,0,0,0.0,2019-11-01 02:03:54+00:00,2019-11-01 02:05:35+00:00,Browsers
533906390,1,3,3,0,0,0.0,2019-11-01 01:58:31+00:00,2019-11-01 02:02:01+00:00,Browsers
533932392,1,9,9,0,0,0.0,2019-11-01 02:03:11+00:00,2019-11-01 02:08:24+00:00,Browsers
533941033,1,1,1,0,0,0.0,2019-11-01 02:34:38+00:00,2019-11-01 02:34:38+00:00,Browsers
533951264,1,3,3,0,0,0.0,2019-11-01 01:45:19+00:00,2019-11-01 01:46:17+00:00,Browsers
534008948,1,1,1,0,0,0.0,2019-11-01 00:52:46+00:00,2019-11-01 00:52:46+00:00,Browsers
534017334,1,1,1,0,0,0.0,2019-11-01 02:16:29+00:00,2019-11-01 02:16:29+00:00,Browsers
534051007,1,5,5,0,0,0.0,2019-11-01 01:26:58+00:00,2019-11-01 01:29:31+00:00,Browsers
534054030,1,2,1,1,0,0.0,2019-11-01 01:43:56+00:00,2019-11-01 01:44:26+00:00,Cart abandoners
534070234,3,5,5,0,0,0.0,2019-11-01 02:19:45+00:00,2019-11-01 02:27:43+00:00,Browsers
534090034,1,6,6,0,0,0.0,2019-11-01 00:51:11+00:00,2019-11-01 00:57:51+00:00,Browsers
534092745,1,6,6,0,0,0.0,2019-11-01 01:33:28+00:00,2019-11-01 01:35:44+00:00,Browsers
534108111,1,7,7,0,0,0.0,2019-11-01 02:33:56+00:00,2019-11-01 02:38:25+00:00,Browsers
534110171,1,2,1,1,0,0.0,2019-11-01 02:04:53+00:00,2019-11-01 02:06:36+00:00,Cart abandoners
534118574,1,1,1,0,0,0.0,2019-11-01 02:28:15+00:00,2019-11-01 02:28:15+00:00,Browsers
534126527,1,1,1,0,0,0.0,2019-11-01 00:26:36+00:00,2019-11-01 00:26:36+00:00,Browsers
534134034,1,1,1,0,0,0.0,2019-11-01 02:24:15+00:00,2019-11-01 02:24:15+00:00,Browsers
534169667,1,2,2,0,0,0.0,2019-11-01 01:56:05+00:00,2019-11-01 01:57:03+00:00,Browsers
534192289,1,1,1,0,0,0.0,2019-11-01 02:31:00+00:00,2019-11-01 02:31:00+00:00,Browsers
534194458,1,1,1,0,0,0.0,2019-11-01 02:33:48+00:00,2019-11-01 02:33:48+00:00,Browsers
534210002,2,4,4,0,0,0.0,2019-11-01 02:17:48+00:00,2019-11-01 02:25:31+00:00,Browsers
534229519,1,3,3,0,0,0.0,2019-11-01 02:45:42+00:00,2019-11-01 02:46:39+00:00,Browsers
534247924,2,4,4,0,0,0.0,2019-11-01 01:58:12+00:00,2019-11-01 02:06:18+00:00,Browsers
534257087,2,3,3,0,0,0.0,2019-11-01 00:32:57+00:00,2019-11-01 00:33:57+00:00,Browsers
534266149,1,15,15,0,0,0.0,2019-11-01 01:48:38+00:00,2019-11-01 02:47:07+00:00,Browsers
534279994,1,3,3,0,0,0.0,2019-11-01 00:33:42+00:00,2019-11-01 00:36:49+00:00,Browsers
534295767,1,2,2,0,0,0.0,2019-11-01 01:43:42+00:00,2019-11-01 01:45:17+00:00,Browsers
534304553,1,1,1,0,0,0.0,2019-11-01 02:39:07+00:00,2019-11-01 02:39:07+00:00,Browsers
534305978,1,4,4,0,0,0.0,2019-11-01 01:57:02+00:00,2019-11-01 01:59:03+00:00,Browsers
534313202,4,14,14,0,0,0.0,2019-11-01 00:04:51+00:00,2019-11-01 00:26:30+00:00,Browsers
534315941,1,5,5,0,0,0.0,2019-11-01 01:24:52+00:00,2019-11-01 01:30:36+00:00,Browsers
534315986,1,6,6,0,0,0.0,2019-11-01 02:08:16+00:00,2019-11-01 02:11:49+00:00,Browsers
534321964,1,1,1,0,0,0.0,2019-11-01 02:01:21+00:00,2019-11-01 02:01:21+00:00,Browsers
534322683,2,4,4,0,0,0.0,2019-11-01 01:42:18+00:00,2019-11-01 02:38:10+00:00,Browsers
534344829,1,1,1,0,0,0.0,2019-11-01 01:44:04+00:00,2019-11-01 01:44:04+00:00,Browsers
534425163,1,8,8,0,0,0.0,2019-11-01 02:09:10+00:00,2019-11-01 02:19:54+00:00,Browsers
534429146,1,2,2,0,0,0.0,2019-11-01 00:53:06+00:00,2019-11-01 00:54:23+00:00,Browsers
534431540,1,7,7,0,0,0.0,2019-11-01 02:31:24+00:00,2019-11-01 02:34:34+00:00,Browsers
534432300,1,4,4,0,0,0.0,2019-11-01 02:32:51+00:00,2019-11-01 02:39:23+00:00,Browsers
534436196,1,16,16,0,0,0.0,2019-11-01 01:34:32+00:00,2019-11-01 01:41:56+00:00,Browsers
534443842,3,4,4,0,0,0.0,2019-11-01 00:43:52+00:00,2019-11-01 02:03:44+00:00,Browsers
534452635,2,4,4,0,0,0.0,2019-11-01 02:42:09+00:00,2019-11-01 02:45:57+00:00,Browsers
534466351,1,7,7,0,0,0.0,2019-11-01 02:26:53+00:00,2019-11-01 02:31:35+00:00,Browsers
534468200,1,1,1,0,0,0.0,2019-11-01 01:32:36+00:00,2019-11-01 01:32:36+00:00,Browsers
534474187,1,1,1,0,0,0.0,2019-11-01 02:47:27+00:00,2019-11-01 02:47:27+00:00,Browsers
534474818,1,5,5,0,0,0.0,2019-11-01 00:35:59+00:00,2019-11-01 00:37:47+00:00,Browsers
534476316,1,6,6,0,0,0.0,2019-11-01 01:41:07+00:00,2019-11-01 01:43:22+00:00,Browsers
534478285,1,1,1,0,0,0.0,2019-11-01 02:36:52+00:00,2019-11-01 02:36:52+00:00,Browsers
534483312,1,2,2,0,0,0.0,2019-11-01 02:34:00+00:00,2019-11-01 02:34:53+00:00,Browsers
534483809,1,3,3,0,0,0.0,2019-11-01 01:26:32+00:00,2019-11-01 01:28:00+00:00,Browsers
534488159,1,1,1,0,0,0.0,2019-11-01 02:03:17+00:00,2019-11-01 02:03:17+00:00,Browsers
534492015,1,18,12,4,2,170.95999999999998,2019-11-01 02:40:33+00:00,2019-11-01 02:46:50+00:00,High-value users (purchasers)
534512723,1,14,14,0,0,0.0,2019-11-01 00:10:17+00:00,2019-11-01 01:01:14+00:00,Browsers
534547416,1,4,4,0,0,0.0,2019-11-01 02:27:35+00:00,2019-11-01 02:30:08+00:00,Browsers
534554721,1,4,4,0,0,0.0,2019-11-01 02:25:18+00:00,2019-11-01 02:26:52+00:00,Browsers
534558853,1,2,2,0,0,0.0,2019-11-01 02:42:49+00:00,2019-11-01 02:44:51+00:00,Browsers
534562910,1,2,2,0,0,0.0,2019-11-01 02:39:08+00:00,2019-11-01 02:39:31+00:00,Browsers
534598745,2,10,10,0,0,0.0,2019-11-01 01:49:42+00:00,2019-11-01 01:59:44+00:00,Browsers
534611879,1,6,6,0,0,0.0,2019-11-01 02:00:24+00:00,2019-11-01 02:04:04+00:00,Browsers
534619252,1,5,4,1,0,0.0,2019-11-01 00:40:17+00:00,2019-11-01 00:49:25+00:00,Cart abandoners
534619863,1,3,3,0,0,0.0,2019-11-01 02:31:21+00:00,2019-11-01 02:33:26+00:00,Browsers
534624726,1,1,1,0,0,0.0,2019-11-01 02:25:22+00:00,2019-11-01 02:25:22+00:00,Browsers
534636539,1,4,4,0,0,0.0,2019-11-01 01:58:34+00:00,2019-11-01 02:00:17+00:00,Browsers
534639551,1,3,3,0,0,0.0,2019-11-01 01:43:28+00:00,2019-11-01 01:44:16+00:00,Browsers
534642128,1,2,2,0,0,0.0,2019-11-01 02:37:01+00:00,2019-11-01 02:38:38+00:00,Browsers
534659168,1,13,13,0,0,0.0,2019-11-01 02:20:28+00:00,2019-11-01 02:27:15+00:00,Browsers
534722911,1,6,6,0,0,0.0,2019-11-01 00:58:39+00:00,2019-11-01 01:02:52+00:00,Browsers
534722969,1,3,3,0,0,0.0,2019-11-01 00:46:58+00:00,2019-11-01 01:01:53+00:00,Browsers
534727364,1,2,2,0,0,0.0,2019-11-01 02:15:46+00:00,2019-11-01 02:16:03+00:00,Browsers
534738254,1,4,4,0,0,0.0,2019-11-01 01:26:25+00:00,2019-11-01 01:28:52+00:00,Browsers
534746613,1,4,4,0,0,0.0,2019-11-01 02:07:08+00:00,2019-11-01 02:08:52+00:00,Browsers
534747257,1,8,8,0,0,0.0,2019-11-01 02:31:03+00:00,2019-11-01 02:34:42+00:00,Browsers
534769669,1,2,2,0,0,0.0,2019-11-01 01:07:30+00:00,2019-11-01 01:08:18+00:00,Browsers
534771396,1,4,2,1,1,125.61,2019-11-01 01:36:38+00:00,2019-11-01 01:38:27+00:00,High-value users (purchasers)
534807046,1,4,3,1,0,0.0,2019-11-01 02:13:11+00:00,2019-11-01 02:17:35+00:00,Cart abandoners
534820779,1,3,2,0,1,128.42,2019-11-01 00:55:22+00:00,2019-11-01 00:56:32+00:00,High-value users (purchasers)
534824203,1,1,1,0,0,0.0,2019-11-01 02:47:10+00:00,2019-11-01 02:47:10+00:00,Browsers
534824484,2,13,13,0,0,0.0,2019-11-01 02:13:42+00:00,2019-11-01 02:24:51+00:00,Browsers
534824751,1,7,7,0,0,0.0,2019-11-01 01:24:59+00:00,2019-11-01 01:31:32+00:00,Browsers
534827395,1,2,2,0,0,0.0,2019-11-01 00:41:27+00:00,2019-11-01 01:02:25+00:00,Browsers
534834967,1,7,7,0,0,0.0,2019-11-01 02:29:23+00:00,2019-11-01 02:37:23+00:00,Browsers
534837926,1,1,1,0,0,0.0,2019-11-01 01:46:27+00:00,2019-11-01 01:46:27+00:00,Browsers
534838878,1,6,6,0,0,0.0,2019-11-01 02:46:23+00:00,2019-11-01 02:48:19+00:00,Browsers
534848222,1,1,1,0,0,0.0,2019-11-01 01:54:53+00:00,2019-11-01 01:54:53+00:00,Browsers
534854618,1,3,3,0,0,0.0,2019-11-01 02:02:42+00:00,2019-11-01 02:04:25+00:00,Browsers
534855858,1,1,1,0,0,0.0,2019-11-01 00:56:54+00:00,2019-11-01 00:56:54+00:00,Browsers
534856972,1,2,2,0,0,0.0,2019-11-01 02:08:08+00:00,2019-11-01 02:10:06+00:00,Browsers
534860800,2,3,3,0,0,0.0,2019-11-01 00:54:09+00:00,2019-11-01 01:43:04+00:00,Browsers
534862948,2,4,4,0,0,0.0,2019-11-01 02:43:13+00:00,2019-11-01 02:45:29+00:00,Browsers
534875676,3,15,15,0,0,0.0,2019-11-01 02:07:47+00:00,2019-11-01 02:21:01+00:00,Browsers
534884732,1,3,3,0,0,0.0,2019-11-01 02:14:58+00:00,2019-11-01 02:20:29+00:00,Browsers
534885361,1,4,4,0,0,0.0,2019-11-01 00:49:17+00:00,2019-11-01 00:54:33+00:00,Browsers
534887905,1,2,2,0,0,0.0,2019-11-01 00:22:25+00:00,2019-11-01 00:24:01+00:00,Browsers
534897458,1,1,1,0,0,0.0,2019-11-01 01:59:24+00:00,2019-11-01 01:59:24+00:00,Browsers
534924334,4,7,7,0,0,0.0,2019-11-01 00:30:53+00:00,2019-11-01 00:35:32+00:00,Browsers
534929299,1,2,2,0,0,0.0,2019-11-01 02:15:39+00:00,2019-11-01 02:16:05+00:00,Browsers
534942758,1,8,8,0,0,0.0,2019-11-01 02:23:57+00:00,2019-11-01 02:27:17+00:00,Browsers
534949460,3,99,99,0,0,0.0,2019-11-01 00:26:08+00:00,2019-11-01 02:30:59+00:00,Browsers
534965236,1,1,1,0,0,0.0,2019-11-01 02:17:41+00:00,2019-11-01 02:17:41+00:00,Browsers
535042367,2,5,5,0,0,0.0,2019-11-01 01:53:02+00:00,2019-11-01 02:17:47+00:00,Browsers
535057659,1,1,1,0,0,0.0,2019-11-01 01:25:57+00:00,2019-11-01 01:25:57+00:00,Browsers
535059074,1,1,1,0,0,0.0,2019-11-01 02:02:34+00:00,2019-11-01 02:02:34+00:00,Browsers
535066814,1,2,2,0,0,0.0,2019-11-01 00:33:07+00:00,2019-11-01 00:34:29+00:00,Browsers
535076836,1,12,12,0,0,0.0,2019-11-01 02:36:38+00:00,2019-11-01 02:42:50+00:00,Browsers
535080594,1,3,2,0,1,225.83,2019-11-01 01:34:48+00:00,2019-11-01 01:37:57+00:00,High-value users (purchasers)
535082360,1,2,2,0,0,0.0,2019-11-01 02:22:26+00:00,2019-11-01 02:24:51+00:00,Browsers
535106128,1,1,1,0,0,0.0,2019-11-01 01:28:58+00:00,2019-11-01 01:28:58+00:00,Browsers
535120334,1,13,13,0,0,0.0,2019-11-01 02:00:03+00:00,2019-11-01 02:06:40+00:00,Browsers
535120547,1,2,2,0,0,0.0,2019-11-01 02:01:15+00:00,2019-11-01 02:02:16+00:00,Browsers
535143922,1,6,6,0,0,0.0,2019-11-01 02:27:08+00:00,2019-11-01 02:29:29+00:00,Browsers
535146022,1,1,1,0,0,0.0,2019-11-01 02:41:19+00:00,2019-11-01 02:41:19+00:00,Browsers
535147766,1,11,11,0,0,0.0,2019-11-01 02:37:52+00:00,2019-11-01 02:43:36+00:00,Browsers
535160344,1,4,4,0,0,0.0,2019-11-01 01:34:56+00:00,2019-11-01 01:39:46+00:00,Browsers
535171413,1,2,2,0,0,0.0,2019-11-01 02:33:54+00:00,2019-11-01 02:35:25+00:00,Browsers
535177634,1,1,1,0,0,0.0,2019-11-01 02:45:07+00:00,2019-11-01 02:45:07+00:00,Browsers
535197675,1,1,1,0,0,0.0,2019-11-01 02:09:38+00:00,2019-11-01 02:09:38+00:00,Browsers
535199315,1,7,7,0,0,0.0,2019-11-01 00:22:27+00:00,2019-11-01 00:25:55+00:00,Browsers
535228866,1,1,1,0,0,0.0,2019-11-01 01:48:42+00:00,2019-11-01 01:48:42+00:00,Browsers
535230834,1,13,13,0,0,0.0,2019-11-01 00:14:35+00:00,2019-11-01 00:21:03+00:00,Browsers
535247388,1,7,7,0,0,0.0,2019-11-01 01:38:45+00:00,2019-11-01 01:40:32+00:00,Browsers
535249603,1,6,6,0,0,0.0,2019-11-01 01:55:38+00:00,2019-11-01 02:04:56+00:00,Browsers
535254214,1,5,5,0,0,0.0,2019-11-01 02:19:13+00:00,2019-11-01 02:24:21+00:00,Browsers
535263454,1,1,1,0,0,0.0,2019-11-01 02:47:03+00:00,2019-11-01 02:47:03+00:00,Browsers
535264484,3,18,18,0,0,0.0,2019-11-01 01:35:20+00:00,2019-11-01 02:10:27+00:00,Browsers
535287910,1,2,2,0,0,0.0,2019-11-01 02:29:57+00:00,2019-11-01 02:31:21+00:00,Browsers
535306490,1,1,1,0,0,0.0,2019-11-01 01:32:00+00:00,2019-11-01 01:32:00+00:00,Browsers
535311642,1,2,2,0,0,0.0,2019-11-01 01:07:27+00:00,2019-11-01 01:11:38+00:00,Browsers
535341364,1,2,2,0,0,0.0,2019-11-01 02:25:30+00:00,2019-11-01 02:25:55+00:00,Browsers
535368985,1,1,1,0,0,0.0,2019-11-01 01:36:17+00:00,2019-11-01 01:36:17+00:00,Browsers
535384245,3,5,5,0,0,0.0,2019-11-01 00:02:23+00:00,2019-11-01 02:25:39+00:00,Browsers
535391492,1,10,10,0,0,0.0,2019-11-01 02:28:15+00:00,2019-11-01 02:35:52+00:00,Browsers
535399370,1,1,1,0,0,0.0,2019-11-01 02:14:15+00:00,2019-11-01 02:14:15+00:00,Browsers
535426256,3,3,3,0,0,0.0,2019-11-01 02:43:17+00:00,2019-11-01 02:44:48+00:00,Browsers
535451239,1,5,5,0,0,0.0,2019-11-01 02:09:10+00:00,2019-11-01 02:13:21+00:00,Browsers
535487641,1,1,1,0,0,0.0,2019-11-01 02:38:26+00:00,2019-11-01 02:38:26+00:00,Browsers
535505296,1,3,3,0,0,0.0,2019-11-01 01:50:37+00:00,2019-11-01 01:53:45+00:00,Browsers
535518240,1,27,27,0,0,0.0,2019-11-01 00:33:53+00:00,2019-11-01 00:47:27+00:00,Browsers
535525096,4,11,11,0,0,0.0,2019-11-01 02:05:37+00:00,2019-11-01 02:14:50+00:00,Browsers
535541066,1,3,3,0,0,0.0,2019-11-01 00:30:30+00:00,2019-11-01 00:31:10+00:00,Browsers
535546247,1,3,3,0,0,0.0,2019-11-01 02:40:35+00:00,2019-11-01 02:41:36+00:00,Browsers
535571424,1,4,4,0,0,0.0,2019-11-01 01:06:44+00:00,2019-11-01 01:08:45+00:00,Browsers
535594922,1,1,1,0,0,0.0,2019-11-01 02:23:55+00:00,2019-11-01 02:23:55+00:00,Browsers
535619453,1,2,2,0,0,0.0,2019-11-01 01:47:38+00:00,2019-11-01 01:51:35+00:00,Browsers
535648951,1,9,9,0,0,0.0,2019-11-01 01:41:39+00:00,2019-11-01 01:45:14+00:00,Browsers
535657029,1,2,2,0,0,0.0,2019-11-01 00:33:53+00:00,2019-11-01 00:36:51+00:00,Browsers
535688465,1,7,7,0,0,0.0,2019-11-01 01:06:13+00:00,2019-11-01 01:09:44+00:00,Browsers
535694088,1,1,1,0,0,0.0,2019-11-01 02:23:37+00:00,2019-11-01 02:23:37+00:00,Browsers
535704319,1,1,1,0,0,0.0,2019-11-01 02:10:07+00:00,2019-11-01 02:10:07+00:00,Browsers
535710812,1,5,4,0,1,79.02,2019-11-01 02:41:50+00:00,2019-11-01 02:48:22+00:00,High-value users (purchasers)
535714546,1,2,2,0,0,0.0,2019-11-01 01:39:23+00:00,2019-11-01 01:40:29+00:00,Browsers
535732350,1,7,7,0,0,0.0,2019-11-01 02:16:33+00:00,2019-11-01 02:20:13+00:00,Browsers
535736909,1,5,5,0,0,0.0,2019-11-01 02:43:46+00:00,2019-11-01 02:48:25+00:00,Browsers
535740098,2,3,3,0,0,0.0,2019-11-01 00:01:49+00:00,2019-11-01 00:30:54+00:00,Browsers
535751928,1,5,3,1,1,69.24,2019-11-01 00:48:07+00:00,2019-11-01 00:51:01+00:00,High-value users (purchasers)
535756023,1,5,5,0,0,0.0,2019-11-01 00:59:44+00:00,2019-11-01 01:02:18+00:00,Browsers
535762882,1,2,2,0,0,0.0,2019-11-01 01:53:07+00:00,2019-11-01 01:53:42+00:00,Browsers
535769784,1,1,1,0,0,0.0,2019-11-01 02:42:53+00:00,2019-11-01 02:42:53+00:00,Browsers
535790546,1,1,1,0,0,0.0,2019-11-01 00:05:32+00:00,2019-11-01 00:05:32+00:00,Browsers
535811862,1,1,1,0,0,0.0,2019-11-01 02:06:30+00:00,2019-11-01 02:06:30+00:00,Browsers
535813860,1,4,4,0,0,0.0,2019-11-01 00:38:00+00:00,2019-11-01 00:38:50+00:00,Browsers
535814422,1,3,3,0,0,0.0,2019-11-01 02:33:35+00:00,2019-11-01 02:35:15+00:00,Browsers
535830162,1,8,8,0,0,0.0,2019-11-01 01:29:02+00:00,2019-11-01 01:44:21+00:00,Browsers
535832047,1,1,1,0,0,0.0,2019-11-01 02:48:10+00:00,2019-11-01 02:48:10+00:00,Browsers
535839751,1,1,1,0,0,0.0,2019-11-01 00:54:28+00:00,2019-11-01 00:54:28+00:00,Browsers
535848682,1,2,2,0,0,0.0,2019-11-01 02:32:07+00:00,2019-11-01 02:33:01+00:00,Browsers
535856838,1,1,1,0,0,0.0,2019-11-01 00:23:02+00:00,2019-11-01 00:23:02+00:00,Browsers
535862523,1,6,6,0,0,0.0,2019-11-01 02:13:05+00:00,2019-11-01 02:20:04+00:00,Browsers
535863063,1,1,1,0,0,0.0,2019-11-01 02:14:27+00:00,2019-11-01 02:14:27+00:00,Browsers
535877507,1,1,1,0,0,0.0,2019-11-01 02:46:44+00:00,2019-11-01 02:46:44+00:00,Browsers
535886548,1,19,19,0,0,0.0,2019-11-01 02:39:30+00:00,2019-11-01 02:45:42+00:00,Browsers
535896949,1,3,3,0,0,0.0,2019-11-01 01:56:52+00:00,2019-11-01 01:58:29+00:00,Browsers
535908096,1,2,2,0,0,0.0,2019-11-01 02:19:50+00:00,2019-11-01 02:20:06+00:00,Browsers
535911508,1,5,5,0,0,0.0,2019-11-01 02:43:08+00:00,2019-11-01 02:44:46+00:00,Browsers
535965267,1,1,1,0,0,0.0,2019-11-01 01:56:27+00:00,2019-11-01 01:56:27+00:00,Browsers
535973139,1,13,13,0,0,0.0,2019-11-01 01:38:25+00:00,2019-11-01 01:48:36+00:00,Browsers
535982741,1,1,1,0,0,0.0,2019-11-01 02:37:07+00:00,2019-11-01 02:37:07+00:00,Browsers
535984541,1,8,8,0,0,0.0,2019-11-01 02:27:45+00:00,2019-11-01 02:34:12+00:00,Browsers
535985373,1,3,3,0,0,0.0,2019-11-01 01:53:59+00:00,2019-11-01 01:55:04+00:00,Browsers
535988972,1,1,1,0,0,0.0,2019-11-01 02:46:25+00:00,2019-11-01 02:46:25+00:00,Browsers
535996311,1,9,9,0,0,0.0,2019-11-01 02:12:09+00:00,2019-11-01 02:18:09+00:00,Browsers
536012443,1,1,1,0,0,0.0,2019-11-01 02:45:29+00:00,2019-11-01 02:45:29+00:00,Browsers
536018957,1,5,5,0,0,0.0,2019-11-01 01:54:02+00:00,2019-11-01 02:05:28+00:00,Browsers
536020263,1,2,2,0,0,0.0,2019-11-01 02:11:32+00:00,2019-11-01 02:12:38+00:00,Browsers
536030521,1,1,1,0,0,0.0,2019-11-01 02:28:24+00:00,2019-11-01 02:28:24+00:00,Browsers
536072181,1,5,5,0,0,0.0,2019-11-01 01:28:38+00:00,2019-11-01 01:37:50+00:00,Browsers
536083725,1,1,1,0,0,0.0,2019-11-01 02:20:03+00:00,2019-11-01 02:20:03+00:00,Browsers
536084130,1,4,4,0,0,0.0,2019-11-01 01:50:47+00:00,2019-11-01 01:51:43+00:00,Browsers
536091479,1,24,24,0,0,0.0,2019-11-01 02:13:40+00:00,2019-11-01 02:33:02+00:00,Browsers
536113062,1,7,5,1,1,275.25,2019-11-01 01:53:18+00:00,2019-11-01 02:00:07+00:00,High-value users (purchasers)
536140111,1,2,2,0,0,0.0,2019-11-01 01:53:50+00:00,2019-11-01 01:54:12+00:00,Browsers
536149145,1,5,5,0,0,0.0,2019-11-01 02:06:22+00:00,2019-11-01 02:08:08+00:00,Browsers
536151948,1,1,1,0,0,0.0,2019-11-01 01:32:46+00:00,2019-11-01 01:32:46+00:00,Browsers
536199944,1,9,9,0,0,0.0,2019-11-01 00:48:02+00:00,2019-11-01 00:55:11+00:00,Browsers
536256812,1,1,1,0,0,0.0,2019-11-01 01:02:32+00:00,2019-11-01 01:02:32+00:00,Browsers
536267449,1,3,2,0,1,1348.61,2019-11-01 00:47:52+00:00,2019-11-01 00:53:10+00:00,High-value users (purchasers)
536274419,1,4,4,0,0,0.0,2019-11-01 02:00:07+00:00,2019-11-01 02:04:14+00:00,Browsers
536277234,1,1,1,0,0,0.0,2019-11-01 01:35:50+00:00,2019-11-01 01:35:50+00:00,Browsers
536279197,1,26,26,0,0,0.0,2019-11-01 02:03:41+00:00,2019-11-01 02:28:22+00:00,Browsers
536284474,2,3,3,0,0,0.0,2019-11-01 00:44:17+00:00,2019-11-01 00:56:22+00:00,Browsers
536287273,10,15,15,0,0,0.0,2019-11-01 02:39:33+00:00,2019-11-01 02:48:18+00:00,Browsers
536303057,1,1,1,0,0,0.0,2019-11-01 00:19:55+00:00,2019-11-01 00:19:55+00:00,Browsers
536308281,1,8,8,0,0,0.0,2019-11-01 01:38:30+00:00,2019-11-01 01:50:49+00:00,Browsers
536338722,1,1,1,0,0,0.0,2019-11-01 02:21:01+00:00,2019-11-01 02:21:01+00:00,Browsers
536344811,2,2,2,0,0,0.0,2019-11-01 00:03:56+00:00,2019-11-01 00:38:55+00:00,Browsers
536350366,1,1,1,0,0,0.0,2019-11-01 01:57:21+00:00,2019-11-01 01:57:21+00:00,Browsers
536394543,1,4,4,0,0,0.0,2019-11-01 02:17:08+00:00,2019-11-01 02:19:01+00:00,Browsers
536395120,1,2,2,0,0,0.0,2019-11-01 02:43:46+00:00,2019-11-01 02:47:53+00:00,Browsers
536399452,1,2,2,0,0,0.0,2019-11-01 02:43:17+00:00,2019-11-01 02:46:40+00:00,Browsers
536401190,1,2,2,0,0,0.0,2019-11-01 02:20:22+00:00,2019-11-01 02:22:07+00:00,Browsers
536405569,1,1,1,0,0,0.0,2019-11-01 02:38:49+00:00,2019-11-01 02:38:49+00:00,Browsers
536412363,1,3,3,0,0,0.0,2019-11-01 01:47:01+00:00,2019-11-01 01:51:01+00:00,Browsers
536429742,1,1,1,0,0,0.0,2019-11-01 02:04:05+00:00,2019-11-01 02:04:05+00:00,Browsers
536434514,1,6,6,0,0,0.0,2019-11-01 02:33:32+00:00,2019-11-01 02:39:25+00:00,Browsers
536445104,1,2,2,0,0,0.0,2019-11-01 01:53:25+00:00,2019-11-01 01:56:05+00:00,Browsers
536448103,1,2,2,0,0,0.0,2019-11-01 01:44:00+00:00,2019-11-01 01:44:11+00:00,Browsers
536449042,2,9,9,0,0,0.0,2019-11-01 02:05:56+00:00,2019-11-01 02:14:06+00:00,Browsers
536473080,1,11,11,0,0,0.0,2019-11-01 02:30:36+00:00,2019-11-01 02:42:52+00:00,Browsers
536475561,1,3,3,0,0,0.0,2019-11-01 00:49:43+00:00,2019-11-01 02:18:56+00:00,Browsers
536507312,2,22,22,0,0,0.0,2019-11-01 01:47:13+00:00,2019-11-01 01:58:31+00:00,Browsers
536510368,2,6,6,0,0,0.0,2019-11-01 02:37:36+00:00,2019-11-01 02:48:24+00:00,Browsers
536528400,2,24,24,0,0,0.0,2019-11-01 01:57:46+00:00,2019-11-01 02:18:24+00:00,Browsers
536537013,1,2,2,0,0,0.0,2019-11-01 00:25:04+00:00,2019-11-01 00:25:43+00:00,Browsers
536540823,1,1,1,0,0,0.0,2019-11-01 00:49:36+00:00,2019-11-01 00:49:36+00:00,Browsers
536542720,2,2,2,0,0,0.0,2019-11-01 00:41:31+00:00,2019-11-01 02:37:58+00:00,Browsers
536544569,1,5,5,0,0,0.0,2019-11-01 01:04:49+00:00,2019-11-01 01:07:16+00:00,Browsers
536554637,1,3,3,0,0,0.0,2019-11-01 01:27:03+00:00,2019-11-01 01:28:45+00:00,Browsers
536555163,1,2,2,0,0,0.0,2019-11-01 02:01:39+00:00,2019-11-01 02:02:33+00:00,Browsers
536556115,1,8,8,0,0,0.0,2019-11-01 02:20:28+00:00,2019-11-01 02:37:03+00:00,Browsers
536562725,1,1,1,0,0,0.0,2019-11-01 01:51:40+00:00,2019-11-01 01:51:40+00:00,Browsers
536586498,1,1,1,0,0,0.0,2019-11-01 01:54:38+00:00,2019-11-01 01:54:38+00:00,Browsers
536588068,1,2,2,0,0,0.0,2019-11-01 01:33:24+00:00,2019-11-01 01:34:23+00:00,Browsers
536612987,1,1,1,0,0,0.0,2019-11-01 02:35:57+00:00,2019-11-01 02:35:57+00:00,Browsers
536629021,1,4,4,0,0,0.0,2019-11-01 01:50:50+00:00,2019-11-01 02:00:26+00:00,Browsers
536635963,1,2,1,0,1,102.58,2019-11-01 00:03:50+00:00,2019-11-01 00:11:03+00:00,High-value users (purchasers)
536638900,1,2,2,0,0,0.0,2019-11-01 00:00:55+00:00,2019-11-01 00:01:37+00:00,Browsers
536640659,1,1,1,0,0,0.0,2019-11-01 01:43:32+00:00,2019-11-01 01:43:32+00:00,Browsers
536704045,1,2,2,0,0,0.0,2019-11-01 02:10:27+00:00,2019-11-01 02:15:49+00:00,Browsers
536712130,1,4,4,0,0,0.0,2019-11-01 00:48:54+00:00,2019-11-01 00:51:01+00:00,Browsers
536733428,1,1,1,0,0,0.0,2019-11-01 01:41:45+00:00,2019-11-01 01:41:45+00:00,Browsers
536768585,1,3,3,0,0,0.0,2019-11-01 02:21:36+00:00,2019-11-01 02:23:19+00:00,Browsers
536777304,1,8,8,0,0,0.0,2019-11-01 01:51:38+00:00,2019-11-01 02:02:09+00:00,Browsers
536808117,1,2,2,0,0,0.0,2019-11-01 02:43:28+00:00,2019-11-01 02:43:48+00:00,Browsers
536808152,1,4,4,0,0,0.0,2019-11-01 01:31:33+00:00,2019-11-01 01:35:39+00:00,Browsers
536808200,1,7,7,0,0,0.0,2019-11-01 02:26:51+00:00,2019-11-01 02:35:51+00:00,Browsers
536809467,1,2,2,0,0,0.0,2019-11-01 02:01:34+00:00,2019-11-01 02:02:07+00:00,Browsers
536811120,1,28,28,0,0,0.0,2019-11-01 02:18:51+00:00,2019-11-01 02:48:15+00:00,Browsers
536815301,1,17,17,0,0,0.0,2019-11-01 02:06:57+00:00,2019-11-01 02:17:21+00:00,Browsers
536818312,2,8,8,0,0,0.0,2019-11-01 00:43:33+00:00,2019-11-01 00:59:54+00:00,Browsers
536819345,2,2,2,0,0,0.0,2019-11-01 02:31:46+00:00,2019-11-01 02:32:19+00:00,Browsers
536820260,1,2,2,0,0,0.0,2019-11-01 00:57:20+00:00,2019-11-01 00:57:56+00:00,Browsers
536822193,1,1,1,0,0,0.0,2019-11-01 00:49:23+00:00,2019-11-01 00:49:23+00:00,Browsers
536836627,1,1,1,0,0,0.0,2019-11-01 02:33:56+00:00,2019-11-01 02:33:56+00:00,Browsers
536845649,1,1,1,0,0,0.0,2019-11-01 02:47:47+00:00,2019-11-01 02:47:47+00:00,Browsers
536857493,1,1,1,0,0,0.0,2019-11-01 00:39:40+00:00,2019-11-01 00:39:40+00:00,Browsers
536876557,3,10,10,0,0,0.0,2019-11-01 00:59:37+00:00,2019-11-01 02:27:39+00:00,Browsers
536885907,1,3,3,0,0,0.0,2019-11-01 01:32:41+00:00,2019-11-01 01:35:01+00:00,Browsers
536886857,2,2,2,0,0,0.0,2019-11-01 01:49:31+00:00,2019-11-01 01:58:50+00:00,Browsers
536894980,1,28,25,2,1,64.02,2019-11-01 02:34:16+00:00,2019-11-01 02:48:26+00:00,High-value users (purchasers)
536899001,1,1,1,0,0,0.0,2019-11-01 00:50:48+00:00,2019-11-01 00:50:48+00:00,Browsers
536900713,1,5,5,0,0,0.0,2019-11-01 02:29:26+00:00,2019-11-01 02:31:27+00:00,Browsers
536914318,1,1,1,0,0,0.0,2019-11-01 02:37:42+00:00,2019-11-01 02:37:42+00:00,Browsers
536914564,1,12,12,0,0,0.0,2019-11-01 00:10:30+00:00,2019-11-01 00:16:15+00:00,Browsers
536918037,1,3,3,0,0,0.0,2019-11-01 01:39:27+00:00,2019-11-01 01:42:00+00:00,Browsers
536921446,1,7,7,0,0,0.0,2019-11-01 01:36:38+00:00,2019-11-01 01:37:47+00:00,Browsers
536925280,1,2,2,0,0,0.0,2019-11-01 02:31:23+00:00,2019-11-01 02:32:45+00:00,Browsers
536953019,1,6,6,0,0,0.0,2019-11-01 01:36:53+00:00,2019-11-01 01:38:30+00:00,Browsers
536957197,1,3,3,0,0,0.0,2019-11-01 02:43:41+00:00,2019-11-01 02:44:41+00:00,Browsers
536972706,1,7,7,0,0,0.0,2019-11-01 02:26:27+00:00,2019-11-01 02:31:37+00:00,Browsers
536986320,1,3,2,1,0,0.0,2019-11-01 02:04:57+00:00,2019-11-01 02:06:20+00:00,Cart abandoners
537000107,1,1,1,0,0,0.0,2019-11-01 02:10:08+00:00,2019-11-01 02:10:08+00:00,Browsers
537011018,1,1,1,0,0,0.0,2019-11-01 01:00:17+00:00,2019-11-01 01:00:17+00:00,Browsers
537012398,1,3,2,0,1,928.18,2019-11-01 02:05:12+00:00,2019-11-01 02:06:46+00:00,High-value users (purchasers)
537012661,1,2,2,0,0,0.0,2019-11-01 01:31:15+00:00,2019-11-01 01:42:54+00:00,Browsers
537020522,1,5,5,0,0,0.0,2019-11-01 02:27:07+00:00,2019-11-01 02:32:05+00:00,Browsers
537027667,1,34,34,0,0,0.0,2019-11-01 01:37:33+00:00,2019-11-01 02:43:28+00:00,Browsers
537037236,2,56,56,0,0,0.0,2019-11-01 00:04:56+00:00,2019-11-01 02:39:02+00:00,Browsers
537045128,1,1,1,0,0,0.0,2019-11-01 02:45:29+00:00,2019-11-01 02:45:29+00:00,Browsers
537079716,1,2,2,0,0,0.0,2019-11-01 02:38:24+00:00,2019-11-01 02:38:43+00:00,Browsers
537094134,1,1,1,0,0,0.0,2019-11-01 01:04:11+00:00,2019-11-01 01:04:11+00:00,Browsers
537095712,1,5,5,0,0,0.0,2019-11-01 02:44:29+00:00,2019-11-01 02:48:13+00:00,Browsers
537099480,1,1,1,0,0,0.0,2019-11-01 00:34:33+00:00,2019-11-01 00:34:33+00:00,Browsers
537101811,1,1,1,0,0,0.0,2019-11-01 01:43:16+00:00,2019-11-01 01:43:16+00:00,Browsers
537105252,1,1,1,0,0,0.0,2019-11-01 02:24:52+00:00,2019-11-01 02:24:52+00:00,Browsers
537115120,1,1,1,0,0,0.0,2019-11-01 01:57:39+00:00,2019-11-01 01:57:39+00:00,Browsers
537116845,1,9,9,0,0,0.0,2019-11-01 02:41:19+00:00,2019-11-01 02:44:34+00:00,Browsers
537120471,1,1,1,0,0,0.0,2019-11-01 02:35:41+00:00,2019-11-01 02:35:41+00:00,Browsers
537122517,1,3,2,0,1,643.23,2019-11-01 01:46:37+00:00,2019-11-01 01:47:37+00:00,High-value users (purchasers)
537128729,2,7,7,0,0,0.0,2019-11-01 02:29:24+00:00,2019-11-01 02:42:47+00:00,Browsers
537129970,1,4,2,1,1,25.71,2019-11-01 02:43:43+00:00,2019-11-01 02:48:12+00:00,High-value users (purchasers)
537144982,1,1,1,0,0,0.0,2019-11-01 00:58:05+00:00,2019-11-01 00:58:05+00:00,Browsers
537161859,1,3,3,0,0,0.0,2019-11-01 01:56:44+00:00,2019-11-01 01:58:00+00:00,Browsers
537177178,1,5,5,0,0,0.0,2019-11-01 02:32:27+00:00,2019-11-01 02:39:44+00:00,Browsers
537182679,1,2,1,0,1,514.79,2019-11-01 01:46:06+00:00,2019-11-01 01:49:06+00:00,High-value users (purchasers)
537204965,1,2,2,0,0,0.0,2019-11-01 02:33:42+00:00,2019-11-01 02:36:38+00:00,Browsers
537207173,1,1,1,0,0,0.0,2019-11-01 01:07:59+00:00,2019-11-01 01:07:59+00:00,Browsers
537237201,1,2,2,0,0,0.0,2019-11-01 00:23:31+00:00,2019-11-01 00:24:28+00:00,Browsers
537242432,1,4,4,0,0,0.0,2019-11-01 02:22:10+00:00,2019-11-01 02:25:11+00:00,Browsers
537257161,1,2,2,0,0,0.0,2019-11-01 02:22:58+00:00,2019-11-01 02:24:24+00:00,Browsers
537260838,1,1,1,0,0,0.0,2019-11-01 02:02:24+00:00,2019-11-01 02:02:24+00:00,Browsers
537274493,1,1,1,0,0,0.0,2019-11-01 01:30:52+00:00,2019-11-01 01:30:52+00:00,Browsers
537278538,1,1,1,0,0,0.0,2019-11-01 02:24:49+00:00,2019-11-01 02:24:49+00:00,Browsers
537284609,1,2,2,0,0,0.0,2019-11-01 01:01:52+00:00,2019-11-01 01:03:44+00:00,Browsers
537286594,1,4,4,0,0,0.0,2019-11-01 00:57:19+00:00,2019-11-01 01:03:41+00:00,Browsers
537287804,1,3,3,0,0,0.0,2019-11-01 02:43:22+00:00,2019-11-01 02:46:47+00:00,Browsers
537291703,1,5,5,0,0,0.0,2019-11-01 02:28:27+00:00,2019-11-01 02:29:52+00:00,Browsers
537344469,1,2,2,0,0,0.0,2019-11-01 01:54:13+00:00,2019-11-01 01:54:31+00:00,Browsers
537372295,1,6,4,1,1,29.58,2019-11-01 00:06:13+00:00,2019-11-01 00:09:56+00:00,High-value users (purchasers)
537397926,1,1,1,0,0,0.0,2019-11-01 02:33:52+00:00,2019-11-01 02:33:52+00:00,Browsers
537398151,1,2,2,0,0,0.0,2019-11-01 02:01:54+00:00,2019-11-01 02:02:10+00:00,Browsers
537402114,1,1,1,0,0,0.0,2019-11-01 00:33:27+00:00,2019-11-01 00:33:27+00:00,Browsers
537434269,2,16,16,0,0,0.0,2019-11-01 01:32:13+00:00,2019-11-01 01:47:47+00:00,Browsers
537437028,1,3,3,0,0,0.0,2019-11-01 00:24:19+00:00,2019-11-01 00:25:30+00:00,Browsers
537466008,1,9,6,0,3,1389.84,2019-11-01 00:57:01+00:00,2019-11-01 01:02:29+00:00,High-value users (purchasers)
537466017,1,1,1,0,0,0.0,2019-11-01 02:28:38+00:00,2019-11-01 02:28:38+00:00,Browsers
537476293,1,2,2,0,0,0.0,2019-11-01 02:19:34+00:00,2019-11-01 02:20:15+00:00,Browsers
537476489,1,7,7,0,0,0.0,2019-11-01 02:18:42+00:00,2019-11-01 02:24:48+00:00,Browsers
537484569,1,3,3,0,0,0.0,2019-11-01 01:26:32+00:00,2019-11-01 01:28:18+00:00,Browsers
537488400,1,1,1,0,0,0.0,2019-11-01 02:20:40+00:00,2019-11-01 02:20:40+00:00,Browsers
537499801,1,5,5,0,0,0.0,2019-11-01 02:36:39+00:00,2019-11-01 02:41:39+00:00,Browsers
537499940,1,5,5,0,0,0.0,2019-11-01 00:32:55+00:00,2019-11-01 00:34:37+00:00,Browsers
537500919,1,10,6,2,2,211.4,2019-11-01 02:11:31+00:00,2019-11-01 02:21:15+00:00,High-value users (purchasers)
537505142,1,16,16,0,0,0.0,2019-11-01 02:27:54+00:00,2019-11-01 02:41:59+00:00,Browsers
537517098,1,4,4,0,0,0.0,2019-11-01 02:43:29+00:00,2019-11-01 02:48:05+00:00,Browsers
537518056,1,1,1,0,0,0.0,2019-11-01 00:45:54+00:00,2019-11-01 00:45:54+00:00,Browsers
537529367,2,3,3,0,0,0.0,2019-11-01 01:43:27+00:00,2019-11-01 01:47:39+00:00,Browsers
537529978,1,12,12,0,0,0.0,2019-11-01 01:34:35+00:00,2019-11-01 01:49:56+00:00,Browsers
537546467,1,1,1,0,0,0.0,2019-11-01 02:40:41+00:00,2019-11-01 02:40:41+00:00,Browsers
537555527,1,1,1,0,0,0.0,2019-11-01 00:56:28+00:00,2019-11-01 00:56:28+00:00,Browsers
537575772,1,1,1,0,0,0.0,2019-11-01 02:13:56+00:00,2019-11-01 02:13:56+00:00,Browsers
537597139,1,1,1,0,0,0.0,2019-11-01 01:49:13+00:00,2019-11-01 01:49:13+00:00,Browsers
537598301,1,11,11,0,0,0.0,2019-11-01 02:39:53+00:00,2019-11-01 02:47:15+00:00,Browsers
537604361,1,6,6,0,0,0.0,2019-11-01 01:52:13+00:00,2019-11-01 01:56:22+00:00,Browsers
537607338,1,1,1,0,0,0.0,2019-11-01 02:32:35+00:00,2019-11-01 02:32:35+00:00,Browsers
537612409,1,15,15,0,0,0.0,2019-11-01 02:25:04+00:00,2019-11-01 02:41:56+00:00,Browsers
537694338,1,1,1,0,0,0.0,2019-11-01 00:34:25+00:00,2019-11-01 00:34:25+00:00,Browsers
537699264,1,1,1,0,0,0.0,2019-11-01 02:11:00+00:00,2019-11-01 02:11:00+00:00,Browsers
537707520,3,6,4,1,1,256.74,2019-11-01 01:47:58+00:00,2019-11-01 02:46:19+00:00,High-value users (purchasers)
537709867,1,7,7,0,0,0.0,2019-11-01 01:51:51+00:00,2019-11-01 01:54:02+00:00,Browsers
537716080,1,7,7,0,0,0.0,2019-11-01 01:28:53+00:00,2019-11-01 01:35:57+00:00,Browsers
537726948,1,1,1,0,0,0.0,2019-11-01 02:11:07+00:00,2019-11-01 02:11:07+00:00,Browsers
537730202,1,3,3,0,0,0.0,2019-11-01 01:50:25+00:00,2019-11-01 01:52:55+00:00,Browsers
537733031,1,1,1,0,0,0.0,2019-11-01 02:41:34+00:00,2019-11-01 02:41:34+00:00,Browsers
537734147,1,4,2,1,1,463.07,2019-11-01 02:38:50+00:00,2019-11-01 02:44:24+00:00,High-value users (purchasers)
537734658,1,1,1,0,0,0.0,2019-11-01 02:42:10+00:00,2019-11-01 02:42:10+00:00,Browsers
537735113,1,1,1,0,0,0.0,2019-11-01 00:22:43+00:00,2019-11-01 00:22:43+00:00,Browsers
537737052,1,2,2,0,0,0.0,2019-11-01 00:16:43+00:00,2019-11-01 00:17:45+00:00,Browsers
537741482,2,7,5,0,2,2041.45,2019-11-01 02:10:20+00:00,2019-11-01 02:46:50+00:00,High-value users (purchasers)
537744555,1,15,15,0,0,0.0,2019-11-01 00:57:24+00:00,2019-11-01 01:03:26+00:00,Browsers
537754450,1,3,3,0,0,0.0,2019-11-01 01:56:09+00:00,2019-11-01 01:57:21+00:00,Browsers
537757650,1,1,1,0,0,0.0,2019-11-01 02:32:57+00:00,2019-11-01 02:32:57+00:00,Browsers
537772209,1,3,3,0,0,0.0,2019-11-01 02:11:11+00:00,2019-11-01 02:11:54+00:00,Browsers
537790711,1,8,8,0,0,0.0,2019-11-01 01:51:46+00:00,2019-11-01 01:58:10+00:00,Browsers
537794576,1,3,3,0,0,0.0,2019-11-01 02:42:50+00:00,2019-11-01 02:46:29+00:00,Browsers
537797819,1,1,1,0,0,0.0,2019-11-01 02:25:42+00:00,2019-11-01 02:25:42+00:00,Browsers
537802204,1,8,8,0,0,0.0,2019-11-01 02:30:31+00:00,2019-11-01 02:36:50+00:00,Browsers
537818177,1,7,7,0,0,0.0,2019-11-01 01:31:12+00:00,2019-11-01 01:35:06+00:00,Browsers
537830596,1,1,1,0,0,0.0,2019-11-01 01:04:11+00:00,2019-11-01 01:04:11+00:00,Browsers
537836816,1,1,1,0,0,0.0,2019-11-01 02:08:10+00:00,2019-11-01 02:08:10+00:00,Browsers
537854985,1,1,1,0,0,0.0,2019-11-01 02:47:47+00:00,2019-11-01 02:47:47+00:00,Browsers
537873067,25,25,25,0,0,0.0,2019-11-01 02:43:51+00:00,2019-11-01 02:48:20+00:00,Browsers
537873516,1,12,11,0,1,72.33,2019-11-01 00:14:38+00:00,2019-11-01 00:30:25+00:00,High-value users (purchasers)
537874761,1,2,2,0,0,0.0,2019-11-01 01:53:05+00:00,2019-11-01 01:53:21+00:00,Browsers
537884538,1,1,1,0,0,0.0,2019-11-01 02:23:32+00:00,2019-11-01 02:23:32+00:00,Browsers
537886628,1,2,2,0,0,0.0,2019-11-01 02:44:44+00:00,2019-11-01 02:46:54+00:00,Browsers
537888722,2,2,2,0,0,0.0,2019-11-01 02:03:07+00:00,2019-11-01 02:36:53+00:00,Browsers
537899324,3,4,4,0,0,0.0,2019-11-01 00:52:41+00:00,2019-11-01 00:54:16+00:00,Browsers
537904424,1,2,2,0,0,0.0,2019-11-01 02:22:39+00:00,2019-11-01 02:23:14+00:00,Browsers
537923986,1,7,7,0,0,0.0,2019-11-01 02:17:31+00:00,2019-11-01 02:21:31+00:00,Browsers
537930726,1,2,2,0,0,0.0,2019-11-01 01:58:09+00:00,2019-11-01 01:58:36+00:00,Browsers
537931532,1,1,1,0,0,0.0,2019-11-01 00:00:16+00:00,2019-11-01 00:00:16+00:00,Browsers
537936603,2,9,7,0,2,155.26,2019-11-01 01:53:18+00:00,2019-11-01 02:05:44+00:00,High-value users (purchasers)
537973655,1,6,6,0,0,0.0,2019-11-01 00:43:03+00:00,2019-11-01 00:45:55+00:00,Browsers
538005280,1,8,8,0,0,0.0,2019-11-01 01:58:15+00:00,2019-11-01 02:08:37+00:00,Browsers
538009258,1,1,1,0,0,0.0,2019-11-01 01:28:43+00:00,2019-11-01 01:28:43+00:00,Browsers
538013236,1,4,4,0,0,0.0,2019-11-01 00:57:42+00:00,2019-11-01 01:01:10+00:00,Browsers
538018965,1,7,6,0,1,86.23,2019-11-01 01:56:37+00:00,2019-11-01 02:02:13+00:00,High-value users (purchasers)
538025131,1,2,2,0,0,0.0,2019-11-01 00:34:40+00:00,2019-11-01 00:35:18+00:00,Browsers
538040888,1,2,2,0,0,0.0,2019-11-01 01:46:32+00:00,2019-11-01 01:46:48+00:00,Browsers
538044757,1,4,4,0,0,0.0,2019-11-01 02:03:29+00:00,2019-11-01 02:11:35+00:00,Browsers
538072248,1,2,2,0,0,0.0,2019-11-01 02:46:11+00:00,2019-11-01 02:47:41+00:00,Browsers
538089639,1,7,7,0,0,0.0,2019-11-01 02:38:07+00:00,2019-11-01 02:45:44+00:00,Browsers
538090538,1,1,1,0,0,0.0,2019-11-01 02:19:19+00:00,2019-11-01 02:19:19+00:00,Browsers
538092600,1,1,1,0,0,0.0,2019-11-01 01:36:02+00:00,2019-11-01 01:36:02+00:00,Browsers
538098967,1,1,1,0,0,0.0,2019-11-01 02:32:07+00:00,2019-11-01 02:32:07+00:00,Browsers
538101956,1,1,1,0,0,0.0,2019-11-01 01:42:22+00:00,2019-11-01 01:42:22+00:00,Browsers
538113742,1,4,4,0,0,0.0,2019-11-01 02:36:36+00:00,2019-11-01 02:39:38+00:00,Browsers
538125762,1,3,3,0,0,0.0,2019-11-01 02:28:55+00:00,2019-11-01 02:48:20+00:00,Browsers
538140690,1,1,1,0,0,0.0,2019-11-01 02:48:10+00:00,2019-11-01 02:48:10+00:00,Browsers
538152124,1,1,1,0,0,0.0,2019-11-01 00:13:25+00:00,2019-11-01 00:13:25+00:00,Browsers
538158435,1,9,9,0,0,0.0,2019-11-01 00:20:47+00:00,2019-11-01 00:30:20+00:00,Browsers
538168566,1,2,2,0,0,0.0,2019-11-01 02:15:06+00:00,2019-11-01 02:15:32+00:00,Browsers
538172309,2,3,3,0,0,0.0,2019-11-01 01:24:04+00:00,2019-11-01 01:26:22+00:00,Browsers
538173324,1,1,1,0,0,0.0,2019-11-01 02:34:40+00:00,2019-11-01 02:34:40+00:00,Browsers
538178630,2,27,18,6,3,481.71,2019-11-01 00:36:51+00:00,2019-11-01 01:04:04+00:00,High-value users (purchasers)
538195779,1,1,1,0,0,0.0,2019-11-01 01:55:37+00:00,2019-11-01 01:55:37+00:00,Browsers
538222099,1,3,3,0,0,0.0,2019-11-01 01:58:50+00:00,2019-11-01 02:00:29+00:00,Browsers
538233511,1,3,3,0,0,0.0,2019-11-01 02:25:02+00:00,2019-11-01 02:28:15+00:00,Browsers
538233863,1,2,2,0,0,0.0,2019-11-01 00:48:38+00:00,2019-11-01 00:58:14+00:00,Browsers
538236171,1,1,1,0,0,0.0,2019-11-01 02:15:36+00:00,2019-11-01 02:15:36+00:00,Browsers
538238493,2,3,3,0,0,0.0,2019-11-01 02:46:43+00:00,2019-11-01 02:48:12+00:00,Browsers
538246004,4,4,4,0,0,0.0,2019-11-01 00:18:08+00:00,2019-11-01 00:44:50+00:00,Browsers
538256702,1,15,15,0,0,0.0,2019-11-01 02:41:57+00:00,2019-11-01 02:48:16+00:00,Browsers
538284303,2,14,14,0,0,0.0,2019-11-01 00:41:58+00:00,2019-11-01 02:22:53+00:00,Browsers
538305456,1,4,4,0,0,0.0,2019-11-01 02:38:43+00:00,2019-11-01 02:40:21+00:00,Browsers
538311267,2,8,8,0,0,0.0,2019-11-01 01:36:25+00:00,2019-11-01 01:43:40+00:00,Browsers
538321055,3,4,4,0,0,0.0,2019-11-01 00:50:51+00:00,2019-11-01 00:51:46+00:00,Browsers
538331445,1,1,1,0,0,0.0,2019-11-01 02:44:42+00:00,2019-11-01 02:44:42+00:00,Browsers
538341708,1,1,1,0,0,0.0,2019-11-01 01:56:24+00:00,2019-11-01 01:56:24+00:00,Browsers
538345639,2,2,2,0,0,0.0,2019-11-01 02:28:25+00:00,2019-11-01 02:32:27+00:00,Browsers
538402491,1,2,2,0,0,0.0,2019-11-01 02:37:19+00:00,2019-11-01 02:37:40+00:00,Browsers
538402933,1,2,2,0,0,0.0,2019-11-01 02:18:43+00:00,2019-11-01 02:19:15+00:00,Browsers
538403484,1,7,7,0,0,0.0,2019-11-01 02:28:51+00:00,2019-11-01 02:35:32+00:00,Browsers
538417163,1,3,2,0,1,84.94,2019-11-01 00:07:54+00:00,2019-11-01 00:10:38+00:00,High-value users (purchasers)
538419527,1,11,11,0,0,0.0,2019-11-01 02:34:57+00:00,2019-11-01 02:39:10+00:00,Browsers
538428691,1,5,5,0,0,0.0,2019-11-01 02:41:25+00:00,2019-11-01 02:44:27+00:00,Browsers
538428920,1,1,1,0,0,0.0,2019-11-01 01:57:44+00:00,2019-11-01 01:57:44+00:00,Browsers
538431816,1,4,2,2,0,0.0,2019-11-01 02:14:11+00:00,2019-11-01 02:15:26+00:00,Cart abandoners
538432781,1,6,6,0,0,0.0,2019-11-01 01:42:59+00:00,2019-11-01 01:48:21+00:00,Browsers
538435003,1,7,7,0,0,0.0,2019-11-01 02:38:08+00:00,2019-11-01 02:43:53+00:00,Browsers
538440830,2,2,1,0,1,242.63,2019-11-01 02:43:37+00:00,2019-11-01 02:47:37+00:00,High-value users (purchasers)
538448286,1,3,3,0,0,0.0,2019-11-01 02:31:14+00:00,2019-11-01 02:31:51+00:00,Browsers
538449674,1,3,3,0,0,0.0,2019-11-01 02:17:28+00:00,2019-11-01 02:21:56+00:00,Browsers
538459365,1,4,4,0,0,0.0,2019-11-01 01:42:42+00:00,2019-11-01 01:47:12+00:00,Browsers
538466160,1,1,1,0,0,0.0,2019-11-01 01:08:07+00:00,2019-11-01 01:08:07+00:00,Browsers
538475134,1,1,1,0,0,0.0,2019-11-01 00:39:33+00:00,2019-11-01 00:39:33+00:00,Browsers
538484190,1,1,1,0,0,0.0,2019-11-01 02:31:01+00:00,2019-11-01 02:31:01+00:00,Browsers
538500453,2,3,3,0,0,0.0,2019-11-01 00:38:22+00:00,2019-11-01 00:42:05+00:00,Browsers
538507503,1,3,3,0,0,0.0,2019-11-01 02:33:12+00:00,2019-11-01 02:34:13+00:00,Browsers
538509772,1,3,3,0,0,0.0,2019-11-01 02:00:27+00:00,2019-11-01 02:02:36+00:00,Browsers
538524222,1,4,3,1,0,0.0,2019-11-01 01:54:41+00:00,2019-11-01 01:55:59+00:00,Cart abandoners
538524334,1,1,1,0,0,0.0,2019-11-01 01:56:09+00:00,2019-11-01 01:56:09+00:00,Browsers
538528793,1,1,1,0,0,0.0,2019-11-01 02:27:25+00:00,2019-11-01 02:27:25+00:00,Browsers
538541665,1,2,2,0,0,0.0,2019-11-01 01:52:03+00:00,2019-11-01 01:52:43+00:00,Browsers
538548673,1,1,1,0,0,0.0,2019-11-01 02:03:31+00:00,2019-11-01 02:03:31+00:00,Browsers
538588703,1,1,1,0,0,0.0,2019-11-01 00:18:42+00:00,2019-11-01 00:18:42+00:00,Browsers
538611998,1,1,1,0,0,0.0,2019-11-01 01:08:15+00:00,2019-11-01 01:08:15+00:00,Browsers
538618808,1,3,3,0,0,0.0,2019-11-01 00:49:45+00:00,2019-11-01 00:51:33+00:00,Browsers
538620608,1,3,3,0,0,0.0,2019-11-01 00:03:09+00:00,2019-11-01 00:04:10+00:00,Browsers
538622260,1,17,17,0,0,0.0,2019-11-01 01:01:52+00:00,2019-11-01 01:08:54+00:00,Browsers
538625831,1,6,6,0,0,0.0,2019-11-01 01:49:30+00:00,2019-11-01 01:52:13+00:00,Browsers
538627508,1,5,5,0,0,0.0,2019-11-01 02:33:03+00:00,2019-11-01 02:38:43+00:00,Browsers
538639996,1,1,1,0,0,0.0,2019-11-01 01:33:12+00:00,2019-11-01 01:33:12+00:00,Browsers
538640349,1,1,1,0,0,0.0,2019-11-01 02:17:00+00:00,2019-11-01 02:17:00+00:00,Browsers
538640737,3,4,4,0,0,0.0,2019-11-01 01:56:01+00:00,2019-11-01 01:59:05+00:00,Browsers
538645064,1,2,2,0,0,0.0,2019-11-01 01:59:07+00:00,2019-11-01 02:00:30+00:00,Browsers
538649490,1,1,1,0,0,0.0,2019-11-01 02:31:52+00:00,2019-11-01 02:31:52+00:00,Browsers
538658568,1,2,2,0,0,0.0,2019-11-01 02:42:39+00:00,2019-11-01 02:43:06+00:00,Browsers
538664801,2,4,4,0,0,0.0,2019-11-01 01:00:06+00:00,2019-11-01 02:02:08+00:00,Browsers
538674146,1,1,1,0,0,0.0,2019-11-01 01:56:26+00:00,2019-11-01 01:56:26+00:00,Browsers
538687585,1,1,1,0,0,0.0,2019-11-01 02:10:35+00:00,2019-11-01 02:10:35+00:00,Browsers
538694358,4,25,25,0,0,0.0,2019-11-01 00:51:58+00:00,2019-11-01 01:59:52+00:00,Browsers
538698132,1,1,1,0,0,0.0,2019-11-01 02:46:03+00:00,2019-11-01 02:46:03+00:00,Browsers
538725209,1,1,1,0,0,0.0,2019-11-01 02:14:26+00:00,2019-11-01 02:14:26+00:00,Browsers
538737020,1,1,1,0,0,0.0,2019-11-01 02:37:52+00:00,2019-11-01 02:37:52+00:00,Browsers
538744314,1,3,3,0,0,0.0,2019-11-01 02:45:28+00:00,2019-11-01 02:47:07+00:00,Browsers
538757149,1,1,1,0,0,0.0,2019-11-01 00:51:00+00:00,2019-11-01 00:51:00+00:00,Browsers
538757555,1,1,1,0,0,0.0,2019-11-01 02:40:12+00:00,2019-11-01 02:40:12+00:00,Browsers
538775816,1,9,9,0,0,0.0,2019-11-01 02:07:50+00:00,2019-11-01 02:15:16+00:00,Browsers
538780560,1,1,1,0,0,0.0,2019-11-01 00:09:33+00:00,2019-11-01 00:09:33+00:00,Browsers
538802528,2,2,2,0,0,0.0,2019-11-01 01:48:10+00:00,2019-11-01 02:19:47+00:00,Browsers
538802610,1,46,46,0,0,0.0,2019-11-01 00:09:27+00:00,2019-11-01 00:49:30+00:00,Browsers
538809555,1,1,1,0,0,0.0,2019-11-01 01:06:54+00:00,2019-11-01 01:06:54+00:00,Browsers
538810947,1,1,1,0,0,0.0,2019-11-01 00:27:36+00:00,2019-11-01 00:27:36+00:00,Browsers
538813686,1,2,2,0,0,0.0,2019-11-01 01:56:08+00:00,2019-11-01 01:57:12+00:00,Browsers
538825847,2,4,4,0,0,0.0,2019-11-01 02:32:30+00:00,2019-11-01 02:46:50+00:00,Browsers
538835080,1,6,6,0,0,0.0,2019-11-01 02:38:06+00:00,2019-11-01 02:46:44+00:00,Browsers
538841685,1,3,3,0,0,0.0,2019-11-01 01:44:35+00:00,2019-11-01 01:47:17+00:00,Browsers
538872496,2,3,3,0,0,0.0,2019-11-01 00:48:12+00:00,2019-11-01 00:49:39+00:00,Browsers
538877649,1,1,1,0,0,0.0,2019-11-01 02:33:45+00:00,2019-11-01 02:33:45+00:00,Browsers
538926042,1,2,2,0,0,0.0,2019-11-01 00:02:39+00:00,2019-11-01 00:04:02+00:00,Browsers
538931239,1,7,7,0,0,0.0,2019-11-01 02:33:12+00:00,2019-11-01 02:37:00+00:00,Browsers
538932515,1,12,12,0,0,0.0,2019-11-01 01:45:31+00:00,2019-11-01 01:59:38+00:00,Browsers
538932799,1,1,1,0,0,0.0,2019-11-01 01:36:18+00:00,2019-11-01 01:36:18+00:00,Browsers
538943103,1,4,4,0,0,0.0,2019-11-01 02:07:48+00:00,2019-11-01 02:12:19+00:00,Browsers
538945330,1,4,4,0,0,0.0,2019-11-01 00:17:34+00:00,2019-11-01 00:18:45+00:00,Browsers
538960466,1,2,2,0,0,0.0,2019-11-01 02:16:12+00:00,2019-11-01 02:16:16+00:00,Browsers
538968107,3,13,13,0,0,0.0,2019-11-01 01:05:15+00:00,2019-11-01 02:27:47+00:00,Browsers
538977998,1,1,1,0,0,0.0,2019-11-01 00:42:15+00:00,2019-11-01 00:42:15+00:00,Browsers
539000239,1,7,7,0,0,0.0,2019-11-01 00:26:38+00:00,2019-11-01 00:33:50+00:00,Browsers
539010652,1,9,9,0,0,0.0,2019-11-01 00:29:12+00:00,2019-11-01 00:43:22+00:00,Browsers
539051861,1,14,14,0,0,0.0,2019-11-01 02:27:57+00:00,2019-11-01 02:40:32+00:00,Browsers
539062998,1,2,2,0,0,0.0,2019-11-01 00:57:13+00:00,2019-11-01 00:58:49+00:00,Browsers
539064155,2,2,2,0,0,0.0,2019-11-01 02:26:12+00:00,2019-11-01 02:26:13+00:00,Browsers
539067034,1,20,18,2,0,0.0,2019-11-01 00:46:00+00:00,2019-11-01 01:05:12+00:00,Cart abandoners
539071910,1,6,6,0,0,0.0,2019-11-01 00:16:22+00:00,2019-11-01 00:18:42+00:00,Browsers
539074471,2,7,7,0,0,0.0,2019-11-01 01:57:39+00:00,2019-11-01 02:10:35+00:00,Browsers
539074581,1,1,1,0,0,0.0,2019-11-01 01:44:01+00:00,2019-11-01 01:44:01+00:00,Browsers
539089954,1,6,6,0,0,0.0,2019-11-01 01:32:30+00:00,2019-11-01 01:37:55+00:00,Browsers
539100846,1,11,7,4,0,0.0,2019-11-01 02:11:34+00:00,2019-11-01 02:22:13+00:00,Cart abandoners
539113078,1,3,3,0,0,0.0,2019-11-01 01:26:44+00:00,2019-11-01 01:27:28+00:00,Browsers
539150580,2,6,6,0,0,0.0,2019-11-01 00:39:32+00:00,2019-11-01 00:49:56+00:00,Browsers
539216933,1,1,1,0,0,0.0,2019-11-01 01:34:29+00:00,2019-11-01 01:34:29+00:00,Browsers
539220880,1,1,1,0,0,0.0,2019-11-01 00:50:32+00:00,2019-11-01 00:50:32+00:00,Browsers
539241027,1,1,1,0,0,0.0,2019-11-01 02:24:12+00:00,2019-11-01 02:24:12+00:00,Browsers
539253474,1,1,1,0,0,0.0,2019-11-01 01:48:28+00:00,2019-11-01 01:48:28+00:00,Browsers
539258678,4,14,14,0,0,0.0,2019-11-01 00:42:17+00:00,2019-11-01 01:51:04+00:00,Browsers
539263702,1,9,9,0,0,0.0,2019-11-01 02:13:07+00:00,2019-11-01 02:21:28+00:00,Browsers
539280361,1,2,2,0,0,0.0,2019-11-01 02:36:28+00:00,2019-11-01 02:37:38+00:00,Browsers
539292412,1,1,1,0,0,0.0,2019-11-01 02:17:38+00:00,2019-11-01 02:17:38+00:00,Browsers
539303587,1,1,1,0,0,0.0,2019-11-01 02:43:12+00:00,2019-11-01 02:43:12+00:00,Browsers
539304156,1,1,1,0,0,0.0,2019-11-01 02:29:39+00:00,2019-11-01 02:29:39+00:00,Browsers
539304496,2,10,10,0,0,0.0,2019-11-01 02:35:18+00:00,2019-11-01 02:44:51+00:00,Browsers
539325752,1,1,1,0,0,0.0,2019-11-01 00:31:30+00:00,2019-11-01 00:31:30+00:00,Browsers
539332871,1,2,2,0,0,0.0,2019-11-01 02:16:10+00:00,2019-11-01 02:16:43+00:00,Browsers
539348838,1,6,6,0,0,0.0,2019-11-01 01:36:36+00:00,2019-11-01 01:47:34+00:00,Browsers
539355702,1,1,1,0,0,0.0,2019-11-01 00:23:46+00:00,2019-11-01 00:23:46+00:00,Browsers
539358064,1,12,12,0,0,0.0,2019-11-01 02:15:26+00:00,2019-11-01 02:22:11+00:00,Browsers
539370110,1,6,6,0,0,0.0,2019-11-01 01:54:56+00:00,2019-11-01 01:56:29+00:00,Browsers
539381972,1,2,2,0,0,0.0,2019-11-01 02:03:57+00:00,2019-11-01 02:05:17+00:00,Browsers
539382923,1,4,4,0,0,0.0,2019-11-01 01:41:13+00:00,2019-11-01 01:42:44+00:00,Browsers
539383166,1,4,4,0,0,0.0,2019-11-01 01:37:16+00:00,2019-11-01 01:48:41+00:00,Browsers
539396025,3,6,6,0,0,0.0,2019-11-01 01:47:21+00:00,2019-11-01 02:36:01+00:00,Browsers
539397674,1,9,9,0,0,0.0,2019-11-01 02:35:09+00:00,2019-11-01 02:43:18+00:00,Browsers
539404626,1,1,1,0,0,0.0,2019-11-01 02:28:45+00:00,2019-11-01 02:28:45+00:00,Browsers
539408088,1,2,2,0,0,0.0,2019-11-01 01:51:06+00:00,2019-11-01 01:52:37+00:00,Browsers
539411273,2,3,3,0,0,0.0,2019-11-01 00:21:06+00:00,2019-11-01 00:25:40+00:00,Browsers
539426875,1,7,7,0,0,0.0,2019-11-01 01:38:10+00:00,2019-11-01 02:00:50+00:00,Browsers
539430144,1,2,2,0,0,0.0,2019-11-01 02:02:09+00:00,2019-11-01 02:02:22+00:00,Browsers
539436666,2,2,2,0,0,0.0,2019-11-01 02:08:58+00:00,2019-11-01 02:09:11+00:00,Browsers
539441140,1,1,1,0,0,0.0,2019-11-01 01:31:50+00:00,2019-11-01 01:31:50+00:00,Browsers
539455910,1,1,1,0,0,0.0,2019-11-01 02:36:30+00:00,2019-11-01 02:36:30+00:00,Browsers
539460154,1,10,10,0,0,0.0,2019-11-01 00:05:59+00:00,2019-11-01 00:11:03+00:00,Browsers
539470214,1,1,1,0,0,0.0,2019-11-01 00:55:00+00:00,2019-11-01 00:55:00+00:00,Browsers
539476803,1,1,1,0,0,0.0,2019-11-01 01:30:29+00:00,2019-11-01 01:30:29+00:00,Browsers
539493680,1,2,2,0,0,0.0,2019-11-01 01:36:53+00:00,2019-11-01 01:37:37+00:00,Browsers
539509025,1,1,1,0,0,0.0,2019-11-01 02:31:00+00:00,2019-11-01 02:31:00+00:00,Browsers
539533568,1,3,3,0,0,0.0,2019-11-01 01:01:30+00:00,2019-11-01 01:02:49+00:00,Browsers
539541370,1,1,1,0,0,0.0,2019-11-01 00:56:03+00:00,2019-11-01 00:56:03+00:00,Browsers
539545522,1,1,1,0,0,0.0,2019-11-01 01:48:39+00:00,2019-11-01 01:48:39+00:00,Browsers
539547349,3,4,4,0,0,0.0,2019-11-01 01:36:44+00:00,2019-11-01 01:38:31+00:00,Browsers
539548286,2,36,36,0,0,0.0,2019-11-01 02:11:26+00:00,2019-11-01 02:47:32+00:00,Browsers
539559013,1,1,1,0,0,0.0,2019-11-01 00:50:57+00:00,2019-11-01 00:50:57+00:00,Browsers
539568431,1,1,1,0,0,0.0,2019-11-01 02:48:13+00:00,2019-11-01 02:48:13+00:00,Browsers
539568923,1,3,3,0,0,0.0,2019-11-01 02:38:57+00:00,2019-11-01 02:41:16+00:00,Browsers
539570468,1,1,1,0,0,0.0,2019-11-01 02:11:48+00:00,2019-11-01 02:11:48+00:00,Browsers
539573039,3,10,10,0,0,0.0,2019-11-01 00:26:06+00:00,2019-11-01 00:29:28+00:00,Browsers
539579837,1,1,1,0,0,0.0,2019-11-01 02:35:14+00:00,2019-11-01 02:35:14+00:00,Browsers
539580319,1,5,5,0,0,0.0,2019-11-01 02:13:39+00:00,2019-11-01 02:18:47+00:00,Browsers
539587206,1,4,4,0,0,0.0,2019-11-01 01:25:40+00:00,2019-11-01 01:27:34+00:00,Browsers
539594155,2,11,11,0,0,0.0,2019-11-01 02:15:34+00:00,2019-11-01 02:25:30+00:00,Browsers
539606001,1,2,2,0,0,0.0,2019-11-01 02:07:03+00:00,2019-11-01 02:08:22+00:00,Browsers
539615160,1,5,5,0,0,0.0,2019-11-01 01:58:18+00:00,2019-11-01 02:00:12+00:00,Browsers
539627965,1,3,3,0,0,0.0,2019-11-01 02:42:32+00:00,2019-11-01 02:45:10+00:00,Browsers
539646648,1,1,1,0,0,0.0,2019-11-01 00:20:31+00:00,2019-11-01 00:20:31+00:00,Browsers
539647906,2,4,4,0,0,0.0,2019-11-01 01:27:22+00:00,2019-11-01 01:27:52+00:00,Browsers
539649161,1,1,1,0,0,0.0,2019-11-01 02:16:36+00:00,2019-11-01 02:16:36+00:00,Browsers
539658308,1,6,6,0,0,0.0,2019-11-01 02:18:10+00:00,2019-11-01 02:26:06+00:00,Browsers
539662599,1,1,1,0,0,0.0,2019-11-01 02:19:50+00:00,2019-11-01 02:19:50+00:00,Browsers
539673869,1,3,3,0,0,0.0,2019-11-01 01:30:58+00:00,2019-11-01 01:32:25+00:00,Browsers
539692996,1,2,2,0,0,0.0,2019-11-01 02:11:49+00:00,2019-11-01 02:12:02+00:00,Browsers
539696650,1,3,3,0,0,0.0,2019-11-01 02:35:58+00:00,2019-11-01 02:36:48+00:00,Browsers
539701280,1,21,21,0,0,0.0,2019-11-01 00:00:42+00:00,2019-11-01 00:30:40+00:00,Browsers
539716934,1,1,1,0,0,0.0,2019-11-01 01:41:53+00:00,2019-11-01 01:41:53+00:00,Browsers
539732521,1,13,13,0,0,0.0,2019-11-01 01:27:24+00:00,2019-11-01 01:33:13+00:00,Browsers
539737415,2,4,3,0,1,66.9,2019-11-01 01:03:00+00:00,2019-11-01 01:45:54+00:00,High-value users (purchasers)
539740364,1,1,1,0,0,0.0,2019-11-01 00:04:33+00:00,2019-11-01 00:04:33+00:00,Browsers
539789958,1,2,2,0,0,0.0,2019-11-01 02:36:50+00:00,2019-11-01 02:37:22+00:00,Browsers
539794563,1,6,6,0,0,0.0,2019-11-01 00:57:44+00:00,2019-11-01 02:09:22+00:00,Browsers
539855535,2,7,7,0,0,0.0,2019-11-01 00:18:42+00:00,2019-11-01 00:29:58+00:00,Browsers
539892797,1,6,6,0,0,0.0,2019-11-01 01:35:36+00:00,2019-11-01 01:38:56+00:00,Browsers
539905492,1,2,2,0,0,0.0,2019-11-01 02:28:21+00:00,2019-11-01 02:29:56+00:00,Browsers
539909479,1,14,13,1,0,0.0,2019-11-01 02:19:33+00:00,2019-11-01 02:31:21+00:00,Cart abandoners
539910867,2,2,2,0,0,0.0,2019-11-01 02:06:00+00:00,2019-11-01 02:11:35+00:00,Browsers
539912542,1,22,22,0,0,0.0,2019-11-01 01:35:02+00:00,2019-11-01 02:24:14+00:00,Browsers
539920179,1,6,6,0,0,0.0,2019-11-01 02:34:30+00:00,2019-11-01 02:35:42+00:00,Browsers
539927976,1,2,1,0,1,949.47,2019-11-01 02:10:16+00:00,2019-11-01 02:10:45+00:00,High-value users (purchasers)
539928791,1,2,2,0,0,0.0,2019-11-01 00:25:39+00:00,2019-11-01 00:26:26+00:00,Browsers
539932668,1,1,1,0,0,0.0,2019-11-01 02:13:25+00:00,2019-11-01 02:13:25+00:00,Browsers
539941439,1,5,5,0,0,0.0,2019-11-01 00:42:19+00:00,2019-11-01 00:45:14+00:00,Browsers
539943545,1,1,1,0,0,0.0,2019-11-01 01:32:34+00:00,2019-11-01 01:32:34+00:00,Browsers
539943607,1,3,3,0,0,0.0,2019-11-01 00:11:20+00:00,2019-11-01 00:12:12+00:00,Browsers
539952572,1,13,12,0,1,66.9,2019-11-01 00:37:17+00:00,2019-11-01 00:51:37+00:00,High-value users (purchasers)
539980700,4,7,7,0,0,0.0,2019-11-01 02:13:51+00:00,2019-11-01 02:18:37+00:00,Browsers
540000552,1,10,10,0,0,0.0,2019-11-01 00:27:37+00:00,2019-11-01 00:31:54+00:00,Browsers
540010314,1,1,1,0,0,0.0,2019-11-01 02:48:09+00:00,2019-11-01 02:48:09+00:00,Browsers
540016850,1,5,5,0,0,0.0,2019-11-01 01:52:55+00:00,2019-11-01 01:54:17+00:00,Browsers
540024923,1,2,2,0,0,0.0,2019-11-01 01:51:05+00:00,2019-11-01 01:58:15+00:00,Browsers
540032636,1,4,4,0,0,0.0,2019-11-01 02:07:05+00:00,2019-11-01 02:09:13+00:00,Browsers
540034962,2,4,4,0,0,0.0,2019-11-01 02:23:45+00:00,2019-11-01 02:27:49+00:00,Browsers
540060632,1,3,3,0,0,0.0,2019-11-01 02:40:07+00:00,2019-11-01 02:41:07+00:00,Browsers
540062540,1,1,1,0,0,0.0,2019-11-01 00:08:32+00:00,2019-11-01 00:08:32+00:00,Browsers
540065528,1,1,1,0,0,0.0,2019-11-01 00:40:15+00:00,2019-11-01 00:40:15+00:00,Browsers
540081376,1,1,1,0,0,0.0,2019-11-01 02:31:40+00:00,2019-11-01 02:31:40+00:00,Browsers
540085693,1,3,3,0,0,0.0,2019-11-01 01:07:34+00:00,2019-11-01 01:08:04+00:00,Browsers
540107224,1,3,3,0,0,0.0,2019-11-01 00:06:40+00:00,2019-11-01 00:08:18+00:00,Browsers
540109435,1,2,2,0,0,0.0,2019-11-01 02:37:22+00:00,2019-11-01 02:37:57+00:00,Browsers
540156637,1,2,2,0,0,0.0,2019-11-01 01:45:46+00:00,2019-11-01 01:46:17+00:00,Browsers
540163919,1,1,1,0,0,0.0,2019-11-01 00:50:53+00:00,2019-11-01 00:50:53+00:00,Browsers
540182491,1,1,1,0,0,0.0,2019-11-01 00:34:33+00:00,2019-11-01 00:34:33+00:00,Browsers
540189264,2,11,11,0,0,0.0,2019-11-01 02:31:39+00:00,2019-11-01 02:43:11+00:00,Browsers
540192593,1,8,8,0,0,0.0,2019-11-01 00:33:19+00:00,2019-11-01 00:36:21+00:00,Browsers
540204931,1,2,2,0,0,0.0,2019-11-01 02:21:38+00:00,2019-11-01 02:22:13+00:00,Browsers
540235685,2,12,12,0,0,0.0,2019-11-01 00:10:30+00:00,2019-11-01 02:27:54+00:00,Browsers
540235991,1,1,1,0,0,0.0,2019-11-01 00:09:11+00:00,2019-11-01 00:09:11+00:00,Browsers
540245140,1,7,7,0,0,0.0,2019-11-01 01:26:52+00:00,2019-11-01 01:31:03+00:00,Browsers
540247266,2,8,7,0,1,194.6,2019-11-01 01:33:13+00:00,2019-11-01 01:40:59+00:00,High-value users (purchasers)
540267289,1,1,1,0,0,0.0,2019-11-01 02:19:36+00:00,2019-11-01 02:19:36+00:00,Browsers
540270335,1,1,1,0,0,0.0,2019-11-01 01:28:10+00:00,2019-11-01 01:28:10+00:00,Browsers
540275881,1,15,15,0,0,0.0,2019-11-01 01:28:33+00:00,2019-11-01 01:37:30+00:00,Browsers
540276882,1,10,10,0,0,0.0,2019-11-01 02:42:12+00:00,2019-11-01 02:46:55+00:00,Browsers
540291668,1,15,14,0,1,67.4,2019-11-01 01:47:41+00:00,2019-11-01 02:01:35+00:00,High-value users (purchasers)
540295088,1,8,8,0,0,0.0,2019-11-01 02:20:52+00:00,2019-11-01 02:26:27+00:00,Browsers
540301725,1,1,1,0,0,0.0,2019-11-01 02:19:32+00:00,2019-11-01 02:19:32+00:00,Browsers
540302247,2,3,3,0,0,0.0,2019-11-01 00:17:47+00:00,2019-11-01 00:24:51+00:00,Browsers
540308374,1,1,1,0,0,0.0,2019-11-01 02:35:15+00:00,2019-11-01 02:35:15+00:00,Browsers
540318955,1,1,1,0,0,0.0,2019-11-01 02:42:54+00:00,2019-11-01 02:42:54+00:00,Browsers
540326115,2,3,3,0,0,0.0,2019-11-01 02:34:06+00:00,2019-11-01 02:38:00+00:00,Browsers
540346161,1,2,2,0,0,0.0,2019-11-01 01:55:01+00:00,2019-11-01 01:55:24+00:00,Browsers
540348481,1,1,1,0,0,0.0,2019-11-01 02:11:27+00:00,2019-11-01 02:11:27+00:00,Browsers
540350609,1,8,8,0,0,0.0,2019-11-01 00:07:15+00:00,2019-11-01 00:11:47+00:00,Browsers
540353452,1,1,1,0,0,0.0,2019-11-01 00:49:20+00:00,2019-11-01 00:49:20+00:00,Browsers
540360380,1,1,1,0,0,0.0,2019-11-01 00:15:05+00:00,2019-11-01 00:15:05+00:00,Browsers
540362030,1,1,1,0,0,0.0,2019-11-01 02:34:36+00:00,2019-11-01 02:34:36+00:00,Browsers
540373096,1,1,1,0,0,0.0,2019-11-01 00:45:24+00:00,2019-11-01 00:45:24+00:00,Browsers
540375049,1,1,1,0,0,0.0,2019-11-01 01:02:43+00:00,2019-11-01 01:02:43+00:00,Browsers
540378448,1,2,2,0,0,0.0,2019-11-01 01:05:25+00:00,2019-11-01 01:06:17+00:00,Browsers
540413424,1,1,1,0,0,0.0,2019-11-01 01:50:18+00:00,2019-11-01 01:50:18+00:00,Browsers
540467001,1,4,4,0,0,0.0,2019-11-01 02:41:39+00:00,2019-11-01 02:45:54+00:00,Browsers
540474613,1,1,1,0,0,0.0,2019-11-01 01:55:42+00:00,2019-11-01 01:55:42+00:00,Browsers
540480630,1,3,3,0,0,0.0,2019-11-01 00:16:43+00:00,2019-11-01 00:17:46+00:00,Browsers
540486522,1,13,13,0,0,0.0,2019-11-01 02:00:37+00:00,2019-11-01 02:09:30+00:00,Browsers
540490818,1,1,1,0,0,0.0,2019-11-01 02:28:13+00:00,2019-11-01 02:28:13+00:00,Browsers
540494584,1,2,2,0,0,0.0,2019-11-01 00:14:06+00:00,2019-11-01 00:14:28+00:00,Browsers
540503748,1,9,9,0,0,0.0,2019-11-01 00:36:35+00:00,2019-11-01 00:38:49+00:00,Browsers
540508491,1,18,18,0,0,0.0,2019-11-01 00:07:32+00:00,2019-11-01 00:18:24+00:00,Browsers
540510262,1,5,4,0,1,952.15,2019-11-01 02:14:20+00:00,2019-11-01 02:20:19+00:00,High-value users (purchasers)
540515912,2,2,2,0,0,0.0,2019-11-01 02:19:11+00:00,2019-11-01 02:19:28+00:00,Browsers
540530748,1,1,1,0,0,0.0,2019-11-01 02:11:26+00:00,2019-11-01 02:11:26+00:00,Browsers
540532055,1,4,4,0,0,0.0,2019-11-01 02:34:06+00:00,2019-11-01 02:36:50+00:00,Browsers
540537583,2,3,3,0,0,0.0,2019-11-01 01:41:25+00:00,2019-11-01 01:57:40+00:00,Browsers
540538859,1,5,5,0,0,0.0,2019-11-01 00:30:38+00:00,2019-11-01 00:34:56+00:00,Browsers
540541755,1,5,4,0,1,1348.61,2019-11-01 02:25:42+00:00,2019-11-01 02:36:39+00:00,High-value users (purchasers)
540544260,1,3,3,0,0,0.0,2019-11-01 00:52:11+00:00,2019-11-01 00:53:39+00:00,Browsers
540559797,1,1,1,0,0,0.0,2019-11-01 02:40:53+00:00,2019-11-01 02:40:53+00:00,Browsers
540576827,1,68,68,0,0,0.0,2019-11-01 02:26:23+00:00,2019-11-01 02:47:58+00:00,Browsers
540581330,1,8,8,0,0,0.0,2019-11-01 02:19:49+00:00,2019-11-01 02:24:25+00:00,Browsers
540591011,1,1,1,0,0,0.0,2019-11-01 00:48:58+00:00,2019-11-01 00:48:58+00:00,Browsers
540592488,1,1,1,0,0,0.0,2019-11-01 02:13:55+00:00,2019-11-01 02:13:55+00:00,Browsers
540619419,1,5,5,0,0,0.0,2019-11-01 02:40:34+00:00,2019-11-01 02:43:10+00:00,Browsers
540620810,1,3,3,0,0,0.0,2019-11-01 01:37:49+00:00,2019-11-01 01:38:52+00:00,Browsers
540632746,1,4,4,0,0,0.0,2019-11-01 00:26:05+00:00,2019-11-01 00:30:12+00:00,Browsers
540634732,1,4,4,0,0,0.0,2019-11-01 00:00:55+00:00,2019-11-01 00:02:24+00:00,Browsers
540634888,1,4,4,0,0,0.0,2019-11-01 02:07:09+00:00,2019-11-01 02:18:21+00:00,Browsers
540640813,1,5,5,0,0,0.0,2019-11-01 00:21:16+00:00,2019-11-01 00:22:30+00:00,Browsers
540641490,1,3,3,0,0,0.0,2019-11-01 01:57:23+00:00,2019-11-01 02:00:29+00:00,Browsers
540643846,1,1,1,0,0,0.0,2019-11-01 01:43:15+00:00,2019-11-01 01:43:15+00:00,Browsers
540648349,1,1,1,0,0,0.0,2019-11-01 02:15:07+00:00,2019-11-01 02:15:07+00:00,Browsers
540648963,1,3,3,0,0,0.0,2019-11-01 02:41:13+00:00,2019-11-01 02:42:07+00:00,Browsers
540650800,1,1,1,0,0,0.0,2019-11-01 00:22:11+00:00,2019-11-01 00:22:11+00:00,Browsers
540675525,1,6,6,0,0,0.0,2019-11-01 01:35:11+00:00,2019-11-01 01:37:24+00:00,Browsers
540675843,1,1,1,0,0,0.0,2019-11-01 00:45:21+00:00,2019-11-01 00:45:21+00:00,Browsers
540679542,1,1,1,0,0,0.0,2019-11-01 01:05:32+00:00,2019-11-01 01:05:32+00:00,Browsers
540680110,1,10,10,0,0,0.0,2019-11-01 00:15:33+00:00,2019-11-01 00:21:17+00:00,Browsers
540689947,1,9,9,0,0,0.0,2019-11-01 01:32:42+00:00,2019-11-01 01:44:16+00:00,Browsers
540726615,1,3,3,0,0,0.0,2019-11-01 00:25:31+00:00,2019-11-01 00:28:17+00:00,Browsers
540741379,1,3,3,0,0,0.0,2019-11-01 01:26:03+00:00,2019-11-01 01:31:10+00:00,Browsers
540741390,1,1,1,0,0,0.0,2019-11-01 02:21:03+00:00,2019-11-01 02:21:03+00:00,Browsers
540742362,1,8,8,0,0,0.0,2019-11-01 01:36:24+00:00,2019-11-01 01:42:08+00:00,Browsers
540747990,1,4,4,0,0,0.0,2019-11-01 02:11:44+00:00,2019-11-01 02:19:06+00:00,Browsers
540750376,1,1,1,0,0,0.0,2019-11-01 00:43:04+00:00,2019-11-01 00:43:04+00:00,Browsers
540761244,1,3,3,0,0,0.0,2019-11-01 02:41:55+00:00,2019-11-01 02:43:02+00:00,Browsers
540771397,1,2,2,0,0,0.0,2019-11-01 01:43:21+00:00,2019-11-01 01:45:05+00:00,Browsers
540779728,1,1,1,0,0,0.0,2019-11-01 02:21:44+00:00,2019-11-01 02:21:44+00:00,Browsers
540780567,1,2,2,0,0,0.0,2019-11-01 02:36:30+00:00,2019-11-01 02:38:30+00:00,Browsers
540781437,3,17,17,0,0,0.0,2019-11-01 00:40:33+00:00,2019-11-01 00:47:57+00:00,Browsers
540789919,1,1,1,0,0,0.0,2019-11-01 00:18:27+00:00,2019-11-01 00:18:27+00:00,Browsers
540792709,2,2,2,0,0,0.0,2019-11-01 01:39:22+00:00,2019-11-01 01:40:14+00:00,Browsers
540801169,1,17,17,0,0,0.0,2019-11-01 01:40:44+00:00,2019-11-01 01:46:18+00:00,Browsers
540801209,2,13,12,0,1,18.53,2019-11-01 02:23:44+00:00,2019-11-01 02:44:45+00:00,High-value users (purchasers)
540804450,1,3,3,0,0,0.0,2019-11-01 01:04:35+00:00,2019-11-01 01:07:07+00:00,Browsers
540806097,1,3,2,0,1,722.4,2019-11-01 02:03:35+00:00,2019-11-01 02:05:09+00:00,High-value users (purchasers)
540806126,1,1,1,0,0,0.0,2019-11-01 00:02:22+00:00,2019-11-01 00:02:22+00:00,Browsers
540807712,1,2,2,0,0,0.0,2019-11-01 00:00:36+00:00,2019-11-01 00:01:07+00:00,Browsers
540812909,1,1,1,0,0,0.0,2019-11-01 00:40:56+00:00,2019-11-01 00:40:56+00:00,Browsers
540823488,1,4,4,0,0,0.0,2019-11-01 00:31:37+00:00,2019-11-01 00:34:09+00:00,Browsers
540824709,1,1,1,0,0,0.0,2019-11-01 00:17:35+00:00,2019-11-01 00:17:35+00:00,Browsers
540825063,1,1,1,0,0,0.0,2019-11-01 02:27:27+00:00,2019-11-01 02:27:27+00:00,Browsers
540831940,1,6,6,0,0,0.0,2019-11-01 01:35:04+00:00,2019-11-01 01:36:56+00:00,Browsers
540834734,1,1,1,0,0,0.0,2019-11-01 02:47:49+00:00,2019-11-01 02:47:49+00:00,Browsers
540834973,1,1,1,0,0,0.0,2019-11-01 02:04:27+00:00,2019-11-01 02:04:27+00:00,Browsers
540860293,1,2,2,0,0,0.0,2019-11-01 01:45:00+00:00,2019-11-01 01:45:27+00:00,Browsers
540864517,1,3,3,0,0,0.0,2019-11-01 02:04:11+00:00,2019-11-01 02:06:12+00:00,Browsers
540866394,1,1,1,0,0,0.0,2019-11-01 00:01:39+00:00,2019-11-01 00:01:39+00:00,Browsers
540876066,1,2,2,0,0,0.0,2019-11-01 02:36:22+00:00,2019-11-01 02:46:44+00:00,Browsers
540879962,1,1,1,0,0,0.0,2019-11-01 02:35:24+00:00,2019-11-01 02:35:24+00:00,Browsers
540880878,1,3,3,0,0,0.0,2019-11-01 01:33:08+00:00,2019-11-01 01:34:10+00:00,Browsers
540893323,1,3,3,0,0,0.0,2019-11-01 01:05:17+00:00,2019-11-01 01:06:02+00:00,Browsers
540903075,1,3,3,0,0,0.0,2019-11-01 01:35:29+00:00,2019-11-01 01:40:29+00:00,Browsers
540949644,1,1,1,0,0,0.0,2019-11-01 02:02:54+00:00,2019-11-01 02:02:54+00:00,Browsers
540952151,1,9,8,0,1,50.45,2019-11-01 02:27:25+00:00,2019-11-01 02:36:15+00:00,High-value users (purchasers)
540954670,1,13,13,0,0,0.0,2019-11-01 02:30:59+00:00,2019-11-01 02:36:59+00:00,Browsers
540957278,1,1,1,0,0,0.0,2019-11-01 01:41:52+00:00,2019-11-01 01:41:52+00:00,Browsers
540958029,1,1,1,0,0,0.0,2019-11-01 01:52:58+00:00,2019-11-01 01:52:58+00:00,Browsers
540959016,1,1,1,0,0,0.0,2019-11-01 01:58:58+00:00,2019-11-01 01:58:58+00:00,Browsers
540959082,1,3,3,0,0,0.0,2019-11-01 00:30:19+00:00,2019-11-01 00:34:05+00:00,Browsers
540973368,1,2,2,0,0,0.0,2019-11-01 02:12:20+00:00,2019-11-01 02:12:35+00:00,Browsers
540991946,1,10,10,0,0,0.0,2019-11-01 01:55:32+00:00,2019-11-01 02:04:05+00:00,Browsers
540993249,1,9,9,0,0,0.0,2019-11-01 00:55:34+00:00,2019-11-01 01:03:42+00:00,Browsers
541005279,1,1,1,0,0,0.0,2019-11-01 01:53:11+00:00,2019-11-01 01:53:11+00:00,Browsers
541005392,1,2,2,0,0,0.0,2019-11-01 01:39:54+00:00,2019-11-01 02:47:39+00:00,Browsers
541015391,1,4,4,0,0,0.0,2019-11-01 01:02:00+00:00,2019-11-01 01:06:30+00:00,Browsers
541017141,1,3,3,0,0,0.0,2019-11-01 02:25:09+00:00,2019-11-01 02:27:46+00:00,Browsers
541022499,1,4,3,0,1,86.23,2019-11-01 02:25:11+00:00,2019-11-01 02:31:43+00:00,High-value users (purchasers)
541024477,2,2,2,0,0,0.0,2019-11-01 01:08:35+00:00,2019-11-01 01:08:40+00:00,Browsers
541033305,1,1,1,0,0,0.0,2019-11-01 00:58:46+00:00,2019-11-01 00:58:46+00:00,Browsers
541037354,1,1,1,0,0,0.0,2019-11-01 01:38:12+00:00,2019-11-01 01:38:12+00:00,Browsers
541046795,1,1,1,0,0,0.0,2019-11-01 01:50:48+00:00,2019-11-01 01:50:48+00:00,Browsers
541052735,1,17,17,0,0,0.0,2019-11-01 00:18:42+00:00,2019-11-01 00:33:52+00:00,Browsers
541092954,1,2,2,0,0,0.0,2019-11-01 02:06:38+00:00,2019-11-01 02:09:03+00:00,Browsers
541120662,3,3,3,0,0,0.0,2019-11-01 00:24:02+00:00,2019-11-01 00:24:02+00:00,Browsers
541128327,1,3,3,0,0,0.0,2019-11-01 01:27:12+00:00,2019-11-01 01:29:35+00:00,Browsers
541132717,1,1,1,0,0,0.0,2019-11-01 02:44:20+00:00,2019-11-01 02:44:20+00:00,Browsers
541134364,1,3,3,0,0,0.0,2019-11-01 02:46:07+00:00,2019-11-01 02:47:54+00:00,Browsers
541138583,1,10,10,0,0,0.0,2019-11-01 01:24:53+00:00,2019-11-01 01:40:16+00:00,Browsers
541144949,1,4,4,0,0,0.0,2019-11-01 02:13:11+00:00,2019-11-01 02:18:28+00:00,Browsers
541155878,1,1,1,0,0,0.0,2019-11-01 00:47:47+00:00,2019-11-01 00:47:47+00:00,Browsers
541167347,1,5,5,0,0,0.0,2019-11-01 01:01:39+00:00,2019-11-01 01:07:08+00:00,Browsers
541196750,1,4,4,0,0,0.0,2019-11-01 01:52:56+00:00,2019-11-01 02:01:29+00:00,Browsers
541205692,1,7,7,0,0,0.0,2019-11-01 00:58:36+00:00,2019-11-01 01:03:31+00:00,Browsers
541219944,1,1,1,0,0,0.0,2019-11-01 01:48:00+00:00,2019-11-01 01:48:00+00:00,Browsers
541224196,1,1,1,0,0,0.0,2019-11-01 02:17:02+00:00,2019-11-01 02:17:02+00:00,Browsers
541226349,1,2,2,0,0,0.0,2019-11-01 02:21:06+00:00,2019-11-01 02:21:24+00:00,Browsers
541242732,2,6,6,0,0,0.0,2019-11-01 00:47:46+00:00,2019-11-01 00:49:17+00:00,Browsers
541263919,1,1,1,0,0,0.0,2019-11-01 02:17:10+00:00,2019-11-01 02:17:10+00:00,Browsers
541285470,1,1,1,0,0,0.0,2019-11-01 00:25:21+00:00,2019-11-01 00:25:21+00:00,Browsers
541287990,1,1,1,0,0,0.0,2019-11-01 02:37:00+00:00,2019-11-01 02:37:00+00:00,Browsers
541295990,1,1,1,0,0,0.0,2019-11-01 00:29:28+00:00,2019-11-01 00:29:28+00:00,Browsers
541296296,1,2,2,0,0,0.0,2019-11-01 02:15:44+00:00,2019-11-01 02:16:28+00:00,Browsers
541296698,1,1,1,0,0,0.0,2019-11-01 01:30:54+00:00,2019-11-01 01:30:54+00:00,Browsers
541303333,1,1,1,0,0,0.0,2019-11-01 01:29:22+00:00,2019-11-01 01:29:22+00:00,Browsers
541304940,1,4,4,0,0,0.0,2019-11-01 02:03:30+00:00,2019-11-01 02:06:19+00:00,Browsers
541306507,2,7,7,0,0,0.0,2019-11-01 00:36:20+00:00,2019-11-01 00:53:22+00:00,Browsers
541315166,1,1,1,0,0,0.0,2019-11-01 00:36:04+00:00,2019-11-01 00:36:04+00:00,Browsers
541320065,2,2,2,0,0,0.0,2019-11-01 02:44:46+00:00,2019-11-01 02:47:58+00:00,Browsers
541326189,1,12,12,0,0,0.0,2019-11-01 01:59:32+00:00,2019-11-01 02:03:17+00:00,Browsers
541331482,9,10,10,0,0,0.0,2019-11-01 02:37:53+00:00,2019-11-01 02:42:24+00:00,Browsers
541333922,1,2,2,0,0,0.0,2019-11-01 02:43:31+00:00,2019-11-01 02:44:47+00:00,Browsers
541337137,1,2,2,0,0,0.0,2019-11-01 00:38:47+00:00,2019-11-01 00:39:06+00:00,Browsers
541340729,1,1,1,0,0,0.0,2019-11-01 01:52:20+00:00,2019-11-01 01:52:20+00:00,Browsers
541341078,1,3,3,0,0,0.0,2019-11-01 02:47:19+00:00,2019-11-01 02:48:17+00:00,Browsers
541367170,1,30,30,0,0,0.0,2019-11-01 02:22:12+00:00,2019-11-01 02:37:58+00:00,Browsers
541374079,1,1,1,0,0,0.0,2019-11-01 01:07:48+00:00,2019-11-01 01:07:48+00:00,Browsers
541375391,1,4,4,0,0,0.0,2019-11-01 01:30:41+00:00,2019-11-01 01:32:26+00:00,Browsers
541378361,1,1,1,0,0,0.0,2019-11-01 02:37:09+00:00,2019-11-01 02:37:09+00:00,Browsers
541395711,1,1,1,0,0,0.0,2019-11-01 01:51:54+00:00,2019-11-01 01:51:54+00:00,Browsers
541403156,1,1,1,0,0,0.0,2019-11-01 00:26:10+00:00,2019-11-01 00:26:10+00:00,Browsers
541437023,1,1,1,0,0,0.0,2019-11-01 02:27:09+00:00,2019-11-01 02:27:09+00:00,Browsers
541458816,1,1,1,0,0,0.0,2019-11-01 02:26:57+00:00,2019-11-01 02:26:57+00:00,Browsers
541461722,1,6,6,0,0,0.0,2019-11-01 01:37:00+00:00,2019-11-01 01:42:47+00:00,Browsers
541471529,1,1,1,0,0,0.0,2019-11-01 02:16:58+00:00,2019-11-01 02:16:58+00:00,Browsers
541474566,1,31,31,0,0,0.0,2019-11-01 01:43:55+00:00,2019-11-01 02:03:17+00:00,Browsers
541480181,1,16,16,0,0,0.0,2019-11-01 01:42:57+00:00,2019-11-01 01:58:28+00:00,Browsers
541506645,3,19,19,0,0,0.0,2019-11-01 00:56:44+00:00,2019-11-01 01:08:58+00:00,Browsers
541513639,1,1,1,0,0,0.0,2019-11-01 00:31:03+00:00,2019-11-01 00:31:03+00:00,Browsers
541514965,4,20,20,0,0,0.0,2019-11-01 01:59:06+00:00,2019-11-01 02:45:36+00:00,Browsers
541534196,1,3,3,0,0,0.0,2019-11-01 01:35:55+00:00,2019-11-01 01:40:17+00:00,Browsers
541536804,1,1,1,0,0,0.0,2019-11-01 01:02:29+00:00,2019-11-01 01:02:29+00:00,Browsers
541537196,1,15,15,0,0,0.0,2019-11-01 02:07:14+00:00,2019-11-01 02:17:38+00:00,Browsers
541537485,1,1,1,0,0,0.0,2019-11-01 02:12:18+00:00,2019-11-01 02:12:18+00:00,Browsers
541540478,1,3,3,0,0,0.0,2019-11-01 00:15:29+00:00,2019-11-01 00:19:01+00:00,Browsers
541547399,1,1,1,0,0,0.0,2019-11-01 01:44:31+00:00,2019-11-01 01:44:31+00:00,Browsers
541550026,1,1,1,0,0,0.0,2019-11-01 01:30:40+00:00,2019-11-01 01:30:40+00:00,Browsers
541557942,1,2,2,0,0,0.0,2019-11-01 02:33:46+00:00,2019-11-01 02:35:14+00:00,Browsers
541567358,1,1,1,0,0,0.0,2019-11-01 01:39:14+00:00,2019-11-01 01:39:14+00:00,Browsers
541590302,1,1,1,0,0,0.0,2019-11-01 01:32:05+00:00,2019-11-01 01:32:05+00:00,Browsers
541611716,1,1,1,0,0,0.0,2019-11-01 00:05:02+00:00,2019-11-01 00:05:02+00:00,Browsers
541617795,1,1,1,0,0,0.0,2019-11-01 02:45:45+00:00,2019-11-01 02:45:45+00:00,Browsers
541620414,1,3,3,0,0,0.0,2019-11-01 02:45:09+00:00,2019-11-01 02:45:48+00:00,Browsers
541621803,1,1,1,0,0,0.0,2019-11-01 02:11:20+00:00,2019-11-01 02:11:20+00:00,Browsers
541622112,1,1,1,0,0,0.0,2019-11-01 02:15:20+00:00,2019-11-01 02:15:20+00:00,Browsers
541622435,1,16,16,0,0,0.0,2019-11-01 00:56:29+00:00,2019-11-01 01:10:33+00:00,Browsers
541625263,1,3,3,0,0,0.0,2019-11-01 01:01:18+00:00,2019-11-01 01:05:55+00:00,Browsers
541630408,3,7,7,0,0,0.0,2019-11-01 00:58:21+00:00,2019-11-01 01:07:02+00:00,Browsers
541638478,2,7,6,1,0,0.0,2019-11-01 01:01:21+00:00,2019-11-01 01:08:50+00:00,Cart abandoners
541647392,2,6,6,0,0,0.0,2019-11-01 00:11:09+00:00,2019-11-01 00:50:42+00:00,Browsers
541654449,1,5,5,0,0,0.0,2019-11-01 02:39:20+00:00,2019-11-01 02:41:27+00:00,Browsers
541663592,1,10,10,0,0,0.0,2019-11-01 02:12:18+00:00,2019-11-01 02:20:10+00:00,Browsers
541676820,1,1,1,0,0,0.0,2019-11-01 02:46:45+00:00,2019-11-01 02:46:45+00:00,Browsers
541679190,1,1,1,0,0,0.0,2019-11-01 02:19:27+00:00,2019-11-01 02:19:27+00:00,Browsers
541699083,1,1,1,0,0,0.0,2019-11-01 02:43:59+00:00,2019-11-01 02:43:59+00:00,Browsers
541704374,1,8,8,0,0,0.0,2019-11-01 02:21:48+00:00,2019-11-01 02:31:08+00:00,Browsers
541715728,1,1,1,0,0,0.0,2019-11-01 01:08:54+00:00,2019-11-01 01:08:54+00:00,Browsers
541716350,2,8,6,2,0,0.0,2019-11-01 01:46:24+00:00,2019-11-01 01:55:52+00:00,Cart abandoners
541741443,1,2,2,0,0,0.0,2019-11-01 02:27:01+00:00,2019-11-01 02:27:50+00:00,Browsers
541745169,1,8,8,0,0,0.0,2019-11-01 02:02:09+00:00,2019-11-01 02:06:51+00:00,Browsers
541746781,1,1,1,0,0,0.0,2019-11-01 02:15:30+00:00,2019-11-01 02:15:30+00:00,Browsers
541747396,1,1,1,0,0,0.0,2019-11-01 02:01:33+00:00,2019-11-01 02:01:33+00:00,Browsers
541771719,1,1,1,0,0,0.0,2019-11-01 00:57:53+00:00,2019-11-01 00:57:53+00:00,Browsers
541772752,1,12,12,0,0,0.0,2019-11-01 02:19:38+00:00,2019-11-01 02:30:06+00:00,Browsers
541781391,1,3,3,0,0,0.0,2019-11-01 01:32:43+00:00,2019-11-01 01:33:18+00:00,Browsers
541781462,2,19,19,0,0,0.0,2019-11-01 00:03:08+00:00,2019-11-01 00:31:11+00:00,Browsers
541795447,1,2,2,0,0,0.0,2019-11-01 02:09:22+00:00,2019-11-01 02:09:53+00:00,Browsers
541795815,1,1,1,0,0,0.0,2019-11-01 02:40:03+00:00,2019-11-01 02:40:03+00:00,Browsers
541799199,1,5,5,0,0,0.0,2019-11-01 02:12:33+00:00,2019-11-01 02:15:22+00:00,Browsers
541807092,1,1,1,0,0,0.0,2019-11-01 02:39:27+00:00,2019-11-01 02:39:27+00:00,Browsers
541838463,1,2,2,0,0,0.0,2019-11-01 02:08:51+00:00,2019-11-01 02:10:03+00:00,Browsers
541841795,1,1,1,0,0,0.0,2019-11-01 02:02:26+00:00,2019-11-01 02:02:26+00:00,Browsers
541843991,1,1,1,0,0,0.0,2019-11-01 02:07:05+00:00,2019-11-01 02:07:05+00:00,Browsers
541851324,1,1,1,0,0,0.0,2019-11-01 00:02:04+00:00,2019-11-01 00:02:04+00:00,Browsers
541854711,1,3,2,0,1,109.66,2019-11-01 00:04:55+00:00,2019-11-01 00:06:00+00:00,High-value users (purchasers)
541860254,1,2,2,0,0,0.0,2019-11-01 01:01:33+00:00,2019-11-01 01:02:14+00:00,Browsers
541860342,1,3,3,0,0,0.0,2019-11-01 02:46:28+00:00,2019-11-01 02:47:59+00:00,Browsers
541861901,1,1,1,0,0,0.0,2019-11-01 02:45:00+00:00,2019-11-01 02:45:00+00:00,Browsers
541870222,1,5,5,0,0,0.0,2019-11-01 01:58:35+00:00,2019-11-01 02:01:29+00:00,Browsers
541876228,1,1,1,0,0,0.0,2019-11-01 02:43:12+00:00,2019-11-01 02:43:12+00:00,Browsers
541895840,1,3,3,0,0,0.0,2019-11-01 00:46:39+00:00,2019-11-01 00:48:07+00:00,Browsers
541898462,1,14,13,0,1,771.94,2019-11-01 02:15:58+00:00,2019-11-01 02:47:42+00:00,High-value users (purchasers)
541905455,1,1,1,0,0,0.0,2019-11-01 00:35:34+00:00,2019-11-01 00:35:34+00:00,Browsers
541920131,1,4,3,0,1,38.35,2019-11-01 00:39:58+00:00,2019-11-01 00:41:29+00:00,High-value users (purchasers)
541930196,1,1,1,0,0,0.0,2019-11-01 00:23:24+00:00,2019-11-01 00:23:24+00:00,Browsers
541947645,1,1,1,0,0,0.0,2019-11-01 02:09:30+00:00,2019-11-01 02:09:30+00:00,Browsers
541947747,1,1,1,0,0,0.0,2019-11-01 01:57:47+00:00,2019-11-01 01:57:47+00:00,Browsers
541961754,1,2,2,0,0,0.0,2019-11-01 00:50:00+00:00,2019-11-01 00:50:58+00:00,Browsers
541966652,1,2,2,0,0,0.0,2019-11-01 02:08:04+00:00,2019-11-01 02:09:23+00:00,Browsers
541970272,1,1,1,0,0,0.0,2019-11-01 00:56:00+00:00,2019-11-01 00:56:00+00:00,Browsers
541971937,1,1,1,0,0,0.0,2019-11-01 01:59:28+00:00,2019-11-01 01:59:28+00:00,Browsers
541979478,1,5,5,0,0,0.0,2019-11-01 02:07:40+00:00,2019-11-01 02:13:06+00:00,Browsers
541984382,1,4,4,0,0,0.0,2019-11-01 02:28:25+00:00,2019-11-01 02:29:45+00:00,Browsers
541986376,3,3,3,0,0,0.0,2019-11-01 02:06:23+00:00,2019-11-01 02:12:34+00:00,Browsers
541996163,1,10,10,0,0,0.0,2019-11-01 01:44:53+00:00,2019-11-01 01:59:30+00:00,Browsers
542005792,1,2,2,0,0,0.0,2019-11-01 02:23:44+00:00,2019-11-01 02:24:08+00:00,Browsers
542014709,1,2,2,0,0,0.0,2019-11-01 02:30:57+00:00,2019-11-01 02:31:08+00:00,Browsers
542017387,1,1,1,0,0,0.0,2019-11-01 00:35:18+00:00,2019-11-01 00:35:18+00:00,Browsers
542019812,1,1,1,0,0,0.0,2019-11-01 00:27:11+00:00,2019-11-01 00:27:11+00:00,Browsers
542031592,1,9,9,0,0,0.0,2019-11-01 02:30:04+00:00,2019-11-01 02:38:34+00:00,Browsers
542031958,1,1,1,0,0,0.0,2019-11-01 00:44:30+00:00,2019-11-01 00:44:30+00:00,Browsers
542042161,1,1,1,0,0,0.0,2019-11-01 02:32:43+00:00,2019-11-01 02:32:43+00:00,Browsers
542043310,1,5,2,3,0,0.0,2019-11-01 02:31:46+00:00,2019-11-01 02:36:57+00:00,Cart abandoners
542057656,1,1,1,0,0,0.0,2019-11-01 02:44:41+00:00,2019-11-01 02:44:41+00:00,Browsers
542079559,1,1,1,0,0,0.0,2019-11-01 02:44:33+00:00,2019-11-01 02:44:33+00:00,Browsers
542090729,1,2,1,0,1,75.94,2019-11-01 02:15:41+00:00,2019-11-01 02:19:12+00:00,High-value users (purchasers)
542091337,1,2,2,0,0,0.0,2019-11-01 02:23:08+00:00,2019-11-01 02:24:11+00:00,Browsers
542100823,1,2,2,0,0,0.0,2019-11-01 02:20:57+00:00,2019-11-01 02:21:26+00:00,Browsers
542102004,2,17,17,0,0,0.0,2019-11-01 00:12:37+00:00,2019-11-01 00:45:03+00:00,Browsers
542105397,1,2,2,0,0,0.0,2019-11-01 02:44:47+00:00,2019-11-01 02:45:22+00:00,Browsers
542114719,1,1,1,0,0,0.0,2019-11-01 00:01:32+00:00,2019-11-01 00:01:32+00:00,Browsers
542114990,1,1,1,0,0,0.0,2019-11-01 01:44:50+00:00,2019-11-01 01:44:50+00:00,Browsers
542144634,1,6,6,0,0,0.0,2019-11-01 01:48:16+00:00,2019-11-01 01:53:06+00:00,Browsers
542148895,1,1,1,0,0,0.0,2019-11-01 00:04:40+00:00,2019-11-01 00:04:40+00:00,Browsers
542149860,1,1,1,0,0,0.0,2019-11-01 00:44:46+00:00,2019-11-01 00:44:46+00:00,Browsers
542155245,2,10,10,0,0,0.0,2019-11-01 02:36:06+00:00,2019-11-01 02:42:56+00:00,Browsers
542166579,1,2,2,0,0,0.0,2019-11-01 01:36:53+00:00,2019-11-01 01:37:27+00:00,Browsers
542167359,1,1,1,0,0,0.0,2019-11-01 01:53:23+00:00,2019-11-01 01:53:23+00:00,Browsers
542197995,1,1,1,0,0,0.0,2019-11-01 00:52:47+00:00,2019-11-01 00:52:47+00:00,Browsers
542210844,1,4,3,0,1,1665.36,2019-11-01 00:32:00+00:00,2019-11-01 00:33:40+00:00,High-value users (purchasers)
542212714,1,1,1,0,0,0.0,2019-11-01 01:37:32+00:00,2019-11-01 01:37:32+00:00,Browsers
542222900,1,1,1,0,0,0.0,2019-11-01 02:30:26+00:00,2019-11-01 02:30:26+00:00,Browsers
542236011,3,13,13,0,0,0.0,2019-11-01 02:01:24+00:00,2019-11-01 02:21:03+00:00,Browsers
542238497,1,1,1,0,0,0.0,2019-11-01 01:27:25+00:00,2019-11-01 01:27:25+00:00,Browsers
542249568,1,6,6,0,0,0.0,2019-11-01 02:37:10+00:00,2019-11-01 02:39:07+00:00,Browsers
542254676,1,2,2,0,0,0.0,2019-11-01 02:48:03+00:00,2019-11-01 02:48:24+00:00,Browsers
542258442,1,1,1,0,0,0.0,2019-11-01 02:32:40+00:00,2019-11-01 02:32:40+00:00,Browsers
542276292,1,2,2,0,0,0.0,2019-11-01 01:30:31+00:00,2019-11-01 01:30:41+00:00,Browsers
542290022,1,1,1,0,0,0.0,2019-11-01 02:40:01+00:00,2019-11-01 02:40:01+00:00,Browsers
542296233,1,1,1,0,0,0.0,2019-11-01 02:26:13+00:00,2019-11-01 02:26:13+00:00,Browsers
542301730,1,8,8,0,0,0.0,2019-11-01 02:06:24+00:00,2019-11-01 02:08:21+00:00,Browsers
542304119,1,1,1,0,0,0.0,2019-11-01 00:29:29+00:00,2019-11-01 00:29:29+00:00,Browsers
542308534,1,3,3,0,0,0.0,2019-11-01 01:56:07+00:00,2019-11-01 01:59:40+00:00,Browsers
542317384,1,40,40,0,0,0.0,2019-11-01 00:01:26+00:00,2019-11-01 00:34:20+00:00,Browsers
542319279,1,1,1,0,0,0.0,2019-11-01 01:01:39+00:00,2019-11-01 01:01:39+00:00,Browsers
542326339,1,8,5,2,1,212.08,2019-11-01 01:02:35+00:00,2019-11-01 01:07:01+00:00,High-value users (purchasers)
542329376,1,17,17,0,0,0.0,2019-11-01 02:25:55+00:00,2019-11-01 02:32:29+00:00,Browsers
542331378,1,9,9,0,0,0.0,2019-11-01 01:53:49+00:00,2019-11-01 01:59:02+00:00,Browsers
542337318,1,1,1,0,0,0.0,2019-11-01 02:46:50+00:00,2019-11-01 02:46:50+00:00,Browsers
542337874,1,2,2,0,0,0.0,2019-11-01 01:35:34+00:00,2019-11-01 01:37:07+00:00,Browsers
542346595,1,1,1,0,0,0.0,2019-11-01 00:02:35+00:00,2019-11-01 00:02:35+00:00,Browsers
542347627,2,59,58,0,1,62.81,2019-11-01 01:34:18+00:00,2019-11-01 02:32:31+00:00,High-value users (purchasers)
542358859,1,1,1,0,0,0.0,2019-11-01 00:23:09+00:00,2019-11-01 00:23:09+00:00,Browsers
542384086,1,5,5,0,0,0.0,2019-11-01 02:40:17+00:00,2019-11-01 02:43:12+00:00,Browsers
542390275,1,1,1,0,0,0.0,2019-11-01 00:24:02+00:00,2019-11-01 00:24:02+00:00,Browsers
542393663,1,22,22,0,0,0.0,2019-11-01 02:31:08+00:00,2019-11-01 02:48:12+00:00,Browsers
542401075,1,5,4,1,0,0.0,2019-11-01 02:23:27+00:00,2019-11-01 02:25:26+00:00,Cart abandoners
542405570,1,2,2,0,0,0.0,2019-11-01 01:44:58+00:00,2019-11-01 01:49:14+00:00,Browsers
542410663,1,1,1,0,0,0.0,2019-11-01 02:38:15+00:00,2019-11-01 02:38:15+00:00,Browsers
542414491,1,3,2,0,1,823.16,2019-11-01 02:22:59+00:00,2019-11-01 02:27:45+00:00,High-value users (purchasers)
542420300,1,3,3,0,0,0.0,2019-11-01 01:41:40+00:00,2019-11-01 01:43:17+00:00,Browsers
542448319,1,1,1,0,0,0.0,2019-11-01 01:42:46+00:00,2019-11-01 01:42:46+00:00,Browsers
542457866,2,23,23,0,0,0.0,2019-11-01 01:54:40+00:00,2019-11-01 02:27:16+00:00,Browsers
542466444,1,15,15,0,0,0.0,2019-11-01 01:51:42+00:00,2019-11-01 01:59:40+00:00,Browsers
542471879,1,9,9,0,0,0.0,2019-11-01 01:48:37+00:00,2019-11-01 01:52:05+00:00,Browsers
542474856,2,14,14,0,0,0.0,2019-11-01 00:36:24+00:00,2019-11-01 00:45:12+00:00,Browsers
542479100,1,3,3,0,0,0.0,2019-11-01 02:18:23+00:00,2019-11-01 02:22:31+00:00,Browsers
542486791,1,1,1,0,0,0.0,2019-11-01 02:29:29+00:00,2019-11-01 02:29:29+00:00,Browsers
542497923,1,3,3,0,0,0.0,2019-11-01 02:29:28+00:00,2019-11-01 02:30:28+00:00,Browsers
542516107,1,10,10,0,0,0.0,2019-11-01 01:59:46+00:00,2019-11-01 02:09:52+00:00,Browsers
542527350,1,1,1,0,0,0.0,2019-11-01 01:39:40+00:00,2019-11-01 01:39:40+00:00,Browsers
542530544,1,1,1,0,0,0.0,2019-11-01 00:34:57+00:00,2019-11-01 00:34:57+00:00,Browsers
542537183,2,2,2,0,0,0.0,2019-11-01 02:11:23+00:00,2019-11-01 02:11:59+00:00,Browsers
542546412,1,1,1,0,0,0.0,2019-11-01 01:03:08+00:00,2019-11-01 01:03:08+00:00,Browsers
542549619,1,1,1,0,0,0.0,2019-11-01 02:45:15+00:00,2019-11-01 02:45:15+00:00,Browsers
542551398,1,1,1,0,0,0.0,2019-11-01 00:35:12+00:00,2019-11-01 00:35:12+00:00,Browsers
542552819,1,2,2,0,0,0.0,2019-11-01 02:40:16+00:00,2019-11-01 02:41:09+00:00,Browsers
542562685,1,12,12,0,0,0.0,2019-11-01 01:29:13+00:00,2019-11-01 01:34:25+00:00,Browsers
542579862,1,5,5,0,0,0.0,2019-11-01 02:11:54+00:00,2019-11-01 02:19:16+00:00,Browsers
542587204,1,1,1,0,0,0.0,2019-11-01 01:46:13+00:00,2019-11-01 01:46:13+00:00,Browsers
542601681,2,8,8,0,0,0.0,2019-11-01 02:34:22+00:00,2019-11-01 02:47:12+00:00,Browsers
542633023,1,8,3,4,1,172.23,2019-11-01 02:24:28+00:00,2019-11-01 02:27:33+00:00,High-value users (purchasers)
542635465,1,2,2,0,0,0.0,2019-11-01 02:45:48+00:00,2019-11-01 02:46:30+00:00,Browsers
542638254,2,3,3,0,0,0.0,2019-11-01 01:33:55+00:00,2019-11-01 01:41:56+00:00,Browsers
542640486,1,9,9,0,0,0.0,2019-11-01 00:22:26+00:00,2019-11-01 00:38:38+00:00,Browsers
542644749,1,2,2,0,0,0.0,2019-11-01 01:49:15+00:00,2019-11-01 01:50:43+00:00,Browsers
542658846,1,3,3,0,0,0.0,2019-11-01 00:34:46+00:00,2019-11-01 00:36:49+00:00,Browsers
542674923,2,7,7,0,0,0.0,2019-11-01 02:06:59+00:00,2019-11-01 02:20:19+00:00,Browsers
542675209,1,16,16,0,0,0.0,2019-11-01 01:58:24+00:00,2019-11-01 02:16:52+00:00,Browsers
542677080,2,6,6,0,0,0.0,2019-11-01 00:13:43+00:00,2019-11-01 00:44:28+00:00,Browsers
542677293,1,2,2,0,0,0.0,2019-11-01 02:05:06+00:00,2019-11-01 02:05:36+00:00,Browsers
542679068,1,1,1,0,0,0.0,2019-11-01 02:11:52+00:00,2019-11-01 02:11:52+00:00,Browsers
542682099,1,1,1,0,0,0.0,2019-11-01 01:52:53+00:00,2019-11-01 01:52:53+00:00,Browsers
542682407,1,8,8,0,0,0.0,2019-11-01 00:14:05+00:00,2019-11-01 00:22:51+00:00,Browsers
542682453,1,1,1,0,0,0.0,2019-11-01 02:06:15+00:00,2019-11-01 02:06:15+00:00,Browsers
542688593,1,3,3,0,0,0.0,2019-11-01 01:41:02+00:00,2019-11-01 01:42:00+00:00,Browsers
542690337,1,2,2,0,0,0.0,2019-11-01 01:57:13+00:00,2019-11-01 01:58:45+00:00,Browsers
542697050,2,4,4,0,0,0.0,2019-11-01 00:20:16+00:00,2019-11-01 00:25:14+00:00,Browsers
542699712,1,1,1,0,0,0.0,2019-11-01 01:38:32+00:00,2019-11-01 01:38:32+00:00,Browsers
542701491,1,24,24,0,0,0.0,2019-11-01 02:41:12+00:00,2019-11-01 02:48:26+00:00,Browsers
542706545,1,2,2,0,0,0.0,2019-11-01 02:38:13+00:00,2019-11-01 02:39:11+00:00,Browsers
542707569,6,50,50,0,0,0.0,2019-11-01 00:37:20+00:00,2019-11-01 02:22:52+00:00,Browsers
542717006,1,4,4,0,0,0.0,2019-11-01 02:46:49+00:00,2019-11-01 02:48:15+00:00,Browsers
542718671,1,1,1,0,0,0.0,2019-11-01 01:47:50+00:00,2019-11-01 01:47:50+00:00,Browsers
542726372,2,9,9,0,0,0.0,2019-11-01 02:20:31+00:00,2019-11-01 02:31:54+00:00,Browsers
542726775,1,1,1,0,0,0.0,2019-11-01 01:47:36+00:00,2019-11-01 01:47:36+00:00,Browsers
542728394,1,3,2,1,0,0.0,2019-11-01 02:45:22+00:00,2019-11-01 02:45:51+00:00,Cart abandoners
542731435,1,3,3,0,0,0.0,2019-11-01 01:51:33+00:00,2019-11-01 01:53:43+00:00,Browsers
542733358,1,2,2,0,0,0.0,2019-11-01 02:27:08+00:00,2019-11-01 02:27:43+00:00,Browsers
542734016,1,4,4,0,0,0.0,2019-11-01 02:38:08+00:00,2019-11-01 02:39:19+00:00,Browsers
542734815,1,3,3,0,0,0.0,2019-11-01 02:43:31+00:00,2019-11-01 02:46:53+00:00,Browsers
542734877,1,2,2,0,0,0.0,2019-11-01 00:07:38+00:00,2019-11-01 00:20:29+00:00,Browsers
542737837,1,5,5,0,0,0.0,2019-11-01 01:43:54+00:00,2019-11-01 01:45:27+00:00,Browsers
542751848,1,2,2,0,0,0.0,2019-11-01 02:43:43+00:00,2019-11-01 02:47:20+00:00,Browsers
542753594,1,1,1,0,0,0.0,2019-11-01 02:03:55+00:00,2019-11-01 02:03:55+00:00,Browsers
542757677,1,4,4,0,0,0.0,2019-11-01 02:46:59+00:00,2019-11-01 02:48:14+00:00,Browsers
542768862,1,4,4,0,0,0.0,2019-11-01 02:25:52+00:00,2019-11-01 02:40:56+00:00,Browsers
542769345,1,8,8,0,0,0.0,2019-11-01 02:42:34+00:00,2019-11-01 02:48:05+00:00,Browsers
542775400,1,1,1,0,0,0.0,2019-11-01 01:25:11+00:00,2019-11-01 01:25:11+00:00,Browsers
542776816,2,5,5,0,0,0.0,2019-11-01 01:34:33+00:00,2019-11-01 02:05:40+00:00,Browsers
542785675,1,9,9,0,0,0.0,2019-11-01 02:44:19+00:00,2019-11-01 02:48:25+00:00,Browsers
542791459,1,1,1,0,0,0.0,2019-11-01 01:39:49+00:00,2019-11-01 01:39:49+00:00,Browsers
542794418,1,2,2,0,0,0.0,2019-11-01 00:37:48+00:00,2019-11-01 00:38:04+00:00,Browsers
542795497,1,12,12,0,0,0.0,2019-11-01 01:34:17+00:00,2019-11-01 01:37:55+00:00,Browsers
542800986,1,1,1,0,0,0.0,2019-11-01 01:30:24+00:00,2019-11-01 01:30:24+00:00,Browsers
542801748,1,1,1,0,0,0.0,2019-11-01 01:53:39+00:00,2019-11-01 01:53:39+00:00,Browsers
542805819,1,1,1,0,0,0.0,2019-11-01 01:30:37+00:00,2019-11-01 01:30:37+00:00,Browsers
542807864,1,1,1,0,0,0.0,2019-11-01 02:43:10+00:00,2019-11-01 02:43:10+00:00,Browsers
542809765,2,5,5,0,0,0.0,2019-11-01 02:24:26+00:00,2019-11-01 02:48:23+00:00,Browsers
542812824,3,3,3,0,0,0.0,2019-11-01 02:34:25+00:00,2019-11-01 02:36:35+00:00,Browsers
542836905,1,5,3,1,1,722.4,2019-11-01 02:05:47+00:00,2019-11-01 02:08:21+00:00,High-value users (purchasers)
542840510,1,1,1,0,0,0.0,2019-11-01 01:39:55+00:00,2019-11-01 01:39:55+00:00,Browsers
542840766,2,2,2,0,0,0.0,2019-11-01 02:26:49+00:00,2019-11-01 02:30:19+00:00,Browsers
542846052,1,1,1,0,0,0.0,2019-11-01 02:13:48+00:00,2019-11-01 02:13:48+00:00,Browsers
542854787,1,1,1,0,0,0.0,2019-11-01 02:18:10+00:00,2019-11-01 02:18:10+00:00,Browsers
542856740,1,1,1,0,0,0.0,2019-11-01 00:51:27+00:00,2019-11-01 00:51:27+00:00,Browsers
542857024,1,1,1,0,0,0.0,2019-11-01 01:07:53+00:00,2019-11-01 01:07:53+00:00,Browsers
542865233,1,1,1,0,0,0.0,2019-11-01 02:39:07+00:00,2019-11-01 02:39:07+00:00,Browsers
542873913,1,1,1,0,0,0.0,2019-11-01 01:03:47+00:00,2019-11-01 01:03:47+00:00,Browsers
542880758,1,2,2,0,0,0.0,2019-11-01 02:32:13+00:00,2019-11-01 02:37:41+00:00,Browsers
542885328,1,1,1,0,0,0.0,2019-11-01 00:34:23+00:00,2019-11-01 00:34:23+00:00,Browsers
542895632,1,13,13,0,0,0.0,2019-11-01 00:54:53+00:00,2019-11-01 01:04:33+00:00,Browsers
542896236,2,30,30,0,0,0.0,2019-11-01 02:01:14+00:00,2019-11-01 02:27:52+00:00,Browsers
542943797,1,1,1,0,0,0.0,2019-11-01 00:25:23+00:00,2019-11-01 00:25:23+00:00,Browsers
542969693,1,5,5,0,0,0.0,2019-11-01 00:52:35+00:00,2019-11-01 00:55:18+00:00,Browsers
542980639,1,1,1,0,0,0.0,2019-11-01 01:48:49+00:00,2019-11-01 01:48:49+00:00,Browsers
542983822,1,1,1,0,0,0.0,2019-11-01 02:37:48+00:00,2019-11-01 02:37:48+00:00,Browsers
542985695,1,5,5,0,0,0.0,2019-11-01 00:01:11+00:00,2019-11-01 00:05:12+00:00,Browsers
542996469,1,1,1,0,0,0.0,2019-11-01 01:50:20+00:00,2019-11-01 01:50:20+00:00,Browsers
543003923,1,1,1,0,0,0.0,2019-11-01 01:37:00+00:00,2019-11-01 01:37:00+00:00,Browsers
543013761,1,9,8,0,1,203.09,2019-11-01 02:05:05+00:00,2019-11-01 02:21:05+00:00,High-value users (purchasers)
543027775,1,1,1,0,0,0.0,2019-11-01 02:42:14+00:00,2019-11-01 02:42:14+00:00,Browsers
543032792,1,2,2,0,0,0.0,2019-11-01 01:42:03+00:00,2019-11-01 01:44:08+00:00,Browsers
543035169,1,10,10,0,0,0.0,2019-11-01 02:12:20+00:00,2019-11-01 02:15:43+00:00,Browsers
543044048,1,20,20,0,0,0.0,2019-11-01 02:30:15+00:00,2019-11-01 02:39:50+00:00,Browsers
543055164,1,22,22,0,0,0.0,2019-11-01 00:21:29+00:00,2019-11-01 00:48:14+00:00,Browsers
543060246,1,2,2,0,0,0.0,2019-11-01 01:27:45+00:00,2019-11-01 01:28:41+00:00,Browsers
543066347,1,2,2,0,0,0.0,2019-11-01 01:52:29+00:00,2019-11-01 01:52:45+00:00,Browsers
543070408,1,1,1,0,0,0.0,2019-11-01 01:44:29+00:00,2019-11-01 01:44:29+00:00,Browsers
543083487,1,3,3,0,0,0.0,2019-11-01 02:16:29+00:00,2019-11-01 02:24:13+00:00,Browsers
543084284,1,1,1,0,0,0.0,2019-11-01 02:13:47+00:00,2019-11-01 02:13:47+00:00,Browsers
543092799,1,9,9,0,0,0.0,2019-11-01 02:29:42+00:00,2019-11-01 02:48:21+00:00,Browsers
543096674,1,1,1,0,0,0.0,2019-11-01 01:54:49+00:00,2019-11-01 01:54:49+00:00,Browsers
543098300,1,1,1,0,0,0.0,2019-11-01 01:38:29+00:00,2019-11-01 01:38:29+00:00,Browsers
543105055,1,4,4,0,0,0.0,2019-11-01 02:41:07+00:00,2019-11-01 02:45:52+00:00,Browsers
543116861,2,3,3,0,0,0.0,2019-11-01 02:15:20+00:00,2019-11-01 02:18:18+00:00,Browsers
543121321,1,6,6,0,0,0.0,2019-11-01 01:31:41+00:00,2019-11-01 01:33:10+00:00,Browsers
543124499,1,8,8,0,0,0.0,2019-11-01 00:00:39+00:00,2019-11-01 00:06:47+00:00,Browsers
543132669,1,1,1,0,0,0.0,2019-11-01 02:22:29+00:00,2019-11-01 02:22:29+00:00,Browsers
543136885,1,1,1,0,0,0.0,2019-11-01 00:56:55+00:00,2019-11-01 00:56:55+00:00,Browsers
543147845,1,1,1,0,0,0.0,2019-11-01 02:00:54+00:00,2019-11-01 02:00:54+00:00,Browsers
543151211,1,13,13,0,0,0.0,2019-11-01 00:21:18+00:00,2019-11-01 00:28:56+00:00,Browsers
543156282,1,2,2,0,0,0.0,2019-11-01 01:25:48+00:00,2019-11-01 01:26:39+00:00,Browsers
543171591,1,6,5,0,1,265.39,2019-11-01 01:51:03+00:00,2019-11-01 02:08:38+00:00,High-value users (purchasers)
543173227,1,1,1,0,0,0.0,2019-11-01 01:24:44+00:00,2019-11-01 01:24:44+00:00,Browsers
543182931,1,1,1,0,0,0.0,2019-11-01 00:52:30+00:00,2019-11-01 00:52:30+00:00,Browsers
543188880,1,1,1,0,0,0.0,2019-11-01 00:21:20+00:00,2019-11-01 00:21:20+00:00,Browsers
543202580,1,1,1,0,0,0.0,2019-11-01 00:19:06+00:00,2019-11-01 00:19:06+00:00,Browsers
543205741,1,3,3,0,0,0.0,2019-11-01 02:22:04+00:00,2019-11-01 02:23:21+00:00,Browsers
543220642,1,2,2,0,0,0.0,2019-11-01 01:57:09+00:00,2019-11-01 01:57:36+00:00,Browsers
543264125,1,14,8,3,3,791.0799999999999,2019-11-01 02:12:23+00:00,2019-11-01 02:20:36+00:00,High-value users (purchasers)
543272936,1,2,1,0,1,128.42,2019-11-01 00:55:26+00:00,2019-11-01 00:59:05+00:00,High-value users (purchasers)
543275663,2,32,32,0,0,0.0,2019-11-01 00:30:58+00:00,2019-11-01 02:30:07+00:00,Browsers
543280094,1,2,2,0,0,0.0,2019-11-01 01:34:16+00:00,2019-11-01 01:34:53+00:00,Browsers
543283631,1,8,8,0,0,0.0,2019-11-01 01:25:11+00:00,2019-11-01 01:36:00+00:00,Browsers
543293357,1,1,1,0,0,0.0,2019-11-01 02:38:05+00:00,2019-11-01 02:38:05+00:00,Browsers
543294631,1,1,1,0,0,0.0,2019-11-01 01:04:17+00:00,2019-11-01 01:04:17+00:00,Browsers
543298824,1,1,1,0,0,0.0,2019-11-01 02:14:25+00:00,2019-11-01 02:14:25+00:00,Browsers
543299015,1,3,3,0,0,0.0,2019-11-01 02:35:50+00:00,2019-11-01 02:38:33+00:00,Browsers
543316706,1,1,1,0,0,0.0,2019-11-01 02:11:34+00:00,2019-11-01 02:11:34+00:00,Browsers
543330266,1,4,4,0,0,0.0,2019-11-01 00:58:35+00:00,2019-11-01 01:00:13+00:00,Browsers
543338674,2,6,6,0,0,0.0,2019-11-01 00:54:33+00:00,2019-11-01 01:02:22+00:00,Browsers
543351869,1,2,1,0,1,123.81,2019-11-01 01:01:55+00:00,2019-11-01 01:03:37+00:00,High-value users (purchasers)
543356751,1,4,4,0,0,0.0,2019-11-01 00:24:50+00:00,2019-11-01 00:27:51+00:00,Browsers
543357939,1,17,17,0,0,0.0,2019-11-01 02:36:42+00:00,2019-11-01 02:47:01+00:00,Browsers
543365573,1,2,2,0,0,0.0,2019-11-01 02:17:30+00:00,2019-11-01 02:18:31+00:00,Browsers
543381249,1,1,1,0,0,0.0,2019-11-01 02:44:19+00:00,2019-11-01 02:44:19+00:00,Browsers
543391477,1,17,17,0,0,0.0,2019-11-01 01:44:00+00:00,2019-11-01 01:53:15+00:00,Browsers
543407293,1,3,3,0,0,0.0,2019-11-01 02:19:19+00:00,2019-11-01 02:21:28+00:00,Browsers
543409689,1,43,43,0,0,0.0,2019-11-01 01:46:16+00:00,2019-11-01 02:28:56+00:00,Browsers
543410817,2,32,32,0,0,0.0,2019-11-01 00:08:53+00:00,2019-11-01 00:57:49+00:00,Browsers
543417884,2,12,12,0,0,0.0,2019-11-01 00:11:17+00:00,2019-11-01 02:48:15+00:00,Browsers
543419453,1,15,15,0,0,0.0,2019-11-01 02:23:36+00:00,2019-11-01 02:46:27+00:00,Browsers
543429275,1,1,1,0,0,0.0,2019-11-01 02:29:17+00:00,2019-11-01 02:29:17+00:00,Browsers
543442390,2,12,12,0,0,0.0,2019-11-01 00:41:31+00:00,2019-11-01 01:06:39+00:00,Browsers
543445922,1,8,8,0,0,0.0,2019-11-01 02:08:42+00:00,2019-11-01 02:14:59+00:00,Browsers
543463193,1,1,1,0,0,0.0,2019-11-01 02:47:16+00:00,2019-11-01 02:47:16+00:00,Browsers
543470003,1,1,1,0,0,0.0,2019-11-01 02:45:30+00:00,2019-11-01 02:45:30+00:00,Browsers
543471770,1,10,10,0,0,0.0,2019-11-01 00:57:56+00:00,2019-11-01 01:05:26+00:00,Browsers
543473411,1,1,1,0,0,0.0,2019-11-01 02:39:09+00:00,2019-11-01 02:39:09+00:00,Browsers
543479026,1,19,19,0,0,0.0,2019-11-01 02:36:24+00:00,2019-11-01 02:46:37+00:00,Browsers
543483177,1,1,1,0,0,0.0,2019-11-01 02:40:21+00:00,2019-11-01 02:40:21+00:00,Browsers
543485675,1,2,2,0,0,0.0,2019-11-01 02:12:33+00:00,2019-11-01 02:13:11+00:00,Browsers
543500475,2,7,7,0,0,0.0,2019-11-01 01:57:32+00:00,2019-11-01 02:08:52+00:00,Browsers
543507982,1,1,1,0,0,0.0,2019-11-01 02:17:03+00:00,2019-11-01 02:17:03+00:00,Browsers
543509513,1,15,15,0,0,0.0,2019-11-01 02:13:53+00:00,2019-11-01 02:21:22+00:00,Browsers
543568169,1,2,2,0,0,0.0,2019-11-01 02:25:04+00:00,2019-11-01 02:25:08+00:00,Browsers
543571355,1,1,1,0,0,0.0,2019-11-01 02:18:53+00:00,2019-11-01 02:18:53+00:00,Browsers
543576607,1,7,7,0,0,0.0,2019-11-01 02:26:18+00:00,2019-11-01 02:29:20+00:00,Browsers
543581921,1,1,1,0,0,0.0,2019-11-01 02:32:20+00:00,2019-11-01 02:32:20+00:00,Browsers
543583165,1,1,1,0,0,0.0,2019-11-01 02:48:25+00:00,2019-11-01 02:48:25+00:00,Browsers
543583654,1,6,6,0,0,0.0,2019-11-01 02:36:43+00:00,2019-11-01 02:40:25+00:00,Browsers
543586221,1,3,3,0,0,0.0,2019-11-01 02:29:33+00:00,2019-11-01 02:30:17+00:00,Browsers
543596978,1,3,3,0,0,0.0,2019-11-01 02:23:18+00:00,2019-11-01 02:23:58+00:00,Browsers
543600938,1,3,3,0,0,0.0,2019-11-01 02:10:02+00:00,2019-11-01 02:10:42+00:00,Browsers
543609922,1,6,6,0,0,0.0,2019-11-01 02:07:22+00:00,2019-11-01 02:12:23+00:00,Browsers
543628353,1,2,2,0,0,0.0,2019-11-01 01:07:23+00:00,2019-11-01 01:07:38+00:00,Browsers
543630286,2,4,4,0,0,0.0,2019-11-01 02:11:34+00:00,2019-11-01 02:46:56+00:00,Browsers
543638253,1,1,1,0,0,0.0,2019-11-01 00:10:32+00:00,2019-11-01 00:10:32+00:00,Browsers
543639494,1,1,1,0,0,0.0,2019-11-01 00:12:28+00:00,2019-11-01 00:12:28+00:00,Browsers
543642120,1,1,1,0,0,0.0,2019-11-01 01:43:03+00:00,2019-11-01 01:43:03+00:00,Browsers
543642809,1,1,1,0,0,0.0,2019-11-01 02:36:42+00:00,2019-11-01 02:36:42+00:00,Browsers
543643089,3,8,8,0,0,0.0,2019-11-01 02:11:43+00:00,2019-11-01 02:36:30+00:00,Browsers
543649869,1,3,3,0,0,0.0,2019-11-01 00:40:40+00:00,2019-11-01 00:42:42+00:00,Browsers
543651086,2,38,38,0,0,0.0,2019-11-01 02:21:05+00:00,2019-11-01 02:47:47+00:00,Browsers
543652796,1,1,1,0,0,0.0,2019-11-01 02:20:36+00:00,2019-11-01 02:20:36+00:00,Browsers
543653226,1,11,11,0,0,0.0,2019-11-01 00:00:28+00:00,2019-11-01 00:18:15+00:00,Browsers
543654334,1,1,1,0,0,0.0,2019-11-01 02:30:28+00:00,2019-11-01 02:30:28+00:00,Browsers
543656599,2,2,2,0,0,0.0,2019-11-01 00:45:57+00:00,2019-11-01 00:49:52+00:00,Browsers
543673081,1,1,1,0,0,0.0,2019-11-01 02:07:42+00:00,2019-11-01 02:07:42+00:00,Browsers
543676870,2,24,20,3,1,22.8,2019-11-01 00:15:19+00:00,2019-11-01 01:44:54+00:00,High-value users (purchasers)
543689735,1,14,7,7,0,0.0,2019-11-01 02:28:38+00:00,2019-11-01 02:44:40+00:00,Cart abandoners
543691173,1,2,1,0,1,128.42,2019-11-01 02:03:09+00:00,2019-11-01 02:04:14+00:00,High-value users (purchasers)
543695140,1,3,3,0,0,0.0,2019-11-01 02:41:35+00:00,2019-11-01 02:43:56+00:00,Browsers
543713832,1,7,7,0,0,0.0,2019-11-01 00:32:02+00:00,2019-11-01 00:36:37+00:00,Browsers
543714202,1,4,4,0,0,0.0,2019-11-01 02:31:38+00:00,2019-11-01 02:35:52+00:00,Browsers
543716144,1,1,1,0,0,0.0,2019-11-01 02:04:30+00:00,2019-11-01 02:04:30+00:00,Browsers
543717890,1,1,1,0,0,0.0,2019-11-01 02:14:08+00:00,2019-11-01 02:14:08+00:00,Browsers
543723543,1,2,2,0,0,0.0,2019-11-01 00:13:55+00:00,2019-11-01 00:14:44+00:00,Browsers
543723565,1,7,7,0,0,0.0,2019-11-01 00:46:22+00:00,2019-11-01 00:53:19+00:00,Browsers
543726688,1,13,13,0,0,0.0,2019-11-01 02:06:14+00:00,2019-11-01 02:14:09+00:00,Browsers
543736653,1,1,1,0,0,0.0,2019-11-01 00:54:34+00:00,2019-11-01 00:54:34+00:00,Browsers
543744125,1,2,2,0,0,0.0,2019-11-01 02:16:12+00:00,2019-11-01 02:17:42+00:00,Browsers
543745399,1,3,3,0,0,0.0,2019-11-01 02:23:42+00:00,2019-11-01 02:27:23+00:00,Browsers
543754048,3,6,6,0,0,0.0,2019-11-01 00:52:04+00:00,2019-11-01 00:56:12+00:00,Browsers
543767581,1,5,5,0,0,0.0,2019-11-01 02:44:36+00:00,2019-11-01 02:47:56+00:00,Browsers
543774072,1,1,1,0,0,0.0,2019-11-01 02:40:43+00:00,2019-11-01 02:40:43+00:00,Browsers
543776077,1,1,1,0,0,0.0,2019-11-01 01:40:54+00:00,2019-11-01 01:40:54+00:00,Browsers
543798870,1,1,1,0,0,0.0,2019-11-01 02:21:17+00:00,2019-11-01 02:21:17+00:00,Browsers
543823165,1,1,1,0,0,0.0,2019-11-01 00:16:57+00:00,2019-11-01 00:16:57+00:00,Browsers
543828674,1,6,6,0,0,0.0,2019-11-01 01:26:03+00:00,2019-11-01 01:30:29+00:00,Browsers
543846406,2,6,6,0,0,0.0,2019-11-01 02:31:00+00:00,2019-11-01 02:36:52+00:00,Browsers
543878700,1,9,9,0,0,0.0,2019-11-01 00:32:37+00:00,2019-11-01 00:37:37+00:00,Browsers
543882098,1,1,1,0,0,0.0,2019-11-01 02:28:26+00:00,2019-11-01 02:28:26+00:00,Browsers
543895610,2,2,2,0,0,0.0,2019-11-01 00:29:35+00:00,2019-11-01 00:32:24+00:00,Browsers
543901937,1,6,6,0,0,0.0,2019-11-01 01:46:28+00:00,2019-11-01 01:50:40+00:00,Browsers
543906076,1,3,3,0,0,0.0,2019-11-01 02:26:19+00:00,2019-11-01 02:28:17+00:00,Browsers
543906197,1,2,2,0,0,0.0,2019-11-01 00:07:24+00:00,2019-11-01 00:07:45+00:00,Browsers
543909215,1,1,1,0,0,0.0,2019-11-01 01:29:15+00:00,2019-11-01 01:29:15+00:00,Browsers
543919184,1,4,4,0,0,0.0,2019-11-01 01:44:39+00:00,2019-11-01 02:01:10+00:00,Browsers
543926291,1,3,3,0,0,0.0,2019-11-01 00:51:04+00:00,2019-11-01 00:53:06+00:00,Browsers
543927713,2,6,6,0,0,0.0,2019-11-01 01:26:08+00:00,2019-11-01 01:42:43+00:00,Browsers
543931173,1,1,1,0,0,0.0,2019-11-01 02:23:14+00:00,2019-11-01 02:23:14+00:00,Browsers
543951364,1,3,3,0,0,0.0,2019-11-01 02:31:39+00:00,2019-11-01 02:37:27+00:00,Browsers
543962879,1,1,1,0,0,0.0,2019-11-01 00:57:14+00:00,2019-11-01 00:57:14+00:00,Browsers
543970923,1,3,3,0,0,0.0,2019-11-01 01:51:13+00:00,2019-11-01 01:53:02+00:00,Browsers
543983721,1,4,4,0,0,0.0,2019-11-01 01:29:40+00:00,2019-11-01 01:31:44+00:00,Browsers
543993896,1,2,2,0,0,0.0,2019-11-01 02:26:06+00:00,2019-11-01 02:26:34+00:00,Browsers
544012418,1,2,2,0,0,0.0,2019-11-01 01:50:30+00:00,2019-11-01 01:50:58+00:00,Browsers
544029750,1,3,3,0,0,0.0,2019-11-01 02:18:19+00:00,2019-11-01 02:20:50+00:00,Browsers
544045271,1,1,1,0,0,0.0,2019-11-01 02:05:21+00:00,2019-11-01 02:05:21+00:00,Browsers
544048348,1,1,1,0,0,0.0,2019-11-01 02:46:27+00:00,2019-11-01 02:46:27+00:00,Browsers
544065541,1,5,4,0,1,91.34,2019-11-01 01:35:28+00:00,2019-11-01 01:50:53+00:00,High-value users (purchasers)
544080005,1,1,1,0,0,0.0,2019-11-01 00:57:57+00:00,2019-11-01 00:57:57+00:00,Browsers
544083518,1,3,3,0,0,0.0,2019-11-01 02:00:38+00:00,2019-11-01 02:02:09+00:00,Browsers
544100440,1,2,2,0,0,0.0,2019-11-01 01:38:21+00:00,2019-11-01 01:39:04+00:00,Browsers
544117342,1,1,1,0,0,0.0,2019-11-01 01:30:08+00:00,2019-11-01 01:30:08+00:00,Browsers
544120959,1,6,6,0,0,0.0,2019-11-01 02:43:13+00:00,2019-11-01 02:45:26+00:00,Browsers
544123847,1,6,6,0,0,0.0,2019-11-01 02:07:32+00:00,2019-11-01 02:12:22+00:00,Browsers
544132171,1,1,1,0,0,0.0,2019-11-01 02:25:44+00:00,2019-11-01 02:25:44+00:00,Browsers
544134586,1,3,1,1,1,458.28,2019-11-01 02:35:02+00:00,2019-11-01 02:37:21+00:00,High-value users (purchasers)
544139894,1,1,1,0,0,0.0,2019-11-01 01:54:00+00:00,2019-11-01 01:54:00+00:00,Browsers
544150544,1,5,5,0,0,0.0,2019-11-01 00:52:57+00:00,2019-11-01 00:55:35+00:00,Browsers
544155889,1,1,1,0,0,0.0,2019-11-01 02:43:33+00:00,2019-11-01 02:43:33+00:00,Browsers
544156575,2,5,5,0,0,0.0,2019-11-01 02:07:00+00:00,2019-11-01 02:13:57+00:00,Browsers
544158739,1,7,7,0,0,0.0,2019-11-01 00:42:47+00:00,2019-11-01 00:47:48+00:00,Browsers
544194776,2,5,5,0,0,0.0,2019-11-01 01:47:22+00:00,2019-11-01 02:01:58+00:00,Browsers
544206312,2,4,4,0,0,0.0,2019-11-01 02:44:54+00:00,2019-11-01 02:48:17+00:00,Browsers
544232883,2,10,10,0,0,0.0,2019-11-01 00:43:34+00:00,2019-11-01 02:08:09+00:00,Browsers
544233338,1,1,1,0,0,0.0,2019-11-01 02:42:45+00:00,2019-11-01 02:42:45+00:00,Browsers
544236089,1,1,1,0,0,0.0,2019-11-01 02:00:00+00:00,2019-11-01 02:00:00+00:00,Browsers
544239780,1,2,2,0,0,0.0,2019-11-01 02:27:16+00:00,2019-11-01 02:27:57+00:00,Browsers
544248389,1,7,7,0,0,0.0,2019-11-01 00:13:38+00:00,2019-11-01 00:23:51+00:00,Browsers
544270935,1,1,1,0,0,0.0,2019-11-01 01:50:12+00:00,2019-11-01 01:50:12+00:00,Browsers
544276809,1,3,3,0,0,0.0,2019-11-01 02:22:23+00:00,2019-11-01 02:24:31+00:00,Browsers
544280859,1,8,8,0,0,0.0,2019-11-01 01:26:18+00:00,2019-11-01 01:38:46+00:00,Browsers
544296163,1,1,1,0,0,0.0,2019-11-01 00:52:04+00:00,2019-11-01 00:52:04+00:00,Browsers
544296289,1,1,1,0,0,0.0,2019-11-01 00:35:03+00:00,2019-11-01 00:35:03+00:00,Browsers
544297180,1,8,8,0,0,0.0,2019-11-01 00:18:36+00:00,2019-11-01 00:22:15+00:00,Browsers
544340082,1,1,1,0,0,0.0,2019-11-01 00:33:41+00:00,2019-11-01 00:33:41+00:00,Browsers
544349151,1,17,17,0,0,0.0,2019-11-01 02:15:53+00:00,2019-11-01 02:28:14+00:00,Browsers
544362238,1,1,1,0,0,0.0,2019-11-01 02:34:15+00:00,2019-11-01 02:34:15+00:00,Browsers
544394668,3,3,3,0,0,0.0,2019-11-01 00:48:11+00:00,2019-11-01 00:49:01+00:00,Browsers
544400293,1,2,2,0,0,0.0,2019-11-01 02:16:27+00:00,2019-11-01 02:17:58+00:00,Browsers
544404842,2,4,3,0,1,385.85,2019-11-01 02:27:40+00:00,2019-11-01 02:39:44+00:00,High-value users (purchasers)
544407026,1,12,12,0,0,0.0,2019-11-01 02:43:17+00:00,2019-11-01 02:48:03+00:00,Browsers
544412896,1,1,1,0,0,0.0,2019-11-01 02:01:54+00:00,2019-11-01 02:01:54+00:00,Browsers
544421058,1,1,1,0,0,0.0,2019-11-01 00:55:24+00:00,2019-11-01 00:55:24+00:00,Browsers
544424220,1,3,3,0,0,0.0,2019-11-01 00:21:31+00:00,2019-11-01 00:22:48+00:00,Browsers
544428028,1,1,1,0,0,0.0,2019-11-01 02:29:38+00:00,2019-11-01 02:29:38+00:00,Browsers
544434348,1,7,7,0,0,0.0,2019-11-01 02:15:37+00:00,2019-11-01 02:18:36+00:00,Browsers
544454079,1,3,3,0,0,0.0,2019-11-01 01:49:53+00:00,2019-11-01 01:55:48+00:00,Browsers
544458074,1,3,2,1,0,0.0,2019-11-01 01:39:04+00:00,2019-11-01 01:40:17+00:00,Cart abandoners
544473253,1,1,1,0,0,0.0,2019-11-01 02:42:30+00:00,2019-11-01 02:42:30+00:00,Browsers
544484490,1,5,5,0,0,0.0,2019-11-01 00:31:35+00:00,2019-11-01 00:35:49+00:00,Browsers
544501051,1,10,10,0,0,0.0,2019-11-01 01:41:24+00:00,2019-11-01 01:47:33+00:00,Browsers
544501248,1,2,2,0,0,0.0,2019-11-01 00:00:36+00:00,2019-11-01 00:00:56+00:00,Browsers
544510415,1,3,3,0,0,0.0,2019-11-01 02:44:35+00:00,2019-11-01 02:45:57+00:00,Browsers
544560833,1,2,2,0,0,0.0,2019-11-01 01:40:27+00:00,2019-11-01 01:40:37+00:00,Browsers
544578502,1,1,1,0,0,0.0,2019-11-01 02:04:30+00:00,2019-11-01 02:04:30+00:00,Browsers
544584963,1,1,1,0,0,0.0,2019-11-01 00:41:24+00:00,2019-11-01 00:41:24+00:00,Browsers
544589778,1,1,1,0,0,0.0,2019-11-01 02:47:28+00:00,2019-11-01 02:47:28+00:00,Browsers
544591928,1,3,2,0,1,283.12,2019-11-01 02:30:42+00:00,2019-11-01 02:35:05+00:00,High-value users (purchasers)
544603924,1,1,1,0,0,0.0,2019-11-01 02:21:37+00:00,2019-11-01 02:21:37+00:00,Browsers
544619890,2,20,20,0,0,0.0,2019-11-01 01:26:02+00:00,2019-11-01 01:41:01+00:00,Browsers
544621653,1,16,16,0,0,0.0,2019-11-01 00:58:25+00:00,2019-11-01 01:07:38+00:00,Browsers
544626417,1,1,1,0,0,0.0,2019-11-01 02:41:28+00:00,2019-11-01 02:41:28+00:00,Browsers
544627913,2,2,2,0,0,0.0,2019-11-01 02:06:04+00:00,2019-11-01 02:06:25+00:00,Browsers
544639288,1,2,2,0,0,0.0,2019-11-01 02:11:27+00:00,2019-11-01 02:11:37+00:00,Browsers
544642908,1,1,1,0,0,0.0,2019-11-01 02:07:58+00:00,2019-11-01 02:07:58+00:00,Browsers
544649718,1,12,11,0,1,257.38,2019-11-01 01:51:36+00:00,2019-11-01 02:20:34+00:00,High-value users (purchasers)
544651549,1,2,2,0,0,0.0,2019-11-01 00:42:36+00:00,2019-11-01 00:43:47+00:00,Browsers
544653871,2,12,12,0,0,0.0,2019-11-01 00:36:26+00:00,2019-11-01 00:57:20+00:00,Browsers
544658873,1,8,8,0,0,0.0,2019-11-01 01:05:17+00:00,2019-11-01 01:09:44+00:00,Browsers
544659921,1,1,1,0,0,0.0,2019-11-01 02:47:59+00:00,2019-11-01 02:47:59+00:00,Browsers
544672304,1,6,6,0,0,0.0,2019-11-01 02:38:55+00:00,2019-11-01 02:41:38+00:00,Browsers
544684258,1,2,2,0,0,0.0,2019-11-01 02:47:19+00:00,2019-11-01 02:48:04+00:00,Browsers
544694633,1,17,17,0,0,0.0,2019-11-01 01:56:29+00:00,2019-11-01 02:06:15+00:00,Browsers
544695846,2,17,17,0,0,0.0,2019-11-01 00:54:50+00:00,2019-11-01 01:08:21+00:00,Browsers
544703708,1,1,1,0,0,0.0,2019-11-01 01:02:41+00:00,2019-11-01 01:02:41+00:00,Browsers
544717212,2,20,20,0,0,0.0,2019-11-01 01:02:12+00:00,2019-11-01 02:03:17+00:00,Browsers
544739741,1,1,1,0,0,0.0,2019-11-01 02:22:29+00:00,2019-11-01 02:22:29+00:00,Browsers
544746159,1,2,2,0,0,0.0,2019-11-01 02:21:55+00:00,2019-11-01 02:22:52+00:00,Browsers
544746319,1,1,1,0,0,0.0,2019-11-01 01:00:21+00:00,2019-11-01 01:00:21+00:00,Browsers
544747345,1,1,1,0,0,0.0,2019-11-01 02:36:58+00:00,2019-11-01 02:36:58+00:00,Browsers
544757795,1,2,2,0,0,0.0,2019-11-01 02:44:40+00:00,2019-11-01 02:46:44+00:00,Browsers
544767757,1,4,4,0,0,0.0,2019-11-01 01:57:57+00:00,2019-11-01 01:59:36+00:00,Browsers
544768196,1,7,7,0,0,0.0,2019-11-01 02:39:05+00:00,2019-11-01 02:47:44+00:00,Browsers
544786387,1,5,5,0,0,0.0,2019-11-01 02:25:03+00:00,2019-11-01 02:29:11+00:00,Browsers
544793479,1,1,1,0,0,0.0,2019-11-01 01:02:26+00:00,2019-11-01 01:02:26+00:00,Browsers
544798714,1,11,11,0,0,0.0,2019-11-01 02:32:56+00:00,2019-11-01 02:39:11+00:00,Browsers
544814810,1,1,1,0,0,0.0,2019-11-01 01:30:35+00:00,2019-11-01 01:30:35+00:00,Browsers
544826175,1,5,5,0,0,0.0,2019-11-01 01:46:04+00:00,2019-11-01 01:48:17+00:00,Browsers
544828616,2,2,2,0,0,0.0,2019-11-01 00:09:13+00:00,2019-11-01 00:10:10+00:00,Browsers
544896141,1,3,3,0,0,0.0,2019-11-01 00:01:03+00:00,2019-11-01 00:06:32+00:00,Browsers
544902133,1,2,2,0,0,0.0,2019-11-01 01:38:36+00:00,2019-11-01 01:45:37+00:00,Browsers
544909202,1,3,3,0,0,0.0,2019-11-01 02:35:45+00:00,2019-11-01 02:36:11+00:00,Browsers
544910205,1,4,4,0,0,0.0,2019-11-01 01:59:18+00:00,2019-11-01 02:00:39+00:00,Browsers
544922410,1,6,6,0,0,0.0,2019-11-01 00:51:01+00:00,2019-11-01 00:52:51+00:00,Browsers
544933166,1,3,3,0,0,0.0,2019-11-01 01:44:05+00:00,2019-11-01 01:46:59+00:00,Browsers
544936377,1,1,1,0,0,0.0,2019-11-01 02:45:47+00:00,2019-11-01 02:45:47+00:00,Browsers
544939802,1,3,3,0,0,0.0,2019-11-01 02:19:46+00:00,2019-11-01 02:20:49+00:00,Browsers
544942062,1,1,1,0,0,0.0,2019-11-01 02:28:05+00:00,2019-11-01 02:28:05+00:00,Browsers
544947237,1,9,9,0,0,0.0,2019-11-01 00:36:04+00:00,2019-11-01 00:43:11+00:00,Browsers
544951584,1,1,1,0,0,0.0,2019-11-01 02:22:30+00:00,2019-11-01 02:22:30+00:00,Browsers
544957821,1,3,2,1,0,0.0,2019-11-01 01:49:31+00:00,2019-11-01 02:11:48+00:00,Cart abandoners
544977456,1,8,8,0,0,0.0,2019-11-01 02:29:27+00:00,2019-11-01 02:31:31+00:00,Browsers
544988848,3,6,4,1,1,1348.61,2019-11-01 02:13:20+00:00,2019-11-01 02:45:04+00:00,High-value users (purchasers)
545001597,1,1,1,0,0,0.0,2019-11-01 00:35:10+00:00,2019-11-01 00:35:10+00:00,Browsers
545011928,1,3,1,1,1,188.94,2019-11-01 02:20:05+00:00,2019-11-01 02:24:15+00:00,High-value users (purchasers)
545016898,1,1,1,0,0,0.0,2019-11-01 02:35:10+00:00,2019-11-01 02:35:10+00:00,Browsers
545020086,1,3,3,0,0,0.0,2019-11-01 01:04:09+00:00,2019-11-01 01:06:25+00:00,Browsers
545033075,1,7,7,0,0,0.0,2019-11-01 02:41:25+00:00,2019-11-01 02:44:55+00:00,Browsers
545033324,1,2,2,0,0,0.0,2019-11-01 00:35:48+00:00,2019-11-01 00:36:38+00:00,Browsers
545035844,1,1,1,0,0,0.0,2019-11-01 02:45:15+00:00,2019-11-01 02:45:15+00:00,Browsers
545040975,1,3,3,0,0,0.0,2019-11-01 01:28:54+00:00,2019-11-01 01:30:26+00:00,Browsers
545046170,1,4,4,0,0,0.0,2019-11-01 01:04:05+00:00,2019-11-01 01:05:18+00:00,Browsers
545054639,1,3,3,0,0,0.0,2019-11-01 02:35:24+00:00,2019-11-01 02:36:39+00:00,Browsers
545073290,1,2,2,0,0,0.0,2019-11-01 02:42:39+00:00,2019-11-01 02:43:21+00:00,Browsers
545101000,1,17,17,0,0,0.0,2019-11-01 00:53:27+00:00,2019-11-01 01:03:04+00:00,Browsers
545101832,1,3,3,0,0,0.0,2019-11-01 02:07:46+00:00,2019-11-01 02:09:27+00:00,Browsers
545107896,1,4,4,0,0,0.0,2019-11-01 00:28:39+00:00,2019-11-01 00:34:26+00:00,Browsers
545124329,1,1,1,0,0,0.0,2019-11-01 01:38:53+00:00,2019-11-01 01:38:53+00:00,Browsers
545126548,1,2,2,0,0,0.0,2019-11-01 01:53:37+00:00,2019-11-01 01:54:18+00:00,Browsers
545127233,2,4,4,0,0,0.0,2019-11-01 01:41:05+00:00,2019-11-01 01:48:04+00:00,Browsers
545133179,1,1,1,0,0,0.0,2019-11-01 00:44:25+00:00,2019-11-01 00:44:25+00:00,Browsers
545141512,1,1,1,0,0,0.0,2019-11-01 02:42:41+00:00,2019-11-01 02:42:41+00:00,Browsers
545157048,1,14,14,0,0,0.0,2019-11-01 00:02:01+00:00,2019-11-01 00:12:32+00:00,Browsers
545162177,1,1,1,0,0,0.0,2019-11-01 01:57:38+00:00,2019-11-01 01:57:38+00:00,Browsers
545187622,1,1,1,0,0,0.0,2019-11-01 00:05:35+00:00,2019-11-01 00:05:35+00:00,Browsers
545204842,1,2,2,0,0,0.0,2019-11-01 01:34:20+00:00,2019-11-01 01:35:25+00:00,Browsers
545215676,1,1,1,0,0,0.0,2019-11-01 02:37:39+00:00,2019-11-01 02:37:39+00:00,Browsers
545219728,1,2,2,0,0,0.0,2019-11-01 02:17:03+00:00,2019-11-01 02:17:55+00:00,Browsers
545220183,1,2,2,0,0,0.0,2019-11-01 02:35:49+00:00,2019-11-01 02:37:22+00:00,Browsers
545220871,2,32,32,0,0,0.0,2019-11-01 00:00:18+00:00,2019-11-01 00:15:04+00:00,Browsers
545230306,1,14,14,0,0,0.0,2019-11-01 02:06:21+00:00,2019-11-01 02:21:52+00:00,Browsers
545235819,2,2,2,0,0,0.0,2019-11-01 00:21:38+00:00,2019-11-01 00:26:34+00:00,Browsers
545244048,1,1,1,0,0,0.0,2019-11-01 02:07:02+00:00,2019-11-01 02:07:02+00:00,Browsers
545246126,1,1,1,0,0,0.0,2019-11-01 01:07:02+00:00,2019-11-01 01:07:02+00:00,Browsers
545246197,1,2,2,0,0,0.0,2019-11-01 00:47:42+00:00,2019-11-01 00:47:59+00:00,Browsers
545272001,1,1,1,0,0,0.0,2019-11-01 01:35:16+00:00,2019-11-01 01:35:16+00:00,Browsers
545275568,1,4,4,0,0,0.0,2019-11-01 01:58:32+00:00,2019-11-01 02:00:55+00:00,Browsers
545279410,1,2,2,0,0,0.0,2019-11-01 02:00:45+00:00,2019-11-01 02:01:07+00:00,Browsers
545295680,1,1,1,0,0,0.0,2019-11-01 02:28:34+00:00,2019-11-01 02:28:34+00:00,Browsers
545304497,1,3,1,1,1,189.97,2019-11-01 00:19:42+00:00,2019-11-01 00:21:49+00:00,High-value users (purchasers)
545310706,1,2,2,0,0,0.0,2019-11-01 00:26:35+00:00,2019-11-01 00:26:58+00:00,Browsers
545313178,1,3,3,0,0,0.0,2019-11-01 00:56:33+00:00,2019-11-01 00:58:20+00:00,Browsers
545321668,1,1,1,0,0,0.0,2019-11-01 02:38:54+00:00,2019-11-01 02:38:54+00:00,Browsers
545322761,1,1,1,0,0,0.0,2019-11-01 00:46:32+00:00,2019-11-01 00:46:32+00:00,Browsers
545326244,1,2,2,0,0,0.0,2019-11-01 02:03:50+00:00,2019-11-01 02:04:40+00:00,Browsers
545326317,1,1,1,0,0,0.0,2019-11-01 01:40:53+00:00,2019-11-01 01:40:53+00:00,Browsers
545331652,1,1,1,0,0,0.0,2019-11-01 00:02:04+00:00,2019-11-01 00:02:04+00:00,Browsers
545337752,3,8,8,0,0,0.0,2019-11-01 02:12:42+00:00,2019-11-01 02:21:18+00:00,Browsers
545365448,1,1,1,0,0,0.0,2019-11-01 01:42:27+00:00,2019-11-01 01:42:27+00:00,Browsers
545374284,1,21,21,0,0,0.0,2019-11-01 02:22:31+00:00,2019-11-01 02:28:03+00:00,Browsers
545393319,1,1,1,0,0,0.0,2019-11-01 02:02:42+00:00,2019-11-01 02:02:42+00:00,Browsers
545395525,1,1,1,0,0,0.0,2019-11-01 01:51:33+00:00,2019-11-01 01:51:33+00:00,Browsers
545402285,5,18,18,0,0,0.0,2019-11-01 00:36:04+00:00,2019-11-01 01:51:49+00:00,Browsers
545404051,2,27,27,0,0,0.0,2019-11-01 00:17:02+00:00,2019-11-01 00:29:00+00:00,Browsers
545404707,1,2,2,0,0,0.0,2019-11-01 02:47:05+00:00,2019-11-01 02:47:12+00:00,Browsers
545407172,1,3,3,0,0,0.0,2019-11-01 02:18:07+00:00,2019-11-01 02:21:06+00:00,Browsers
545436058,1,2,2,0,0,0.0,2019-11-01 00:57:14+00:00,2019-11-01 00:57:28+00:00,Browsers
545440403,1,10,10,0,0,0.0,2019-11-01 00:27:52+00:00,2019-11-01 00:30:41+00:00,Browsers
545461071,3,3,3,0,0,0.0,2019-11-01 02:37:29+00:00,2019-11-01 02:43:40+00:00,Browsers
545474013,1,2,2,0,0,0.0,2019-11-01 01:35:14+00:00,2019-11-01 01:35:25+00:00,Browsers
545478879,1,1,1,0,0,0.0,2019-11-01 00:56:03+00:00,2019-11-01 00:56:03+00:00,Browsers
545480697,1,4,4,0,0,0.0,2019-11-01 01:57:02+00:00,2019-11-01 02:01:01+00:00,Browsers
545482226,3,3,3,0,0,0.0,2019-11-01 00:45:04+00:00,2019-11-01 00:45:24+00:00,Browsers
545485472,1,4,2,1,1,160.57,2019-11-01 01:37:19+00:00,2019-11-01 01:39:34+00:00,High-value users (purchasers)
545485954,1,1,1,0,0,0.0,2019-11-01 01:26:28+00:00,2019-11-01 01:26:28+00:00,Browsers
545487163,1,2,2,0,0,0.0,2019-11-01 01:32:47+00:00,2019-11-01 01:33:31+00:00,Browsers
545499657,1,3,3,0,0,0.0,2019-11-01 01:34:19+00:00,2019-11-01 01:37:38+00:00,Browsers
545503183,1,1,1,0,0,0.0,2019-11-01 00:02:16+00:00,2019-11-01 00:02:16+00:00,Browsers
545511756,2,4,4,0,0,0.0,2019-11-01 00:38:30+00:00,2019-11-01 00:43:14+00:00,Browsers
545515305,2,2,2,0,0,0.0,2019-11-01 01:01:24+00:00,2019-11-01 02:04:12+00:00,Browsers
545528429,1,2,2,0,0,0.0,2019-11-01 01:33:18+00:00,2019-11-01 01:34:14+00:00,Browsers
545542038,1,5,5,0,0,0.0,2019-11-01 00:31:47+00:00,2019-11-01 00:34:17+00:00,Browsers
545550122,1,2,2,0,0,0.0,2019-11-01 00:31:30+00:00,2019-11-01 00:32:32+00:00,Browsers
545550199,1,2,2,0,0,0.0,2019-11-01 02:38:06+00:00,2019-11-01 02:38:10+00:00,Browsers
545556402,1,30,30,0,0,0.0,2019-11-01 02:06:36+00:00,2019-11-01 02:25:48+00:00,Browsers
545556777,1,2,2,0,0,0.0,2019-11-01 02:38:15+00:00,2019-11-01 02:38:25+00:00,Browsers
545558067,1,2,2,0,0,0.0,2019-11-01 01:40:15+00:00,2019-11-01 01:40:46+00:00,Browsers
545558260,1,10,10,0,0,0.0,2019-11-01 02:17:20+00:00,2019-11-01 02:29:06+00:00,Browsers
545571173,1,1,1,0,0,0.0,2019-11-01 01:40:29+00:00,2019-11-01 01:40:29+00:00,Browsers
545571328,2,4,3,0,1,229.9,2019-11-01 02:45:15+00:00,2019-11-01 02:47:56+00:00,High-value users (purchasers)
545580444,1,1,1,0,0,0.0,2019-11-01 02:47:58+00:00,2019-11-01 02:47:58+00:00,Browsers
545581494,2,3,3,0,0,0.0,2019-11-01 02:02:54+00:00,2019-11-01 02:18:27+00:00,Browsers
545602303,1,1,1,0,0,0.0,2019-11-01 01:41:33+00:00,2019-11-01 01:41:33+00:00,Browsers
545607389,5,5,5,0,0,0.0,2019-11-01 02:38:44+00:00,2019-11-01 02:39:20+00:00,Browsers
545642544,2,4,4,0,0,0.0,2019-11-01 01:46:45+00:00,2019-11-01 01:48:08+00:00,Browsers
545651847,1,1,1,0,0,0.0,2019-11-01 02:15:04+00:00,2019-11-01 02:15:04+00:00,Browsers
545653094,1,3,3,0,0,0.0,2019-11-01 02:22:11+00:00,2019-11-01 02:23:08+00:00,Browsers
545669243,3,10,9,0,1,61.75,2019-11-01 01:02:36+00:00,2019-11-01 02:03:01+00:00,High-value users (purchasers)
545680665,1,9,9,0,0,0.0,2019-11-01 00:10:17+00:00,2019-11-01 00:18:46+00:00,Browsers
545696675,1,7,7,0,0,0.0,2019-11-01 00:39:39+00:00,2019-11-01 00:54:27+00:00,Browsers
545700211,1,1,1,0,0,0.0,2019-11-01 02:21:45+00:00,2019-11-01 02:21:45+00:00,Browsers
545703807,1,8,5,0,3,184.95,2019-11-01 02:34:33+00:00,2019-11-01 02:37:10+00:00,High-value users (purchasers)
545710231,4,11,11,0,0,0.0,2019-11-01 02:30:48+00:00,2019-11-01 02:48:16+00:00,Browsers
545710706,2,5,4,0,1,63.84,2019-11-01 00:38:41+00:00,2019-11-01 00:40:29+00:00,High-value users (purchasers)
545747281,2,3,3,0,0,0.0,2019-11-01 01:00:59+00:00,2019-11-01 01:01:36+00:00,Browsers
545763418,1,4,4,0,0,0.0,2019-11-01 00:37:38+00:00,2019-11-01 00:40:34+00:00,Browsers
545765280,2,4,3,0,1,212.1,2019-11-01 02:06:37+00:00,2019-11-01 02:15:05+00:00,High-value users (purchasers)
545769206,1,4,4,0,0,0.0,2019-11-01 02:32:28+00:00,2019-11-01 02:38:46+00:00,Browsers
545783117,1,1,1,0,0,0.0,2019-11-01 01:24:05+00:00,2019-11-01 01:24:05+00:00,Browsers
545785407,1,7,7,0,0,0.0,2019-11-01 02:03:58+00:00,2019-11-01 02:11:41+00:00,Browsers
545787950,1,1,1,0,0,0.0,2019-11-01 00:35:22+00:00,2019-11-01 00:35:22+00:00,Browsers
545788758,1,3,3,0,0,0.0,2019-11-01 00:33:42+00:00,2019-11-01 00:34:35+00:00,Browsers
545800562,1,3,3,0,0,0.0,2019-11-01 02:43:14+00:00,2019-11-01 02:45:19+00:00,Browsers
545811230,1,2,2,0,0,0.0,2019-11-01 02:31:03+00:00,2019-11-01 02:31:11+00:00,Browsers
545811323,1,2,2,0,0,0.0,2019-11-01 02:26:34+00:00,2019-11-01 02:28:27+00:00,Browsers
545814874,1,1,1,0,0,0.0,2019-11-01 00:59:13+00:00,2019-11-01 00:59:13+00:00,Browsers
545816323,1,1,1,0,0,0.0,2019-11-01 02:14:03+00:00,2019-11-01 02:14:03+00:00,Browsers
545822565,1,8,8,0,0,0.0,2019-11-01 02:31:48+00:00,2019-11-01 02:38:23+00:00,Browsers
545833866,2,2,2,0,0,0.0,2019-11-01 02:36:49+00:00,2019-11-01 02:48:10+00:00,Browsers
545839838,1,8,8,0,0,0.0,2019-11-01 01:48:56+00:00,2019-11-01 02:14:06+00:00,Browsers
545861362,3,5,5,0,0,0.0,2019-11-01 01:59:07+00:00,2019-11-01 02:05:17+00:00,Browsers
545862707,1,2,2,0,0,0.0,2019-11-01 02:07:11+00:00,2019-11-01 02:07:55+00:00,Browsers
545873509,1,7,3,4,0,0.0,2019-11-01 02:16:00+00:00,2019-11-01 02:31:31+00:00,Cart abandoners
545879482,1,17,17,0,0,0.0,2019-11-01 02:18:02+00:00,2019-11-01 02:25:38+00:00,Browsers
545884805,3,14,14,0,0,0.0,2019-11-01 02:34:14+00:00,2019-11-01 02:46:40+00:00,Browsers
545885488,1,1,1,0,0,0.0,2019-11-01 02:44:51+00:00,2019-11-01 02:44:51+00:00,Browsers
545902889,1,1,1,0,0,0.0,2019-11-01 01:10:50+00:00,2019-11-01 01:10:50+00:00,Browsers
545909979,1,11,11,0,0,0.0,2019-11-01 02:10:50+00:00,2019-11-01 02:16:12+00:00,Browsers
545948530,1,4,3,0,1,43.73,2019-11-01 00:28:58+00:00,2019-11-01 00:32:24+00:00,High-value users (purchasers)
545953087,3,22,19,3,0,0.0,2019-11-01 01:41:01+00:00,2019-11-01 02:01:41+00:00,Cart abandoners
545962761,1,3,3,0,0,0.0,2019-11-01 01:00:58+00:00,2019-11-01 01:02:55+00:00,Browsers
545969548,1,2,2,0,0,0.0,2019-11-01 01:03:03+00:00,2019-11-01 01:05:51+00:00,Browsers
545971283,2,4,4,0,0,0.0,2019-11-01 02:38:17+00:00,2019-11-01 02:45:57+00:00,Browsers
545978986,1,2,2,0,0,0.0,2019-11-01 02:42:00+00:00,2019-11-01 02:42:38+00:00,Browsers
545994581,1,1,1,0,0,0.0,2019-11-01 01:46:10+00:00,2019-11-01 01:46:10+00:00,Browsers
546034701,1,1,1,0,0,0.0,2019-11-01 00:55:45+00:00,2019-11-01 00:55:45+00:00,Browsers
546040104,1,1,1,0,0,0.0,2019-11-01 02:11:14+00:00,2019-11-01 02:11:14+00:00,Browsers
546044439,1,3,3,0,0,0.0,2019-11-01 00:23:56+00:00,2019-11-01 00:27:17+00:00,Browsers
546045086,1,11,11,0,0,0.0,2019-11-01 01:28:00+00:00,2019-11-01 01:38:31+00:00,Browsers
546047950,1,1,1,0,0,0.0,2019-11-01 01:43:01+00:00,2019-11-01 01:43:01+00:00,Browsers
546060375,1,1,1,0,0,0.0,2019-11-01 02:08:39+00:00,2019-11-01 02:08:39+00:00,Browsers
546064271,1,3,2,1,0,0.0,2019-11-01 02:22:29+00:00,2019-11-01 02:23:46+00:00,Cart abandoners
546065976,1,6,6,0,0,0.0,2019-11-01 02:20:40+00:00,2019-11-01 02:22:32+00:00,Browsers
546073453,1,2,2,0,0,0.0,2019-11-01 01:51:48+00:00,2019-11-01 01:53:08+00:00,Browsers
546076557,1,3,1,1,1,949.47,2019-11-01 02:47:28+00:00,2019-11-01 02:48:19+00:00,High-value users (purchasers)
546081192,1,2,2,0,0,0.0,2019-11-01 02:46:06+00:00,2019-11-01 02:47:33+00:00,Browsers
546092408,2,11,11,0,0,0.0,2019-11-01 00:20:43+00:00,2019-11-01 00:41:33+00:00,Browsers
546126687,2,7,7,0,0,0.0,2019-11-01 01:45:42+00:00,2019-11-01 02:08:56+00:00,Browsers
546129282,1,4,3,0,1,1665.36,2019-11-01 01:59:06+00:00,2019-11-01 02:01:16+00:00,High-value users (purchasers)
546145705,1,4,4,0,0,0.0,2019-11-01 00:42:58+00:00,2019-11-01 00:52:40+00:00,Browsers
546148540,1,1,1,0,0,0.0,2019-11-01 02:10:56+00:00,2019-11-01 02:10:56+00:00,Browsers
546155556,1,3,3,0,0,0.0,2019-11-01 00:53:05+00:00,2019-11-01 00:55:09+00:00,Browsers
546159478,1,10,10,0,0,0.0,2019-11-01 01:50:39+00:00,2019-11-01 01:58:00+00:00,Browsers
546183560,1,1,1,0,0,0.0,2019-11-01 00:34:39+00:00,2019-11-01 00:34:39+00:00,Browsers
546189612,1,2,2,0,0,0.0,2019-11-01 01:54:42+00:00,2019-11-01 01:55:02+00:00,Browsers
546212004,1,1,1,0,0,0.0,2019-11-01 01:05:07+00:00,2019-11-01 01:05:07+00:00,Browsers
546217459,1,1,1,0,0,0.0,2019-11-01 02:43:12+00:00,2019-11-01 02:43:12+00:00,Browsers
546217760,1,1,1,0,0,0.0,2019-11-01 02:39:09+00:00,2019-11-01 02:39:09+00:00,Browsers
546217842,1,16,16,0,0,0.0,2019-11-01 01:44:08+00:00,2019-11-01 02:03:52+00:00,Browsers
546223123,1,2,2,0,0,0.0,2019-11-01 02:06:16+00:00,2019-11-01 02:07:17+00:00,Browsers
546235198,1,1,1,0,0,0.0,2019-11-01 02:20:18+00:00,2019-11-01 02:20:18+00:00,Browsers
546239865,1,9,9,0,0,0.0,2019-11-01 00:36:43+00:00,2019-11-01 00:39:30+00:00,Browsers
546241395,1,3,3,0,0,0.0,2019-11-01 02:03:06+00:00,2019-11-01 02:04:52+00:00,Browsers
546248473,1,1,1,0,0,0.0,2019-11-01 01:41:07+00:00,2019-11-01 01:41:07+00:00,Browsers
546248910,1,6,6,0,0,0.0,2019-11-01 02:22:27+00:00,2019-11-01 02:29:00+00:00,Browsers
546249862,1,3,3,0,0,0.0,2019-11-01 00:53:57+00:00,2019-11-01 00:55:15+00:00,Browsers
546257713,2,2,2,0,0,0.0,2019-11-01 01:56:46+00:00,2019-11-01 01:56:57+00:00,Browsers
546272209,1,1,1,0,0,0.0,2019-11-01 00:12:43+00:00,2019-11-01 00:12:43+00:00,Browsers
546273062,2,43,42,0,1,17.25,2019-11-01 00:01:56+00:00,2019-11-01 02:26:18+00:00,High-value users (purchasers)
546274773,1,13,13,0,0,0.0,2019-11-01 01:44:05+00:00,2019-11-01 01:57:34+00:00,Browsers
546302647,1,1,1,0,0,0.0,2019-11-01 02:38:44+00:00,2019-11-01 02:38:44+00:00,Browsers
546305232,2,11,11,0,0,0.0,2019-11-01 00:30:10+00:00,2019-11-01 00:38:38+00:00,Browsers
546322313,1,2,2,0,0,0.0,2019-11-01 01:54:46+00:00,2019-11-01 01:55:07+00:00,Browsers
546338507,1,1,1,0,0,0.0,2019-11-01 00:01:40+00:00,2019-11-01 00:01:40+00:00,Browsers
546344884,1,1,1,0,0,0.0,2019-11-01 02:16:29+00:00,2019-11-01 02:16:29+00:00,Browsers
546349109,1,2,2,0,0,0.0,2019-11-01 00:38:29+00:00,2019-11-01 01:07:23+00:00,Browsers
546353485,1,3,3,0,0,0.0,2019-11-01 00:25:53+00:00,2019-11-01 00:26:59+00:00,Browsers
546353728,1,2,2,0,0,0.0,2019-11-01 02:47:36+00:00,2019-11-01 02:48:16+00:00,Browsers
546358079,1,1,1,0,0,0.0,2019-11-01 02:17:38+00:00,2019-11-01 02:17:38+00:00,Browsers
546376914,1,2,2,0,0,0.0,2019-11-01 02:35:05+00:00,2019-11-01 02:36:02+00:00,Browsers
546377499,1,1,1,0,0,0.0,2019-11-01 00:08:03+00:00,2019-11-01 00:08:03+00:00,Browsers
546380332,1,3,3,0,0,0.0,2019-11-01 00:59:39+00:00,2019-11-01 01:07:51+00:00,Browsers
546398126,1,4,3,1,0,0.0,2019-11-01 01:46:54+00:00,2019-11-01 01:50:58+00:00,Cart abandoners
546398486,1,6,6,0,0,0.0,2019-11-01 01:56:38+00:00,2019-11-01 01:59:21+00:00,Browsers
546403623,1,1,1,0,0,0.0,2019-11-01 02:40:56+00:00,2019-11-01 02:40:56+00:00,Browsers
546408311,1,1,1,0,0,0.0,2019-11-01 02:38:11+00:00,2019-11-01 02:38:11+00:00,Browsers
546409006,1,1,1,0,0,0.0,2019-11-01 02:02:57+00:00,2019-11-01 02:02:57+00:00,Browsers
546426855,1,2,2,0,0,0.0,2019-11-01 02:35:05+00:00,2019-11-01 02:35:31+00:00,Browsers
546433621,1,6,6,0,0,0.0,2019-11-01 02:01:44+00:00,2019-11-01 02:06:08+00:00,Browsers
546435649,1,2,2,0,0,0.0,2019-11-01 01:35:51+00:00,2019-11-01 01:36:20+00:00,Browsers
546447931,1,1,1,0,0,0.0,2019-11-01 02:15:41+00:00,2019-11-01 02:15:41+00:00,Browsers
546449618,1,1,1,0,0,0.0,2019-11-01 02:23:39+00:00,2019-11-01 02:23:39+00:00,Browsers
546459059,1,2,2,0,0,0.0,2019-11-01 02:43:49+00:00,2019-11-01 02:45:00+00:00,Browsers
546494248,1,1,1,0,0,0.0,2019-11-01 02:12:13+00:00,2019-11-01 02:12:13+00:00,Browsers
546507636,1,2,2,0,0,0.0,2019-11-01 02:45:47+00:00,2019-11-01 02:47:15+00:00,Browsers
546508928,1,4,4,0,0,0.0,2019-11-01 02:08:23+00:00,2019-11-01 02:10:03+00:00,Browsers
546511566,1,2,2,0,0,0.0,2019-11-01 02:47:36+00:00,2019-11-01 02:48:25+00:00,Browsers
546514659,1,1,1,0,0,0.0,2019-11-01 02:24:46+00:00,2019-11-01 02:24:46+00:00,Browsers
546516585,1,3,3,0,0,0.0,2019-11-01 02:05:45+00:00,2019-11-01 02:07:07+00:00,Browsers
546540599,1,1,1,0,0,0.0,2019-11-01 01:27:38+00:00,2019-11-01 01:27:38+00:00,Browsers
546544843,1,6,6,0,0,0.0,2019-11-01 02:18:57+00:00,2019-11-01 02:26:30+00:00,Browsers
546604637,1,1,1,0,0,0.0,2019-11-01 02:19:27+00:00,2019-11-01 02:19:27+00:00,Browsers
546636057,2,12,12,0,0,0.0,2019-11-01 00:15:51+00:00,2019-11-01 00:26:08+00:00,Browsers
546648624,1,1,1,0,0,0.0,2019-11-01 01:58:40+00:00,2019-11-01 01:58:40+00:00,Browsers
546652717,1,5,5,0,0,0.0,2019-11-01 02:18:25+00:00,2019-11-01 02:25:59+00:00,Browsers
546660134,1,2,2,0,0,0.0,2019-11-01 02:45:59+00:00,2019-11-01 02:47:47+00:00,Browsers
546668156,2,15,15,0,0,0.0,2019-11-01 00:47:09+00:00,2019-11-01 01:39:37+00:00,Browsers
546670895,1,3,3,0,0,0.0,2019-11-01 00:23:06+00:00,2019-11-01 00:24:43+00:00,Browsers
546681560,1,1,1,0,0,0.0,2019-11-01 02:47:02+00:00,2019-11-01 02:47:02+00:00,Browsers
546687949,1,1,1,0,0,0.0,2019-11-01 02:27:47+00:00,2019-11-01 02:27:47+00:00,Browsers
546694530,1,3,3,0,0,0.0,2019-11-01 02:14:29+00:00,2019-11-01 02:20:51+00:00,Browsers
546695333,1,2,2,0,0,0.0,2019-11-01 02:33:32+00:00,2019-11-01 02:33:56+00:00,Browsers
546700370,1,4,4,0,0,0.0,2019-11-01 02:45:05+00:00,2019-11-01 02:47:41+00:00,Browsers
546719842,1,2,2,0,0,0.0,2019-11-01 02:45:27+00:00,2019-11-01 02:47:10+00:00,Browsers
546736263,2,2,2,0,0,0.0,2019-11-01 02:25:07+00:00,2019-11-01 02:33:22+00:00,Browsers
546736893,2,2,2,0,0,0.0,2019-11-01 02:34:14+00:00,2019-11-01 02:37:55+00:00,Browsers
546739304,1,1,1,0,0,0.0,2019-11-01 02:01:49+00:00,2019-11-01 02:01:49+00:00,Browsers
546739949,1,2,2,0,0,0.0,2019-11-01 02:07:06+00:00,2019-11-01 02:08:02+00:00,Browsers
546749946,6,6,6,0,0,0.0,2019-11-01 00:06:23+00:00,2019-11-01 00:08:22+00:00,Browsers
546757669,1,6,6,0,0,0.0,2019-11-01 02:38:08+00:00,2019-11-01 02:48:12+00:00,Browsers
546761030,1,14,14,0,0,0.0,2019-11-01 02:00:10+00:00,2019-11-01 02:10:15+00:00,Browsers
546778312,1,1,1,0,0,0.0,2019-11-01 01:34:00+00:00,2019-11-01 01:34:00+00:00,Browsers
546785232,1,5,5,0,0,0.0,2019-11-01 00:01:36+00:00,2019-11-01 00:08:06+00:00,Browsers
546795498,1,1,1,0,0,0.0,2019-11-01 01:54:25+00:00,2019-11-01 01:54:25+00:00,Browsers
546818803,2,7,7,0,0,0.0,2019-11-01 01:23:27+00:00,2019-11-01 01:30:09+00:00,Browsers
546830116,1,1,1,0,0,0.0,2019-11-01 02:18:17+00:00,2019-11-01 02:18:17+00:00,Browsers
546848374,1,4,4,0,0,0.0,2019-11-01 01:51:55+00:00,2019-11-01 01:54:08+00:00,Browsers
546853087,2,8,8,0,0,0.0,2019-11-01 01:27:47+00:00,2019-11-01 01:54:16+00:00,Browsers
546858027,1,1,1,0,0,0.0,2019-11-01 02:34:11+00:00,2019-11-01 02:34:11+00:00,Browsers
546862036,1,1,1,0,0,0.0,2019-11-01 01:18:55+00:00,2019-11-01 01:18:55+00:00,Browsers
546862559,1,1,1,0,0,0.0,2019-11-01 00:55:34+00:00,2019-11-01 00:55:34+00:00,Browsers
546885012,1,1,1,0,0,0.0,2019-11-01 02:16:47+00:00,2019-11-01 02:16:47+00:00,Browsers
546901885,1,2,2,0,0,0.0,2019-11-01 02:14:44+00:00,2019-11-01 02:15:44+00:00,Browsers
546945226,2,8,8,0,0,0.0,2019-11-01 01:08:49+00:00,2019-11-01 02:45:38+00:00,Browsers
546949104,1,2,2,0,0,0.0,2019-11-01 01:05:22+00:00,2019-11-01 01:05:53+00:00,Browsers
546950858,1,1,1,0,0,0.0,2019-11-01 01:45:15+00:00,2019-11-01 01:45:15+00:00,Browsers
546956050,4,6,5,0,1,128.42,2019-11-01 00:41:39+00:00,2019-11-01 02:35:50+00:00,High-value users (purchasers)
546957422,1,1,1,0,0,0.0,2019-11-01 02:40:36+00:00,2019-11-01 02:40:36+00:00,Browsers
546960446,1,3,3,0,0,0.0,2019-11-01 02:37:53+00:00,2019-11-01 02:38:47+00:00,Browsers
546962078,1,1,1,0,0,0.0,2019-11-01 01:58:53+00:00,2019-11-01 01:58:53+00:00,Browsers
546964130,1,6,6,0,0,0.0,2019-11-01 02:26:21+00:00,2019-11-01 02:29:21+00:00,Browsers
546964762,1,2,2,0,0,0.0,2019-11-01 00:01:09+00:00,2019-11-01 00:04:45+00:00,Browsers
546969176,1,2,2,0,0,0.0,2019-11-01 02:38:24+00:00,2019-11-01 02:40:48+00:00,Browsers
546988908,1,1,1,0,0,0.0,2019-11-01 02:13:14+00:00,2019-11-01 02:13:14+00:00,Browsers
546996618,1,1,1,0,0,0.0,2019-11-01 01:12:41+00:00,2019-11-01 01:12:41+00:00,Browsers
546996930,4,15,15,0,0,0.0,2019-11-01 00:25:00+00:00,2019-11-01 00:55:53+00:00,Browsers
546998858,1,9,9,0,0,0.0,2019-11-01 01:56:39+00:00,2019-11-01 02:03:19+00:00,Browsers
547002321,1,3,3,0,0,0.0,2019-11-01 00:10:37+00:00,2019-11-01 00:11:59+00:00,Browsers
547003202,1,1,1,0,0,0.0,2019-11-01 01:53:24+00:00,2019-11-01 01:53:24+00:00,Browsers
547005775,1,3,3,0,0,0.0,2019-11-01 02:24:24+00:00,2019-11-01 02:26:58+00:00,Browsers
547029219,1,1,1,0,0,0.0,2019-11-01 02:28:47+00:00,2019-11-01 02:28:47+00:00,Browsers
547030549,1,1,1,0,0,0.0,2019-11-01 01:41:57+00:00,2019-11-01 01:41:57+00:00,Browsers
547041338,1,1,1,0,0,0.0,2019-11-01 02:25:08+00:00,2019-11-01 02:25:08+00:00,Browsers
547043399,1,12,12,0,0,0.0,2019-11-01 01:38:37+00:00,2019-11-01 02:04:56+00:00,Browsers
547064115,1,2,2,0,0,0.0,2019-11-01 01:59:59+00:00,2019-11-01 02:00:51+00:00,Browsers
547081327,2,10,10,0,0,0.0,2019-11-01 00:50:06+00:00,2019-11-01 01:32:57+00:00,Browsers
547090060,1,1,1,0,0,0.0,2019-11-01 02:17:34+00:00,2019-11-01 02:17:34+00:00,Browsers
547096531,1,2,2,0,0,0.0,2019-11-01 02:37:46+00:00,2019-11-01 02:38:12+00:00,Browsers
547099486,1,3,3,0,0,0.0,2019-11-01 00:36:01+00:00,2019-11-01 00:36:40+00:00,Browsers
547111084,1,16,16,0,0,0.0,2019-11-01 02:06:33+00:00,2019-11-01 02:20:08+00:00,Browsers
547119294,1,2,2,0,0,0.0,2019-11-01 02:44:07+00:00,2019-11-01 02:46:33+00:00,Browsers
547141055,1,2,2,0,0,0.0,2019-11-01 02:29:17+00:00,2019-11-01 02:29:26+00:00,Browsers
547141582,1,5,5,0,0,0.0,2019-11-01 02:34:22+00:00,2019-11-01 02:36:10+00:00,Browsers
547153801,1,2,2,0,0,0.0,2019-11-01 00:49:48+00:00,2019-11-01 00:55:42+00:00,Browsers
547173969,1,2,2,0,0,0.0,2019-11-01 01:55:54+00:00,2019-11-01 01:56:13+00:00,Browsers
547175237,1,8,8,0,0,0.0,2019-11-01 02:32:54+00:00,2019-11-01 02:38:28+00:00,Browsers
547175525,3,10,10,0,0,0.0,2019-11-01 02:34:52+00:00,2019-11-01 02:45:34+00:00,Browsers
547175656,1,15,15,0,0,0.0,2019-11-01 00:30:18+00:00,2019-11-01 00:48:15+00:00,Browsers
547187344,1,3,3,0,0,0.0,2019-11-01 02:19:43+00:00,2019-11-01 02:26:12+00:00,Browsers
547189800,1,7,7,0,0,0.0,2019-11-01 01:12:27+00:00,2019-11-01 01:14:49+00:00,Browsers
547195134,1,1,1,0,0,0.0,2019-11-01 02:23:04+00:00,2019-11-01 02:23:04+00:00,Browsers
547195707,1,2,2,0,0,0.0,2019-11-01 01:45:32+00:00,2019-11-01 01:48:24+00:00,Browsers
547203172,1,17,17,0,0,0.0,2019-11-01 01:39:51+00:00,2019-11-01 01:48:42+00:00,Browsers
547211786,1,10,9,0,1,31.91,2019-11-01 00:19:07+00:00,2019-11-01 00:26:05+00:00,High-value users (purchasers)
547213802,1,1,1,0,0,0.0,2019-11-01 01:42:55+00:00,2019-11-01 01:42:55+00:00,Browsers
547213943,1,2,2,0,0,0.0,2019-11-01 02:21:11+00:00,2019-11-01 02:23:07+00:00,Browsers
547256906,1,1,1,0,0,0.0,2019-11-01 02:37:03+00:00,2019-11-01 02:37:03+00:00,Browsers
547280002,1,2,2,0,0,0.0,2019-11-01 01:36:57+00:00,2019-11-01 01:38:56+00:00,Browsers
547283729,1,1,1,0,0,0.0,2019-11-01 00:47:02+00:00,2019-11-01 00:47:02+00:00,Browsers
547298727,1,1,1,0,0,0.0,2019-11-01 00:57:09+00:00,2019-11-01 00:57:09+00:00,Browsers
547299376,1,3,3,0,0,0.0,2019-11-01 02:30:55+00:00,2019-11-01 02:33:56+00:00,Browsers
547320561,1,8,7,0,1,30.76,2019-11-01 01:46:48+00:00,2019-11-01 01:59:14+00:00,High-value users (purchasers)
547326918,1,6,6,0,0,0.0,2019-11-01 02:00:52+00:00,2019-11-01 02:04:24+00:00,Browsers
547327701,1,8,6,1,1,362.29,2019-11-01 00:37:28+00:00,2019-11-01 01:01:20+00:00,High-value users (purchasers)
547331145,1,1,1,0,0,0.0,2019-11-01 02:44:09+00:00,2019-11-01 02:44:09+00:00,Browsers
547351605,1,2,2,0,0,0.0,2019-11-01 02:42:19+00:00,2019-11-01 02:43:54+00:00,Browsers
547356072,1,7,6,0,1,46.33,2019-11-01 02:32:54+00:00,2019-11-01 02:40:17+00:00,High-value users (purchasers)
547363995,1,13,13,0,0,0.0,2019-11-01 02:19:17+00:00,2019-11-01 02:36:22+00:00,Browsers
547369742,1,7,7,0,0,0.0,2019-11-01 01:52:46+00:00,2019-11-01 01:57:34+00:00,Browsers
547374499,1,3,3,0,0,0.0,2019-11-01 00:36:50+00:00,2019-11-01 00:37:37+00:00,Browsers
547376129,1,1,1,0,0,0.0,2019-11-01 01:38:59+00:00,2019-11-01 01:38:59+00:00,Browsers
547394179,1,5,5,0,0,0.0,2019-11-01 00:42:06+00:00,2019-11-01 00:46:23+00:00,Browsers
547399195,1,7,7,0,0,0.0,2019-11-01 01:50:31+00:00,2019-11-01 01:54:58+00:00,Browsers
547401538,1,1,1,0,0,0.0,2019-11-01 02:02:58+00:00,2019-11-01 02:02:58+00:00,Browsers
547422663,1,3,2,0,1,139.68,2019-11-01 02:26:37+00:00,2019-11-01 02:29:13+00:00,High-value users (purchasers)
547427280,1,3,3,0,0,0.0,2019-11-01 01:24:52+00:00,2019-11-01 01:29:14+00:00,Browsers
547438875,2,5,2,2,1,949.47,2019-11-01 01:27:41+00:00,2019-11-01 01:32:12+00:00,High-value users (purchasers)
547444654,1,1,1,0,0,0.0,2019-11-01 00:07:15+00:00,2019-11-01 00:07:15+00:00,Browsers
547450222,1,1,1,0,0,0.0,2019-11-01 01:27:30+00:00,2019-11-01 01:27:30+00:00,Browsers
547453956,1,5,5,0,0,0.0,2019-11-01 01:04:39+00:00,2019-11-01 01:08:05+00:00,Browsers
547456087,1,2,2,0,0,0.0,2019-11-01 00:30:20+00:00,2019-11-01 00:31:45+00:00,Browsers
547465819,1,1,1,0,0,0.0,2019-11-01 01:57:48+00:00,2019-11-01 01:57:48+00:00,Browsers
547483744,1,3,3,0,0,0.0,2019-11-01 02:23:35+00:00,2019-11-01 02:26:40+00:00,Browsers
547485398,1,1,1,0,0,0.0,2019-11-01 01:01:49+00:00,2019-11-01 01:01:49+00:00,Browsers
547537210,1,1,1,0,0,0.0,2019-11-01 02:30:51+00:00,2019-11-01 02:30:51+00:00,Browsers
547538175,1,3,3,0,0,0.0,2019-11-01 00:47:44+00:00,2019-11-01 00:48:46+00:00,Browsers
547538368,1,1,1,0,0,0.0,2019-11-01 01:06:39+00:00,2019-11-01 01:06:39+00:00,Browsers
547544011,1,1,1,0,0,0.0,2019-11-01 01:02:39+00:00,2019-11-01 01:02:39+00:00,Browsers
547557724,1,5,4,0,1,1348.61,2019-11-01 01:38:43+00:00,2019-11-01 01:47:22+00:00,High-value users (purchasers)
547565197,1,15,15,0,0,0.0,2019-11-01 00:55:21+00:00,2019-11-01 01:04:49+00:00,Browsers
547568205,1,8,8,0,0,0.0,2019-11-01 00:55:37+00:00,2019-11-01 01:02:38+00:00,Browsers
547576830,1,9,9,0,0,0.0,2019-11-01 01:58:01+00:00,2019-11-01 02:01:58+00:00,Browsers
547582456,1,3,3,0,0,0.0,2019-11-01 02:43:26+00:00,2019-11-01 02:46:44+00:00,Browsers
547585404,1,1,1,0,0,0.0,2019-11-01 01:48:04+00:00,2019-11-01 01:48:04+00:00,Browsers
547622783,3,8,7,0,1,206.96,2019-11-01 02:14:23+00:00,2019-11-01 02:26:57+00:00,High-value users (purchasers)
547623376,1,1,1,0,0,0.0,2019-11-01 01:37:38+00:00,2019-11-01 01:37:38+00:00,Browsers
547627972,1,3,2,0,1,458.28,2019-11-01 02:36:43+00:00,2019-11-01 02:39:47+00:00,High-value users (purchasers)
547628518,1,1,1,0,0,0.0,2019-11-01 01:45:19+00:00,2019-11-01 01:45:19+00:00,Browsers
547630441,3,13,13,0,0,0.0,2019-11-01 01:44:23+00:00,2019-11-01 02:19:56+00:00,Browsers
547633105,1,6,6,0,0,0.0,2019-11-01 02:21:35+00:00,2019-11-01 02:23:39+00:00,Browsers
547634381,1,4,4,0,0,0.0,2019-11-01 01:43:25+00:00,2019-11-01 01:49:08+00:00,Browsers
547635663,1,2,2,0,0,0.0,2019-11-01 01:46:57+00:00,2019-11-01 01:47:16+00:00,Browsers
547660570,1,9,3,4,2,424.16,2019-11-01 02:34:52+00:00,2019-11-01 02:40:18+00:00,High-value users (purchasers)
547667464,1,6,6,0,0,0.0,2019-11-01 02:10:08+00:00,2019-11-01 02:16:03+00:00,Browsers
547672534,1,3,3,0,0,0.0,2019-11-01 02:20:51+00:00,2019-11-01 02:26:58+00:00,Browsers
547682210,1,1,1,0,0,0.0,2019-11-01 02:23:29+00:00,2019-11-01 02:23:29+00:00,Browsers
547683326,1,7,7,0,0,0.0,2019-11-01 00:57:59+00:00,2019-11-01 01:00:16+00:00,Browsers
547690510,1,1,1,0,0,0.0,2019-11-01 02:41:50+00:00,2019-11-01 02:41:50+00:00,Browsers
547694248,1,4,3,1,0,0.0,2019-11-01 00:33:03+00:00,2019-11-01 00:33:49+00:00,Cart abandoners
547700646,1,2,2,0,0,0.0,2019-11-01 02:44:11+00:00,2019-11-01 02:45:41+00:00,Browsers
547702449,1,1,1,0,0,0.0,2019-11-01 01:38:42+00:00,2019-11-01 01:38:42+00:00,Browsers
547703364,1,2,2,0,0,0.0,2019-11-01 00:16:44+00:00,2019-11-01 00:17:50+00:00,Browsers
547758524,1,4,4,0,0,0.0,2019-11-01 02:24:01+00:00,2019-11-01 02:30:11+00:00,Browsers
547763168,2,16,16,0,0,0.0,2019-11-01 00:16:49+00:00,2019-11-01 00:37:19+00:00,Browsers
547764112,1,2,2,0,0,0.0,2019-11-01 02:14:13+00:00,2019-11-01 02:14:49+00:00,Browsers
547764980,1,1,1,0,0,0.0,2019-11-01 02:47:41+00:00,2019-11-01 02:47:41+00:00,Browsers
547775139,1,1,1,0,0,0.0,2019-11-01 02:39:33+00:00,2019-11-01 02:39:33+00:00,Browsers
547775316,2,6,6,0,0,0.0,2019-11-01 02:24:32+00:00,2019-11-01 02:38:25+00:00,Browsers
547778729,1,1,1,0,0,0.0,2019-11-01 02:25:57+00:00,2019-11-01 02:25:57+00:00,Browsers
547780054,1,1,1,0,0,0.0,2019-11-01 02:24:22+00:00,2019-11-01 02:24:22+00:00,Browsers
547781123,1,1,1,0,0,0.0,2019-11-01 02:04:28+00:00,2019-11-01 02:04:28+00:00,Browsers
547795660,1,1,1,0,0,0.0,2019-11-01 01:32:57+00:00,2019-11-01 01:32:57+00:00,Browsers
547808897,1,8,8,0,0,0.0,2019-11-01 02:38:08+00:00,2019-11-01 02:47:50+00:00,Browsers
547819829,1,4,4,0,0,0.0,2019-11-01 00:46:28+00:00,2019-11-01 00:48:17+00:00,Browsers
547834029,1,2,1,0,1,139.68,2019-11-01 02:30:55+00:00,2019-11-01 02:34:10+00:00,High-value users (purchasers)
547849880,1,17,17,0,0,0.0,2019-11-01 02:03:28+00:00,2019-11-01 02:08:33+00:00,Browsers
547853323,1,1,1,0,0,0.0,2019-11-01 01:35:39+00:00,2019-11-01 01:35:39+00:00,Browsers
547864590,1,1,1,0,0,0.0,2019-11-01 02:22:39+00:00,2019-11-01 02:22:39+00:00,Browsers
547865172,1,9,9,0,0,0.0,2019-11-01 02:19:18+00:00,2019-11-01 02:22:34+00:00,Browsers
547869606,1,3,2,1,0,0.0,2019-11-01 00:39:19+00:00,2019-11-01 00:41:59+00:00,Cart abandoners
547871403,1,4,2,2,0,0.0,2019-11-01 02:44:07+00:00,2019-11-01 02:46:46+00:00,Cart abandoners
547872600,1,2,2,0,0,0.0,2019-11-01 01:34:39+00:00,2019-11-01 01:35:07+00:00,Browsers
547875996,1,2,2,0,0,0.0,2019-11-01 02:22:27+00:00,2019-11-01 02:24:03+00:00,Browsers
547885564,2,8,8,0,0,0.0,2019-11-01 02:24:55+00:00,2019-11-01 02:31:57+00:00,Browsers
547897672,1,1,1,0,0,0.0,2019-11-01 02:35:51+00:00,2019-11-01 02:35:51+00:00,Browsers
547951227,1,1,1,0,0,0.0,2019-11-01 01:08:23+00:00,2019-11-01 01:08:23+00:00,Browsers
547961159,1,2,1,0,1,55.86,2019-11-01 00:32:13+00:00,2019-11-01 00:33:27+00:00,High-value users (purchasers)
547965359,1,1,1,0,0,0.0,2019-11-01 01:31:27+00:00,2019-11-01 01:31:27+00:00,Browsers
547967277,1,1,1,0,0,0.0,2019-11-01 01:25:37+00:00,2019-11-01 01:25:37+00:00,Browsers
547968852,1,1,1,0,0,0.0,2019-11-01 01:56:52+00:00,2019-11-01 01:56:52+00:00,Browsers
548007539,1,1,1,0,0,0.0,2019-11-01 01:46:07+00:00,2019-11-01 01:46:07+00:00,Browsers
548008829,1,1,1,0,0,0.0,2019-11-01 00:08:17+00:00,2019-11-01 00:08:17+00:00,Browsers
548033441,1,1,1,0,0,0.0,2019-11-01 00:46:32+00:00,2019-11-01 00:46:32+00:00,Browsers
548039322,1,4,4,0,0,0.0,2019-11-01 00:38:38+00:00,2019-11-01 00:42:37+00:00,Browsers
548061890,2,5,5,0,0,0.0,2019-11-01 02:15:13+00:00,2019-11-01 02:42:58+00:00,Browsers
548062749,1,1,1,0,0,0.0,2019-11-01 01:51:54+00:00,2019-11-01 01:51:54+00:00,Browsers
548065788,1,11,11,0,0,0.0,2019-11-01 02:22:10+00:00,2019-11-01 02:33:36+00:00,Browsers
548066443,1,5,5,0,0,0.0,2019-11-01 02:14:27+00:00,2019-11-01 02:16:12+00:00,Browsers
548069989,1,4,4,0,0,0.0,2019-11-01 02:01:10+00:00,2019-11-01 02:03:06+00:00,Browsers
548077951,1,4,4,0,0,0.0,2019-11-01 02:27:24+00:00,2019-11-01 02:29:14+00:00,Browsers
548101456,1,1,1,0,0,0.0,2019-11-01 00:09:34+00:00,2019-11-01 00:09:34+00:00,Browsers
548110944,1,9,9,0,0,0.0,2019-11-01 02:35:08+00:00,2019-11-01 02:43:59+00:00,Browsers
548115116,2,3,3,0,0,0.0,2019-11-01 01:05:01+00:00,2019-11-01 01:50:01+00:00,Browsers
548127751,1,13,12,1,0,0.0,2019-11-01 02:41:18+00:00,2019-11-01 02:48:07+00:00,Cart abandoners
548128901,1,1,1,0,0,0.0,2019-11-01 01:45:40+00:00,2019-11-01 01:45:40+00:00,Browsers
548137628,1,6,6,0,0,0.0,2019-11-01 02:43:08+00:00,2019-11-01 02:45:23+00:00,Browsers
548141464,1,2,2,0,0,0.0,2019-11-01 01:30:18+00:00,2019-11-01 01:30:38+00:00,Browsers
548142200,1,3,3,0,0,0.0,2019-11-01 02:26:32+00:00,2019-11-01 02:27:05+00:00,Browsers
548146945,1,3,3,0,0,0.0,2019-11-01 01:57:13+00:00,2019-11-01 02:00:10+00:00,Browsers
548148843,1,1,1,0,0,0.0,2019-11-01 01:58:13+00:00,2019-11-01 01:58:13+00:00,Browsers
548159312,1,1,1,0,0,0.0,2019-11-01 02:18:08+00:00,2019-11-01 02:18:08+00:00,Browsers
548162843,1,2,2,0,0,0.0,2019-11-01 01:48:45+00:00,2019-11-01 01:50:52+00:00,Browsers
548164694,1,1,1,0,0,0.0,2019-11-01 00:24:48+00:00,2019-11-01 00:24:48+00:00,Browsers
548171946,1,6,6,0,0,0.0,2019-11-01 01:43:37+00:00,2019-11-01 01:49:54+00:00,Browsers
548188324,1,2,2,0,0,0.0,2019-11-01 02:05:21+00:00,2019-11-01 02:06:24+00:00,Browsers
548190452,1,3,3,0,0,0.0,2019-11-01 00:52:38+00:00,2019-11-01 00:56:21+00:00,Browsers
548200781,1,3,3,0,0,0.0,2019-11-01 02:45:10+00:00,2019-11-01 02:47:42+00:00,Browsers
548213478,1,1,1,0,0,0.0,2019-11-01 02:36:05+00:00,2019-11-01 02:36:05+00:00,Browsers
548228449,1,6,6,0,0,0.0,2019-11-01 02:44:39+00:00,2019-11-01 02:48:24+00:00,Browsers
548243237,1,2,2,0,0,0.0,2019-11-01 02:33:00+00:00,2019-11-01 02:33:29+00:00,Browsers
548267840,1,1,1,0,0,0.0,2019-11-01 01:49:25+00:00,2019-11-01 01:49:25+00:00,Browsers
548284186,1,3,3,0,0,0.0,2019-11-01 02:35:30+00:00,2019-11-01 02:47:04+00:00,Browsers
548292738,1,6,6,0,0,0.0,2019-11-01 02:14:49+00:00,2019-11-01 02:18:15+00:00,Browsers
548299732,2,15,15,0,0,0.0,2019-11-01 02:19:38+00:00,2019-11-01 02:43:52+00:00,Browsers
548310667,1,9,9,0,0,0.0,2019-11-01 02:13:28+00:00,2019-11-01 02:16:22+00:00,Browsers
548311622,2,4,4,0,0,0.0,2019-11-01 01:45:58+00:00,2019-11-01 02:12:51+00:00,Browsers
548314125,1,1,1,0,0,0.0,2019-11-01 02:37:37+00:00,2019-11-01 02:37:37+00:00,Browsers
548325466,3,3,3,0,0,0.0,2019-11-01 00:31:42+00:00,2019-11-01 00:36:30+00:00,Browsers
548327867,1,2,2,0,0,0.0,2019-11-01 02:24:47+00:00,2019-11-01 02:26:57+00:00,Browsers
548328292,1,1,1,0,0,0.0,2019-11-01 02:38:39+00:00,2019-11-01 02:38:39+00:00,Browsers
548335926,1,24,24,0,0,0.0,2019-11-01 01:33:39+00:00,2019-11-01 01:48:05+00:00,Browsers
548337768,1,1,1,0,0,0.0,2019-11-01 02:08:42+00:00,2019-11-01 02:08:42+00:00,Browsers
548345746,1,14,14,0,0,0.0,2019-11-01 02:21:30+00:00,2019-11-01 02:32:13+00:00,Browsers
548352595,1,1,1,0,0,0.0,2019-11-01 00:21:56+00:00,2019-11-01 00:21:56+00:00,Browsers
548361675,1,3,2,1,0,0.0,2019-11-01 02:11:33+00:00,2019-11-01 02:13:50+00:00,Cart abandoners
548374876,1,1,1,0,0,0.0,2019-11-01 02:25:14+00:00,2019-11-01 02:25:14+00:00,Browsers
548382186,1,10,10,0,0,0.0,2019-11-01 02:00:53+00:00,2019-11-01 02:07:43+00:00,Browsers
548384304,1,3,3,0,0,0.0,2019-11-01 00:13:28+00:00,2019-11-01 00:14:21+00:00,Browsers
548389639,1,3,3,0,0,0.0,2019-11-01 00:21:17+00:00,2019-11-01 00:25:15+00:00,Browsers
548399629,1,7,7,0,0,0.0,2019-11-01 01:02:20+00:00,2019-11-01 01:08:35+00:00,Browsers
548400593,1,1,1,0,0,0.0,2019-11-01 01:49:22+00:00,2019-11-01 01:49:22+00:00,Browsers
548401384,1,1,1,0,0,0.0,2019-11-01 01:56:16+00:00,2019-11-01 01:56:16+00:00,Browsers
548407188,1,1,1,0,0,0.0,2019-11-01 01:38:05+00:00,2019-11-01 01:38:05+00:00,Browsers
548409093,1,1,1,0,0,0.0,2019-11-01 02:29:11+00:00,2019-11-01 02:29:11+00:00,Browsers
548411752,1,5,5,0,0,0.0,2019-11-01 02:45:24+00:00,2019-11-01 02:47:37+00:00,Browsers
548419591,1,3,3,0,0,0.0,2019-11-01 00:47:42+00:00,2019-11-01 00:49:19+00:00,Browsers
548426460,1,2,2,0,0,0.0,2019-11-01 02:02:19+00:00,2019-11-01 02:09:42+00:00,Browsers
548430139,1,3,3,0,0,0.0,2019-11-01 02:32:51+00:00,2019-11-01 02:35:20+00:00,Browsers
548435265,1,2,2,0,0,0.0,2019-11-01 02:25:25+00:00,2019-11-01 02:26:33+00:00,Browsers
548437520,1,4,4,0,0,0.0,2019-11-01 02:32:48+00:00,2019-11-01 02:35:26+00:00,Browsers
548438401,1,4,4,0,0,0.0,2019-11-01 02:41:26+00:00,2019-11-01 02:44:43+00:00,Browsers
548440040,1,1,1,0,0,0.0,2019-11-01 02:18:51+00:00,2019-11-01 02:18:51+00:00,Browsers
548443853,2,2,2,0,0,0.0,2019-11-01 02:33:27+00:00,2019-11-01 02:34:13+00:00,Browsers
548450778,3,11,8,0,3,660.59,2019-11-01 01:38:49+00:00,2019-11-01 01:51:17+00:00,High-value users (purchasers)
548452938,3,15,15,0,0,0.0,2019-11-01 01:57:02+00:00,2019-11-01 02:12:08+00:00,Browsers
548456062,1,1,1,0,0,0.0,2019-11-01 02:12:00+00:00,2019-11-01 02:12:00+00:00,Browsers
548458149,1,5,5,0,0,0.0,2019-11-01 01:32:01+00:00,2019-11-01 01:33:50+00:00,Browsers
548469075,1,1,1,0,0,0.0,2019-11-01 01:08:40+00:00,2019-11-01 01:08:40+00:00,Browsers
548479919,1,37,37,0,0,0.0,2019-11-01 01:46:18+00:00,2019-11-01 02:09:55+00:00,Browsers
548482146,1,1,1,0,0,0.0,2019-11-01 01:51:17+00:00,2019-11-01 01:51:17+00:00,Browsers
548485128,1,7,7,0,0,0.0,2019-11-01 01:03:44+00:00,2019-11-01 01:07:19+00:00,Browsers
548491227,2,8,8,0,0,0.0,2019-11-01 01:30:35+00:00,2019-11-01 01:45:15+00:00,Browsers
548493301,2,2,2,0,0,0.0,2019-11-01 02:35:51+00:00,2019-11-01 02:37:55+00:00,Browsers
548518784,1,2,2,0,0,0.0,2019-11-01 01:50:49+00:00,2019-11-01 01:51:12+00:00,Browsers
548523725,1,1,1,0,0,0.0,2019-11-01 00:02:35+00:00,2019-11-01 00:02:35+00:00,Browsers
548614053,1,6,5,0,1,139.68,2019-11-01 02:18:26+00:00,2019-11-01 02:22:14+00:00,High-value users (purchasers)
548624756,1,1,1,0,0,0.0,2019-11-01 01:43:50+00:00,2019-11-01 01:43:50+00:00,Browsers
548635076,1,1,1,0,0,0.0,2019-11-01 02:19:58+00:00,2019-11-01 02:19:58+00:00,Browsers
548645138,1,2,2,0,0,0.0,2019-11-01 00:00:19+00:00,2019-11-01 00:00:49+00:00,Browsers
548648298,1,20,20,0,0,0.0,2019-11-01 02:01:26+00:00,2019-11-01 02:44:45+00:00,Browsers
548658427,1,10,10,0,0,0.0,2019-11-01 02:40:08+00:00,2019-11-01 02:44:43+00:00,Browsers
548663878,1,5,5,0,0,0.0,2019-11-01 01:35:37+00:00,2019-11-01 01:36:50+00:00,Browsers
548671617,1,2,2,0,0,0.0,2019-11-01 01:07:55+00:00,2019-11-01 01:08:29+00:00,Browsers
548680555,1,1,1,0,0,0.0,2019-11-01 01:12:56+00:00,2019-11-01 01:12:56+00:00,Browsers
548683552,1,1,1,0,0,0.0,2019-11-01 02:44:14+00:00,2019-11-01 02:44:14+00:00,Browsers
548689144,1,1,1,0,0,0.0,2019-11-01 02:13:41+00:00,2019-11-01 02:13:41+00:00,Browsers
548689512,1,1,1,0,0,0.0,2019-11-01 01:46:50+00:00,2019-11-01 01:46:50+00:00,Browsers
548690690,1,5,4,1,0,0.0,2019-11-01 02:34:53+00:00,2019-11-01 02:37:03+00:00,Cart abandoners
548702903,1,3,3,0,0,0.0,2019-11-01 02:27:09+00:00,2019-11-01 02:28:44+00:00,Browsers
548703897,1,20,20,0,0,0.0,2019-11-01 02:29:57+00:00,2019-11-01 02:33:45+00:00,Browsers
548705365,1,3,3,0,0,0.0,2019-11-01 02:31:56+00:00,2019-11-01 02:35:49+00:00,Browsers
548712712,1,1,1,0,0,0.0,2019-11-01 01:48:06+00:00,2019-11-01 01:48:06+00:00,Browsers
548717296,1,4,3,0,1,228.47,2019-11-01 02:43:39+00:00,2019-11-01 02:44:57+00:00,High-value users (purchasers)
548719429,1,3,3,0,0,0.0,2019-11-01 00:47:00+00:00,2019-11-01 00:54:59+00:00,Browsers
548719875,1,6,5,0,1,195.35,2019-11-01 00:01:10+00:00,2019-11-01 00:27:47+00:00,High-value users (purchasers)
548721393,1,1,1,0,0,0.0,2019-11-01 01:58:31+00:00,2019-11-01 01:58:31+00:00,Browsers
548721778,2,2,2,0,0,0.0,2019-11-01 00:08:54+00:00,2019-11-01 00:09:09+00:00,Browsers
548723503,1,1,1,0,0,0.0,2019-11-01 01:48:28+00:00,2019-11-01 01:48:28+00:00,Browsers
548724711,2,4,4,0,0,0.0,2019-11-01 00:50:16+00:00,2019-11-01 00:59:35+00:00,Browsers
548727988,1,1,1,0,0,0.0,2019-11-01 02:21:51+00:00,2019-11-01 02:21:51+00:00,Browsers
548730316,1,2,2,0,0,0.0,2019-11-01 02:16:37+00:00,2019-11-01 02:16:46+00:00,Browsers
548733445,1,2,2,0,0,0.0,2019-11-01 01:58:36+00:00,2019-11-01 01:59:37+00:00,Browsers
548745911,1,25,25,0,0,0.0,2019-11-01 00:30:40+00:00,2019-11-01 00:54:35+00:00,Browsers
548763788,2,6,6,0,0,0.0,2019-11-01 02:29:37+00:00,2019-11-01 02:36:37+00:00,Browsers
548767175,5,18,18,0,0,0.0,2019-11-01 02:03:05+00:00,2019-11-01 02:18:25+00:00,Browsers
548772921,1,6,6,0,0,0.0,2019-11-01 02:13:41+00:00,2019-11-01 02:20:28+00:00,Browsers
548784854,1,1,1,0,0,0.0,2019-11-01 02:11:02+00:00,2019-11-01 02:11:02+00:00,Browsers
548796182,1,1,1,0,0,0.0,2019-11-01 00:54:24+00:00,2019-11-01 00:54:24+00:00,Browsers
548799209,1,3,3,0,0,0.0,2019-11-01 02:38:35+00:00,2019-11-01 02:40:44+00:00,Browsers
548799980,11,11,11,0,0,0.0,2019-11-01 01:45:07+00:00,2019-11-01 02:06:59+00:00,Browsers
548804259,1,5,5,0,0,0.0,2019-11-01 00:02:32+00:00,2019-11-01 00:06:25+00:00,Browsers
548805963,1,6,6,0,0,0.0,2019-11-01 02:21:42+00:00,2019-11-01 02:22:56+00:00,Browsers
548806345,2,7,7,0,0,0.0,2019-11-01 01:39:24+00:00,2019-11-01 02:23:43+00:00,Browsers
548812215,1,2,2,0,0,0.0,2019-11-01 02:12:08+00:00,2019-11-01 02:17:35+00:00,Browsers
548813963,1,4,4,0,0,0.0,2019-11-01 02:11:25+00:00,2019-11-01 02:13:34+00:00,Browsers
548826680,1,5,2,3,0,0.0,2019-11-01 02:42:52+00:00,2019-11-01 02:44:58+00:00,Cart abandoners
548829374,1,1,1,0,0,0.0,2019-11-01 01:47:13+00:00,2019-11-01 01:47:13+00:00,Browsers
548837064,1,5,5,0,0,0.0,2019-11-01 01:02:47+00:00,2019-11-01 01:07:21+00:00,Browsers
548837605,1,5,4,0,1,108.98,2019-11-01 02:40:25+00:00,2019-11-01 02:43:39+00:00,High-value users (purchasers)
548838129,1,1,1,0,0,0.0,2019-11-01 02:45:13+00:00,2019-11-01 02:45:13+00:00,Browsers
548845048,1,1,1,0,0,0.0,2019-11-01 00:51:32+00:00,2019-11-01 00:51:32+00:00,Browsers
548859150,1,1,1,0,0,0.0,2019-11-01 02:12:27+00:00,2019-11-01 02:12:27+00:00,Browsers
548861384,1,1,1,0,0,0.0,2019-11-01 02:03:10+00:00,2019-11-01 02:03:10+00:00,Browsers
548865098,1,3,2,0,1,949.47,2019-11-01 02:24:51+00:00,2019-11-01 02:25:46+00:00,High-value users (purchasers)
548871652,1,4,4,0,0,0.0,2019-11-01 02:24:48+00:00,2019-11-01 02:26:38+00:00,Browsers
548875301,1,3,3,0,0,0.0,2019-11-01 00:03:58+00:00,2019-11-01 00:07:06+00:00,Browsers
548892133,2,8,8,0,0,0.0,2019-11-01 01:54:35+00:00,2019-11-01 02:10:18+00:00,Browsers
548894092,1,2,2,0,0,0.0,2019-11-01 02:40:19+00:00,2019-11-01 02:41:49+00:00,Browsers
548899850,2,2,2,0,0,0.0,2019-11-01 02:28:02+00:00,2019-11-01 02:48:26+00:00,Browsers
548909329,1,10,10,0,0,0.0,2019-11-01 01:48:47+00:00,2019-11-01 01:57:24+00:00,Browsers
548910491,1,2,2,0,0,0.0,2019-11-01 02:44:39+00:00,2019-11-01 02:45:23+00:00,Browsers
548912946,1,2,2,0,0,0.0,2019-11-01 02:18:23+00:00,2019-11-01 02:19:29+00:00,Browsers
548935896,1,1,1,0,0,0.0,2019-11-01 02:34:54+00:00,2019-11-01 02:34:54+00:00,Browsers
548945556,1,22,22,0,0,0.0,2019-11-01 01:32:53+00:00,2019-11-01 01:43:40+00:00,Browsers
548955190,1,13,13,0,0,0.0,2019-11-01 00:13:10+00:00,2019-11-01 00:17:12+00:00,Browsers
549006459,1,6,6,0,0,0.0,2019-11-01 01:56:06+00:00,2019-11-01 02:01:27+00:00,Browsers
549017215,1,3,3,0,0,0.0,2019-11-01 01:04:30+00:00,2019-11-01 01:08:24+00:00,Browsers
549019588,1,2,2,0,0,0.0,2019-11-01 00:20:15+00:00,2019-11-01 00:20:30+00:00,Browsers
549029080,1,5,5,0,0,0.0,2019-11-01 01:28:33+00:00,2019-11-01 02:03:12+00:00,Browsers
549032544,1,4,4,0,0,0.0,2019-11-01 02:44:34+00:00,2019-11-01 02:46:01+00:00,Browsers
549035797,1,2,2,0,0,0.0,2019-11-01 01:54:17+00:00,2019-11-01 01:54:20+00:00,Browsers
549039472,2,6,6,0,0,0.0,2019-11-01 01:34:48+00:00,2019-11-01 02:15:35+00:00,Browsers
549044646,1,1,1,0,0,0.0,2019-11-01 00:35:27+00:00,2019-11-01 00:35:27+00:00,Browsers
549047760,1,1,1,0,0,0.0,2019-11-01 02:12:53+00:00,2019-11-01 02:12:53+00:00,Browsers
549050651,1,3,3,0,0,0.0,2019-11-01 02:31:22+00:00,2019-11-01 02:33:11+00:00,Browsers
549054187,1,7,7,0,0,0.0,2019-11-01 02:31:39+00:00,2019-11-01 02:33:46+00:00,Browsers
549076185,1,3,3,0,0,0.0,2019-11-01 02:25:22+00:00,2019-11-01 02:26:20+00:00,Browsers
549079026,1,1,1,0,0,0.0,2019-11-01 02:25:34+00:00,2019-11-01 02:25:34+00:00,Browsers
549089725,1,1,1,0,0,0.0,2019-11-01 01:45:49+00:00,2019-11-01 01:45:49+00:00,Browsers
549097667,1,6,6,0,0,0.0,2019-11-01 01:45:48+00:00,2019-11-01 01:47:45+00:00,Browsers
549117741,1,1,1,0,0,0.0,2019-11-01 02:37:59+00:00,2019-11-01 02:37:59+00:00,Browsers
549119688,1,3,3,0,0,0.0,2019-11-01 02:02:27+00:00,2019-11-01 02:03:14+00:00,Browsers
549142528,1,1,1,0,0,0.0,2019-11-01 00:44:24+00:00,2019-11-01 00:44:24+00:00,Browsers
549146215,1,2,2,0,0,0.0,2019-11-01 00:50:47+00:00,2019-11-01 00:51:12+00:00,Browsers
549170912,1,12,12,0,0,0.0,2019-11-01 00:19:23+00:00,2019-11-01 00:28:15+00:00,Browsers
549192383,1,4,4,0,0,0.0,2019-11-01 00:14:34+00:00,2019-11-01 00:39:41+00:00,Browsers
549197861,1,3,3,0,0,0.0,2019-11-01 00:11:27+00:00,2019-11-01 00:12:17+00:00,Browsers
549203309,1,4,4,0,0,0.0,2019-11-01 01:39:12+00:00,2019-11-01 01:49:15+00:00,Browsers
549207125,1,1,1,0,0,0.0,2019-11-01 02:07:22+00:00,2019-11-01 02:07:22+00:00,Browsers
549212316,1,18,18,0,0,0.0,2019-11-01 02:09:33+00:00,2019-11-01 02:17:43+00:00,Browsers
549219877,2,3,3,0,0,0.0,2019-11-01 00:36:57+00:00,2019-11-01 00:37:42+00:00,Browsers
549229643,1,1,1,0,0,0.0,2019-11-01 01:29:34+00:00,2019-11-01 01:29:34+00:00,Browsers
549238855,1,3,3,0,0,0.0,2019-11-01 01:50:51+00:00,2019-11-01 01:54:36+00:00,Browsers
549242737,1,4,4,0,0,0.0,2019-11-01 01:32:30+00:00,2019-11-01 01:33:27+00:00,Browsers
549251807,1,4,4,0,0,0.0,2019-11-01 02:23:39+00:00,2019-11-01 02:42:03+00:00,Browsers
549252566,1,10,10,0,0,0.0,2019-11-01 02:37:54+00:00,2019-11-01 02:42:30+00:00,Browsers
549256216,1,14,11,2,1,531.26,2019-11-01 00:00:14+00:00,2019-11-01 00:11:04+00:00,High-value users (purchasers)
549260914,1,1,1,0,0,0.0,2019-11-01 00:17:00+00:00,2019-11-01 00:17:00+00:00,Browsers
549262192,1,5,5,0,0,0.0,2019-11-01 02:32:47+00:00,2019-11-01 02:35:00+00:00,Browsers
549269627,1,1,1,0,0,0.0,2019-11-01 02:14:07+00:00,2019-11-01 02:14:07+00:00,Browsers
549317410,1,5,5,0,0,0.0,2019-11-01 00:42:03+00:00,2019-11-01 00:43:50+00:00,Browsers
549319218,1,2,2,0,0,0.0,2019-11-01 00:36:41+00:00,2019-11-01 00:37:17+00:00,Browsers
549334412,1,1,1,0,0,0.0,2019-11-01 00:50:31+00:00,2019-11-01 00:50:31+00:00,Browsers
549335836,1,12,12,0,0,0.0,2019-11-01 00:25:36+00:00,2019-11-01 00:34:37+00:00,Browsers
549344250,1,1,1,0,0,0.0,2019-11-01 02:47:54+00:00,2019-11-01 02:47:54+00:00,Browsers
549347882,1,8,8,0,0,0.0,2019-11-01 02:29:22+00:00,2019-11-01 02:31:36+00:00,Browsers
549352199,1,3,3,0,0,0.0,2019-11-01 02:05:38+00:00,2019-11-01 02:06:13+00:00,Browsers
549353514,1,2,2,0,0,0.0,2019-11-01 02:06:46+00:00,2019-11-01 02:07:50+00:00,Browsers
549353814,1,1,1,0,0,0.0,2019-11-01 02:39:18+00:00,2019-11-01 02:39:18+00:00,Browsers
549355438,2,7,7,0,0,0.0,2019-11-01 00:24:34+00:00,2019-11-01 00:27:39+00:00,Browsers
549358408,1,1,1,0,0,0.0,2019-11-01 00:26:50+00:00,2019-11-01 00:26:50+00:00,Browsers
549359136,1,3,3,0,0,0.0,2019-11-01 02:17:40+00:00,2019-11-01 02:24:24+00:00,Browsers
549362421,1,3,3,0,0,0.0,2019-11-01 01:05:43+00:00,2019-11-01 01:08:44+00:00,Browsers
549391310,2,15,15,0,0,0.0,2019-11-01 00:39:21+00:00,2019-11-01 01:08:31+00:00,Browsers
549400754,1,1,1,0,0,0.0,2019-11-01 02:44:26+00:00,2019-11-01 02:44:26+00:00,Browsers
549404778,1,1,1,0,0,0.0,2019-11-01 02:44:51+00:00,2019-11-01 02:44:51+00:00,Browsers
549408965,1,1,1,0,0,0.0,2019-11-01 00:38:07+00:00,2019-11-01 00:38:07+00:00,Browsers
549422045,2,15,14,0,1,82.34,2019-11-01 00:17:55+00:00,2019-11-01 01:50:03+00:00,High-value users (purchasers)
549422266,1,1,1,0,0,0.0,2019-11-01 00:56:23+00:00,2019-11-01 00:56:23+00:00,Browsers
549439940,1,2,2,0,0,0.0,2019-11-01 02:45:29+00:00,2019-11-01 02:45:57+00:00,Browsers
549442313,1,1,1,0,0,0.0,2019-11-01 02:40:11+00:00,2019-11-01 02:40:11+00:00,Browsers
549443479,1,1,1,0,0,0.0,2019-11-01 02:10:21+00:00,2019-11-01 02:10:21+00:00,Browsers
549443858,1,1,1,0,0,0.0,2019-11-01 02:26:45+00:00,2019-11-01 02:26:45+00:00,Browsers
549494460,1,1,1,0,0,0.0,2019-11-01 00:24:44+00:00,2019-11-01 00:24:44+00:00,Browsers
549494794,1,3,3,0,0,0.0,2019-11-01 02:19:34+00:00,2019-11-01 02:40:14+00:00,Browsers
549499616,1,4,4,0,0,0.0,2019-11-01 01:31:00+00:00,2019-11-01 01:34:39+00:00,Browsers
549505865,1,1,1,0,0,0.0,2019-11-01 02:04:14+00:00,2019-11-01 02:04:14+00:00,Browsers
549516452,1,7,7,0,0,0.0,2019-11-01 02:19:36+00:00,2019-11-01 02:21:22+00:00,Browsers
549525577,1,1,1,0,0,0.0,2019-11-01 02:07:21+00:00,2019-11-01 02:07:21+00:00,Browsers
549527991,1,4,2,1,1,128.42,2019-11-01 01:36:15+00:00,2019-11-01 01:39:59+00:00,High-value users (purchasers)
549528775,1,1,1,0,0,0.0,2019-11-01 02:15:01+00:00,2019-11-01 02:15:01+00:00,Browsers
549568904,1,2,2,0,0,0.0,2019-11-01 00:01:11+00:00,2019-11-01 00:01:24+00:00,Browsers
549587226,1,1,1,0,0,0.0,2019-11-01 02:35:56+00:00,2019-11-01 02:35:56+00:00,Browsers
549630515,1,14,12,2,0,0.0,2019-11-01 00:37:42+00:00,2019-11-01 00:44:30+00:00,Cart abandoners
549659929,1,1,1,0,0,0.0,2019-11-01 01:39:09+00:00,2019-11-01 01:39:09+00:00,Browsers
549661448,1,1,1,0,0,0.0,2019-11-01 01:27:53+00:00,2019-11-01 01:27:53+00:00,Browsers
549670644,1,1,1,0,0,0.0,2019-11-01 02:21:19+00:00,2019-11-01 02:21:19+00:00,Browsers
549678462,1,1,1,0,0,0.0,2019-11-01 00:48:13+00:00,2019-11-01 00:48:13+00:00,Browsers
549686253,1,1,1,0,0,0.0,2019-11-01 01:58:12+00:00,2019-11-01 01:58:12+00:00,Browsers
549692088,2,8,8,0,0,0.0,2019-11-01 00:22:18+00:00,2019-11-01 00:38:38+00:00,Browsers
549697474,1,2,2,0,0,0.0,2019-11-01 00:03:08+00:00,2019-11-01 00:03:32+00:00,Browsers
549706819,1,2,2,0,0,0.0,2019-11-01 00:38:52+00:00,2019-11-01 00:39:21+00:00,Browsers
549711438,1,3,3,0,0,0.0,2019-11-01 00:44:57+00:00,2019-11-01 00:46:47+00:00,Browsers
549721103,1,3,3,0,0,0.0,2019-11-01 02:39:25+00:00,2019-11-01 02:40:31+00:00,Browsers
549728234,1,1,1,0,0,0.0,2019-11-01 02:26:38+00:00,2019-11-01 02:26:38+00:00,Browsers
549734679,1,3,3,0,0,0.0,2019-11-01 02:34:56+00:00,2019-11-01 02:37:53+00:00,Browsers
549740965,2,2,2,0,0,0.0,2019-11-01 02:10:23+00:00,2019-11-01 02:11:07+00:00,Browsers
549747423,1,2,2,0,0,0.0,2019-11-01 01:52:10+00:00,2019-11-01 01:52:35+00:00,Browsers
549757937,1,7,7,0,0,0.0,2019-11-01 00:24:11+00:00,2019-11-01 00:27:50+00:00,Browsers
549761961,1,3,3,0,0,0.0,2019-11-01 02:40:25+00:00,2019-11-01 02:41:32+00:00,Browsers
549765103,1,13,13,0,0,0.0,2019-11-01 01:36:46+00:00,2019-11-01 01:46:39+00:00,Browsers
549766022,1,9,9,0,0,0.0,2019-11-01 02:32:17+00:00,2019-11-01 02:43:38+00:00,Browsers
549771706,1,1,1,0,0,0.0,2019-11-01 01:47:00+00:00,2019-11-01 01:47:00+00:00,Browsers
549777812,1,2,2,0,0,0.0,2019-11-01 01:42:57+00:00,2019-11-01 01:44:55+00:00,Browsers
549778212,1,24,24,0,0,0.0,2019-11-01 01:26:02+00:00,2019-11-01 01:59:28+00:00,Browsers
549807782,1,1,1,0,0,0.0,2019-11-01 02:00:07+00:00,2019-11-01 02:00:07+00:00,Browsers
549808415,1,3,3,0,0,0.0,2019-11-01 01:02:24+00:00,2019-11-01 01:04:17+00:00,Browsers
549826576,1,3,3,0,0,0.0,2019-11-01 00:57:20+00:00,2019-11-01 00:59:54+00:00,Browsers
549827382,2,2,2,0,0,0.0,2019-11-01 01:06:30+00:00,2019-11-01 01:08:34+00:00,Browsers
549829139,1,3,3,0,0,0.0,2019-11-01 02:46:12+00:00,2019-11-01 02:48:26+00:00,Browsers
549839270,1,1,1,0,0,0.0,2019-11-01 02:13:38+00:00,2019-11-01 02:13:38+00:00,Browsers
549842280,1,20,20,0,0,0.0,2019-11-01 02:25:25+00:00,2019-11-01 02:47:28+00:00,Browsers
549874114,2,3,3,0,0,0.0,2019-11-01 01:32:38+00:00,2019-11-01 02:39:30+00:00,Browsers
549885787,3,4,4,0,0,0.0,2019-11-01 02:14:13+00:00,2019-11-01 02:18:31+00:00,Browsers
549934234,1,5,5,0,0,0.0,2019-11-01 01:34:14+00:00,2019-11-01 01:36:07+00:00,Browsers
549954098,1,1,1,0,0,0.0,2019-11-01 02:35:18+00:00,2019-11-01 02:35:18+00:00,Browsers
549965231,1,2,2,0,0,0.0,2019-11-01 02:34:16+00:00,2019-11-01 02:35:02+00:00,Browsers
549965626,1,1,1,0,0,0.0,2019-11-01 01:55:02+00:00,2019-11-01 01:55:02+00:00,Browsers
549967177,1,2,2,0,0,0.0,2019-11-01 02:26:50+00:00,2019-11-01 02:30:38+00:00,Browsers
549987439,1,5,4,0,1,242.63,2019-11-01 00:07:30+00:00,2019-11-01 00:13:32+00:00,High-value users (purchasers)
549998555,2,2,2,0,0,0.0,2019-11-01 02:01:25+00:00,2019-11-01 02:02:09+00:00,Browsers
550002534,1,1,1,0,0,0.0,2019-11-01 01:34:02+00:00,2019-11-01 01:34:02+00:00,Browsers
550010188,1,4,4,0,0,0.0,2019-11-01 00:43:45+00:00,2019-11-01 01:00:41+00:00,Browsers
550015703,1,3,3,0,0,0.0,2019-11-01 01:28:44+00:00,2019-11-01 01:30:45+00:00,Browsers
550018160,2,2,2,0,0,0.0,2019-11-01 00:18:30+00:00,2019-11-01 00:19:07+00:00,Browsers
550021479,1,1,1,0,0,0.0,2019-11-01 02:32:16+00:00,2019-11-01 02:32:16+00:00,Browsers
550029662,1,2,2,0,0,0.0,2019-11-01 01:50:37+00:00,2019-11-01 01:55:30+00:00,Browsers
550034918,1,4,4,0,0,0.0,2019-11-01 02:28:38+00:00,2019-11-01 02:30:00+00:00,Browsers
550040935,1,5,5,0,0,0.0,2019-11-01 00:29:50+00:00,2019-11-01 00:33:22+00:00,Browsers
550043341,1,1,1,0,0,0.0,2019-11-01 00:00:23+00:00,2019-11-01 00:00:23+00:00,Browsers
550052703,1,5,5,0,0,0.0,2019-11-01 02:16:21+00:00,2019-11-01 02:25:04+00:00,Browsers
550061396,1,3,3,0,0,0.0,2019-11-01 02:38:16+00:00,2019-11-01 02:41:05+00:00,Browsers
550066852,1,1,1,0,0,0.0,2019-11-01 02:28:51+00:00,2019-11-01 02:28:51+00:00,Browsers
550067982,1,2,2,0,0,0.0,2019-11-01 02:32:57+00:00,2019-11-01 02:35:06+00:00,Browsers
550073284,1,1,1,0,0,0.0,2019-11-01 02:32:21+00:00,2019-11-01 02:32:21+00:00,Browsers
550077163,1,2,2,0,0,0.0,2019-11-01 01:38:53+00:00,2019-11-01 01:41:35+00:00,Browsers
550092405,1,5,5,0,0,0.0,2019-11-01 00:37:34+00:00,2019-11-01 00:40:39+00:00,Browsers
550092885,1,7,7,0,0,0.0,2019-11-01 00:24:45+00:00,2019-11-01 00:30:16+00:00,Browsers
550097193,1,3,3,0,0,0.0,2019-11-01 01:24:45+00:00,2019-11-01 01:26:23+00:00,Browsers
550103015,1,2,2,0,0,0.0,2019-11-01 02:18:02+00:00,2019-11-01 02:20:07+00:00,Browsers
550123505,1,14,11,0,3,101.68,2019-11-01 01:54:50+00:00,2019-11-01 02:17:54+00:00,High-value users (purchasers)
550125254,1,6,6,0,0,0.0,2019-11-01 02:46:02+00:00,2019-11-01 02:47:42+00:00,Browsers
550133882,1,12,12,0,0,0.0,2019-11-01 01:41:16+00:00,2019-11-01 01:51:05+00:00,Browsers
550155501,1,17,17,0,0,0.0,2019-11-01 02:03:11+00:00,2019-11-01 02:10:27+00:00,Browsers
550159531,1,2,2,0,0,0.0,2019-11-01 01:08:33+00:00,2019-11-01 01:09:43+00:00,Browsers
550161284,1,9,9,0,0,0.0,2019-11-01 00:04:08+00:00,2019-11-01 00:11:04+00:00,Browsers
550166407,1,1,1,0,0,0.0,2019-11-01 02:32:26+00:00,2019-11-01 02:32:26+00:00,Browsers
550174937,1,1,1,0,0,0.0,2019-11-01 01:47:53+00:00,2019-11-01 01:47:53+00:00,Browsers
550177661,1,28,28,0,0,0.0,2019-11-01 01:40:43+00:00,2019-11-01 02:23:31+00:00,Browsers
550179534,1,11,10,1,0,0.0,2019-11-01 00:32:00+00:00,2019-11-01 00:38:47+00:00,Cart abandoners
550189929,1,2,2,0,0,0.0,2019-11-01 02:31:48+00:00,2019-11-01 02:32:07+00:00,Browsers
550193582,1,26,26,0,0,0.0,2019-11-01 00:00:23+00:00,2019-11-01 00:41:26+00:00,Browsers
550204806,1,6,6,0,0,0.0,2019-11-01 02:34:39+00:00,2019-11-01 02:36:52+00:00,Browsers
550225964,1,2,2,0,0,0.0,2019-11-01 02:32:16+00:00,2019-11-01 02:32:24+00:00,Browsers
550237270,1,1,1,0,0,0.0,2019-11-01 00:02:24+00:00,2019-11-01 00:02:24+00:00,Browsers
550244815,1,3,3,0,0,0.0,2019-11-01 02:18:56+00:00,2019-11-01 02:22:16+00:00,Browsers
550283376,1,2,2,0,0,0.0,2019-11-01 02:16:11+00:00,2019-11-01 02:17:11+00:00,Browsers
550285741,1,1,1,0,0,0.0,2019-11-01 00:33:54+00:00,2019-11-01 00:33:54+00:00,Browsers
550293035,1,1,1,0,0,0.0,2019-11-01 01:51:11+00:00,2019-11-01 01:51:11+00:00,Browsers
550301042,1,1,1,0,0,0.0,2019-11-01 02:12:46+00:00,2019-11-01 02:12:46+00:00,Browsers
550301327,1,1,1,0,0,0.0,2019-11-01 02:47:46+00:00,2019-11-01 02:47:46+00:00,Browsers
550306229,1,1,1,0,0,0.0,2019-11-01 01:01:17+00:00,2019-11-01 01:01:17+00:00,Browsers
550322071,3,3,3,0,0,0.0,2019-11-01 01:52:49+00:00,2019-11-01 01:55:24+00:00,Browsers
550328940,1,1,1,0,0,0.0,2019-11-01 00:47:23+00:00,2019-11-01 00:47:23+00:00,Browsers
550333039,2,5,5,0,0,0.0,2019-11-01 02:13:15+00:00,2019-11-01 02:40:02+00:00,Browsers
550340982,1,3,3,0,0,0.0,2019-11-01 00:10:25+00:00,2019-11-01 00:11:20+00:00,Browsers
550342383,3,5,5,0,0,0.0,2019-11-01 01:51:56+00:00,2019-11-01 02:09:40+00:00,Browsers
550343218,2,2,2,0,0,0.0,2019-11-01 00:11:34+00:00,2019-11-01 00:12:51+00:00,Browsers
550357467,1,4,4,0,0,0.0,2019-11-01 02:37:43+00:00,2019-11-01 02:39:06+00:00,Browsers
550362112,1,1,1,0,0,0.0,2019-11-01 02:47:56+00:00,2019-11-01 02:47:56+00:00,Browsers
550372249,2,4,4,0,0,0.0,2019-11-01 01:01:39+00:00,2019-11-01 01:02:20+00:00,Browsers
550375173,1,8,8,0,0,0.0,2019-11-01 02:38:54+00:00,2019-11-01 02:42:05+00:00,Browsers
550379604,1,1,1,0,0,0.0,2019-11-01 01:48:34+00:00,2019-11-01 01:48:34+00:00,Browsers
550384504,1,1,1,0,0,0.0,2019-11-01 02:39:42+00:00,2019-11-01 02:39:42+00:00,Browsers
550393373,1,1,1,0,0,0.0,2019-11-01 01:59:11+00:00,2019-11-01 01:59:11+00:00,Browsers
550396760,2,3,3,0,0,0.0,2019-11-01 00:35:18+00:00,2019-11-01 00:52:19+00:00,Browsers
550437059,1,1,1,0,0,0.0,2019-11-01 00:01:01+00:00,2019-11-01 00:01:01+00:00,Browsers
550438093,1,26,26,0,0,0.0,2019-11-01 00:15:48+00:00,2019-11-01 00:42:04+00:00,Browsers
550441971,1,1,1,0,0,0.0,2019-11-01 00:36:50+00:00,2019-11-01 00:36:50+00:00,Browsers
550445946,1,1,1,0,0,0.0,2019-11-01 01:42:11+00:00,2019-11-01 01:42:11+00:00,Browsers
550448362,1,1,1,0,0,0.0,2019-11-01 02:05:01+00:00,2019-11-01 02:05:01+00:00,Browsers
550463053,1,2,2,0,0,0.0,2019-11-01 01:43:52+00:00,2019-11-01 01:44:41+00:00,Browsers
550473072,1,2,1,0,1,39.9,2019-11-01 00:25:56+00:00,2019-11-01 00:29:03+00:00,High-value users (purchasers)
550473407,1,1,1,0,0,0.0,2019-11-01 02:31:00+00:00,2019-11-01 02:31:00+00:00,Browsers
550475927,1,15,15,0,0,0.0,2019-11-01 02:12:07+00:00,2019-11-01 02:23:10+00:00,Browsers
550481769,1,2,2,0,0,0.0,2019-11-01 02:00:59+00:00,2019-11-01 02:01:28+00:00,Browsers
550487584,1,2,2,0,0,0.0,2019-11-01 01:06:53+00:00,2019-11-01 01:08:18+00:00,Browsers
550507724,1,3,3,0,0,0.0,2019-11-01 02:17:54+00:00,2019-11-01 02:20:25+00:00,Browsers
550508533,1,4,2,2,0,0.0,2019-11-01 00:24:13+00:00,2019-11-01 00:25:33+00:00,Cart abandoners
550515971,1,1,1,0,0,0.0,2019-11-01 02:41:51+00:00,2019-11-01 02:41:51+00:00,Browsers
550523434,1,1,1,0,0,0.0,2019-11-01 02:39:24+00:00,2019-11-01 02:39:24+00:00,Browsers
550527531,1,8,5,2,1,973.41,2019-11-01 02:24:57+00:00,2019-11-01 02:28:53+00:00,High-value users (purchasers)
550528048,1,1,1,0,0,0.0,2019-11-01 02:03:34+00:00,2019-11-01 02:03:34+00:00,Browsers
550593829,1,2,2,0,0,0.0,2019-11-01 00:53:52+00:00,2019-11-01 00:55:52+00:00,Browsers
550610851,1,6,6,0,0,0.0,2019-11-01 02:13:29+00:00,2019-11-01 02:16:06+00:00,Browsers
550614862,1,1,1,0,0,0.0,2019-11-01 01:58:35+00:00,2019-11-01 01:58:35+00:00,Browsers
550615591,1,2,1,0,1,114.63,2019-11-01 02:46:34+00:00,2019-11-01 02:47:36+00:00,High-value users (purchasers)
550618220,1,2,2,0,0,0.0,2019-11-01 02:21:25+00:00,2019-11-01 02:23:13+00:00,Browsers
550633516,3,14,14,0,0,0.0,2019-11-01 01:59:26+00:00,2019-11-01 02:15:41+00:00,Browsers
550637103,1,1,1,0,0,0.0,2019-11-01 02:12:39+00:00,2019-11-01 02:12:39+00:00,Browsers
550640533,1,4,4,0,0,0.0,2019-11-01 01:24:22+00:00,2019-11-01 01:28:12+00:00,Browsers
550643539,1,4,4,0,0,0.0,2019-11-01 00:17:05+00:00,2019-11-01 00:18:10+00:00,Browsers
550658998,1,2,2,0,0,0.0,2019-11-01 02:40:13+00:00,2019-11-01 02:40:29+00:00,Browsers
550659803,1,3,3,0,0,0.0,2019-11-01 02:21:24+00:00,2019-11-01 02:23:40+00:00,Browsers
550669960,1,1,1,0,0,0.0,2019-11-01 01:50:20+00:00,2019-11-01 01:50:20+00:00,Browsers
550673001,1,1,1,0,0,0.0,2019-11-01 02:18:58+00:00,2019-11-01 02:18:58+00:00,Browsers
550682026,1,4,4,0,0,0.0,2019-11-01 02:01:47+00:00,2019-11-01 02:02:22+00:00,Browsers
550689833,1,16,16,0,0,0.0,2019-11-01 00:50:08+00:00,2019-11-01 01:02:03+00:00,Browsers
550691314,1,1,1,0,0,0.0,2019-11-01 00:20:38+00:00,2019-11-01 00:20:38+00:00,Browsers
550696427,1,1,1,0,0,0.0,2019-11-01 02:25:51+00:00,2019-11-01 02:25:51+00:00,Browsers
550701706,2,5,5,0,0,0.0,2019-11-01 01:27:34+00:00,2019-11-01 01:47:27+00:00,Browsers
550712939,1,4,4,0,0,0.0,2019-11-01 02:43:12+00:00,2019-11-01 02:47:45+00:00,Browsers
550716371,1,1,1,0,0,0.0,2019-11-01 00:06:14+00:00,2019-11-01 00:06:14+00:00,Browsers
550722182,1,2,2,0,0,0.0,2019-11-01 02:30:39+00:00,2019-11-01 02:31:04+00:00,Browsers
550722778,1,1,1,0,0,0.0,2019-11-01 02:40:01+00:00,2019-11-01 02:40:01+00:00,Browsers
550732917,1,4,4,0,0,0.0,2019-11-01 01:05:04+00:00,2019-11-01 01:07:18+00:00,Browsers
550749991,1,1,1,0,0,0.0,2019-11-01 02:41:19+00:00,2019-11-01 02:41:19+00:00,Browsers
550775873,3,14,14,0,0,0.0,2019-11-01 01:49:11+00:00,2019-11-01 02:00:03+00:00,Browsers
550778213,1,1,1,0,0,0.0,2019-11-01 00:32:31+00:00,2019-11-01 00:32:31+00:00,Browsers
550782368,1,1,1,0,0,0.0,2019-11-01 00:52:27+00:00,2019-11-01 00:52:27+00:00,Browsers
550800752,1,4,4,0,0,0.0,2019-11-01 01:01:43+00:00,2019-11-01 01:05:16+00:00,Browsers
550808681,1,3,3,0,0,0.0,2019-11-01 01:02:45+00:00,2019-11-01 01:05:08+00:00,Browsers
550810773,1,2,2,0,0,0.0,2019-11-01 00:36:34+00:00,2019-11-01 00:37:07+00:00,Browsers
550821180,1,1,1,0,0,0.0,2019-11-01 01:43:24+00:00,2019-11-01 01:43:24+00:00,Browsers
550822967,1,1,1,0,0,0.0,2019-11-01 02:08:55+00:00,2019-11-01 02:08:55+00:00,Browsers
550831088,1,1,1,0,0,0.0,2019-11-01 02:46:09+00:00,2019-11-01 02:46:09+00:00,Browsers
550838025,1,1,1,0,0,0.0,2019-11-01 01:02:59+00:00,2019-11-01 01:02:59+00:00,Browsers
550840183,2,7,7,0,0,0.0,2019-11-01 00:52:27+00:00,2019-11-01 01:01:53+00:00,Browsers
550842632,1,1,1,0,0,0.0,2019-11-01 02:20:07+00:00,2019-11-01 02:20:07+00:00,Browsers
550851222,1,1,1,0,0,0.0,2019-11-01 01:49:00+00:00,2019-11-01 01:49:00+00:00,Browsers
550852561,1,1,1,0,0,0.0,2019-11-01 01:32:18+00:00,2019-11-01 01:32:18+00:00,Browsers
550868770,1,11,11,0,0,0.0,2019-11-01 01:32:28+00:00,2019-11-01 01:47:43+00:00,Browsers
550873429,1,1,1,0,0,0.0,2019-11-01 01:44:56+00:00,2019-11-01 01:44:56+00:00,Browsers
550875533,1,7,7,0,0,0.0,2019-11-01 01:58:20+00:00,2019-11-01 02:01:46+00:00,Browsers
550884173,1,2,2,0,0,0.0,2019-11-01 00:18:43+00:00,2019-11-01 00:19:20+00:00,Browsers
550905789,1,6,6,0,0,0.0,2019-11-01 01:28:20+00:00,2019-11-01 01:35:21+00:00,Browsers
550944701,1,6,6,0,0,0.0,2019-11-01 00:46:59+00:00,2019-11-01 01:08:00+00:00,Browsers
550953388,1,16,15,1,0,0.0,2019-11-01 00:48:02+00:00,2019-11-01 01:09:21+00:00,Cart abandoners
550955354,1,1,1,0,0,0.0,2019-11-01 02:05:07+00:00,2019-11-01 02:05:07+00:00,Browsers
550956385,2,4,3,1,0,0.0,2019-11-01 00:08:51+00:00,2019-11-01 01:59:34+00:00,Cart abandoners
550973192,1,1,1,0,0,0.0,2019-11-01 00:48:43+00:00,2019-11-01 00:48:43+00:00,Browsers
550977400,2,2,2,0,0,0.0,2019-11-01 02:20:14+00:00,2019-11-01 02:22:46+00:00,Browsers
550979703,1,8,8,0,0,0.0,2019-11-01 01:41:40+00:00,2019-11-01 01:46:53+00:00,Browsers
550993980,2,6,6,0,0,0.0,2019-11-01 00:57:07+00:00,2019-11-01 01:07:53+00:00,Browsers
551024463,1,1,1,0,0,0.0,2019-11-01 01:37:55+00:00,2019-11-01 01:37:55+00:00,Browsers
551044937,1,1,1,0,0,0.0,2019-11-01 02:24:32+00:00,2019-11-01 02:24:32+00:00,Browsers
551048754,3,9,9,0,0,0.0,2019-11-01 02:08:15+00:00,2019-11-01 02:13:08+00:00,Browsers
551056962,1,1,1,0,0,0.0,2019-11-01 01:38:53+00:00,2019-11-01 01:38:53+00:00,Browsers
551061950,1,2,2,0,0,0.0,2019-11-01 00:00:07+00:00,2019-11-01 00:00:19+00:00,Browsers
551064356,1,3,3,0,0,0.0,2019-11-01 02:44:39+00:00,2019-11-01 02:46:06+00:00,Browsers
551066726,1,1,1,0,0,0.0,2019-11-01 00:20:04+00:00,2019-11-01 00:20:04+00:00,Browsers
551078379,1,16,16,0,0,0.0,2019-11-01 00:00:16+00:00,2019-11-01 00:10:40+00:00,Browsers
551086928,1,10,10,0,0,0.0,2019-11-01 02:32:42+00:00,2019-11-01 02:46:28+00:00,Browsers
551088575,4,9,9,0,0,0.0,2019-11-01 01:25:46+00:00,2019-11-01 01:40:18+00:00,Browsers
551094670,1,1,1,0,0,0.0,2019-11-01 02:39:02+00:00,2019-11-01 02:39:02+00:00,Browsers
551099819,1,7,7,0,0,0.0,2019-11-01 02:38:16+00:00,2019-11-01 02:46:16+00:00,Browsers
551109051,1,1,1,0,0,0.0,2019-11-01 01:25:08+00:00,2019-11-01 01:25:08+00:00,Browsers
551126288,1,1,1,0,0,0.0,2019-11-01 02:29:33+00:00,2019-11-01 02:29:33+00:00,Browsers
551127293,1,4,4,0,0,0.0,2019-11-01 00:50:22+00:00,2019-11-01 00:52:50+00:00,Browsers
551128812,1,2,2,0,0,0.0,2019-11-01 00:10:06+00:00,2019-11-01 00:10:16+00:00,Browsers
551131504,1,10,10,0,0,0.0,2019-11-01 01:54:44+00:00,2019-11-01 02:05:35+00:00,Browsers
551134677,1,3,2,0,1,9.24,2019-11-01 02:46:13+00:00,2019-11-01 02:48:00+00:00,High-value users (purchasers)
551139551,2,2,2,0,0,0.0,2019-11-01 02:04:57+00:00,2019-11-01 02:10:20+00:00,Browsers
551158010,1,4,4,0,0,0.0,2019-11-01 01:00:25+00:00,2019-11-01 01:06:42+00:00,Browsers
551163642,1,2,2,0,0,0.0,2019-11-01 02:43:50+00:00,2019-11-01 02:44:39+00:00,Browsers
551172051,1,1,1,0,0,0.0,2019-11-01 01:46:06+00:00,2019-11-01 01:46:06+00:00,Browsers
551189048,1,1,1,0,0,0.0,2019-11-01 01:05:47+00:00,2019-11-01 01:05:47+00:00,Browsers
551200379,1,6,6,0,0,0.0,2019-11-01 02:19:15+00:00,2019-11-01 02:21:44+00:00,Browsers
551241016,1,1,1,0,0,0.0,2019-11-01 00:58:23+00:00,2019-11-01 00:58:23+00:00,Browsers
551264994,1,1,1,0,0,0.0,2019-11-01 01:50:45+00:00,2019-11-01 01:50:45+00:00,Browsers
551268962,1,1,1,0,0,0.0,2019-11-01 02:28:19+00:00,2019-11-01 02:28:19+00:00,Browsers
551288827,1,2,2,0,0,0.0,2019-11-01 00:40:29+00:00,2019-11-01 00:40:49+00:00,Browsers
551299794,1,1,1,0,0,0.0,2019-11-01 01:33:25+00:00,2019-11-01 01:33:25+00:00,Browsers
551304161,3,6,4,1,1,203.09,2019-11-01 00:26:45+00:00,2019-11-01 02:02:12+00:00,High-value users (purchasers)
551340966,1,2,2,0,0,0.0,2019-11-01 02:14:03+00:00,2019-11-01 02:16:25+00:00,Browsers
551359333,3,13,13,0,0,0.0,2019-11-01 01:57:38+00:00,2019-11-01 02:13:56+00:00,Browsers
551361171,1,4,4,0,0,0.0,2019-11-01 02:07:51+00:00,2019-11-01 02:11:32+00:00,Browsers
551370689,1,2,2,0,0,0.0,2019-11-01 02:16:48+00:00,2019-11-01 02:18:13+00:00,Browsers
551385189,1,3,3,0,0,0.0,2019-11-01 01:58:50+00:00,2019-11-01 02:00:10+00:00,Browsers
551391443,1,1,1,0,0,0.0,2019-11-01 01:32:01+00:00,2019-11-01 01:32:01+00:00,Browsers
551391741,3,11,11,0,0,0.0,2019-11-01 01:51:18+00:00,2019-11-01 01:59:16+00:00,Browsers
551392998,1,3,3,0,0,0.0,2019-11-01 00:46:11+00:00,2019-11-01 00:47:01+00:00,Browsers
551394581,1,16,15,0,1,359.6,2019-11-01 02:40:34+00:00,2019-11-01 02:48:04+00:00,High-value users (purchasers)
551412156,1,24,24,0,0,0.0,2019-11-01 02:23:02+00:00,2019-11-01 02:47:35+00:00,Browsers
551413218,1,1,1,0,0,0.0,2019-11-01 00:34:09+00:00,2019-11-01 00:34:09+00:00,Browsers
551423996,1,2,2,0,0,0.0,2019-11-01 00:59:48+00:00,2019-11-01 01:00:04+00:00,Browsers
551450758,1,6,6,0,0,0.0,2019-11-01 01:42:40+00:00,2019-11-01 01:49:30+00:00,Browsers
551461092,1,4,4,0,0,0.0,2019-11-01 02:03:24+00:00,2019-11-01 02:06:03+00:00,Browsers
551470148,2,4,4,0,0,0.0,2019-11-01 00:47:28+00:00,2019-11-01 01:43:36+00:00,Browsers
551476608,1,1,1,0,0,0.0,2019-11-01 00:38:54+00:00,2019-11-01 00:38:54+00:00,Browsers
551479057,1,9,9,0,0,0.0,2019-11-01 01:00:54+00:00,2019-11-01 01:08:14+00:00,Browsers
551493673,1,1,1,0,0,0.0,2019-11-01 01:49:09+00:00,2019-11-01 01:49:09+00:00,Browsers
551495812,1,5,3,1,1,105.7,2019-11-01 01:29:37+00:00,2019-11-01 01:35:47+00:00,High-value users (purchasers)
551524363,1,1,1,0,0,0.0,2019-11-01 02:22:11+00:00,2019-11-01 02:22:11+00:00,Browsers
551526616,1,6,6,0,0,0.0,2019-11-01 01:44:09+00:00,2019-11-01 01:49:11+00:00,Browsers
551551000,1,1,1,0,0,0.0,2019-11-01 01:02:00+00:00,2019-11-01 01:02:00+00:00,Browsers
551552919,1,1,1,0,0,0.0,2019-11-01 02:35:01+00:00,2019-11-01 02:35:01+00:00,Browsers
551570636,1,25,24,0,1,22.91,2019-11-01 02:36:00+00:00,2019-11-01 02:42:41+00:00,High-value users (purchasers)
551573903,1,6,4,0,2,339.26,2019-11-01 02:38:15+00:00,2019-11-01 02:46:55+00:00,High-value users (purchasers)
551599645,1,2,2,0,0,0.0,2019-11-01 01:05:54+00:00,2019-11-01 01:06:31+00:00,Browsers
551612539,1,9,9,0,0,0.0,2019-11-01 02:43:33+00:00,2019-11-01 02:48:05+00:00,Browsers
551622267,2,9,9,0,0,0.0,2019-11-01 01:58:25+00:00,2019-11-01 02:04:59+00:00,Browsers
551623368,1,7,7,0,0,0.0,2019-11-01 01:24:04+00:00,2019-11-01 01:26:32+00:00,Browsers
551626442,2,2,2,0,0,0.0,2019-11-01 01:07:23+00:00,2019-11-01 01:44:00+00:00,Browsers
551639645,1,1,1,0,0,0.0,2019-11-01 02:43:39+00:00,2019-11-01 02:43:39+00:00,Browsers
551642920,1,1,1,0,0,0.0,2019-11-01 00:50:53+00:00,2019-11-01 00:50:53+00:00,Browsers
551646978,2,5,5,0,0,0.0,2019-11-01 00:05:42+00:00,2019-11-01 00:08:08+00:00,Browsers
551652333,1,3,3,0,0,0.0,2019-11-01 01:35:33+00:00,2019-11-01 01:37:46+00:00,Browsers
551657102,1,24,24,0,0,0.0,2019-11-01 02:02:08+00:00,2019-11-01 02:17:52+00:00,Browsers
551657192,1,5,5,0,0,0.0,2019-11-01 02:04:19+00:00,2019-11-01 02:08:47+00:00,Browsers
551673569,1,3,2,0,1,32.17,2019-11-01 01:44:18+00:00,2019-11-01 01:47:09+00:00,High-value users (purchasers)
551678170,1,10,8,1,1,1003.63,2019-11-01 00:42:30+00:00,2019-11-01 00:50:17+00:00,High-value users (purchasers)
551679146,1,1,1,0,0,0.0,2019-11-01 00:57:03+00:00,2019-11-01 00:57:03+00:00,Browsers
551693990,1,17,17,0,0,0.0,2019-11-01 00:29:39+00:00,2019-11-01 00:55:35+00:00,Browsers
551698006,1,40,40,0,0,0.0,2019-11-01 01:53:36+00:00,2019-11-01 02:44:15+00:00,Browsers
551711438,1,1,1,0,0,0.0,2019-11-01 02:27:03+00:00,2019-11-01 02:27:03+00:00,Browsers
551711454,1,2,2,0,0,0.0,2019-11-01 01:45:45+00:00,2019-11-01 01:47:10+00:00,Browsers
551713687,1,3,2,0,1,283.09,2019-11-01 02:39:11+00:00,2019-11-01 02:40:04+00:00,High-value users (purchasers)
551716399,1,1,1,0,0,0.0,2019-11-01 02:40:28+00:00,2019-11-01 02:40:28+00:00,Browsers
551718990,1,1,1,0,0,0.0,2019-11-01 01:40:01+00:00,2019-11-01 01:40:01+00:00,Browsers
551719588,1,1,1,0,0,0.0,2019-11-01 02:47:31+00:00,2019-11-01 02:47:31+00:00,Browsers
551723655,1,10,10,0,0,0.0,2019-11-01 02:04:17+00:00,2019-11-01 02:09:08+00:00,Browsers
551735254,1,4,4,0,0,0.0,2019-11-01 01:50:12+00:00,2019-11-01 01:52:03+00:00,Browsers
551743559,1,6,6,0,0,0.0,2019-11-01 01:40:59+00:00,2019-11-01 01:42:30+00:00,Browsers
551748059,1,18,18,0,0,0.0,2019-11-01 00:19:42+00:00,2019-11-01 00:44:41+00:00,Browsers
551756593,4,7,7,0,0,0.0,2019-11-01 01:48:37+00:00,2019-11-01 02:25:48+00:00,Browsers
551768680,1,1,1,0,0,0.0,2019-11-01 00:54:48+00:00,2019-11-01 00:54:48+00:00,Browsers
551771568,1,1,1,0,0,0.0,2019-11-01 02:08:39+00:00,2019-11-01 02:08:39+00:00,Browsers
551781358,1,12,12,0,0,0.0,2019-11-01 00:23:49+00:00,2019-11-01 00:30:21+00:00,Browsers
551789380,2,3,3,0,0,0.0,2019-11-01 00:59:34+00:00,2019-11-01 01:07:52+00:00,Browsers
551799681,1,2,1,1,0,0.0,2019-11-01 01:49:14+00:00,2019-11-01 01:49:28+00:00,Cart abandoners
551812566,1,3,3,0,0,0.0,2019-11-01 00:26:17+00:00,2019-11-01 00:28:57+00:00,Browsers
551845118,1,3,3,0,0,0.0,2019-11-01 02:04:42+00:00,2019-11-01 02:10:28+00:00,Browsers
551846168,1,12,12,0,0,0.0,2019-11-01 02:44:18+00:00,2019-11-01 02:47:18+00:00,Browsers
551848605,1,19,19,0,0,0.0,2019-11-01 01:40:21+00:00,2019-11-01 01:48:55+00:00,Browsers
551876922,1,26,26,0,0,0.0,2019-11-01 00:40:05+00:00,2019-11-01 00:51:38+00:00,Browsers
551883751,1,9,9,0,0,0.0,2019-11-01 02:27:42+00:00,2019-11-01 02:35:39+00:00,Browsers
551899263,1,1,1,0,0,0.0,2019-11-01 02:07:40+00:00,2019-11-01 02:07:40+00:00,Browsers
551920009,1,2,2,0,0,0.0,2019-11-01 02:26:54+00:00,2019-11-01 02:27:38+00:00,Browsers
551936337,1,1,1,0,0,0.0,2019-11-01 01:37:58+00:00,2019-11-01 01:37:58+00:00,Browsers
551943550,2,6,6,0,0,0.0,2019-11-01 00:00:50+00:00,2019-11-01 00:18:26+00:00,Browsers
551948725,1,1,1,0,0,0.0,2019-11-01 01:37:31+00:00,2019-11-01 01:37:31+00:00,Browsers
551957397,1,3,3,0,0,0.0,2019-11-01 01:31:58+00:00,2019-11-01 01:33:40+00:00,Browsers
551957848,3,10,10,0,0,0.0,2019-11-01 01:46:35+00:00,2019-11-01 01:58:45+00:00,Browsers
551961812,1,5,5,0,0,0.0,2019-11-01 01:06:37+00:00,2019-11-01 01:07:47+00:00,Browsers
551962236,1,2,2,0,0,0.0,2019-11-01 02:21:09+00:00,2019-11-01 02:22:35+00:00,Browsers
551963803,1,1,1,0,0,0.0,2019-11-01 01:58:35+00:00,2019-11-01 01:58:35+00:00,Browsers
551964404,1,2,2,0,0,0.0,2019-11-01 02:08:46+00:00,2019-11-01 02:10:31+00:00,Browsers
551977964,1,5,5,0,0,0.0,2019-11-01 00:00:16+00:00,2019-11-01 00:07:39+00:00,Browsers
551997511,1,1,1,0,0,0.0,2019-11-01 01:27:47+00:00,2019-11-01 01:27:47+00:00,Browsers
552004081,1,3,3,0,0,0.0,2019-11-01 02:27:12+00:00,2019-11-01 02:27:53+00:00,Browsers
552011742,1,3,3,0,0,0.0,2019-11-01 00:26:52+00:00,2019-11-01 00:27:36+00:00,Browsers
552014184,1,3,2,0,1,7.7,2019-11-01 02:04:35+00:00,2019-11-01 02:07:17+00:00,High-value users (purchasers)
552018592,1,1,1,0,0,0.0,2019-11-01 01:30:07+00:00,2019-11-01 01:30:07+00:00,Browsers
552020582,1,1,1,0,0,0.0,2019-11-01 02:48:01+00:00,2019-11-01 02:48:01+00:00,Browsers
552021627,1,1,1,0,0,0.0,2019-11-01 02:09:19+00:00,2019-11-01 02:09:19+00:00,Browsers
552022071,1,1,1,0,0,0.0,2019-11-01 02:15:11+00:00,2019-11-01 02:15:11+00:00,Browsers
552026815,1,10,8,1,1,66.87,2019-11-01 02:30:12+00:00,2019-11-01 02:32:45+00:00,High-value users (purchasers)
552031490,1,3,3,0,0,0.0,2019-11-01 00:24:32+00:00,2019-11-01 00:26:44+00:00,Browsers
552043871,2,3,3,0,0,0.0,2019-11-01 02:26:30+00:00,2019-11-01 02:30:48+00:00,Browsers
552049114,1,3,3,0,0,0.0,2019-11-01 01:03:10+00:00,2019-11-01 01:04:22+00:00,Browsers
552049308,1,1,1,0,0,0.0,2019-11-01 01:48:10+00:00,2019-11-01 01:48:10+00:00,Browsers
552056123,1,1,1,0,0,0.0,2019-11-01 01:01:32+00:00,2019-11-01 01:01:32+00:00,Browsers
552056434,1,1,1,0,0,0.0,2019-11-01 01:36:22+00:00,2019-11-01 01:36:22+00:00,Browsers
552058363,1,2,2,0,0,0.0,2019-11-01 02:46:06+00:00,2019-11-01 02:47:11+00:00,Browsers
552059880,1,5,4,0,1,110.68,2019-11-01 00:31:13+00:00,2019-11-01 00:35:34+00:00,High-value users (purchasers)
552069283,3,8,8,0,0,0.0,2019-11-01 02:26:04+00:00,2019-11-01 02:39:34+00:00,Browsers
552076425,1,1,1,0,0,0.0,2019-11-01 00:31:00+00:00,2019-11-01 00:31:00+00:00,Browsers
552076574,1,2,2,0,0,0.0,2019-11-01 00:30:52+00:00,2019-11-01 00:31:20+00:00,Browsers
552084275,1,16,16,0,0,0.0,2019-11-01 01:52:17+00:00,2019-11-01 02:05:22+00:00,Browsers
552091824,1,1,1,0,0,0.0,2019-11-01 01:34:05+00:00,2019-11-01 01:34:05+00:00,Browsers
552092580,1,1,1,0,0,0.0,2019-11-01 02:47:07+00:00,2019-11-01 02:47:07+00:00,Browsers
552098781,1,3,3,0,0,0.0,2019-11-01 01:57:51+00:00,2019-11-01 02:41:12+00:00,Browsers
552104004,1,4,4,0,0,0.0,2019-11-01 02:22:32+00:00,2019-11-01 02:31:41+00:00,Browsers
552104978,1,4,4,0,0,0.0,2019-11-01 02:18:25+00:00,2019-11-01 02:20:43+00:00,Browsers
552110520,1,11,11,0,0,0.0,2019-11-01 02:22:24+00:00,2019-11-01 02:37:29+00:00,Browsers
552118434,1,1,1,0,0,0.0,2019-11-01 00:22:12+00:00,2019-11-01 00:22:12+00:00,Browsers
552129067,1,1,1,0,0,0.0,2019-11-01 01:40:06+00:00,2019-11-01 01:40:06+00:00,Browsers
552138989,1,3,3,0,0,0.0,2019-11-01 00:33:57+00:00,2019-11-01 00:44:23+00:00,Browsers
552158913,1,13,13,0,0,0.0,2019-11-01 00:02:21+00:00,2019-11-01 00:09:17+00:00,Browsers
552177592,2,3,3,0,0,0.0,2019-11-01 00:10:47+00:00,2019-11-01 00:12:19+00:00,Browsers
552178222,1,10,10,0,0,0.0,2019-11-01 00:33:41+00:00,2019-11-01 00:49:46+00:00,Browsers
552192941,1,18,18,0,0,0.0,2019-11-01 02:11:11+00:00,2019-11-01 02:48:23+00:00,Browsers
552204810,1,3,3,0,0,0.0,2019-11-01 01:55:20+00:00,2019-11-01 02:00:12+00:00,Browsers
552205625,4,62,62,0,0,0.0,2019-11-01 01:42:50+00:00,2019-11-01 02:47:43+00:00,Browsers
552218464,1,2,2,0,0,0.0,2019-11-01 02:09:57+00:00,2019-11-01 02:14:32+00:00,Browsers
552249856,1,14,14,0,0,0.0,2019-11-01 00:00:27+00:00,2019-11-01 00:18:06+00:00,Browsers
552258907,1,1,1,0,0,0.0,2019-11-01 02:09:39+00:00,2019-11-01 02:09:39+00:00,Browsers
552283453,1,6,6,0,0,0.0,2019-11-01 02:42:29+00:00,2019-11-01 02:44:35+00:00,Browsers
552287216,1,2,2,0,0,0.0,2019-11-01 02:38:39+00:00,2019-11-01 02:38:52+00:00,Browsers
552288390,4,24,24,0,0,0.0,2019-11-01 02:12:06+00:00,2019-11-01 02:41:04+00:00,Browsers
552302093,1,1,1,0,0,0.0,2019-11-01 02:10:20+00:00,2019-11-01 02:10:20+00:00,Browsers
552310822,1,5,5,0,0,0.0,2019-11-01 02:10:16+00:00,2019-11-01 02:16:59+00:00,Browsers
552335155,1,8,5,1,2,475.90999999999997,2019-11-01 00:23:53+00:00,2019-11-01 00:29:33+00:00,High-value users (purchasers)
552338628,1,2,2,0,0,0.0,2019-11-01 00:51:21+00:00,2019-11-01 00:51:43+00:00,Browsers
552339503,1,1,1,0,0,0.0,2019-11-01 00:48:55+00:00,2019-11-01 00:48:55+00:00,Browsers
552345471,2,9,7,0,2,617.22,2019-11-01 01:56:47+00:00,2019-11-01 02:20:10+00:00,High-value users (purchasers)
552385929,1,1,1,0,0,0.0,2019-11-01 02:03:26+00:00,2019-11-01 02:03:26+00:00,Browsers
552402213,1,1,1,0,0,0.0,2019-11-01 02:46:42+00:00,2019-11-01 02:46:42+00:00,Browsers
552405813,1,12,11,0,1,64.17,2019-11-01 02:22:23+00:00,2019-11-01 02:31:19+00:00,High-value users (purchasers)
552420619,1,1,1,0,0,0.0,2019-11-01 01:53:44+00:00,2019-11-01 01:53:44+00:00,Browsers
552424929,1,3,3,0,0,0.0,2019-11-01 02:26:29+00:00,2019-11-01 02:27:42+00:00,Browsers
552427016,1,1,1,0,0,0.0,2019-11-01 01:42:39+00:00,2019-11-01 01:42:39+00:00,Browsers
552429965,1,1,1,0,0,0.0,2019-11-01 02:29:09+00:00,2019-11-01 02:29:09+00:00,Browsers
552431702,1,1,1,0,0,0.0,2019-11-01 02:34:31+00:00,2019-11-01 02:34:31+00:00,Browsers
552443709,1,1,1,0,0,0.0,2019-11-01 02:43:48+00:00,2019-11-01 02:43:48+00:00,Browsers
552451806,1,1,1,0,0,0.0,2019-11-01 02:24:46+00:00,2019-11-01 02:24:46+00:00,Browsers
552457958,1,3,3,0,0,0.0,2019-11-01 02:18:29+00:00,2019-11-01 02:19:48+00:00,Browsers
552469336,1,1,1,0,0,0.0,2019-11-01 02:37:47+00:00,2019-11-01 02:37:47+00:00,Browsers
552469631,2,3,3,0,0,0.0,2019-11-01 02:25:45+00:00,2019-11-01 02:31:39+00:00,Browsers
552480039,1,3,3,0,0,0.0,2019-11-01 02:38:07+00:00,2019-11-01 02:42:17+00:00,Browsers
552506257,1,24,24,0,0,0.0,2019-11-01 02:28:18+00:00,2019-11-01 02:44:32+00:00,Browsers
552508154,1,1,1,0,0,0.0,2019-11-01 02:38:38+00:00,2019-11-01 02:38:38+00:00,Browsers
552511898,1,1,1,0,0,0.0,2019-11-01 02:15:21+00:00,2019-11-01 02:15:21+00:00,Browsers
552546324,1,3,3,0,0,0.0,2019-11-01 01:51:47+00:00,2019-11-01 01:53:19+00:00,Browsers
552560616,1,2,2,0,0,0.0,2019-11-01 02:14:03+00:00,2019-11-01 02:16:25+00:00,Browsers
552580186,2,5,5,0,0,0.0,2019-11-01 02:28:06+00:00,2019-11-01 02:38:51+00:00,Browsers
552584823,3,17,17,0,0,0.0,2019-11-01 00:24:48+00:00,2019-11-01 00:39:32+00:00,Browsers
552586585,1,6,6,0,0,0.0,2019-11-01 02:27:04+00:00,2019-11-01 02:31:55+00:00,Browsers
552602468,1,1,1,0,0,0.0,2019-11-01 02:47:38+00:00,2019-11-01 02:47:38+00:00,Browsers
552602780,1,11,11,0,0,0.0,2019-11-01 02:20:51+00:00,2019-11-01 02:29:23+00:00,Browsers
552606619,1,1,1,0,0,0.0,2019-11-01 02:21:50+00:00,2019-11-01 02:21:50+00:00,Browsers
552607676,1,1,1,0,0,0.0,2019-11-01 01:58:59+00:00,2019-11-01 01:58:59+00:00,Browsers
552609706,1,2,2,0,0,0.0,2019-11-01 01:53:52+00:00,2019-11-01 01:54:44+00:00,Browsers
552611323,1,1,1,0,0,0.0,2019-11-01 01:46:14+00:00,2019-11-01 01:46:14+00:00,Browsers
552615713,1,1,1,0,0,0.0,2019-11-01 02:31:33+00:00,2019-11-01 02:31:33+00:00,Browsers
552618095,1,2,2,0,0,0.0,2019-11-01 02:01:04+00:00,2019-11-01 02:02:11+00:00,Browsers
552630065,1,1,1,0,0,0.0,2019-11-01 02:46:33+00:00,2019-11-01 02:46:33+00:00,Browsers
552632690,1,3,3,0,0,0.0,2019-11-01 01:28:00+00:00,2019-11-01 01:29:31+00:00,Browsers
552636285,1,29,29,0,0,0.0,2019-11-01 01:26:35+00:00,2019-11-01 01:47:57+00:00,Browsers
552638418,1,2,2,0,0,0.0,2019-11-01 02:22:34+00:00,2019-11-01 02:23:18+00:00,Browsers
552640756,1,1,1,0,0,0.0,2019-11-01 02:32:16+00:00,2019-11-01 02:32:16+00:00,Browsers
552642432,1,1,1,0,0,0.0,2019-11-01 02:04:52+00:00,2019-11-01 02:04:52+00:00,Browsers
552664258,1,5,5,0,0,0.0,2019-11-01 01:49:34+00:00,2019-11-01 01:51:36+00:00,Browsers
552687194,1,4,4,0,0,0.0,2019-11-01 01:31:01+00:00,2019-11-01 01:35:36+00:00,Browsers
552695426,1,6,6,0,0,0.0,2019-11-01 02:06:49+00:00,2019-11-01 02:10:51+00:00,Browsers
552700832,1,1,1,0,0,0.0,2019-11-01 01:50:09+00:00,2019-11-01 01:50:09+00:00,Browsers
552709022,1,7,7,0,0,0.0,2019-11-01 02:14:03+00:00,2019-11-01 02:35:36+00:00,Browsers
552722171,1,1,1,0,0,0.0,2019-11-01 02:26:36+00:00,2019-11-01 02:26:36+00:00,Browsers
552724928,1,2,2,0,0,0.0,2019-11-01 02:26:18+00:00,2019-11-01 02:26:54+00:00,Browsers
552750109,1,2,2,0,0,0.0,2019-11-01 02:21:03+00:00,2019-11-01 02:21:58+00:00,Browsers
552757401,1,1,1,0,0,0.0,2019-11-01 01:26:48+00:00,2019-11-01 01:26:48+00:00,Browsers
552763720,1,2,2,0,0,0.0,2019-11-01 02:03:58+00:00,2019-11-01 02:04:43+00:00,Browsers
552769232,1,2,2,0,0,0.0,2019-11-01 02:45:51+00:00,2019-11-01 02:46:55+00:00,Browsers
552770703,1,1,1,0,0,0.0,2019-11-01 01:08:28+00:00,2019-11-01 01:08:28+00:00,Browsers
552793247,1,6,6,0,0,0.0,2019-11-01 01:44:22+00:00,2019-11-01 01:47:00+00:00,Browsers
552818576,2,2,2,0,0,0.0,2019-11-01 01:36:23+00:00,2019-11-01 02:26:08+00:00,Browsers
552819937,1,2,1,1,0,0.0,2019-11-01 02:18:46+00:00,2019-11-01 02:19:09+00:00,Cart abandoners
552820240,1,1,1,0,0,0.0,2019-11-01 02:33:37+00:00,2019-11-01 02:33:37+00:00,Browsers
552820409,1,1,1,0,0,0.0,2019-11-01 02:19:27+00:00,2019-11-01 02:19:27+00:00,Browsers
552827764,1,19,19,0,0,0.0,2019-11-01 00:33:29+00:00,2019-11-01 00:47:52+00:00,Browsers
552842480,1,1,1,0,0,0.0,2019-11-01 02:22:12+00:00,2019-11-01 02:22:12+00:00,Browsers
552845471,1,1,1,0,0,0.0,2019-11-01 00:28:34+00:00,2019-11-01 00:28:34+00:00,Browsers
552848741,1,13,13,0,0,0.0,2019-11-01 01:48:59+00:00,2019-11-01 02:01:55+00:00,Browsers
552849950,1,8,8,0,0,0.0,2019-11-01 00:01:59+00:00,2019-11-01 00:05:40+00:00,Browsers
552858662,1,1,1,0,0,0.0,2019-11-01 00:19:27+00:00,2019-11-01 00:19:27+00:00,Browsers
552942046,1,11,11,0,0,0.0,2019-11-01 02:40:50+00:00,2019-11-01 02:47:00+00:00,Browsers
552942348,1,17,16,0,1,100.39,2019-11-01 01:57:02+00:00,2019-11-01 02:12:42+00:00,High-value users (purchasers)
552950801,1,1,1,0,0,0.0,2019-11-01 02:40:41+00:00,2019-11-01 02:40:41+00:00,Browsers
552971416,1,2,2,0,0,0.0,2019-11-01 02:46:04+00:00,2019-11-01 02:46:17+00:00,Browsers
552975487,1,1,1,0,0,0.0,2019-11-01 00:58:09+00:00,2019-11-01 00:58:09+00:00,Browsers
552976027,2,5,5,0,0,0.0,2019-11-01 01:55:31+00:00,2019-11-01 01:56:53+00:00,Browsers
552977992,2,26,26,0,0,0.0,2019-11-01 01:52:16+00:00,2019-11-01 02:06:41+00:00,Browsers
552983225,1,1,1,0,0,0.0,2019-11-01 00:13:40+00:00,2019-11-01 00:13:40+00:00,Browsers
552985294,1,1,1,0,0,0.0,2019-11-01 01:00:26+00:00,2019-11-01 01:00:26+00:00,Browsers
552999538,1,1,1,0,0,0.0,2019-11-01 00:42:11+00:00,2019-11-01 00:42:11+00:00,Browsers
553005190,1,3,3,0,0,0.0,2019-11-01 01:00:39+00:00,2019-11-01 01:01:52+00:00,Browsers
553007183,1,1,1,0,0,0.0,2019-11-01 01:34:49+00:00,2019-11-01 01:34:49+00:00,Browsers
553009391,1,4,4,0,0,0.0,2019-11-01 02:38:13+00:00,2019-11-01 02:39:03+00:00,Browsers
553012822,1,18,18,0,0,0.0,2019-11-01 01:00:28+00:00,2019-11-01 01:08:43+00:00,Browsers
553019038,1,13,13,0,0,0.0,2019-11-01 02:34:11+00:00,2019-11-01 02:46:17+00:00,Browsers
553020269,1,1,1,0,0,0.0,2019-11-01 02:34:39+00:00,2019-11-01 02:34:39+00:00,Browsers
553025898,1,3,2,0,1,67.44,2019-11-01 01:55:38+00:00,2019-11-01 01:57:54+00:00,High-value users (purchasers)
553027897,2,3,3,0,0,0.0,2019-11-01 01:29:07+00:00,2019-11-01 01:31:01+00:00,Browsers
553039999,1,1,1,0,0,0.0,2019-11-01 02:39:34+00:00,2019-11-01 02:39:34+00:00,Browsers
553042908,1,2,2,0,0,0.0,2019-11-01 00:29:38+00:00,2019-11-01 00:32:21+00:00,Browsers
553054839,1,2,2,0,0,0.0,2019-11-01 01:55:40+00:00,2019-11-01 01:58:45+00:00,Browsers
553060053,2,16,16,0,0,0.0,2019-11-01 02:27:41+00:00,2019-11-01 02:44:49+00:00,Browsers
553074032,5,13,13,0,0,0.0,2019-11-01 00:01:47+00:00,2019-11-01 02:05:59+00:00,Browsers
553076244,1,10,10,0,0,0.0,2019-11-01 01:54:23+00:00,2019-11-01 02:41:31+00:00,Browsers
553078886,1,3,3,0,0,0.0,2019-11-01 00:59:28+00:00,2019-11-01 01:04:43+00:00,Browsers
553079419,1,13,13,0,0,0.0,2019-11-01 02:35:52+00:00,2019-11-01 02:48:25+00:00,Browsers
553092188,1,1,1,0,0,0.0,2019-11-01 02:07:12+00:00,2019-11-01 02:07:12+00:00,Browsers
553099315,1,2,2,0,0,0.0,2019-11-01 02:42:20+00:00,2019-11-01 02:42:37+00:00,Browsers
553110732,1,5,5,0,0,0.0,2019-11-01 02:36:24+00:00,2019-11-01 02:40:34+00:00,Browsers
553121561,1,1,1,0,0,0.0,2019-11-01 02:17:29+00:00,2019-11-01 02:17:29+00:00,Browsers
553127751,1,17,17,0,0,0.0,2019-11-01 02:13:04+00:00,2019-11-01 02:34:43+00:00,Browsers
553133696,1,2,2,0,0,0.0,2019-11-01 00:35:49+00:00,2019-11-01 00:36:27+00:00,Browsers
553134169,1,8,8,0,0,0.0,2019-11-01 00:58:22+00:00,2019-11-01 01:10:38+00:00,Browsers
553206377,1,21,21,0,0,0.0,2019-11-01 00:56:31+00:00,2019-11-01 01:07:10+00:00,Browsers
553213499,2,7,7,0,0,0.0,2019-11-01 02:20:33+00:00,2019-11-01 02:30:03+00:00,Browsers
553214534,1,3,3,0,0,0.0,2019-11-01 02:40:08+00:00,2019-11-01 02:41:52+00:00,Browsers
553231655,1,2,2,0,0,0.0,2019-11-01 00:17:25+00:00,2019-11-01 00:18:26+00:00,Browsers
553261391,1,5,5,0,0,0.0,2019-11-01 02:19:36+00:00,2019-11-01 02:25:21+00:00,Browsers
553269132,1,2,2,0,0,0.0,2019-11-01 01:57:26+00:00,2019-11-01 01:57:57+00:00,Browsers
553270136,2,19,19,0,0,0.0,2019-11-01 00:29:07+00:00,2019-11-01 00:44:34+00:00,Browsers
553270458,1,5,5,0,0,0.0,2019-11-01 00:20:05+00:00,2019-11-01 00:27:50+00:00,Browsers
553275939,1,5,5,0,0,0.0,2019-11-01 01:56:07+00:00,2019-11-01 01:57:41+00:00,Browsers
553290968,1,25,25,0,0,0.0,2019-11-01 02:25:49+00:00,2019-11-01 02:43:25+00:00,Browsers
553300984,1,2,2,0,0,0.0,2019-11-01 01:49:51+00:00,2019-11-01 01:50:33+00:00,Browsers
553304272,1,1,1,0,0,0.0,2019-11-01 02:42:02+00:00,2019-11-01 02:42:02+00:00,Browsers
553305016,1,1,1,0,0,0.0,2019-11-01 02:35:41+00:00,2019-11-01 02:35:41+00:00,Browsers
553306719,1,4,4,0,0,0.0,2019-11-01 02:22:24+00:00,2019-11-01 02:25:43+00:00,Browsers
553329395,1,1,1,0,0,0.0,2019-11-01 02:45:05+00:00,2019-11-01 02:45:05+00:00,Browsers
553332694,1,12,12,0,0,0.0,2019-11-01 01:43:11+00:00,2019-11-01 01:51:34+00:00,Browsers
553334193,1,2,2,0,0,0.0,2019-11-01 00:00:49+00:00,2019-11-01 00:05:32+00:00,Browsers
553344290,1,4,4,0,0,0.0,2019-11-01 02:31:42+00:00,2019-11-01 02:32:48+00:00,Browsers
553347211,1,1,1,0,0,0.0,2019-11-01 00:59:32+00:00,2019-11-01 00:59:32+00:00,Browsers
553348791,1,1,1,0,0,0.0,2019-11-01 01:57:35+00:00,2019-11-01 01:57:35+00:00,Browsers
553351308,1,24,24,0,0,0.0,2019-11-01 02:18:06+00:00,2019-11-01 02:41:49+00:00,Browsers
553353849,1,12,12,0,0,0.0,2019-11-01 02:08:00+00:00,2019-11-01 02:13:50+00:00,Browsers
553372649,1,3,3,0,0,0.0,2019-11-01 02:37:43+00:00,2019-11-01 02:39:42+00:00,Browsers
553384439,1,15,15,0,0,0.0,2019-11-01 00:02:17+00:00,2019-11-01 00:19:42+00:00,Browsers
553388719,2,11,11,0,0,0.0,2019-11-01 00:11:48+00:00,2019-11-01 00:29:26+00:00,Browsers
553389066,4,33,33,0,0,0.0,2019-11-01 00:24:28+00:00,2019-11-01 01:45:45+00:00,Browsers
553390800,1,11,11,0,0,0.0,2019-11-01 02:30:11+00:00,2019-11-01 02:38:18+00:00,Browsers
553392876,1,3,2,1,0,0.0,2019-11-01 01:48:09+00:00,2019-11-01 01:49:10+00:00,Cart abandoners
553404609,1,2,2,0,0,0.0,2019-11-01 02:37:10+00:00,2019-11-01 02:38:48+00:00,Browsers
553414803,1,5,4,1,0,0.0,2019-11-01 01:49:20+00:00,2019-11-01 01:51:31+00:00,Cart abandoners
553426021,1,2,2,0,0,0.0,2019-11-01 01:40:42+00:00,2019-11-01 01:41:39+00:00,Browsers
553426109,1,1,1,0,0,0.0,2019-11-01 02:00:28+00:00,2019-11-01 02:00:28+00:00,Browsers
553438034,1,5,5,0,0,0.0,2019-11-01 00:59:24+00:00,2019-11-01 01:03:39+00:00,Browsers
553442238,1,1,1,0,0,0.0,2019-11-01 01:59:06+00:00,2019-11-01 01:59:06+00:00,Browsers
553448873,1,7,7,0,0,0.0,2019-11-01 02:28:53+00:00,2019-11-01 02:37:59+00:00,Browsers
553451090,1,1,1,0,0,0.0,2019-11-01 00:52:21+00:00,2019-11-01 00:52:21+00:00,Browsers
553451675,1,6,6,0,0,0.0,2019-11-01 02:41:11+00:00,2019-11-01 02:44:43+00:00,Browsers
553452650,1,2,2,0,0,0.0,2019-11-01 00:38:19+00:00,2019-11-01 00:38:28+00:00,Browsers
553457554,1,2,2,0,0,0.0,2019-11-01 01:02:49+00:00,2019-11-01 01:04:16+00:00,Browsers
553458480,1,7,5,1,1,188.94,2019-11-01 02:11:45+00:00,2019-11-01 02:14:36+00:00,High-value users (purchasers)
553458895,1,1,1,0,0,0.0,2019-11-01 00:55:33+00:00,2019-11-01 00:55:33+00:00,Browsers
553463936,1,9,9,0,0,0.0,2019-11-01 02:44:01+00:00,2019-11-01 02:48:08+00:00,Browsers
553464368,1,1,1,0,0,0.0,2019-11-01 00:47:48+00:00,2019-11-01 00:47:48+00:00,Browsers
553466052,1,21,21,0,0,0.0,2019-11-01 02:38:21+00:00,2019-11-01 02:48:11+00:00,Browsers
553469509,1,4,4,0,0,0.0,2019-11-01 02:05:55+00:00,2019-11-01 02:07:35+00:00,Browsers
553481811,2,2,2,0,0,0.0,2019-11-01 00:31:52+00:00,2019-11-01 00:32:47+00:00,Browsers
553486004,1,1,1,0,0,0.0,2019-11-01 01:08:18+00:00,2019-11-01 01:08:18+00:00,Browsers
553495597,1,9,9,0,0,0.0,2019-11-01 00:33:29+00:00,2019-11-01 00:43:18+00:00,Browsers
553523555,2,2,2,0,0,0.0,2019-11-01 02:40:04+00:00,2019-11-01 02:40:06+00:00,Browsers
553524478,1,2,2,0,0,0.0,2019-11-01 00:03:36+00:00,2019-11-01 00:04:48+00:00,Browsers
553525381,1,8,8,0,0,0.0,2019-11-01 02:13:36+00:00,2019-11-01 02:19:36+00:00,Browsers
553532053,2,36,36,0,0,0.0,2019-11-01 02:05:49+00:00,2019-11-01 02:30:30+00:00,Browsers
553532652,1,5,5,0,0,0.0,2019-11-01 01:35:26+00:00,2019-11-01 01:37:42+00:00,Browsers
553546057,1,2,2,0,0,0.0,2019-11-01 01:47:44+00:00,2019-11-01 01:48:15+00:00,Browsers
553587825,1,1,1,0,0,0.0,2019-11-01 00:08:35+00:00,2019-11-01 00:08:35+00:00,Browsers
553602677,1,1,1,0,0,0.0,2019-11-01 01:33:14+00:00,2019-11-01 01:33:14+00:00,Browsers
553605342,2,5,5,0,0,0.0,2019-11-01 00:07:24+00:00,2019-11-01 00:43:09+00:00,Browsers
553606388,1,1,1,0,0,0.0,2019-11-01 01:36:14+00:00,2019-11-01 01:36:14+00:00,Browsers
553619384,1,1,1,0,0,0.0,2019-11-01 02:40:55+00:00,2019-11-01 02:40:55+00:00,Browsers
553620926,1,1,1,0,0,0.0,2019-11-01 02:33:40+00:00,2019-11-01 02:33:40+00:00,Browsers
553621556,1,3,3,0,0,0.0,2019-11-01 01:08:28+00:00,2019-11-01 01:09:50+00:00,Browsers
553624110,1,3,3,0,0,0.0,2019-11-01 02:39:23+00:00,2019-11-01 02:41:01+00:00,Browsers
553627502,1,9,9,0,0,0.0,2019-11-01 02:12:12+00:00,2019-11-01 02:17:30+00:00,Browsers
553630865,1,1,1,0,0,0.0,2019-11-01 01:59:43+00:00,2019-11-01 01:59:43+00:00,Browsers
553632047,1,1,1,0,0,0.0,2019-11-01 00:36:22+00:00,2019-11-01 00:36:22+00:00,Browsers
553633548,1,2,2,0,0,0.0,2019-11-01 02:41:23+00:00,2019-11-01 02:41:55+00:00,Browsers
553638760,1,1,1,0,0,0.0,2019-11-01 01:45:50+00:00,2019-11-01 01:45:50+00:00,Browsers
553640191,1,8,8,0,0,0.0,2019-11-01 01:00:13+00:00,2019-11-01 01:08:49+00:00,Browsers
553645496,1,2,2,0,0,0.0,2019-11-01 01:56:38+00:00,2019-11-01 01:57:43+00:00,Browsers
553654551,1,1,1,0,0,0.0,2019-11-01 02:46:52+00:00,2019-11-01 02:46:52+00:00,Browsers
553655730,1,1,1,0,0,0.0,2019-11-01 01:44:35+00:00,2019-11-01 01:44:35+00:00,Browsers
553663472,1,13,13,0,0,0.0,2019-11-01 02:13:51+00:00,2019-11-01 02:32:27+00:00,Browsers
553665602,1,16,16,0,0,0.0,2019-11-01 01:36:29+00:00,2019-11-01 01:47:39+00:00,Browsers
553673556,1,1,1,0,0,0.0,2019-11-01 02:23:43+00:00,2019-11-01 02:23:43+00:00,Browsers
553679092,1,13,13,0,0,0.0,2019-11-01 02:04:19+00:00,2019-11-01 02:16:36+00:00,Browsers
553689749,1,15,15,0,0,0.0,2019-11-01 02:16:35+00:00,2019-11-01 02:23:53+00:00,Browsers
553692364,1,2,2,0,0,0.0,2019-11-01 01:07:27+00:00,2019-11-01 01:07:56+00:00,Browsers
553696947,1,1,1,0,0,0.0,2019-11-01 02:00:55+00:00,2019-11-01 02:00:55+00:00,Browsers
553705656,1,6,6,0,0,0.0,2019-11-01 02:29:15+00:00,2019-11-01 02:33:21+00:00,Browsers
553707453,1,1,1,0,0,0.0,2019-11-01 00:18:43+00:00,2019-11-01 00:18:43+00:00,Browsers
553741710,1,1,1,0,0,0.0,2019-11-01 02:30:17+00:00,2019-11-01 02:30:17+00:00,Browsers
553745133,1,3,2,0,1,230.93,2019-11-01 02:17:39+00:00,2019-11-01 02:21:29+00:00,High-value users (purchasers)
553745612,1,20,20,0,0,0.0,2019-11-01 00:57:38+00:00,2019-11-01 01:09:06+00:00,Browsers
553749025,1,2,2,0,0,0.0,2019-11-01 02:34:51+00:00,2019-11-01 02:36:46+00:00,Browsers
553763163,1,4,4,0,0,0.0,2019-11-01 02:32:05+00:00,2019-11-01 02:34:05+00:00,Browsers
553773280,1,1,1,0,0,0.0,2019-11-01 02:33:19+00:00,2019-11-01 02:33:19+00:00,Browsers
553778707,1,3,2,1,0,0.0,2019-11-01 02:09:06+00:00,2019-11-01 02:10:06+00:00,Cart abandoners
553796210,1,1,1,0,0,0.0,2019-11-01 01:00:16+00:00,2019-11-01 01:00:16+00:00,Browsers
553802615,1,2,2,0,0,0.0,2019-11-01 00:01:21+00:00,2019-11-01 00:01:46+00:00,Browsers
553810426,2,8,8,0,0,0.0,2019-11-01 00:01:37+00:00,2019-11-01 00:33:50+00:00,Browsers
553810829,1,3,3,0,0,0.0,2019-11-01 00:11:40+00:00,2019-11-01 00:13:22+00:00,Browsers
553812486,1,2,2,0,0,0.0,2019-11-01 01:59:56+00:00,2019-11-01 02:02:29+00:00,Browsers
553814693,1,3,2,0,1,36.29,2019-11-01 00:48:41+00:00,2019-11-01 00:50:19+00:00,High-value users (purchasers)
553832162,1,2,2,0,0,0.0,2019-11-01 02:44:24+00:00,2019-11-01 02:45:37+00:00,Browsers
553833685,1,1,1,0,0,0.0,2019-11-01 01:47:29+00:00,2019-11-01 01:47:29+00:00,Browsers
553835251,1,3,3,0,0,0.0,2019-11-01 00:02:09+00:00,2019-11-01 00:04:18+00:00,Browsers
553850205,2,17,17,0,0,0.0,2019-11-01 02:06:04+00:00,2019-11-01 02:27:44+00:00,Browsers
553856707,2,21,21,0,0,0.0,2019-11-01 02:26:48+00:00,2019-11-01 02:31:09+00:00,Browsers
553858861,1,5,5,0,0,0.0,2019-11-01 02:46:56+00:00,2019-11-01 02:48:10+00:00,Browsers
553870885,1,10,10,0,0,0.0,2019-11-01 01:45:20+00:00,2019-11-01 01:53:33+00:00,Browsers
553872312,1,2,2,0,0,0.0,2019-11-01 01:28:36+00:00,2019-11-01 01:31:38+00:00,Browsers
553877684,1,4,4,0,0,0.0,2019-11-01 02:41:43+00:00,2019-11-01 02:46:46+00:00,Browsers
553900221,1,9,9,0,0,0.0,2019-11-01 00:51:52+00:00,2019-11-01 00:58:58+00:00,Browsers
553906050,1,3,3,0,0,0.0,2019-11-01 02:31:27+00:00,2019-11-01 02:32:20+00:00,Browsers
553910770,1,2,2,0,0,0.0,2019-11-01 02:24:38+00:00,2019-11-01 02:25:13+00:00,Browsers
553913929,1,1,1,0,0,0.0,2019-11-01 02:41:35+00:00,2019-11-01 02:41:35+00:00,Browsers
553915327,1,2,2,0,0,0.0,2019-11-01 01:26:57+00:00,2019-11-01 01:27:59+00:00,Browsers
553944186,1,1,1,0,0,0.0,2019-11-01 02:23:59+00:00,2019-11-01 02:23:59+00:00,Browsers
553949305,1,2,2,0,0,0.0,2019-11-01 02:22:15+00:00,2019-11-01 02:22:26+00:00,Browsers
553971844,1,1,1,0,0,0.0,2019-11-01 01:06:23+00:00,2019-11-01 01:06:23+00:00,Browsers
553985813,1,4,4,0,0,0.0,2019-11-01 02:19:25+00:00,2019-11-01 02:23:26+00:00,Browsers
553989404,1,4,4,0,0,0.0,2019-11-01 00:56:38+00:00,2019-11-01 01:03:58+00:00,Browsers
553995229,1,5,5,0,0,0.0,2019-11-01 01:53:26+00:00,2019-11-01 01:56:24+00:00,Browsers
553995315,1,6,6,0,0,0.0,2019-11-01 02:15:07+00:00,2019-11-01 02:17:59+00:00,Browsers
554015300,1,6,6,0,0,0.0,2019-11-01 01:53:51+00:00,2019-11-01 02:01:14+00:00,Browsers
554015609,1,1,1,0,0,0.0,2019-11-01 00:53:46+00:00,2019-11-01 00:53:46+00:00,Browsers
554016615,2,7,7,0,0,0.0,2019-11-01 00:38:27+00:00,2019-11-01 01:29:07+00:00,Browsers
554018937,1,5,5,0,0,0.0,2019-11-01 02:04:02+00:00,2019-11-01 02:06:38+00:00,Browsers
554029528,1,10,8,1,1,281.71,2019-11-01 02:20:26+00:00,2019-11-01 02:26:50+00:00,High-value users (purchasers)
554031177,1,1,1,0,0,0.0,2019-11-01 02:10:06+00:00,2019-11-01 02:10:06+00:00,Browsers
554034860,1,1,1,0,0,0.0,2019-11-01 02:37:21+00:00,2019-11-01 02:37:21+00:00,Browsers
554041622,1,4,4,0,0,0.0,2019-11-01 02:04:17+00:00,2019-11-01 02:05:01+00:00,Browsers
554047621,1,32,32,0,0,0.0,2019-11-01 01:32:15+00:00,2019-11-01 02:02:25+00:00,Browsers
554051831,1,2,2,0,0,0.0,2019-11-01 01:54:47+00:00,2019-11-01 01:55:12+00:00,Browsers
554052660,1,1,1,0,0,0.0,2019-11-01 01:30:06+00:00,2019-11-01 01:30:06+00:00,Browsers
554053155,1,1,1,0,0,0.0,2019-11-01 00:28:31+00:00,2019-11-01 00:28:31+00:00,Browsers
554054118,1,2,2,0,0,0.0,2019-11-01 00:28:43+00:00,2019-11-01 00:30:43+00:00,Browsers
554063350,1,1,1,0,0,0.0,2019-11-01 00:07:30+00:00,2019-11-01 00:07:30+00:00,Browsers
554069745,1,1,1,0,0,0.0,2019-11-01 01:08:34+00:00,2019-11-01 01:08:34+00:00,Browsers
554077974,1,1,1,0,0,0.0,2019-11-01 01:53:34+00:00,2019-11-01 01:53:34+00:00,Browsers
554087029,1,1,1,0,0,0.0,2019-11-01 00:39:01+00:00,2019-11-01 00:39:01+00:00,Browsers
554089995,1,2,2,0,0,0.0,2019-11-01 02:06:04+00:00,2019-11-01 02:08:37+00:00,Browsers
554096532,1,10,5,2,3,722.73,2019-11-01 00:42:42+00:00,2019-11-01 00:46:34+00:00,High-value users (purchasers)
554105992,3,15,15,0,0,0.0,2019-11-01 00:11:52+00:00,2019-11-01 00:26:13+00:00,Browsers
554132205,1,18,18,0,0,0.0,2019-11-01 01:58:28+00:00,2019-11-01 02:13:33+00:00,Browsers
554132884,1,5,5,0,0,0.0,2019-11-01 01:05:22+00:00,2019-11-01 01:07:12+00:00,Browsers
554134268,1,4,4,0,0,0.0,2019-11-01 01:38:22+00:00,2019-11-01 01:40:26+00:00,Browsers
554139311,1,1,1,0,0,0.0,2019-11-01 02:45:40+00:00,2019-11-01 02:45:40+00:00,Browsers
554148360,1,1,1,0,0,0.0,2019-11-01 02:27:16+00:00,2019-11-01 02:27:16+00:00,Browsers
554151898,1,1,1,0,0,0.0,2019-11-01 00:22:54+00:00,2019-11-01 00:22:54+00:00,Browsers
554161674,3,4,4,0,0,0.0,2019-11-01 00:33:46+00:00,2019-11-01 00:36:41+00:00,Browsers
554166344,1,1,1,0,0,0.0,2019-11-01 02:29:26+00:00,2019-11-01 02:29:26+00:00,Browsers
554168929,1,7,7,0,0,0.0,2019-11-01 02:24:47+00:00,2019-11-01 02:31:22+00:00,Browsers
554174428,2,18,14,3,1,61.65,2019-11-01 02:29:08+00:00,2019-11-01 02:41:36+00:00,High-value users (purchasers)
554181654,1,4,4,0,0,0.0,2019-11-01 02:04:59+00:00,2019-11-01 02:06:45+00:00,Browsers
554191398,1,3,3,0,0,0.0,2019-11-01 02:38:14+00:00,2019-11-01 02:38:38+00:00,Browsers
554192130,1,1,1,0,0,0.0,2019-11-01 01:47:38+00:00,2019-11-01 01:47:38+00:00,Browsers
554201040,1,2,2,0,0,0.0,2019-11-01 02:27:34+00:00,2019-11-01 02:28:21+00:00,Browsers
554206756,1,20,20,0,0,0.0,2019-11-01 00:12:38+00:00,2019-11-01 00:33:17+00:00,Browsers
554206935,1,20,20,0,0,0.0,2019-11-01 00:08:08+00:00,2019-11-01 00:16:20+00:00,Browsers
554213058,1,1,1,0,0,0.0,2019-11-01 01:28:26+00:00,2019-11-01 01:28:26+00:00,Browsers
554221007,1,1,1,0,0,0.0,2019-11-01 02:37:46+00:00,2019-11-01 02:37:46+00:00,Browsers
554242225,1,19,19,0,0,0.0,2019-11-01 02:23:15+00:00,2019-11-01 02:46:37+00:00,Browsers
554252708,1,5,5,0,0,0.0,2019-11-01 01:54:39+00:00,2019-11-01 01:55:55+00:00,Browsers
554252913,1,19,19,0,0,0.0,2019-11-01 02:10:44+00:00,2019-11-01 02:18:57+00:00,Browsers
554256303,4,4,4,0,0,0.0,2019-11-01 01:58:07+00:00,2019-11-01 01:59:21+00:00,Browsers
554279958,3,23,21,0,2,406.18,2019-11-01 02:17:06+00:00,2019-11-01 02:42:40+00:00,High-value users (purchasers)
554304544,1,3,3,0,0,0.0,2019-11-01 01:03:38+00:00,2019-11-01 01:04:40+00:00,Browsers
554334694,1,3,3,0,0,0.0,2019-11-01 02:33:26+00:00,2019-11-01 02:38:07+00:00,Browsers
554361118,1,1,1,0,0,0.0,2019-11-01 00:58:32+00:00,2019-11-01 00:58:32+00:00,Browsers
554363789,2,2,2,0,0,0.0,2019-11-01 01:32:18+00:00,2019-11-01 01:35:18+00:00,Browsers
554367452,2,4,4,0,0,0.0,2019-11-01 00:06:27+00:00,2019-11-01 00:33:18+00:00,Browsers
554369958,1,1,1,0,0,0.0,2019-11-01 01:41:12+00:00,2019-11-01 01:41:12+00:00,Browsers
554378978,1,1,1,0,0,0.0,2019-11-01 01:46:53+00:00,2019-11-01 01:46:53+00:00,Browsers
554380194,1,1,1,0,0,0.0,2019-11-01 02:14:23+00:00,2019-11-01 02:14:23+00:00,Browsers
554382639,1,9,9,0,0,0.0,2019-11-01 01:59:35+00:00,2019-11-01 02:07:37+00:00,Browsers
554383552,1,3,3,0,0,0.0,2019-11-01 01:57:42+00:00,2019-11-01 01:58:28+00:00,Browsers
554392684,1,4,4,0,0,0.0,2019-11-01 01:53:15+00:00,2019-11-01 01:57:02+00:00,Browsers
554394230,1,1,1,0,0,0.0,2019-11-01 02:47:00+00:00,2019-11-01 02:47:00+00:00,Browsers
554399628,2,4,4,0,0,0.0,2019-11-01 00:50:18+00:00,2019-11-01 01:46:51+00:00,Browsers
554400401,1,4,4,0,0,0.0,2019-11-01 02:31:26+00:00,2019-11-01 02:35:04+00:00,Browsers
554414344,2,3,3,0,0,0.0,2019-11-01 02:16:32+00:00,2019-11-01 02:42:53+00:00,Browsers
554415234,1,1,1,0,0,0.0,2019-11-01 02:38:04+00:00,2019-11-01 02:38:04+00:00,Browsers
554415902,1,2,2,0,0,0.0,2019-11-01 02:05:49+00:00,2019-11-01 02:06:44+00:00,Browsers
554419218,1,1,1,0,0,0.0,2019-11-01 01:36:15+00:00,2019-11-01 01:36:15+00:00,Browsers
554419840,1,1,1,0,0,0.0,2019-11-01 01:05:01+00:00,2019-11-01 01:05:01+00:00,Browsers
554422637,1,1,1,0,0,0.0,2019-11-01 02:09:25+00:00,2019-11-01 02:09:25+00:00,Browsers
554425254,1,7,6,0,1,21.85,2019-11-01 02:18:43+00:00,2019-11-01 02:23:10+00:00,High-value users (purchasers)
554428024,1,3,3,0,0,0.0,2019-11-01 00:06:04+00:00,2019-11-01 00:12:41+00:00,Browsers
554428344,1,2,2,0,0,0.0,2019-11-01 02:21:26+00:00,2019-11-01 02:22:08+00:00,Browsers
554429567,1,2,2,0,0,0.0,2019-11-01 02:20:06+00:00,2019-11-01 02:20:35+00:00,Browsers
554431806,1,2,2,0,0,0.0,2019-11-01 00:03:29+00:00,2019-11-01 00:04:37+00:00,Browsers
554453752,1,21,21,0,0,0.0,2019-11-01 00:50:17+00:00,2019-11-01 01:07:26+00:00,Browsers
554455393,1,4,4,0,0,0.0,2019-11-01 00:11:43+00:00,2019-11-01 00:13:27+00:00,Browsers
554459781,1,5,3,1,1,94.7,2019-11-01 02:07:33+00:00,2019-11-01 02:15:30+00:00,High-value users (purchasers)
554464647,2,18,18,0,0,0.0,2019-11-01 02:11:53+00:00,2019-11-01 02:23:02+00:00,Browsers
554472616,1,3,3,0,0,0.0,2019-11-01 02:33:53+00:00,2019-11-01 02:34:40+00:00,Browsers
554478526,1,1,1,0,0,0.0,2019-11-01 01:29:03+00:00,2019-11-01 01:29:03+00:00,Browsers
554487589,1,1,1,0,0,0.0,2019-11-01 02:21:48+00:00,2019-11-01 02:21:48+00:00,Browsers
554488407,1,5,5,0,0,0.0,2019-11-01 01:44:30+00:00,2019-11-01 01:46:38+00:00,Browsers
554503619,1,5,5,0,0,0.0,2019-11-01 02:42:28+00:00,2019-11-01 02:47:54+00:00,Browsers
554510581,1,3,3,0,0,0.0,2019-11-01 02:41:59+00:00,2019-11-01 02:43:23+00:00,Browsers
554519510,1,1,1,0,0,0.0,2019-11-01 01:40:18+00:00,2019-11-01 01:40:18+00:00,Browsers
554520550,1,4,4,0,0,0.0,2019-11-01 02:45:14+00:00,2019-11-01 02:46:38+00:00,Browsers
554520869,1,1,1,0,0,0.0,2019-11-01 02:22:22+00:00,2019-11-01 02:22:22+00:00,Browsers
554523401,1,1,1,0,0,0.0,2019-11-01 02:46:33+00:00,2019-11-01 02:46:33+00:00,Browsers
554523547,1,4,4,0,0,0.0,2019-11-01 01:55:14+00:00,2019-11-01 01:58:45+00:00,Browsers
554526476,1,2,2,0,0,0.0,2019-11-01 02:27:05+00:00,2019-11-01 02:29:14+00:00,Browsers
554528254,1,1,1,0,0,0.0,2019-11-01 00:15:20+00:00,2019-11-01 00:15:20+00:00,Browsers
554535471,1,1,1,0,0,0.0,2019-11-01 02:30:21+00:00,2019-11-01 02:30:21+00:00,Browsers
554535909,1,1,1,0,0,0.0,2019-11-01 02:38:11+00:00,2019-11-01 02:38:11+00:00,Browsers
554538638,1,3,3,0,0,0.0,2019-11-01 02:06:47+00:00,2019-11-01 02:09:26+00:00,Browsers
554542185,1,4,4,0,0,0.0,2019-11-01 01:50:15+00:00,2019-11-01 01:51:50+00:00,Browsers
554544200,1,1,1,0,0,0.0,2019-11-01 01:43:40+00:00,2019-11-01 01:43:40+00:00,Browsers
554563841,1,4,4,0,0,0.0,2019-11-01 01:56:12+00:00,2019-11-01 01:59:00+00:00,Browsers
554565845,1,1,1,0,0,0.0,2019-11-01 00:59:22+00:00,2019-11-01 00:59:22+00:00,Browsers
554570195,1,3,3,0,0,0.0,2019-11-01 02:24:03+00:00,2019-11-01 02:25:45+00:00,Browsers
554573514,1,2,2,0,0,0.0,2019-11-01 01:39:44+00:00,2019-11-01 01:41:22+00:00,Browsers
554575864,2,7,7,0,0,0.0,2019-11-01 00:30:07+00:00,2019-11-01 00:53:47+00:00,Browsers
554577054,1,1,1,0,0,0.0,2019-11-01 01:33:35+00:00,2019-11-01 01:33:35+00:00,Browsers
554581820,1,1,1,0,0,0.0,2019-11-01 00:20:40+00:00,2019-11-01 00:20:40+00:00,Browsers
554586492,1,6,6,0,0,0.0,2019-11-01 02:33:36+00:00,2019-11-01 02:37:10+00:00,Browsers
554586562,1,5,5,0,0,0.0,2019-11-01 02:26:49+00:00,2019-11-01 02:30:24+00:00,Browsers
554594242,1,7,7,0,0,0.0,2019-11-01 02:20:20+00:00,2019-11-01 02:23:51+00:00,Browsers
554595637,1,9,9,0,0,0.0,2019-11-01 00:32:05+00:00,2019-11-01 00:45:30+00:00,Browsers
554596785,1,4,1,2,1,308.45,2019-11-01 00:31:34+00:00,2019-11-01 00:34:08+00:00,High-value users (purchasers)
554604833,1,6,6,0,0,0.0,2019-11-01 02:44:49+00:00,2019-11-01 02:47:56+00:00,Browsers
554612041,1,4,4,0,0,0.0,2019-11-01 02:08:52+00:00,2019-11-01 02:21:12+00:00,Browsers
554614792,1,1,1,0,0,0.0,2019-11-01 00:48:43+00:00,2019-11-01 00:48:43+00:00,Browsers
554620254,1,2,2,0,0,0.0,2019-11-01 01:44:46+00:00,2019-11-01 01:45:05+00:00,Browsers
554620679,1,8,8,0,0,0.0,2019-11-01 01:29:17+00:00,2019-11-01 01:33:22+00:00,Browsers
554622538,1,1,1,0,0,0.0,2019-11-01 02:11:21+00:00,2019-11-01 02:11:21+00:00,Browsers
554645700,1,1,1,0,0,0.0,2019-11-01 02:41:40+00:00,2019-11-01 02:41:40+00:00,Browsers
554649825,1,3,3,0,0,0.0,2019-11-01 01:52:51+00:00,2019-11-01 01:54:42+00:00,Browsers
554673298,1,1,1,0,0,0.0,2019-11-01 00:02:39+00:00,2019-11-01 00:02:39+00:00,Browsers
554682858,2,3,3,0,0,0.0,2019-11-01 02:24:42+00:00,2019-11-01 02:37:27+00:00,Browsers
554692011,2,14,13,0,1,71.82,2019-11-01 01:36:52+00:00,2019-11-01 02:30:46+00:00,High-value users (purchasers)
554727848,2,15,15,0,0,0.0,2019-11-01 01:53:06+00:00,2019-11-01 02:40:18+00:00,Browsers
554738885,2,6,6,0,0,0.0,2019-11-01 01:39:23+00:00,2019-11-01 01:44:37+00:00,Browsers
554738965,1,10,10,0,0,0.0,2019-11-01 00:23:55+00:00,2019-11-01 00:44:29+00:00,Browsers
554742977,1,3,3,0,0,0.0,2019-11-01 01:25:20+00:00,2019-11-01 01:28:14+00:00,Browsers
554752254,1,10,10,0,0,0.0,2019-11-01 01:56:49+00:00,2019-11-01 02:02:39+00:00,Browsers
554753729,1,1,1,0,0,0.0,2019-11-01 02:45:40+00:00,2019-11-01 02:45:40+00:00,Browsers
554754750,1,4,4,0,0,0.0,2019-11-01 01:44:33+00:00,2019-11-01 01:51:18+00:00,Browsers
554758369,1,2,2,0,0,0.0,2019-11-01 01:43:14+00:00,2019-11-01 01:44:27+00:00,Browsers
554761101,1,2,2,0,0,0.0,2019-11-01 02:38:59+00:00,2019-11-01 02:40:04+00:00,Browsers
554761113,1,13,13,0,0,0.0,2019-11-01 01:27:37+00:00,2019-11-01 01:44:50+00:00,Browsers
554777364,1,1,1,0,0,0.0,2019-11-01 02:24:45+00:00,2019-11-01 02:24:45+00:00,Browsers
554782208,1,2,2,0,0,0.0,2019-11-01 02:07:22+00:00,2019-11-01 02:08:57+00:00,Browsers
554792535,1,1,1,0,0,0.0,2019-11-01 02:26:42+00:00,2019-11-01 02:26:42+00:00,Browsers
554796139,1,1,1,0,0,0.0,2019-11-01 01:44:45+00:00,2019-11-01 01:44:45+00:00,Browsers
554799482,1,3,3,0,0,0.0,2019-11-01 01:45:28+00:00,2019-11-01 01:47:14+00:00,Browsers
554800767,1,3,3,0,0,0.0,2019-11-01 02:15:51+00:00,2019-11-01 02:16:58+00:00,Browsers
554802197,1,1,1,0,0,0.0,2019-11-01 00:23:08+00:00,2019-11-01 00:23:08+00:00,Browsers
554804118,2,4,4,0,0,0.0,2019-11-01 00:43:46+00:00,2019-11-01 00:49:39+00:00,Browsers
554809767,1,10,10,0,0,0.0,2019-11-01 02:38:50+00:00,2019-11-01 02:46:00+00:00,Browsers
554822638,1,2,2,0,0,0.0,2019-11-01 02:00:37+00:00,2019-11-01 02:00:55+00:00,Browsers
554831705,1,1,1,0,0,0.0,2019-11-01 02:38:43+00:00,2019-11-01 02:38:43+00:00,Browsers
554847297,1,17,13,1,3,3581.6000000000004,2019-11-01 01:47:48+00:00,2019-11-01 01:59:59+00:00,High-value users (purchasers)
554851088,1,1,1,0,0,0.0,2019-11-01 00:34:03+00:00,2019-11-01 00:34:03+00:00,Browsers
554868275,2,6,6,0,0,0.0,2019-11-01 01:50:11+00:00,2019-11-01 01:54:12+00:00,Browsers
554869063,1,20,20,0,0,0.0,2019-11-01 02:24:01+00:00,2019-11-01 02:47:52+00:00,Browsers
554869204,1,1,1,0,0,0.0,2019-11-01 00:16:36+00:00,2019-11-01 00:16:36+00:00,Browsers
554871826,3,6,6,0,0,0.0,2019-11-01 02:22:41+00:00,2019-11-01 02:24:33+00:00,Browsers
554873633,1,13,13,0,0,0.0,2019-11-01 01:50:32+00:00,2019-11-01 02:08:50+00:00,Browsers
554877435,1,8,8,0,0,0.0,2019-11-01 02:10:53+00:00,2019-11-01 02:29:43+00:00,Browsers
554892010,1,2,2,0,0,0.0,2019-11-01 02:07:19+00:00,2019-11-01 02:08:01+00:00,Browsers
554934197,1,4,4,0,0,0.0,2019-11-01 01:57:58+00:00,2019-11-01 01:59:19+00:00,Browsers
554940679,1,3,3,0,0,0.0,2019-11-01 02:16:38+00:00,2019-11-01 02:18:16+00:00,Browsers
554963722,1,1,1,0,0,0.0,2019-11-01 01:00:47+00:00,2019-11-01 01:00:47+00:00,Browsers
554973593,1,1,1,0,0,0.0,2019-11-01 00:16:00+00:00,2019-11-01 00:16:00+00:00,Browsers
554982396,2,16,14,0,2,738.46,2019-11-01 02:28:48+00:00,2019-11-01 02:47:26+00:00,High-value users (purchasers)
555003790,1,1,1,0,0,0.0,2019-11-01 02:30:50+00:00,2019-11-01 02:30:50+00:00,Browsers
555023196,1,5,5,0,0,0.0,2019-11-01 01:07:47+00:00,2019-11-01 01:10:08+00:00,Browsers
555031859,1,5,4,0,1,61.65,2019-11-01 00:56:47+00:00,2019-11-01 00:59:51+00:00,High-value users (purchasers)
555042262,3,32,32,0,0,0.0,2019-11-01 00:56:24+00:00,2019-11-01 01:56:47+00:00,Browsers
555047558,1,5,5,0,0,0.0,2019-11-01 02:04:50+00:00,2019-11-01 02:07:21+00:00,Browsers
555109852,1,1,1,0,0,0.0,2019-11-01 01:31:28+00:00,2019-11-01 01:31:28+00:00,Browsers
555110598,1,3,3,0,0,0.0,2019-11-01 01:35:24+00:00,2019-11-01 01:40:11+00:00,Browsers
555121414,1,2,2,0,0,0.0,2019-11-01 02:12:07+00:00,2019-11-01 02:14:23+00:00,Browsers
555127527,1,1,1,0,0,0.0,2019-11-01 02:40:49+00:00,2019-11-01 02:40:49+00:00,Browsers
555132374,3,26,26,0,0,0.0,2019-11-01 01:03:16+00:00,2019-11-01 02:33:52+00:00,Browsers
555133711,1,9,9,0,0,0.0,2019-11-01 02:43:28+00:00,2019-11-01 02:48:23+00:00,Browsers
555135450,1,1,1,0,0,0.0,2019-11-01 01:08:12+00:00,2019-11-01 01:08:12+00:00,Browsers
555145390,1,3,3,0,0,0.0,2019-11-01 01:43:00+00:00,2019-11-01 01:43:29+00:00,Browsers
555151011,1,2,2,0,0,0.0,2019-11-01 00:54:33+00:00,2019-11-01 00:56:10+00:00,Browsers
555151982,1,1,1,0,0,0.0,2019-11-01 02:11:03+00:00,2019-11-01 02:11:03+00:00,Browsers
555155534,1,10,10,0,0,0.0,2019-11-01 02:21:48+00:00,2019-11-01 02:28:31+00:00,Browsers
555161780,1,3,3,0,0,0.0,2019-11-01 02:47:32+00:00,2019-11-01 02:48:18+00:00,Browsers
555211516,1,1,1,0,0,0.0,2019-11-01 02:47:26+00:00,2019-11-01 02:47:26+00:00,Browsers
555216106,1,1,1,0,0,0.0,2019-11-01 02:36:22+00:00,2019-11-01 02:36:22+00:00,Browsers
555216601,1,7,7,0,0,0.0,2019-11-01 02:38:21+00:00,2019-11-01 02:48:22+00:00,Browsers
555243517,2,2,2,0,0,0.0,2019-11-01 02:16:19+00:00,2019-11-01 02:31:45+00:00,Browsers
555254943,1,4,4,0,0,0.0,2019-11-01 02:13:29+00:00,2019-11-01 02:16:38+00:00,Browsers
555282517,1,1,1,0,0,0.0,2019-11-01 02:15:48+00:00,2019-11-01 02:15:48+00:00,Browsers
555320624,1,2,2,0,0,0.0,2019-11-01 00:42:46+00:00,2019-11-01 00:43:12+00:00,Browsers
555329291,2,17,17,0,0,0.0,2019-11-01 00:37:14+00:00,2019-11-01 01:51:16+00:00,Browsers
555339403,1,3,3,0,0,0.0,2019-11-01 01:49:32+00:00,2019-11-01 01:52:06+00:00,Browsers
555350503,1,1,1,0,0,0.0,2019-11-01 02:14:17+00:00,2019-11-01 02:14:17+00:00,Browsers
555364277,1,4,4,0,0,0.0,2019-11-01 02:11:36+00:00,2019-11-01 02:14:57+00:00,Browsers
555365433,1,6,6,0,0,0.0,2019-11-01 00:06:49+00:00,2019-11-01 00:15:58+00:00,Browsers
555415391,3,7,7,0,0,0.0,2019-11-01 02:09:23+00:00,2019-11-01 02:15:13+00:00,Browsers
555432446,1,1,1,0,0,0.0,2019-11-01 02:03:15+00:00,2019-11-01 02:03:15+00:00,Browsers
555467841,1,13,13,0,0,0.0,2019-11-01 02:27:31+00:00,2019-11-01 02:38:03+00:00,Browsers
555471943,1,4,3,0,1,242.63,2019-11-01 02:33:20+00:00,2019-11-01 02:38:46+00:00,High-value users (purchasers)
555472948,3,11,11,0,0,0.0,2019-11-01 00:32:34+00:00,2019-11-01 01:27:43+00:00,Browsers
555474260,1,3,3,0,0,0.0,2019-11-01 02:35:01+00:00,2019-11-01 02:35:56+00:00,Browsers
555475405,1,1,1,0,0,0.0,2019-11-01 00:45:11+00:00,2019-11-01 00:45:11+00:00,Browsers
555478427,1,5,5,0,0,0.0,2019-11-01 01:32:33+00:00,2019-11-01 01:37:35+00:00,Browsers
555482432,1,2,2,0,0,0.0,2019-11-01 02:34:48+00:00,2019-11-01 02:35:48+00:00,Browsers
555487447,1,12,12,0,0,0.0,2019-11-01 02:35:57+00:00,2019-11-01 02:44:38+00:00,Browsers
555528592,1,1,1,0,0,0.0,2019-11-01 02:22:01+00:00,2019-11-01 02:22:01+00:00,Browsers
555531472,1,3,3,0,0,0.0,2019-11-01 02:11:04+00:00,2019-11-01 02:11:55+00:00,Browsers
555535536,1,6,6,0,0,0.0,2019-11-01 02:17:29+00:00,2019-11-01 02:22:12+00:00,Browsers
555538666,1,1,1,0,0,0.0,2019-11-01 02:44:38+00:00,2019-11-01 02:44:38+00:00,Browsers
555547221,1,1,1,0,0,0.0,2019-11-01 02:34:35+00:00,2019-11-01 02:34:35+00:00,Browsers
555551183,1,8,8,0,0,0.0,2019-11-01 02:40:00+00:00,2019-11-01 02:47:59+00:00,Browsers
555552299,1,4,4,0,0,0.0,2019-11-01 01:05:24+00:00,2019-11-01 01:07:08+00:00,Browsers
555554373,1,6,6,0,0,0.0,2019-11-01 01:06:52+00:00,2019-11-01 01:08:09+00:00,Browsers
555555111,1,4,4,0,0,0.0,2019-11-01 00:45:17+00:00,2019-11-01 00:47:27+00:00,Browsers
555564408,1,4,3,0,1,146.85,2019-11-01 01:46:55+00:00,2019-11-01 01:48:30+00:00,High-value users (purchasers)
555571377,1,2,2,0,0,0.0,2019-11-01 00:47:07+00:00,2019-11-01 00:49:35+00:00,Browsers
555572749,1,3,3,0,0,0.0,2019-11-01 01:40:09+00:00,2019-11-01 01:44:45+00:00,Browsers
555573888,1,1,1,0,0,0.0,2019-11-01 01:34:26+00:00,2019-11-01 01:34:26+00:00,Browsers
555574865,2,9,9,0,0,0.0,2019-11-01 00:12:14+00:00,2019-11-01 00:41:08+00:00,Browsers
555577578,1,1,1,0,0,0.0,2019-11-01 00:50:17+00:00,2019-11-01 00:50:17+00:00,Browsers
555602624,1,1,1,0,0,0.0,2019-11-01 02:30:52+00:00,2019-11-01 02:30:52+00:00,Browsers
555617910,3,3,3,0,0,0.0,2019-11-01 02:47:06+00:00,2019-11-01 02:47:17+00:00,Browsers
555626406,1,4,4,0,0,0.0,2019-11-01 01:55:00+00:00,2019-11-01 02:29:59+00:00,Browsers
555659079,1,1,1,0,0,0.0,2019-11-01 00:26:03+00:00,2019-11-01 00:26:03+00:00,Browsers
555663844,1,2,2,0,0,0.0,2019-11-01 00:41:13+00:00,2019-11-01 00:41:28+00:00,Browsers
555671159,2,2,2,0,0,0.0,2019-11-01 00:31:37+00:00,2019-11-01 00:32:08+00:00,Browsers
555695902,1,1,1,0,0,0.0,2019-11-01 01:54:13+00:00,2019-11-01 01:54:13+00:00,Browsers
555697742,2,13,12,0,1,398.95,2019-11-01 01:58:40+00:00,2019-11-01 02:15:29+00:00,High-value users (purchasers)
555699989,1,3,3,0,0,0.0,2019-11-01 02:15:24+00:00,2019-11-01 02:17:32+00:00,Browsers
555700830,1,1,1,0,0,0.0,2019-11-01 01:52:56+00:00,2019-11-01 01:52:56+00:00,Browsers
555706229,1,3,3,0,0,0.0,2019-11-01 02:38:19+00:00,2019-11-01 02:39:58+00:00,Browsers
555708149,1,2,2,0,0,0.0,2019-11-01 00:32:38+00:00,2019-11-01 00:32:54+00:00,Browsers
555715452,1,1,1,0,0,0.0,2019-11-01 02:13:03+00:00,2019-11-01 02:13:03+00:00,Browsers
555722090,1,3,2,1,0,0.0,2019-11-01 02:42:06+00:00,2019-11-01 02:48:12+00:00,Cart abandoners
555725641,1,1,1,0,0,0.0,2019-11-01 01:04:38+00:00,2019-11-01 01:04:38+00:00,Browsers
555749528,2,8,6,1,1,290.82,2019-11-01 01:29:07+00:00,2019-11-01 02:33:52+00:00,High-value users (purchasers)
555765184,1,4,4,0,0,0.0,2019-11-01 00:17:41+00:00,2019-11-01 00:23:33+00:00,Browsers
555813727,1,1,1,0,0,0.0,2019-11-01 01:34:49+00:00,2019-11-01 01:34:49+00:00,Browsers
555822387,1,6,6,0,0,0.0,2019-11-01 02:13:22+00:00,2019-11-01 02:16:20+00:00,Browsers
555822397,1,1,1,0,0,0.0,2019-11-01 01:05:01+00:00,2019-11-01 01:05:01+00:00,Browsers
555825050,1,3,3,0,0,0.0,2019-11-01 02:23:37+00:00,2019-11-01 02:30:29+00:00,Browsers
555826467,1,7,7,0,0,0.0,2019-11-01 01:31:08+00:00,2019-11-01 01:44:44+00:00,Browsers
555826569,1,7,7,0,0,0.0,2019-11-01 01:03:08+00:00,2019-11-01 01:09:24+00:00,Browsers
555829673,1,3,3,0,0,0.0,2019-11-01 01:33:26+00:00,2019-11-01 01:40:12+00:00,Browsers
555836730,1,1,1,0,0,0.0,2019-11-01 01:50:43+00:00,2019-11-01 01:50:43+00:00,Browsers
555837522,1,6,6,0,0,0.0,2019-11-01 02:25:23+00:00,2019-11-01 02:28:30+00:00,Browsers
555837553,1,7,7,0,0,0.0,2019-11-01 02:19:23+00:00,2019-11-01 02:23:34+00:00,Browsers
555841120,1,1,1,0,0,0.0,2019-11-01 01:47:42+00:00,2019-11-01 01:47:42+00:00,Browsers
555841219,1,1,1,0,0,0.0,2019-11-01 01:27:44+00:00,2019-11-01 01:27:44+00:00,Browsers
555843679,1,5,3,1,1,139.64,2019-11-01 02:29:59+00:00,2019-11-01 02:34:35+00:00,High-value users (purchasers)
555848276,1,1,1,0,0,0.0,2019-11-01 02:28:31+00:00,2019-11-01 02:28:31+00:00,Browsers
555856173,1,2,2,0,0,0.0,2019-11-01 00:33:50+00:00,2019-11-01 00:33:51+00:00,Browsers
555861905,1,1,1,0,0,0.0,2019-11-01 01:58:16+00:00,2019-11-01 01:58:16+00:00,Browsers
555877041,1,1,1,0,0,0.0,2019-11-01 02:25:53+00:00,2019-11-01 02:25:53+00:00,Browsers
555887743,1,1,1,0,0,0.0,2019-11-01 01:43:51+00:00,2019-11-01 01:43:51+00:00,Browsers
555900712,1,1,1,0,0,0.0,2019-11-01 02:21:42+00:00,2019-11-01 02:21:42+00:00,Browsers
555940124,1,2,2,0,0,0.0,2019-11-01 00:23:34+00:00,2019-11-01 00:24:11+00:00,Browsers
555942729,2,11,10,0,1,772.19,2019-11-01 00:04:51+00:00,2019-11-01 00:12:37+00:00,High-value users (purchasers)
555954879,1,5,5,0,0,0.0,2019-11-01 02:42:34+00:00,2019-11-01 02:43:22+00:00,Browsers
555967953,1,3,3,0,0,0.0,2019-11-01 02:07:26+00:00,2019-11-01 02:09:36+00:00,Browsers
555970616,1,9,9,0,0,0.0,2019-11-01 02:44:16+00:00,2019-11-01 02:47:42+00:00,Browsers
555970708,1,7,5,0,2,81.86,2019-11-01 01:57:48+00:00,2019-11-01 02:00:02+00:00,High-value users (purchasers)
555978778,2,22,22,0,0,0.0,2019-11-01 01:44:29+00:00,2019-11-01 02:36:55+00:00,Browsers
555995015,1,2,2,0,0,0.0,2019-11-01 02:06:26+00:00,2019-11-01 02:06:50+00:00,Browsers
555999075,1,1,1,0,0,0.0,2019-11-01 01:59:20+00:00,2019-11-01 01:59:20+00:00,Browsers
556000815,1,1,1,0,0,0.0,2019-11-01 02:27:06+00:00,2019-11-01 02:27:06+00:00,Browsers
556004339,1,1,1,0,0,0.0,2019-11-01 01:53:04+00:00,2019-11-01 01:53:04+00:00,Browsers
556013930,1,4,4,0,0,0.0,2019-11-01 02:20:48+00:00,2019-11-01 02:26:15+00:00,Browsers
556019074,1,2,2,0,0,0.0,2019-11-01 01:05:14+00:00,2019-11-01 01:05:40+00:00,Browsers
556039638,2,8,7,0,1,334.11,2019-11-01 01:05:43+00:00,2019-11-01 02:02:04+00:00,High-value users (purchasers)
556046096,1,1,1,0,0,0.0,2019-11-01 00:10:12+00:00,2019-11-01 00:10:12+00:00,Browsers
556053162,1,3,3,0,0,0.0,2019-11-01 01:49:52+00:00,2019-11-01 01:53:04+00:00,Browsers
556057037,1,2,2,0,0,0.0,2019-11-01 00:59:23+00:00,2019-11-01 01:00:32+00:00,Browsers
556059985,1,4,4,0,0,0.0,2019-11-01 01:41:37+00:00,2019-11-01 01:46:47+00:00,Browsers
556066689,1,2,2,0,0,0.0,2019-11-01 02:36:30+00:00,2019-11-01 02:38:15+00:00,Browsers
556078291,1,8,8,0,0,0.0,2019-11-01 02:22:11+00:00,2019-11-01 02:27:55+00:00,Browsers
556088037,2,3,3,0,0,0.0,2019-11-01 02:38:52+00:00,2019-11-01 02:46:56+00:00,Browsers
556114719,1,2,2,0,0,0.0,2019-11-01 02:43:16+00:00,2019-11-01 02:43:41+00:00,Browsers
556119316,1,6,6,0,0,0.0,2019-11-01 00:30:48+00:00,2019-11-01 00:33:08+00:00,Browsers
556121433,2,8,8,0,0,0.0,2019-11-01 01:59:49+00:00,2019-11-01 02:02:26+00:00,Browsers
556142971,1,1,1,0,0,0.0,2019-11-01 01:08:31+00:00,2019-11-01 01:08:31+00:00,Browsers
556148024,1,5,5,0,0,0.0,2019-11-01 01:52:42+00:00,2019-11-01 01:55:51+00:00,Browsers
556199571,1,3,3,0,0,0.0,2019-11-01 00:07:18+00:00,2019-11-01 00:08:51+00:00,Browsers
556201657,1,2,2,0,0,0.0,2019-11-01 00:59:50+00:00,2019-11-01 01:00:26+00:00,Browsers
556203784,1,17,17,0,0,0.0,2019-11-01 02:15:11+00:00,2019-11-01 02:31:02+00:00,Browsers
556205208,1,5,5,0,0,0.0,2019-11-01 00:03:19+00:00,2019-11-01 00:05:07+00:00,Browsers
556209789,1,2,2,0,0,0.0,2019-11-01 02:10:21+00:00,2019-11-01 02:11:08+00:00,Browsers
556212668,1,1,1,0,0,0.0,2019-11-01 02:31:52+00:00,2019-11-01 02:31:52+00:00,Browsers
556220688,1,4,4,0,0,0.0,2019-11-01 02:20:55+00:00,2019-11-01 02:25:22+00:00,Browsers
556226281,1,8,8,0,0,0.0,2019-11-01 00:03:44+00:00,2019-11-01 00:10:34+00:00,Browsers
556240616,1,1,1,0,0,0.0,2019-11-01 01:53:44+00:00,2019-11-01 01:53:44+00:00,Browsers
556257212,1,5,5,0,0,0.0,2019-11-01 00:34:10+00:00,2019-11-01 01:20:16+00:00,Browsers
556258669,3,14,14,0,0,0.0,2019-11-01 01:42:17+00:00,2019-11-01 01:59:27+00:00,Browsers
556261423,1,1,1,0,0,0.0,2019-11-01 02:06:04+00:00,2019-11-01 02:06:04+00:00,Browsers
556263359,1,3,3,0,0,0.0,2019-11-01 02:44:54+00:00,2019-11-01 02:48:26+00:00,Browsers
556263609,1,7,7,0,0,0.0,2019-11-01 02:26:05+00:00,2019-11-01 02:29:28+00:00,Browsers
556308970,2,9,9,0,0,0.0,2019-11-01 02:01:38+00:00,2019-11-01 02:24:27+00:00,Browsers
556311172,1,1,1,0,0,0.0,2019-11-01 01:43:23+00:00,2019-11-01 01:43:23+00:00,Browsers
556313301,1,4,4,0,0,0.0,2019-11-01 02:35:58+00:00,2019-11-01 02:38:10+00:00,Browsers
556325945,2,28,11,13,4,959.1700000000001,2019-11-01 01:54:59+00:00,2019-11-01 02:12:36+00:00,High-value users (purchasers)
556330378,2,2,2,0,0,0.0,2019-11-01 00:49:25+00:00,2019-11-01 01:05:45+00:00,Browsers
556335813,1,7,7,0,0,0.0,2019-11-01 02:08:18+00:00,2019-11-01 02:10:38+00:00,Browsers
556338182,1,1,1,0,0,0.0,2019-11-01 01:32:40+00:00,2019-11-01 01:32:40+00:00,Browsers
556345525,1,6,6,0,0,0.0,2019-11-01 01:54:42+00:00,2019-11-01 01:59:48+00:00,Browsers
556355376,1,4,4,0,0,0.0,2019-11-01 02:35:52+00:00,2019-11-01 02:39:23+00:00,Browsers
556370501,4,7,7,0,0,0.0,2019-11-01 00:32:10+00:00,2019-11-01 01:45:18+00:00,Browsers
556374645,2,5,5,0,0,0.0,2019-11-01 00:52:21+00:00,2019-11-01 00:55:35+00:00,Browsers
556379151,1,1,1,0,0,0.0,2019-11-01 00:23:56+00:00,2019-11-01 00:23:56+00:00,Browsers
556383602,1,1,1,0,0,0.0,2019-11-01 01:50:42+00:00,2019-11-01 01:50:42+00:00,Browsers
556389631,1,2,2,0,0,0.0,2019-11-01 00:51:38+00:00,2019-11-01 00:51:49+00:00,Browsers
556414938,1,15,15,0,0,0.0,2019-11-01 02:33:10+00:00,2019-11-01 02:38:46+00:00,Browsers
556416444,1,1,1,0,0,0.0,2019-11-01 00:41:01+00:00,2019-11-01 00:41:01+00:00,Browsers
556426035,1,2,2,0,0,0.0,2019-11-01 02:22:27+00:00,2019-11-01 02:27:17+00:00,Browsers
556433018,1,1,1,0,0,0.0,2019-11-01 02:17:16+00:00,2019-11-01 02:17:16+00:00,Browsers
556437925,1,1,1,0,0,0.0,2019-11-01 02:41:24+00:00,2019-11-01 02:41:24+00:00,Browsers
556441207,1,1,1,0,0,0.0,2019-11-01 02:20:09+00:00,2019-11-01 02:20:09+00:00,Browsers
556447128,3,27,27,0,0,0.0,2019-11-01 01:25:59+00:00,2019-11-01 01:54:29+00:00,Browsers
556451362,1,1,1,0,0,0.0,2019-11-01 02:48:18+00:00,2019-11-01 02:48:18+00:00,Browsers
556451476,1,4,4,0,0,0.0,2019-11-01 02:09:08+00:00,2019-11-01 02:11:07+00:00,Browsers
556451947,1,1,1,0,0,0.0,2019-11-01 02:09:24+00:00,2019-11-01 02:09:24+00:00,Browsers
556464905,1,1,1,0,0,0.0,2019-11-01 02:43:53+00:00,2019-11-01 02:43:53+00:00,Browsers
556466452,1,3,3,0,0,0.0,2019-11-01 01:54:55+00:00,2019-11-01 01:55:59+00:00,Browsers
556476392,1,2,2,0,0,0.0,2019-11-01 00:15:06+00:00,2019-11-01 00:15:38+00:00,Browsers
556483718,1,2,2,0,0,0.0,2019-11-01 02:00:35+00:00,2019-11-01 02:00:49+00:00,Browsers
556518534,1,11,11,0,0,0.0,2019-11-01 00:18:09+00:00,2019-11-01 00:29:25+00:00,Browsers
556551950,2,6,6,0,0,0.0,2019-11-01 00:35:53+00:00,2019-11-01 00:45:04+00:00,Browsers
556557011,1,1,1,0,0,0.0,2019-11-01 02:23:32+00:00,2019-11-01 02:23:32+00:00,Browsers
556557994,1,6,6,0,0,0.0,2019-11-01 01:52:27+00:00,2019-11-01 01:55:11+00:00,Browsers
556564463,1,3,3,0,0,0.0,2019-11-01 01:48:26+00:00,2019-11-01 01:49:33+00:00,Browsers
556573756,1,1,1,0,0,0.0,2019-11-01 00:27:32+00:00,2019-11-01 00:27:32+00:00,Browsers
556576528,1,1,1,0,0,0.0,2019-11-01 01:42:33+00:00,2019-11-01 01:42:33+00:00,Browsers
556577608,1,1,1,0,0,0.0,2019-11-01 01:04:14+00:00,2019-11-01 01:04:14+00:00,Browsers
556583929,1,3,3,0,0,0.0,2019-11-01 02:45:17+00:00,2019-11-01 02:47:45+00:00,Browsers
556585444,1,3,3,0,0,0.0,2019-11-01 02:42:08+00:00,2019-11-01 02:44:40+00:00,Browsers
556588222,1,4,4,0,0,0.0,2019-11-01 02:45:19+00:00,2019-11-01 02:48:23+00:00,Browsers
556591097,1,1,1,0,0,0.0,2019-11-01 02:13:47+00:00,2019-11-01 02:13:47+00:00,Browsers
556596635,1,10,10,0,0,0.0,2019-11-01 01:40:36+00:00,2019-11-01 01:51:11+00:00,Browsers
556601011,1,21,19,2,0,0.0,2019-11-01 01:53:53+00:00,2019-11-01 02:06:26+00:00,Cart abandoners
556601415,1,5,4,1,0,0.0,2019-11-01 02:26:38+00:00,2019-11-01 02:29:27+00:00,Cart abandoners
556609227,1,2,2,0,0,0.0,2019-11-01 01:49:52+00:00,2019-11-01 01:53:44+00:00,Browsers
556616103,1,1,1,0,0,0.0,2019-11-01 02:36:37+00:00,2019-11-01 02:36:37+00:00,Browsers
556651670,1,1,1,0,0,0.0,2019-11-01 00:27:36+00:00,2019-11-01 00:27:36+00:00,Browsers
556655461,1,8,8,0,0,0.0,2019-11-01 02:19:59+00:00,2019-11-01 02:25:19+00:00,Browsers
556664081,1,8,8,0,0,0.0,2019-11-01 00:47:44+00:00,2019-11-01 01:01:18+00:00,Browsers
556688434,1,8,3,3,2,1077.8899999999999,2019-11-01 02:20:19+00:00,2019-11-01 02:23:10+00:00,High-value users (purchasers)
556696398,1,1,1,0,0,0.0,2019-11-01 01:38:32+00:00,2019-11-01 01:38:32+00:00,Browsers
556699823,1,2,2,0,0,0.0,2019-11-01 02:07:51+00:00,2019-11-01 02:08:21+00:00,Browsers
556701540,1,10,10,0,0,0.0,2019-11-01 01:57:53+00:00,2019-11-01 02:05:23+00:00,Browsers
556703481,2,11,11,0,0,0.0,2019-11-01 01:56:22+00:00,2019-11-01 02:14:30+00:00,Browsers
556716881,1,1,1,0,0,0.0,2019-11-01 02:22:36+00:00,2019-11-01 02:22:36+00:00,Browsers
556718755,1,5,5,0,0,0.0,2019-11-01 02:38:36+00:00,2019-11-01 02:42:09+00:00,Browsers
556727865,3,21,21,0,0,0.0,2019-11-01 00:00:43+00:00,2019-11-01 01:40:31+00:00,Browsers
556733974,1,9,9,0,0,0.0,2019-11-01 02:15:31+00:00,2019-11-01 02:26:11+00:00,Browsers
556735076,1,4,3,0,1,43.73,2019-11-01 00:47:57+00:00,2019-11-01 01:31:45+00:00,High-value users (purchasers)
556739311,1,1,1,0,0,0.0,2019-11-01 02:45:36+00:00,2019-11-01 02:45:36+00:00,Browsers
556745876,1,4,4,0,0,0.0,2019-11-01 00:52:18+00:00,2019-11-01 01:00:13+00:00,Browsers
556747780,1,2,2,0,0,0.0,2019-11-01 01:23:07+00:00,2019-11-01 01:36:37+00:00,Browsers
556750200,1,7,7,0,0,0.0,2019-11-01 01:50:15+00:00,2019-11-01 01:52:37+00:00,Browsers
556754272,1,1,1,0,0,0.0,2019-11-01 02:04:09+00:00,2019-11-01 02:04:09+00:00,Browsers
556764957,1,1,1,0,0,0.0,2019-11-01 01:08:07+00:00,2019-11-01 01:08:07+00:00,Browsers
556765890,1,6,6,0,0,0.0,2019-11-01 01:59:04+00:00,2019-11-01 02:02:30+00:00,Browsers
556797823,1,2,2,0,0,0.0,2019-11-01 01:28:43+00:00,2019-11-01 01:30:23+00:00,Browsers
556804251,1,1,1,0,0,0.0,2019-11-01 02:32:09+00:00,2019-11-01 02:32:09+00:00,Browsers
556813084,1,1,1,0,0,0.0,2019-11-01 01:58:42+00:00,2019-11-01 01:58:42+00:00,Browsers
556828682,1,1,1,0,0,0.0,2019-11-01 02:05:10+00:00,2019-11-01 02:05:10+00:00,Browsers
556829769,1,4,4,0,0,0.0,2019-11-01 02:00:48+00:00,2019-11-01 02:03:44+00:00,Browsers
556869057,1,1,1,0,0,0.0,2019-11-01 00:34:38+00:00,2019-11-01 00:34:38+00:00,Browsers
556878116,1,3,3,0,0,0.0,2019-11-01 00:40:18+00:00,2019-11-01 00:41:11+00:00,Browsers
556880343,1,3,3,0,0,0.0,2019-11-01 02:21:55+00:00,2019-11-01 02:24:09+00:00,Browsers
556884074,1,3,3,0,0,0.0,2019-11-01 00:26:51+00:00,2019-11-01 00:28:24+00:00,Browsers
556885332,1,5,5,0,0,0.0,2019-11-01 01:33:32+00:00,2019-11-01 01:35:34+00:00,Browsers
556886471,1,3,2,0,1,56.6,2019-11-01 02:35:04+00:00,2019-11-01 02:38:50+00:00,High-value users (purchasers)
556889360,1,3,3,0,0,0.0,2019-11-01 02:06:58+00:00,2019-11-01 02:07:45+00:00,Browsers
556892266,1,2,2,0,0,0.0,2019-11-01 02:42:55+00:00,2019-11-01 02:44:12+00:00,Browsers
556898663,1,1,1,0,0,0.0,2019-11-01 02:41:55+00:00,2019-11-01 02:41:55+00:00,Browsers
556903718,1,1,1,0,0,0.0,2019-11-01 01:08:15+00:00,2019-11-01 01:08:15+00:00,Browsers
556905199,2,5,5,0,0,0.0,2019-11-01 02:31:07+00:00,2019-11-01 02:42:49+00:00,Browsers
556905691,2,15,15,0,0,0.0,2019-11-01 02:33:49+00:00,2019-11-01 02:47:09+00:00,Browsers
556906975,1,3,3,0,0,0.0,2019-11-01 02:28:02+00:00,2019-11-01 02:32:51+00:00,Browsers
556917710,1,4,4,0,0,0.0,2019-11-01 02:23:03+00:00,2019-11-01 02:25:50+00:00,Browsers
556919067,1,1,1,0,0,0.0,2019-11-01 02:29:16+00:00,2019-11-01 02:29:16+00:00,Browsers
556921290,1,4,4,0,0,0.0,2019-11-01 02:24:45+00:00,2019-11-01 02:28:42+00:00,Browsers
556924927,1,2,2,0,0,0.0,2019-11-01 01:24:47+00:00,2019-11-01 01:25:32+00:00,Browsers
556925560,1,1,1,0,0,0.0,2019-11-01 01:30:03+00:00,2019-11-01 01:30:03+00:00,Browsers
556926861,5,8,7,0,1,140.82,2019-11-01 01:25:13+00:00,2019-11-01 02:22:15+00:00,High-value users (purchasers)
556928199,1,1,1,0,0,0.0,2019-11-01 00:37:43+00:00,2019-11-01 00:37:43+00:00,Browsers
556928378,1,1,1,0,0,0.0,2019-11-01 00:32:06+00:00,2019-11-01 00:32:06+00:00,Browsers
556935922,1,9,9,0,0,0.0,2019-11-01 00:32:07+00:00,2019-11-01 00:39:32+00:00,Browsers
556936796,1,9,8,0,1,18.87,2019-11-01 02:30:29+00:00,2019-11-01 02:38:58+00:00,High-value users (purchasers)
556948093,1,1,1,0,0,0.0,2019-11-01 02:35:54+00:00,2019-11-01 02:35:54+00:00,Browsers
556958704,1,9,8,0,1,102.94,2019-11-01 00:50:03+00:00,2019-11-01 00:53:32+00:00,High-value users (purchasers)
556972876,1,14,14,0,0,0.0,2019-11-01 01:50:47+00:00,2019-11-01 02:12:27+00:00,Browsers
556989069,1,12,11,0,1,223.17,2019-11-01 02:34:45+00:00,2019-11-01 02:46:35+00:00,High-value users (purchasers)
556991245,1,5,5,0,0,0.0,2019-11-01 02:14:01+00:00,2019-11-01 02:15:57+00:00,Browsers
557016168,1,3,2,0,1,128.42,2019-11-01 01:26:36+00:00,2019-11-01 01:27:54+00:00,High-value users (purchasers)
557016675,1,3,3,0,0,0.0,2019-11-01 02:31:16+00:00,2019-11-01 02:35:50+00:00,Browsers
557018283,1,1,1,0,0,0.0,2019-11-01 02:26:58+00:00,2019-11-01 02:26:58+00:00,Browsers
557024273,1,4,4,0,0,0.0,2019-11-01 01:42:55+00:00,2019-11-01 01:44:39+00:00,Browsers
557032307,1,9,9,0,0,0.0,2019-11-01 02:27:01+00:00,2019-11-01 02:33:55+00:00,Browsers
557044952,1,4,4,0,0,0.0,2019-11-01 01:41:41+00:00,2019-11-01 01:44:40+00:00,Browsers
557045210,1,2,2,0,0,0.0,2019-11-01 02:30:21+00:00,2019-11-01 02:32:02+00:00,Browsers
557057868,1,1,1,0,0,0.0,2019-11-01 02:45:35+00:00,2019-11-01 02:45:35+00:00,Browsers
557058294,1,1,1,0,0,0.0,2019-11-01 02:07:03+00:00,2019-11-01 02:07:03+00:00,Browsers
557081233,2,2,2,0,0,0.0,2019-11-01 01:59:17+00:00,2019-11-01 02:00:24+00:00,Browsers
557091109,1,5,5,0,0,0.0,2019-11-01 01:35:54+00:00,2019-11-01 01:38:56+00:00,Browsers
557099468,1,8,8,0,0,0.0,2019-11-01 01:30:19+00:00,2019-11-01 01:43:15+00:00,Browsers
557108954,1,2,2,0,0,0.0,2019-11-01 02:47:34+00:00,2019-11-01 02:48:22+00:00,Browsers
557158873,1,1,1,0,0,0.0,2019-11-01 02:47:00+00:00,2019-11-01 02:47:00+00:00,Browsers
557188651,1,1,1,0,0,0.0,2019-11-01 02:13:54+00:00,2019-11-01 02:13:54+00:00,Browsers
557198689,1,1,1,0,0,0.0,2019-11-01 00:26:57+00:00,2019-11-01 00:26:57+00:00,Browsers
557201002,1,1,1,0,0,0.0,2019-11-01 02:02:41+00:00,2019-11-01 02:02:41+00:00,Browsers
557207944,1,1,1,0,0,0.0,2019-11-01 02:17:44+00:00,2019-11-01 02:17:44+00:00,Browsers
557212976,2,83,83,0,0,0.0,2019-11-01 01:30:35+00:00,2019-11-01 02:34:30+00:00,Browsers
557215255,1,8,8,0,0,0.0,2019-11-01 00:55:41+00:00,2019-11-01 01:04:33+00:00,Browsers
557216660,1,1,1,0,0,0.0,2019-11-01 01:06:04+00:00,2019-11-01 01:06:04+00:00,Browsers
557216783,1,1,1,0,0,0.0,2019-11-01 02:29:11+00:00,2019-11-01 02:29:11+00:00,Browsers
557219496,1,11,11,0,0,0.0,2019-11-01 02:38:08+00:00,2019-11-01 02:47:36+00:00,Browsers
557226213,1,1,1,0,0,0.0,2019-11-01 01:47:04+00:00,2019-11-01 01:47:04+00:00,Browsers
557231170,1,4,4,0,0,0.0,2019-11-01 02:36:23+00:00,2019-11-01 02:38:00+00:00,Browsers
557241069,1,5,5,0,0,0.0,2019-11-01 02:31:54+00:00,2019-11-01 02:33:25+00:00,Browsers
557243946,1,1,1,0,0,0.0,2019-11-01 00:28:19+00:00,2019-11-01 00:28:19+00:00,Browsers
557258993,1,20,20,0,0,0.0,2019-11-01 00:20:28+00:00,2019-11-01 00:46:47+00:00,Browsers
557260586,1,1,1,0,0,0.0,2019-11-01 01:08:26+00:00,2019-11-01 01:08:26+00:00,Browsers
557265971,1,5,5,0,0,0.0,2019-11-01 02:14:11+00:00,2019-11-01 02:39:00+00:00,Browsers
557273811,2,2,2,0,0,0.0,2019-11-01 01:05:58+00:00,2019-11-01 01:06:52+00:00,Browsers
557278708,1,1,1,0,0,0.0,2019-11-01 01:37:56+00:00,2019-11-01 01:37:56+00:00,Browsers
557279308,2,11,11,0,0,0.0,2019-11-01 01:31:00+00:00,2019-11-01 01:46:58+00:00,Browsers
557285166,1,4,2,2,0,0.0,2019-11-01 01:03:26+00:00,2019-11-01 01:04:16+00:00,Cart abandoners
557295186,1,1,1,0,0,0.0,2019-11-01 01:02:39+00:00,2019-11-01 01:02:39+00:00,Browsers
557298489,1,1,1,0,0,0.0,2019-11-01 02:15:11+00:00,2019-11-01 02:15:11+00:00,Browsers
557311182,1,2,2,0,0,0.0,2019-11-01 02:43:15+00:00,2019-11-01 02:44:39+00:00,Browsers
557325379,1,2,2,0,0,0.0,2019-11-01 01:26:12+00:00,2019-11-01 01:26:18+00:00,Browsers
557330216,1,15,15,0,0,0.0,2019-11-01 02:22:10+00:00,2019-11-01 02:29:24+00:00,Browsers
557332447,1,3,2,1,0,0.0,2019-11-01 00:41:39+00:00,2019-11-01 00:42:36+00:00,Cart abandoners
557335901,1,1,1,0,0,0.0,2019-11-01 02:06:31+00:00,2019-11-01 02:06:31+00:00,Browsers
557337461,1,9,9,0,0,0.0,2019-11-01 00:33:25+00:00,2019-11-01 00:39:37+00:00,Browsers
557339449,1,2,2,0,0,0.0,2019-11-01 01:34:23+00:00,2019-11-01 01:35:28+00:00,Browsers
557359974,1,7,7,0,0,0.0,2019-11-01 00:59:18+00:00,2019-11-01 01:02:37+00:00,Browsers
557360054,2,18,18,0,0,0.0,2019-11-01 01:25:36+00:00,2019-11-01 01:44:08+00:00,Browsers
557372887,1,1,1,0,0,0.0,2019-11-01 02:31:53+00:00,2019-11-01 02:31:53+00:00,Browsers
557376759,1,1,1,0,0,0.0,2019-11-01 01:04:40+00:00,2019-11-01 01:04:40+00:00,Browsers
557379581,1,2,2,0,0,0.0,2019-11-01 02:45:23+00:00,2019-11-01 02:45:28+00:00,Browsers
557382257,1,7,7,0,0,0.0,2019-11-01 02:22:10+00:00,2019-11-01 02:27:19+00:00,Browsers
557382400,1,2,2,0,0,0.0,2019-11-01 02:21:51+00:00,2019-11-01 02:22:46+00:00,Browsers
557382654,2,4,4,0,0,0.0,2019-11-01 02:10:21+00:00,2019-11-01 02:47:55+00:00,Browsers
557399655,1,1,1,0,0,0.0,2019-11-01 01:49:51+00:00,2019-11-01 01:49:51+00:00,Browsers
557399679,1,1,1,0,0,0.0,2019-11-01 02:07:21+00:00,2019-11-01 02:07:21+00:00,Browsers
557530559,1,14,11,2,1,107.45,2019-11-01 00:26:38+00:00,2019-11-01 00:35:06+00:00,High-value users (purchasers)
557541773,2,2,2,0,0,0.0,2019-11-01 00:54:32+00:00,2019-11-01 01:04:44+00:00,Browsers
557544779,1,3,3,0,0,0.0,2019-11-01 01:06:55+00:00,2019-11-01 01:09:00+00:00,Browsers
557550674,1,1,1,0,0,0.0,2019-11-01 01:34:05+00:00,2019-11-01 01:34:05+00:00,Browsers
557552602,1,4,4,0,0,0.0,2019-11-01 01:40:26+00:00,2019-11-01 01:43:33+00:00,Browsers
557560719,1,1,1,0,0,0.0,2019-11-01 02:45:07+00:00,2019-11-01 02:45:07+00:00,Browsers
557562301,1,2,2,0,0,0.0,2019-11-01 00:19:27+00:00,2019-11-01 00:37:27+00:00,Browsers
557568333,1,9,9,0,0,0.0,2019-11-01 01:29:14+00:00,2019-11-01 01:35:25+00:00,Browsers
557569541,1,7,7,0,0,0.0,2019-11-01 01:46:02+00:00,2019-11-01 01:49:10+00:00,Browsers
557571421,2,2,2,0,0,0.0,2019-11-01 02:29:04+00:00,2019-11-01 02:29:42+00:00,Browsers
557576641,2,3,3,0,0,0.0,2019-11-01 02:29:47+00:00,2019-11-01 02:48:26+00:00,Browsers
557576942,1,4,4,0,0,0.0,2019-11-01 02:44:15+00:00,2019-11-01 02:48:04+00:00,Browsers
557579665,1,9,9,0,0,0.0,2019-11-01 02:31:40+00:00,2019-11-01 02:48:16+00:00,Browsers
557587789,1,10,10,0,0,0.0,2019-11-01 02:32:10+00:00,2019-11-01 02:42:43+00:00,Browsers
557588327,1,1,1,0,0,0.0,2019-11-01 02:47:30+00:00,2019-11-01 02:47:30+00:00,Browsers
557593935,1,5,5,0,0,0.0,2019-11-01 02:44:31+00:00,2019-11-01 02:48:07+00:00,Browsers
557607822,1,1,1,0,0,0.0,2019-11-01 00:20:59+00:00,2019-11-01 00:20:59+00:00,Browsers
557612667,1,1,1,0,0,0.0,2019-11-01 02:40:36+00:00,2019-11-01 02:40:36+00:00,Browsers
557644378,1,2,2,0,0,0.0,2019-11-01 01:59:14+00:00,2019-11-01 01:59:52+00:00,Browsers
557673447,2,42,42,0,0,0.0,2019-11-01 00:22:07+00:00,2019-11-01 00:46:27+00:00,Browsers
557701202,1,1,1,0,0,0.0,2019-11-01 01:36:09+00:00,2019-11-01 01:36:09+00:00,Browsers
557701553,1,1,1,0,0,0.0,2019-11-01 00:19:21+00:00,2019-11-01 00:19:21+00:00,Browsers
557706153,1,1,1,0,0,0.0,2019-11-01 01:31:50+00:00,2019-11-01 01:31:50+00:00,Browsers
557712797,1,1,1,0,0,0.0,2019-11-01 01:23:28+00:00,2019-11-01 01:23:28+00:00,Browsers
557729107,2,5,5,0,0,0.0,2019-11-01 01:32:40+00:00,2019-11-01 01:38:11+00:00,Browsers
557733516,1,4,4,0,0,0.0,2019-11-01 02:41:56+00:00,2019-11-01 02:44:14+00:00,Browsers
557738166,1,2,2,0,0,0.0,2019-11-01 02:28:17+00:00,2019-11-01 02:28:51+00:00,Browsers
557746614,1,25,11,7,7,3421.6,2019-11-01 00:02:56+00:00,2019-11-01 00:20:20+00:00,High-value users (purchasers)
557748732,1,1,1,0,0,0.0,2019-11-01 00:53:43+00:00,2019-11-01 00:53:43+00:00,Browsers
557755036,1,3,2,1,0,0.0,2019-11-01 02:18:31+00:00,2019-11-01 02:20:36+00:00,Cart abandoners
557760558,2,11,8,1,2,344.46,2019-11-01 02:35:56+00:00,2019-11-01 02:48:23+00:00,High-value users (purchasers)
557769795,1,1,1,0,0,0.0,2019-11-01 00:24:20+00:00,2019-11-01 00:24:20+00:00,Browsers
557789822,1,1,1,0,0,0.0,2019-11-01 02:02:01+00:00,2019-11-01 02:02:01+00:00,Browsers
557790455,1,4,4,0,0,0.0,2019-11-01 02:31:31+00:00,2019-11-01 02:33:41+00:00,Browsers
557799444,1,1,1,0,0,0.0,2019-11-01 00:00:46+00:00,2019-11-01 00:00:46+00:00,Browsers
557830732,1,2,2,0,0,0.0,2019-11-01 01:29:13+00:00,2019-11-01 01:29:16+00:00,Browsers
557839915,1,2,1,1,0,0.0,2019-11-01 00:13:54+00:00,2019-11-01 00:14:23+00:00,Cart abandoners
557873658,1,4,4,0,0,0.0,2019-11-01 00:43:28+00:00,2019-11-01 00:46:45+00:00,Browsers
557876363,1,3,3,0,0,0.0,2019-11-01 00:33:58+00:00,2019-11-01 00:35:46+00:00,Browsers
557880750,2,4,4,0,0,0.0,2019-11-01 01:26:04+00:00,2019-11-01 01:35:07+00:00,Browsers
557882207,2,5,5,0,0,0.0,2019-11-01 01:40:55+00:00,2019-11-01 01:44:13+00:00,Browsers
557888508,1,8,8,0,0,0.0,2019-11-01 02:33:59+00:00,2019-11-01 02:39:42+00:00,Browsers
557892653,1,1,1,0,0,0.0,2019-11-01 00:31:45+00:00,2019-11-01 00:31:45+00:00,Browsers
557896761,2,3,3,0,0,0.0,2019-11-01 01:02:49+00:00,2019-11-01 01:06:02+00:00,Browsers
557903362,1,2,2,0,0,0.0,2019-11-01 02:42:03+00:00,2019-11-01 02:42:35+00:00,Browsers
557919944,1,1,1,0,0,0.0,2019-11-01 01:47:34+00:00,2019-11-01 01:47:34+00:00,Browsers
557921423,2,6,6,0,0,0.0,2019-11-01 02:36:27+00:00,2019-11-01 02:41:46+00:00,Browsers
557926913,2,5,5,0,0,0.0,2019-11-01 01:29:41+00:00,2019-11-01 01:59:01+00:00,Browsers
557927025,1,1,1,0,0,0.0,2019-11-01 02:34:11+00:00,2019-11-01 02:34:11+00:00,Browsers
557940488,1,5,5,0,0,0.0,2019-11-01 02:21:32+00:00,2019-11-01 02:28:43+00:00,Browsers
557948316,1,3,2,0,1,4.09,2019-11-01 01:56:07+00:00,2019-11-01 01:58:29+00:00,High-value users (purchasers)
557949864,1,7,7,0,0,0.0,2019-11-01 01:58:59+00:00,2019-11-01 02:08:32+00:00,Browsers
557955478,1,1,1,0,0,0.0,2019-11-01 02:23:42+00:00,2019-11-01 02:23:42+00:00,Browsers
557956152,1,3,3,0,0,0.0,2019-11-01 02:12:08+00:00,2019-11-01 02:20:27+00:00,Browsers
557960260,1,1,1,0,0,0.0,2019-11-01 00:48:59+00:00,2019-11-01 00:48:59+00:00,Browsers
557961740,1,3,3,0,0,0.0,2019-11-01 02:03:18+00:00,2019-11-01 02:10:08+00:00,Browsers
557963972,2,2,2,0,0,0.0,2019-11-01 01:43:56+00:00,2019-11-01 01:43:57+00:00,Browsers
557968065,1,4,4,0,0,0.0,2019-11-01 01:04:21+00:00,2019-11-01 01:08:11+00:00,Browsers
557977163,1,23,23,0,0,0.0,2019-11-01 02:25:41+00:00,2019-11-01 02:38:27+00:00,Browsers
557984208,1,1,1,0,0,0.0,2019-11-01 02:08:29+00:00,2019-11-01 02:08:29+00:00,Browsers
557985622,1,1,1,0,0,0.0,2019-11-01 02:11:07+00:00,2019-11-01 02:11:07+00:00,Browsers
557987668,1,1,1,0,0,0.0,2019-11-01 02:41:57+00:00,2019-11-01 02:41:57+00:00,Browsers
557993793,1,17,17,0,0,0.0,2019-11-01 01:59:02+00:00,2019-11-01 02:08:50+00:00,Browsers
557994805,1,6,3,2,1,458.28,2019-11-01 00:29:49+00:00,2019-11-01 00:34:49+00:00,High-value users (purchasers)
558001306,1,13,13,0,0,0.0,2019-11-01 02:13:51+00:00,2019-11-01 02:20:02+00:00,Browsers
558002914,2,3,3,0,0,0.0,2019-11-01 01:57:51+00:00,2019-11-01 02:25:37+00:00,Browsers
558009149,1,1,1,0,0,0.0,2019-11-01 00:17:01+00:00,2019-11-01 00:17:01+00:00,Browsers
558011437,1,1,1,0,0,0.0,2019-11-01 02:35:57+00:00,2019-11-01 02:35:57+00:00,Browsers
558011490,1,1,1,0,0,0.0,2019-11-01 02:09:17+00:00,2019-11-01 02:09:17+00:00,Browsers
558028016,2,8,8,0,0,0.0,2019-11-01 00:54:18+00:00,2019-11-01 01:05:49+00:00,Browsers
558042578,1,1,1,0,0,0.0,2019-11-01 02:35:39+00:00,2019-11-01 02:35:39+00:00,Browsers
558058989,1,9,9,0,0,0.0,2019-11-01 02:26:19+00:00,2019-11-01 02:35:44+00:00,Browsers
558064811,1,9,9,0,0,0.0,2019-11-01 02:01:51+00:00,2019-11-01 02:19:29+00:00,Browsers
558070184,2,2,2,0,0,0.0,2019-11-01 00:14:18+00:00,2019-11-01 02:12:12+00:00,Browsers
558070265,1,1,1,0,0,0.0,2019-11-01 02:02:08+00:00,2019-11-01 02:02:08+00:00,Browsers
558073775,1,2,2,0,0,0.0,2019-11-01 02:47:05+00:00,2019-11-01 02:48:00+00:00,Browsers
558077182,1,3,3,0,0,0.0,2019-11-01 02:15:47+00:00,2019-11-01 02:16:40+00:00,Browsers
558087202,1,1,1,0,0,0.0,2019-11-01 02:42:42+00:00,2019-11-01 02:42:42+00:00,Browsers
558092104,1,2,2,0,0,0.0,2019-11-01 02:33:40+00:00,2019-11-01 02:34:41+00:00,Browsers
558099508,1,2,1,0,1,110.36,2019-11-01 02:07:45+00:00,2019-11-01 02:09:02+00:00,High-value users (purchasers)
558102454,1,1,1,0,0,0.0,2019-11-01 02:44:14+00:00,2019-11-01 02:44:14+00:00,Browsers
558104314,1,1,1,0,0,0.0,2019-11-01 02:09:29+00:00,2019-11-01 02:09:29+00:00,Browsers
558107675,1,18,18,0,0,0.0,2019-11-01 01:46:01+00:00,2019-11-01 01:56:02+00:00,Browsers
558123028,1,1,1,0,0,0.0,2019-11-01 02:48:18+00:00,2019-11-01 02:48:18+00:00,Browsers
558136717,1,25,25,0,0,0.0,2019-11-01 02:35:25+00:00,2019-11-01 02:48:17+00:00,Browsers
558140496,1,2,2,0,0,0.0,2019-11-01 00:44:08+00:00,2019-11-01 00:44:36+00:00,Browsers
558146951,1,6,6,0,0,0.0,2019-11-01 02:28:06+00:00,2019-11-01 02:30:40+00:00,Browsers
558149659,1,1,1,0,0,0.0,2019-11-01 02:13:04+00:00,2019-11-01 02:13:04+00:00,Browsers
558156625,1,1,1,0,0,0.0,2019-11-01 02:07:49+00:00,2019-11-01 02:07:49+00:00,Browsers
558170239,1,25,25,0,0,0.0,2019-11-01 01:49:40+00:00,2019-11-01 02:27:48+00:00,Browsers
558171818,1,3,3,0,0,0.0,2019-11-01 01:08:14+00:00,2019-11-01 01:09:24+00:00,Browsers
558177949,1,10,10,0,0,0.0,2019-11-01 02:26:49+00:00,2019-11-01 02:36:31+00:00,Browsers
558209426,1,1,1,0,0,0.0,2019-11-01 01:55:25+00:00,2019-11-01 01:55:25+00:00,Browsers
558245284,1,1,1,0,0,0.0,2019-11-01 02:00:03+00:00,2019-11-01 02:00:03+00:00,Browsers
558257778,1,1,1,0,0,0.0,2019-11-01 01:53:32+00:00,2019-11-01 01:53:32+00:00,Browsers
558264219,1,3,3,0,0,0.0,2019-11-01 01:32:51+00:00,2019-11-01 01:42:15+00:00,Browsers
558264882,1,5,5,0,0,0.0,2019-11-01 01:05:32+00:00,2019-11-01 01:08:10+00:00,Browsers
558282587,1,1,1,0,0,0.0,2019-11-01 00:22:19+00:00,2019-11-01 00:22:19+00:00,Browsers
558283856,1,7,7,0,0,0.0,2019-11-01 01:57:20+00:00,2019-11-01 02:05:29+00:00,Browsers
558285687,1,14,14,0,0,0.0,2019-11-01 01:56:25+00:00,2019-11-01 02:09:00+00:00,Browsers
558286033,1,11,11,0,0,0.0,2019-11-01 02:31:18+00:00,2019-11-01 02:48:03+00:00,Browsers
558290945,1,1,1,0,0,0.0,2019-11-01 02:16:47+00:00,2019-11-01 02:16:47+00:00,Browsers
558292291,1,1,1,0,0,0.0,2019-11-01 02:47:58+00:00,2019-11-01 02:47:58+00:00,Browsers
558293231,1,1,1,0,0,0.0,2019-11-01 01:33:30+00:00,2019-11-01 01:33:30+00:00,Browsers
558297538,1,1,1,0,0,0.0,2019-11-01 01:03:07+00:00,2019-11-01 01:03:07+00:00,Browsers
558313665,1,2,2,0,0,0.0,2019-11-01 02:10:24+00:00,2019-11-01 02:11:35+00:00,Browsers
558314765,1,1,1,0,0,0.0,2019-11-01 01:55:55+00:00,2019-11-01 01:55:55+00:00,Browsers
558342153,1,1,1,0,0,0.0,2019-11-01 02:39:46+00:00,2019-11-01 02:39:46+00:00,Browsers
558343854,1,5,5,0,0,0.0,2019-11-01 00:02:22+00:00,2019-11-01 00:04:14+00:00,Browsers
558345718,1,9,8,0,1,43.98,2019-11-01 02:25:14+00:00,2019-11-01 02:30:36+00:00,High-value users (purchasers)
558353974,1,1,1,0,0,0.0,2019-11-01 02:38:16+00:00,2019-11-01 02:38:16+00:00,Browsers
558355438,1,1,1,0,0,0.0,2019-11-01 01:49:53+00:00,2019-11-01 01:49:53+00:00,Browsers
558369749,1,5,5,0,0,0.0,2019-11-01 02:31:01+00:00,2019-11-01 02:35:15+00:00,Browsers
558385576,1,1,1,0,0,0.0,2019-11-01 02:13:56+00:00,2019-11-01 02:13:56+00:00,Browsers
558403058,2,4,4,0,0,0.0,2019-11-01 02:29:46+00:00,2019-11-01 02:46:20+00:00,Browsers
558413070,1,1,1,0,0,0.0,2019-11-01 01:44:56+00:00,2019-11-01 01:44:56+00:00,Browsers
558419175,1,1,1,0,0,0.0,2019-11-01 01:27:40+00:00,2019-11-01 01:27:40+00:00,Browsers
558429249,1,5,5,0,0,0.0,2019-11-01 02:38:54+00:00,2019-11-01 02:43:44+00:00,Browsers
558429687,2,4,4,0,0,0.0,2019-11-01 00:42:28+00:00,2019-11-01 00:52:51+00:00,Browsers
558434103,2,7,7,0,0,0.0,2019-11-01 01:34:23+00:00,2019-11-01 02:01:31+00:00,Browsers
558434322,1,3,3,0,0,0.0,2019-11-01 02:45:01+00:00,2019-11-01 02:47:52+00:00,Browsers
558439221,2,13,12,0,1,66.9,2019-11-01 01:28:09+00:00,2019-11-01 01:43:30+00:00,High-value users (purchasers)
558458883,1,1,1,0,0,0.0,2019-11-01 02:03:48+00:00,2019-11-01 02:03:48+00:00,Browsers
558465445,1,1,1,0,0,0.0,2019-11-01 01:55:42+00:00,2019-11-01 01:55:42+00:00,Browsers
558483623,1,5,5,0,0,0.0,2019-11-01 01:32:20+00:00,2019-11-01 01:37:07+00:00,Browsers
558531153,1,1,1,0,0,0.0,2019-11-01 02:43:13+00:00,2019-11-01 02:43:13+00:00,Browsers
558531246,1,1,1,0,0,0.0,2019-11-01 01:59:53+00:00,2019-11-01 01:59:53+00:00,Browsers
558537326,1,1,1,0,0,0.0,2019-11-01 02:18:01+00:00,2019-11-01 02:18:01+00:00,Browsers
558544775,2,4,4,0,0,0.0,2019-11-01 02:21:02+00:00,2019-11-01 02:30:24+00:00,Browsers
558546999,1,1,1,0,0,0.0,2019-11-01 02:38:21+00:00,2019-11-01 02:38:21+00:00,Browsers
558607178,1,2,2,0,0,0.0,2019-11-01 02:18:38+00:00,2019-11-01 02:19:36+00:00,Browsers
558620994,1,5,5,0,0,0.0,2019-11-01 02:32:08+00:00,2019-11-01 02:35:52+00:00,Browsers
558639276,1,5,5,0,0,0.0,2019-11-01 02:30:14+00:00,2019-11-01 02:44:45+00:00,Browsers
558639910,1,2,2,0,0,0.0,2019-11-01 02:21:37+00:00,2019-11-01 02:21:55+00:00,Browsers
558642189,8,8,8,0,0,0.0,2019-11-01 02:05:01+00:00,2019-11-01 02:08:44+00:00,Browsers
558643741,2,2,2,0,0,0.0,2019-11-01 02:33:51+00:00,2019-11-01 02:36:29+00:00,Browsers
558644130,1,2,2,0,0,0.0,2019-11-01 02:40:08+00:00,2019-11-01 02:40:53+00:00,Browsers
558645026,1,14,14,0,0,0.0,2019-11-01 01:44:00+00:00,2019-11-01 01:51:37+00:00,Browsers
558647667,2,25,25,0,0,0.0,2019-11-01 01:46:17+00:00,2019-11-01 02:15:20+00:00,Browsers
558653373,1,1,1,0,0,0.0,2019-11-01 01:51:25+00:00,2019-11-01 01:51:25+00:00,Browsers
558659029,1,5,5,0,0,0.0,2019-11-01 01:38:35+00:00,2019-11-01 01:46:04+00:00,Browsers
558667896,1,1,1,0,0,0.0,2019-11-01 00:46:24+00:00,2019-11-01 00:46:24+00:00,Browsers
558668544,1,1,1,0,0,0.0,2019-11-01 01:48:16+00:00,2019-11-01 01:48:16+00:00,Browsers
558685244,1,6,6,0,0,0.0,2019-11-01 01:45:00+00:00,2019-11-01 01:51:19+00:00,Browsers
558691582,1,15,15,0,0,0.0,2019-11-01 01:58:05+00:00,2019-11-01 02:10:53+00:00,Browsers
558698483,4,38,33,1,4,3286.18,2019-11-01 02:01:24+00:00,2019-11-01 02:45:53+00:00,High-value users (purchasers)
558700495,1,2,2,0,0,0.0,2019-11-01 02:04:32+00:00,2019-11-01 02:05:55+00:00,Browsers
558705860,3,13,9,1,3,1995.94,2019-11-01 01:58:44+00:00,2019-11-01 02:29:10+00:00,High-value users (purchasers)
558708113,1,1,1,0,0,0.0,2019-11-01 01:45:29+00:00,2019-11-01 01:45:29+00:00,Browsers
558710419,1,3,1,1,1,205.67,2019-11-01 02:37:59+00:00,2019-11-01 02:45:15+00:00,High-value users (purchasers)
558712090,1,5,3,1,1,242.63,2019-11-01 02:45:23+00:00,2019-11-01 02:47:10+00:00,High-value users (purchasers)
558717313,1,3,3,0,0,0.0,2019-11-01 01:00:05+00:00,2019-11-01 01:04:37+00:00,Browsers
558722358,1,2,2,0,0,0.0,2019-11-01 00:21:19+00:00,2019-11-01 00:24:07+00:00,Browsers
558722609,1,4,4,0,0,0.0,2019-11-01 01:02:00+00:00,2019-11-01 01:06:05+00:00,Browsers
558725158,1,9,9,0,0,0.0,2019-11-01 00:53:51+00:00,2019-11-01 01:01:36+00:00,Browsers
558726315,1,1,1,0,0,0.0,2019-11-01 00:03:05+00:00,2019-11-01 00:03:05+00:00,Browsers
558729735,1,1,1,0,0,0.0,2019-11-01 01:52:28+00:00,2019-11-01 01:52:28+00:00,Browsers
558730130,1,4,4,0,0,0.0,2019-11-01 02:29:20+00:00,2019-11-01 02:31:08+00:00,Browsers
558732924,1,4,4,0,0,0.0,2019-11-01 00:32:41+00:00,2019-11-01 00:37:31+00:00,Browsers
558749254,1,1,1,0,0,0.0,2019-11-01 00:16:36+00:00,2019-11-01 00:16:36+00:00,Browsers
558771530,1,2,2,0,0,0.0,2019-11-01 02:40:29+00:00,2019-11-01 02:41:28+00:00,Browsers
558777839,1,1,1,0,0,0.0,2019-11-01 02:47:15+00:00,2019-11-01 02:47:15+00:00,Browsers
558787133,1,1,1,0,0,0.0,2019-11-01 02:38:47+00:00,2019-11-01 02:38:47+00:00,Browsers
558791229,1,7,7,0,0,0.0,2019-11-01 02:33:56+00:00,2019-11-01 02:47:38+00:00,Browsers
558818683,1,9,9,0,0,0.0,2019-11-01 00:53:44+00:00,2019-11-01 00:57:34+00:00,Browsers
558820056,1,1,1,0,0,0.0,2019-11-01 02:47:24+00:00,2019-11-01 02:47:24+00:00,Browsers
558825572,1,1,1,0,0,0.0,2019-11-01 00:16:27+00:00,2019-11-01 00:16:27+00:00,Browsers
558831494,1,6,6,0,0,0.0,2019-11-01 01:37:47+00:00,2019-11-01 01:46:50+00:00,Browsers
558848041,1,2,2,0,0,0.0,2019-11-01 00:19:42+00:00,2019-11-01 00:21:09+00:00,Browsers
558850088,1,2,2,0,0,0.0,2019-11-01 00:34:09+00:00,2019-11-01 00:35:19+00:00,Browsers
558854147,1,1,1,0,0,0.0,2019-11-01 01:02:14+00:00,2019-11-01 01:02:14+00:00,Browsers
558856683,1,3,3,0,0,0.0,2019-11-01 00:00:01+00:00,2019-11-01 00:02:23+00:00,Browsers
558857248,1,1,1,0,0,0.0,2019-11-01 02:40:48+00:00,2019-11-01 02:40:48+00:00,Browsers
558865898,1,1,1,0,0,0.0,2019-11-01 00:50:45+00:00,2019-11-01 00:50:45+00:00,Browsers
558871804,3,15,15,0,0,0.0,2019-11-01 02:14:11+00:00,2019-11-01 02:29:17+00:00,Browsers
558927061,1,1,1,0,0,0.0,2019-11-01 00:42:01+00:00,2019-11-01 00:42:01+00:00,Browsers
558959900,3,15,15,0,0,0.0,2019-11-01 01:00:35+00:00,2019-11-01 02:24:52+00:00,Browsers
558966885,1,3,3,0,0,0.0,2019-11-01 01:38:01+00:00,2019-11-01 01:48:27+00:00,Browsers
558979854,1,1,1,0,0,0.0,2019-11-01 02:18:41+00:00,2019-11-01 02:18:41+00:00,Browsers
558981013,2,5,5,0,0,0.0,2019-11-01 02:18:20+00:00,2019-11-01 02:28:36+00:00,Browsers
558982476,2,4,4,0,0,0.0,2019-11-01 02:14:40+00:00,2019-11-01 02:18:19+00:00,Browsers
558986478,2,6,6,0,0,0.0,2019-11-01 01:53:18+00:00,2019-11-01 01:58:11+00:00,Browsers
558991632,1,1,1,0,0,0.0,2019-11-01 01:45:28+00:00,2019-11-01 01:45:28+00:00,Browsers
558992200,1,1,1,0,0,0.0,2019-11-01 01:56:36+00:00,2019-11-01 01:56:36+00:00,Browsers
558994764,2,6,6,0,0,0.0,2019-11-01 00:40:42+00:00,2019-11-01 00:42:09+00:00,Browsers
558995646,1,7,7,0,0,0.0,2019-11-01 02:13:55+00:00,2019-11-01 02:20:10+00:00,Browsers
558997903,1,15,15,0,0,0.0,2019-11-01 02:08:27+00:00,2019-11-01 02:31:11+00:00,Browsers
558997994,2,9,6,0,3,754.46,2019-11-01 02:34:53+00:00,2019-11-01 02:44:49+00:00,High-value users (purchasers)
558998615,1,1,1,0,0,0.0,2019-11-01 01:53:31+00:00,2019-11-01 01:53:31+00:00,Browsers
559001161,1,5,5,0,0,0.0,2019-11-01 02:44:14+00:00,2019-11-01 02:48:21+00:00,Browsers
559003329,1,1,1,0,0,0.0,2019-11-01 01:35:29+00:00,2019-11-01 01:35:29+00:00,Browsers
559003652,2,14,14,0,0,0.0,2019-11-01 02:07:48+00:00,2019-11-01 02:30:46+00:00,Browsers
559009709,1,3,3,0,0,0.0,2019-11-01 02:34:54+00:00,2019-11-01 02:36:13+00:00,Browsers
559010928,1,1,1,0,0,0.0,2019-11-01 02:41:18+00:00,2019-11-01 02:41:18+00:00,Browsers
559018291,1,2,2,0,0,0.0,2019-11-01 02:20:54+00:00,2019-11-01 02:22:07+00:00,Browsers
559024625,1,5,2,2,1,128.42,2019-11-01 01:55:16+00:00,2019-11-01 01:56:25+00:00,High-value users (purchasers)
559025476,1,13,13,0,0,0.0,2019-11-01 01:56:00+00:00,2019-11-01 01:59:54+00:00,Browsers
559027395,1,1,1,0,0,0.0,2019-11-01 02:41:57+00:00,2019-11-01 02:41:57+00:00,Browsers
559028151,1,1,1,0,0,0.0,2019-11-01 01:56:59+00:00,2019-11-01 01:56:59+00:00,Browsers
559029125,1,13,13,0,0,0.0,2019-11-01 02:23:34+00:00,2019-11-01 02:33:27+00:00,Browsers
559033632,1,1,1,0,0,0.0,2019-11-01 00:00:58+00:00,2019-11-01 00:00:58+00:00,Browsers
559034830,1,5,5,0,0,0.0,2019-11-01 01:58:36+00:00,2019-11-01 02:13:11+00:00,Browsers
559035600,1,3,3,0,0,0.0,2019-11-01 02:19:39+00:00,2019-11-01 02:21:38+00:00,Browsers
559041534,1,7,7,0,0,0.0,2019-11-01 02:15:08+00:00,2019-11-01 02:24:01+00:00,Browsers
559050957,1,1,1,0,0,0.0,2019-11-01 01:36:33+00:00,2019-11-01 01:36:33+00:00,Browsers
559062846,1,1,1,0,0,0.0,2019-11-01 02:34:07+00:00,2019-11-01 02:34:07+00:00,Browsers
559066528,1,2,2,0,0,0.0,2019-11-01 02:28:22+00:00,2019-11-01 02:29:04+00:00,Browsers
559068003,1,2,2,0,0,0.0,2019-11-01 02:39:58+00:00,2019-11-01 02:41:19+00:00,Browsers
559071435,1,9,9,0,0,0.0,2019-11-01 01:35:46+00:00,2019-11-01 01:48:30+00:00,Browsers
559075304,1,1,1,0,0,0.0,2019-11-01 02:23:14+00:00,2019-11-01 02:23:14+00:00,Browsers
559084696,3,30,30,0,0,0.0,2019-11-01 00:57:54+00:00,2019-11-01 01:46:17+00:00,Browsers
559088157,1,9,9,0,0,0.0,2019-11-01 00:43:26+00:00,2019-11-01 00:48:23+00:00,Browsers
559098033,1,1,1,0,0,0.0,2019-11-01 01:56:20+00:00,2019-11-01 01:56:20+00:00,Browsers
559114371,1,1,1,0,0,0.0,2019-11-01 02:48:09+00:00,2019-11-01 02:48:09+00:00,Browsers
559118918,1,5,5,0,0,0.0,2019-11-01 02:14:36+00:00,2019-11-01 02:19:56+00:00,Browsers
559122895,1,6,6,0,0,0.0,2019-11-01 01:36:39+00:00,2019-11-01 01:40:31+00:00,Browsers
559127379,1,7,7,0,0,0.0,2019-11-01 01:35:54+00:00,2019-11-01 01:38:35+00:00,Browsers
559130495,1,3,3,0,0,0.0,2019-11-01 01:57:03+00:00,2019-11-01 01:59:44+00:00,Browsers
559134706,1,9,9,0,0,0.0,2019-11-01 01:01:41+00:00,2019-11-01 01:07:20+00:00,Browsers
559135681,1,6,6,0,0,0.0,2019-11-01 01:45:26+00:00,2019-11-01 01:54:34+00:00,Browsers
559137217,1,1,1,0,0,0.0,2019-11-01 02:05:14+00:00,2019-11-01 02:05:14+00:00,Browsers
559150944,1,4,4,0,0,0.0,2019-11-01 02:32:37+00:00,2019-11-01 02:34:44+00:00,Browsers
559156380,1,2,2,0,0,0.0,2019-11-01 02:14:31+00:00,2019-11-01 02:18:15+00:00,Browsers
559159595,1,1,1,0,0,0.0,2019-11-01 00:12:50+00:00,2019-11-01 00:12:50+00:00,Browsers
559159612,1,2,2,0,0,0.0,2019-11-01 00:20:17+00:00,2019-11-01 00:25:12+00:00,Browsers
559160961,1,1,1,0,0,0.0,2019-11-01 02:31:55+00:00,2019-11-01 02:31:55+00:00,Browsers
559165250,1,2,2,0,0,0.0,2019-11-01 02:04:01+00:00,2019-11-01 02:04:31+00:00,Browsers
559170602,1,3,3,0,0,0.0,2019-11-01 02:31:43+00:00,2019-11-01 02:44:01+00:00,Browsers
559177262,1,1,1,0,0,0.0,2019-11-01 01:06:41+00:00,2019-11-01 01:06:41+00:00,Browsers
559191266,4,20,19,1,0,0.0,2019-11-01 02:18:35+00:00,2019-11-01 02:44:57+00:00,Cart abandoners
559199036,1,4,4,0,0,0.0,2019-11-01 00:06:14+00:00,2019-11-01 00:08:35+00:00,Browsers
559199558,1,1,1,0,0,0.0,2019-11-01 01:39:45+00:00,2019-11-01 01:39:45+00:00,Browsers
559206894,1,3,3,0,0,0.0,2019-11-01 00:49:11+00:00,2019-11-01 00:55:45+00:00,Browsers
559213679,1,1,1,0,0,0.0,2019-11-01 00:00:30+00:00,2019-11-01 00:00:30+00:00,Browsers
559215873,1,2,2,0,0,0.0,2019-11-01 00:00:38+00:00,2019-11-01 00:01:09+00:00,Browsers
559215926,1,3,3,0,0,0.0,2019-11-01 01:40:47+00:00,2019-11-01 01:41:50+00:00,Browsers
559224030,1,3,3,0,0,0.0,2019-11-01 00:58:29+00:00,2019-11-01 01:01:07+00:00,Browsers
559247792,1,2,2,0,0,0.0,2019-11-01 01:58:49+00:00,2019-11-01 01:58:59+00:00,Browsers
559252345,1,1,1,0,0,0.0,2019-11-01 01:44:46+00:00,2019-11-01 01:44:46+00:00,Browsers
559256030,1,1,1,0,0,0.0,2019-11-01 02:46:44+00:00,2019-11-01 02:46:44+00:00,Browsers
559257416,1,4,4,0,0,0.0,2019-11-01 01:38:55+00:00,2019-11-01 02:07:55+00:00,Browsers
559268639,1,7,7,0,0,0.0,2019-11-01 02:15:32+00:00,2019-11-01 02:19:04+00:00,Browsers
559303675,1,12,12,0,0,0.0,2019-11-01 02:04:20+00:00,2019-11-01 02:11:23+00:00,Browsers
559308648,2,13,13,0,0,0.0,2019-11-01 00:06:45+00:00,2019-11-01 00:13:58+00:00,Browsers
559332451,1,1,1,0,0,0.0,2019-11-01 02:10:01+00:00,2019-11-01 02:10:01+00:00,Browsers
559333791,1,1,1,0,0,0.0,2019-11-01 00:36:41+00:00,2019-11-01 00:36:41+00:00,Browsers
559342469,1,2,2,0,0,0.0,2019-11-01 00:50:21+00:00,2019-11-01 01:09:38+00:00,Browsers
559355547,1,1,1,0,0,0.0,2019-11-01 01:40:21+00:00,2019-11-01 01:40:21+00:00,Browsers
559359979,1,3,3,0,0,0.0,2019-11-01 01:50:25+00:00,2019-11-01 02:02:01+00:00,Browsers
559361817,1,3,3,0,0,0.0,2019-11-01 02:37:40+00:00,2019-11-01 02:38:40+00:00,Browsers
559368069,1,1,1,0,0,0.0,2019-11-01 02:38:08+00:00,2019-11-01 02:38:08+00:00,Browsers
559368633,1,3,2,0,1,566.3,2019-11-01 00:00:41+00:00,2019-11-01 00:01:20+00:00,High-value users (purchasers)
559374220,1,2,2,0,0,0.0,2019-11-01 02:01:20+00:00,2019-11-01 02:09:19+00:00,Browsers
559374881,1,4,4,0,0,0.0,2019-11-01 02:27:15+00:00,2019-11-01 02:31:43+00:00,Browsers
559377512,1,1,1,0,0,0.0,2019-11-01 00:27:46+00:00,2019-11-01 00:27:46+00:00,Browsers
559396643,1,3,2,0,1,128.42,2019-11-01 01:56:14+00:00,2019-11-01 01:56:58+00:00,High-value users (purchasers)
559397100,1,2,2,0,0,0.0,2019-11-01 02:41:58+00:00,2019-11-01 02:45:32+00:00,Browsers
559403432,1,2,2,0,0,0.0,2019-11-01 01:28:07+00:00,2019-11-01 01:28:28+00:00,Browsers
559405439,1,2,2,0,0,0.0,2019-11-01 01:40:11+00:00,2019-11-01 01:41:34+00:00,Browsers
559409990,2,9,9,0,0,0.0,2019-11-01 02:37:18+00:00,2019-11-01 02:48:25+00:00,Browsers
559414448,1,4,4,0,0,0.0,2019-11-01 02:36:15+00:00,2019-11-01 02:39:34+00:00,Browsers
559425930,1,1,1,0,0,0.0,2019-11-01 02:36:03+00:00,2019-11-01 02:36:03+00:00,Browsers
559427043,1,8,8,0,0,0.0,2019-11-01 01:35:06+00:00,2019-11-01 01:39:02+00:00,Browsers
559431451,1,7,7,0,0,0.0,2019-11-01 00:46:12+00:00,2019-11-01 00:52:56+00:00,Browsers
559444777,1,1,1,0,0,0.0,2019-11-01 01:40:18+00:00,2019-11-01 01:40:18+00:00,Browsers
559445375,1,1,1,0,0,0.0,2019-11-01 02:30:59+00:00,2019-11-01 02:30:59+00:00,Browsers
559451085,1,2,2,0,0,0.0,2019-11-01 02:19:28+00:00,2019-11-01 02:21:32+00:00,Browsers
559471793,1,3,3,0,0,0.0,2019-11-01 02:27:16+00:00,2019-11-01 02:27:51+00:00,Browsers
559491977,1,1,1,0,0,0.0,2019-11-01 02:31:17+00:00,2019-11-01 02:31:17+00:00,Browsers
559498676,1,5,5,0,0,0.0,2019-11-01 01:57:04+00:00,2019-11-01 02:01:57+00:00,Browsers
559513470,1,5,5,0,0,0.0,2019-11-01 00:27:18+00:00,2019-11-01 00:30:52+00:00,Browsers
559517475,1,4,4,0,0,0.0,2019-11-01 01:06:44+00:00,2019-11-01 01:08:33+00:00,Browsers
559525251,1,2,2,0,0,0.0,2019-11-01 00:09:15+00:00,2019-11-01 00:10:58+00:00,Browsers
559534583,1,2,2,0,0,0.0,2019-11-01 01:51:46+00:00,2019-11-01 01:53:11+00:00,Browsers
559561250,1,3,3,0,0,0.0,2019-11-01 00:55:16+00:00,2019-11-01 01:00:26+00:00,Browsers
559577329,1,1,1,0,0,0.0,2019-11-01 02:18:42+00:00,2019-11-01 02:18:42+00:00,Browsers
559590578,2,5,5,0,0,0.0,2019-11-01 02:12:26+00:00,2019-11-01 02:14:14+00:00,Browsers
559601317,2,12,11,1,0,0.0,2019-11-01 02:12:47+00:00,2019-11-01 02:23:02+00:00,Cart abandoners
559645804,1,5,5,0,0,0.0,2019-11-01 01:47:57+00:00,2019-11-01 01:50:20+00:00,Browsers
559656712,1,1,1,0,0,0.0,2019-11-01 02:28:56+00:00,2019-11-01 02:28:56+00:00,Browsers
559657988,2,10,10,0,0,0.0,2019-11-01 00:47:05+00:00,2019-11-01 00:56:24+00:00,Browsers
559659211,1,1,1,0,0,0.0,2019-11-01 02:07:26+00:00,2019-11-01 02:07:26+00:00,Browsers
559684316,2,11,11,0,0,0.0,2019-11-01 02:28:57+00:00,2019-11-01 02:39:06+00:00,Browsers
559694887,3,10,10,0,0,0.0,2019-11-01 00:07:45+00:00,2019-11-01 02:10:19+00:00,Browsers
559702713,1,25,25,0,0,0.0,2019-11-01 01:57:40+00:00,2019-11-01 02:07:27+00:00,Browsers
559712380,1,2,2,0,0,0.0,2019-11-01 01:32:55+00:00,2019-11-01 01:34:45+00:00,Browsers
559717640,1,2,2,0,0,0.0,2019-11-01 02:47:34+00:00,2019-11-01 02:48:21+00:00,Browsers
559718811,1,1,1,0,0,0.0,2019-11-01 02:37:12+00:00,2019-11-01 02:37:12+00:00,Browsers
559721494,1,2,1,1,0,0.0,2019-11-01 01:57:25+00:00,2019-11-01 01:57:56+00:00,Cart abandoners
559736722,1,4,2,1,1,458.28,2019-11-01 02:45:21+00:00,2019-11-01 02:47:24+00:00,High-value users (purchasers)
559741980,1,8,8,0,0,0.0,2019-11-01 02:05:53+00:00,2019-11-01 02:24:36+00:00,Browsers
559748203,1,2,2,0,0,0.0,2019-11-01 00:58:16+00:00,2019-11-01 01:02:02+00:00,Browsers
559756073,1,4,4,0,0,0.0,2019-11-01 00:14:24+00:00,2019-11-01 00:17:09+00:00,Browsers
559772887,1,5,5,0,0,0.0,2019-11-01 02:12:00+00:00,2019-11-01 02:15:02+00:00,Browsers
559776811,1,1,1,0,0,0.0,2019-11-01 02:41:06+00:00,2019-11-01 02:41:06+00:00,Browsers
559788783,1,9,9,0,0,0.0,2019-11-01 00:07:29+00:00,2019-11-01 00:33:20+00:00,Browsers
559793011,1,3,2,0,1,51.22,2019-11-01 02:13:53+00:00,2019-11-01 02:24:45+00:00,High-value users (purchasers)
559800667,1,1,1,0,0,0.0,2019-11-01 02:46:31+00:00,2019-11-01 02:46:31+00:00,Browsers
559803656,1,3,3,0,0,0.0,2019-11-01 02:06:44+00:00,2019-11-01 02:08:22+00:00,Browsers
559806612,1,8,8,0,0,0.0,2019-11-01 02:26:13+00:00,2019-11-01 02:37:22+00:00,Browsers
559817681,1,13,13,0,0,0.0,2019-11-01 00:47:04+00:00,2019-11-01 00:56:53+00:00,Browsers
559818471,1,2,2,0,0,0.0,2019-11-01 01:36:09+00:00,2019-11-01 01:37:09+00:00,Browsers
559843521,1,2,2,0,0,0.0,2019-11-01 02:09:22+00:00,2019-11-01 02:09:43+00:00,Browsers
559844134,2,9,9,0,0,0.0,2019-11-01 00:16:47+00:00,2019-11-01 00:32:46+00:00,Browsers
559845407,1,1,1,0,0,0.0,2019-11-01 00:30:46+00:00,2019-11-01 00:30:46+00:00,Browsers
559848247,2,3,3,0,0,0.0,2019-11-01 01:46:36+00:00,2019-11-01 01:48:00+00:00,Browsers
559851632,2,5,5,0,0,0.0,2019-11-01 02:38:20+00:00,2019-11-01 02:46:54+00:00,Browsers
559862676,1,1,1,0,0,0.0,2019-11-01 02:15:38+00:00,2019-11-01 02:15:38+00:00,Browsers
559865925,1,1,1,0,0,0.0,2019-11-01 02:07:11+00:00,2019-11-01 02:07:11+00:00,Browsers
559877314,1,1,1,0,0,0.0,2019-11-01 00:14:30+00:00,2019-11-01 00:14:30+00:00,Browsers
559896788,3,3,3,0,0,0.0,2019-11-01 01:55:52+00:00,2019-11-01 02:05:13+00:00,Browsers
559920257,1,2,2,0,0,0.0,2019-11-01 01:39:41+00:00,2019-11-01 01:40:12+00:00,Browsers
559954254,1,1,1,0,0,0.0,2019-11-01 02:48:17+00:00,2019-11-01 02:48:17+00:00,Browsers
559960933,1,1,1,0,0,0.0,2019-11-01 00:45:20+00:00,2019-11-01 00:45:20+00:00,Browsers
559964109,1,3,2,0,1,244.02,2019-11-01 02:14:58+00:00,2019-11-01 02:16:15+00:00,High-value users (purchasers)
559972189,1,5,4,0,1,25.56,2019-11-01 01:37:29+00:00,2019-11-01 01:41:04+00:00,High-value users (purchasers)
559975008,1,1,1,0,0,0.0,2019-11-01 00:02:32+00:00,2019-11-01 00:02:32+00:00,Browsers
559978136,2,6,6,0,0,0.0,2019-11-01 02:17:11+00:00,2019-11-01 02:47:04+00:00,Browsers
559983993,2,5,5,0,0,0.0,2019-11-01 01:41:42+00:00,2019-11-01 01:47:19+00:00,Browsers
559990479,2,9,9,0,0,0.0,2019-11-01 01:55:10+00:00,2019-11-01 02:22:28+00:00,Browsers
559990872,1,1,1,0,0,0.0,2019-11-01 02:40:02+00:00,2019-11-01 02:40:02+00:00,Browsers
559995152,1,2,2,0,0,0.0,2019-11-01 02:45:35+00:00,2019-11-01 02:46:51+00:00,Browsers
559999758,2,19,19,0,0,0.0,2019-11-01 02:28:28+00:00,2019-11-01 02:47:48+00:00,Browsers
560003573,1,3,3,0,0,0.0,2019-11-01 01:50:05+00:00,2019-11-01 01:59:49+00:00,Browsers
560022325,1,1,1,0,0,0.0,2019-11-01 02:46:56+00:00,2019-11-01 02:46:56+00:00,Browsers
560023586,1,1,1,0,0,0.0,2019-11-01 00:52:49+00:00,2019-11-01 00:52:49+00:00,Browsers
560028523,2,11,11,0,0,0.0,2019-11-01 02:25:21+00:00,2019-11-01 02:34:58+00:00,Browsers
560028810,2,41,41,0,0,0.0,2019-11-01 01:50:04+00:00,2019-11-01 02:27:36+00:00,Browsers
560032128,1,1,1,0,0,0.0,2019-11-01 00:08:38+00:00,2019-11-01 00:08:38+00:00,Browsers
560038702,2,9,9,0,0,0.0,2019-11-01 00:09:14+00:00,2019-11-01 00:20:06+00:00,Browsers
560040401,2,10,10,0,0,0.0,2019-11-01 00:07:45+00:00,2019-11-01 00:12:17+00:00,Browsers
560054371,1,4,4,0,0,0.0,2019-11-01 02:10:40+00:00,2019-11-01 02:11:18+00:00,Browsers
560066862,1,7,7,0,0,0.0,2019-11-01 02:19:13+00:00,2019-11-01 02:22:08+00:00,Browsers
560075814,1,1,1,0,0,0.0,2019-11-01 02:08:18+00:00,2019-11-01 02:08:18+00:00,Browsers
560095899,1,3,3,0,0,0.0,2019-11-01 01:46:36+00:00,2019-11-01 01:52:07+00:00,Browsers
560099743,1,3,1,1,1,205.67,2019-11-01 02:20:27+00:00,2019-11-01 02:21:56+00:00,High-value users (purchasers)
560100751,3,6,6,0,0,0.0,2019-11-01 00:44:24+00:00,2019-11-01 01:59:19+00:00,Browsers
560115047,1,2,2,0,0,0.0,2019-11-01 01:32:16+00:00,2019-11-01 01:32:46+00:00,Browsers
560118622,1,4,4,0,0,0.0,2019-11-01 02:39:22+00:00,2019-11-01 02:40:15+00:00,Browsers
560123935,1,1,1,0,0,0.0,2019-11-01 00:14:57+00:00,2019-11-01 00:14:57+00:00,Browsers
560134869,1,46,44,0,2,849.44,2019-11-01 00:04:49+00:00,2019-11-01 00:53:16+00:00,High-value users (purchasers)
560172195,1,5,4,0,1,34.75,2019-11-01 01:50:52+00:00,2019-11-01 01:53:07+00:00,High-value users (purchasers)
560178905,1,3,3,0,0,0.0,2019-11-01 01:53:07+00:00,2019-11-01 01:53:43+00:00,Browsers
560183930,1,3,3,0,0,0.0,2019-11-01 01:40:12+00:00,2019-11-01 01:48:28+00:00,Browsers
560186765,1,10,10,0,0,0.0,2019-11-01 00:54:21+00:00,2019-11-01 01:08:35+00:00,Browsers
560191710,1,7,7,0,0,0.0,2019-11-01 00:19:52+00:00,2019-11-01 00:26:45+00:00,Browsers
560212093,2,2,2,0,0,0.0,2019-11-01 01:58:38+00:00,2019-11-01 02:03:22+00:00,Browsers
560226865,1,3,3,0,0,0.0,2019-11-01 02:38:16+00:00,2019-11-01 02:39:17+00:00,Browsers
560227920,1,4,4,0,0,0.0,2019-11-01 01:00:02+00:00,2019-11-01 01:01:09+00:00,Browsers
560233488,1,4,4,0,0,0.0,2019-11-01 01:37:33+00:00,2019-11-01 01:38:58+00:00,Browsers
560255283,1,1,1,0,0,0.0,2019-11-01 02:11:09+00:00,2019-11-01 02:11:09+00:00,Browsers
560277471,2,12,10,1,1,131.53,2019-11-01 02:22:00+00:00,2019-11-01 02:38:28+00:00,High-value users (purchasers)
560299049,2,5,5,0,0,0.0,2019-11-01 01:46:23+00:00,2019-11-01 01:54:42+00:00,Browsers
560310224,1,4,4,0,0,0.0,2019-11-01 01:05:44+00:00,2019-11-01 01:08:45+00:00,Browsers
560311622,1,1,1,0,0,0.0,2019-11-01 01:02:15+00:00,2019-11-01 01:02:15+00:00,Browsers
560314178,1,9,9,0,0,0.0,2019-11-01 01:42:47+00:00,2019-11-01 01:52:16+00:00,Browsers
560317422,2,5,5,0,0,0.0,2019-11-01 01:08:16+00:00,2019-11-01 01:58:46+00:00,Browsers
560317968,1,8,8,0,0,0.0,2019-11-01 02:42:26+00:00,2019-11-01 02:47:25+00:00,Browsers
560318671,1,1,1,0,0,0.0,2019-11-01 00:55:14+00:00,2019-11-01 00:55:14+00:00,Browsers
560325034,2,10,10,0,0,0.0,2019-11-01 02:06:24+00:00,2019-11-01 02:27:06+00:00,Browsers
560326128,1,1,1,0,0,0.0,2019-11-01 01:06:12+00:00,2019-11-01 01:06:12+00:00,Browsers
560340064,1,1,1,0,0,0.0,2019-11-01 01:55:44+00:00,2019-11-01 01:55:44+00:00,Browsers
560346637,1,7,7,0,0,0.0,2019-11-01 02:26:33+00:00,2019-11-01 02:45:47+00:00,Browsers
560349452,1,1,1,0,0,0.0,2019-11-01 02:28:45+00:00,2019-11-01 02:28:45+00:00,Browsers
560358096,1,1,1,0,0,0.0,2019-11-01 02:15:03+00:00,2019-11-01 02:15:03+00:00,Browsers
560376130,1,2,2,0,0,0.0,2019-11-01 02:20:53+00:00,2019-11-01 02:21:39+00:00,Browsers
560388466,1,1,1,0,0,0.0,2019-11-01 02:32:11+00:00,2019-11-01 02:32:11+00:00,Browsers
560392636,1,2,2,0,0,0.0,2019-11-01 01:51:31+00:00,2019-11-01 01:51:52+00:00,Browsers
560407275,1,20,20,0,0,0.0,2019-11-01 01:57:49+00:00,2019-11-01 02:13:18+00:00,Browsers
560414139,1,3,3,0,0,0.0,2019-11-01 02:40:42+00:00,2019-11-01 02:44:56+00:00,Browsers
560426755,1,5,5,0,0,0.0,2019-11-01 02:25:28+00:00,2019-11-01 02:29:24+00:00,Browsers
560430606,1,12,12,0,0,0.0,2019-11-01 02:30:28+00:00,2019-11-01 02:41:12+00:00,Browsers
560436426,1,3,3,0,0,0.0,2019-11-01 02:14:27+00:00,2019-11-01 02:15:52+00:00,Browsers
560442310,1,6,6,0,0,0.0,2019-11-01 02:09:53+00:00,2019-11-01 02:14:39+00:00,Browsers
560443100,1,2,2,0,0,0.0,2019-11-01 02:33:36+00:00,2019-11-01 02:34:56+00:00,Browsers
560446662,1,1,1,0,0,0.0,2019-11-01 02:32:52+00:00,2019-11-01 02:32:52+00:00,Browsers
560449404,1,1,1,0,0,0.0,2019-11-01 01:02:42+00:00,2019-11-01 01:02:42+00:00,Browsers
560449768,1,1,1,0,0,0.0,2019-11-01 00:26:10+00:00,2019-11-01 00:26:10+00:00,Browsers
560453161,2,20,19,1,0,0.0,2019-11-01 02:25:56+00:00,2019-11-01 02:42:04+00:00,Cart abandoners
560470832,1,13,13,0,0,0.0,2019-11-01 02:20:56+00:00,2019-11-01 02:30:30+00:00,Browsers
560473829,1,4,4,0,0,0.0,2019-11-01 02:42:21+00:00,2019-11-01 02:47:39+00:00,Browsers
560483853,1,4,4,0,0,0.0,2019-11-01 02:23:28+00:00,2019-11-01 02:25:39+00:00,Browsers
560503659,1,3,3,0,0,0.0,2019-11-01 01:56:44+00:00,2019-11-01 02:00:27+00:00,Browsers
560504280,1,3,3,0,0,0.0,2019-11-01 01:51:43+00:00,2019-11-01 01:54:11+00:00,Browsers
560508939,1,6,6,0,0,0.0,2019-11-01 02:32:13+00:00,2019-11-01 02:39:16+00:00,Browsers
560509690,1,2,2,0,0,0.0,2019-11-01 00:58:31+00:00,2019-11-01 01:01:27+00:00,Browsers
560513074,1,3,3,0,0,0.0,2019-11-01 01:54:47+00:00,2019-11-01 01:56:16+00:00,Browsers
560517795,1,1,1,0,0,0.0,2019-11-01 01:58:26+00:00,2019-11-01 01:58:26+00:00,Browsers
560520283,2,5,5,0,0,0.0,2019-11-01 02:16:10+00:00,2019-11-01 02:19:56+00:00,Browsers
560522373,1,2,2,0,0,0.0,2019-11-01 02:34:01+00:00,2019-11-01 02:34:45+00:00,Browsers
560527565,1,4,4,0,0,0.0,2019-11-01 01:59:20+00:00,2019-11-01 02:01:55+00:00,Browsers
560529767,1,1,1,0,0,0.0,2019-11-01 00:34:41+00:00,2019-11-01 00:34:41+00:00,Browsers
560534511,2,2,2,0,0,0.0,2019-11-01 01:04:06+00:00,2019-11-01 01:06:51+00:00,Browsers
560553154,1,3,3,0,0,0.0,2019-11-01 01:35:00+00:00,2019-11-01 01:37:45+00:00,Browsers
560554760,1,4,4,0,0,0.0,2019-11-01 01:37:44+00:00,2019-11-01 01:38:39+00:00,Browsers
560556127,1,4,4,0,0,0.0,2019-11-01 02:08:58+00:00,2019-11-01 02:11:25+00:00,Browsers
560562730,1,1,1,0,0,0.0,2019-11-01 02:38:22+00:00,2019-11-01 02:38:22+00:00,Browsers
560568514,1,1,1,0,0,0.0,2019-11-01 01:10:05+00:00,2019-11-01 01:10:05+00:00,Browsers
560572523,1,1,1,0,0,0.0,2019-11-01 02:02:01+00:00,2019-11-01 02:02:01+00:00,Browsers
560584666,1,5,5,0,0,0.0,2019-11-01 02:19:34+00:00,2019-11-01 02:22:09+00:00,Browsers
560587169,1,16,16,0,0,0.0,2019-11-01 02:02:20+00:00,2019-11-01 02:40:11+00:00,Browsers
560601555,1,1,1,0,0,0.0,2019-11-01 01:31:34+00:00,2019-11-01 01:31:34+00:00,Browsers
560601602,1,9,9,0,0,0.0,2019-11-01 00:10:42+00:00,2019-11-01 00:14:35+00:00,Browsers
560646782,1,1,1,0,0,0.0,2019-11-01 01:56:39+00:00,2019-11-01 01:56:39+00:00,Browsers
560661852,2,3,3,0,0,0.0,2019-11-01 02:27:41+00:00,2019-11-01 02:31:39+00:00,Browsers
560665432,1,1,1,0,0,0.0,2019-11-01 02:20:55+00:00,2019-11-01 02:20:55+00:00,Browsers
560667413,2,2,2,0,0,0.0,2019-11-01 02:07:34+00:00,2019-11-01 02:13:41+00:00,Browsers
560671104,1,3,2,1,0,0.0,2019-11-01 02:18:12+00:00,2019-11-01 02:19:57+00:00,Cart abandoners
560674781,1,2,2,0,0,0.0,2019-11-01 02:20:31+00:00,2019-11-01 02:22:19+00:00,Browsers
560677609,1,2,2,0,0,0.0,2019-11-01 02:40:33+00:00,2019-11-01 02:42:24+00:00,Browsers
560678161,1,3,3,0,0,0.0,2019-11-01 01:41:32+00:00,2019-11-01 01:41:55+00:00,Browsers
560685139,1,1,1,0,0,0.0,2019-11-01 02:43:36+00:00,2019-11-01 02:43:36+00:00,Browsers
560690942,1,4,4,0,0,0.0,2019-11-01 02:43:46+00:00,2019-11-01 02:44:40+00:00,Browsers
560695731,1,2,2,0,0,0.0,2019-11-01 01:02:03+00:00,2019-11-01 01:03:03+00:00,Browsers
560699066,2,8,8,0,0,0.0,2019-11-01 00:16:52+00:00,2019-11-01 00:20:14+00:00,Browsers
560702773,1,1,1,0,0,0.0,2019-11-01 01:45:04+00:00,2019-11-01 01:45:04+00:00,Browsers
560707666,1,1,1,0,0,0.0,2019-11-01 02:21:39+00:00,2019-11-01 02:21:39+00:00,Browsers
560708379,1,7,7,0,0,0.0,2019-11-01 01:56:26+00:00,2019-11-01 02:01:44+00:00,Browsers
560721751,1,3,2,0,1,242.63,2019-11-01 02:42:47+00:00,2019-11-01 02:44:28+00:00,High-value users (purchasers)
560722441,2,7,7,0,0,0.0,2019-11-01 00:17:04+00:00,2019-11-01 00:43:52+00:00,Browsers
560728235,1,1,1,0,0,0.0,2019-11-01 02:48:24+00:00,2019-11-01 02:48:24+00:00,Browsers
560731594,1,1,1,0,0,0.0,2019-11-01 02:01:10+00:00,2019-11-01 02:01:10+00:00,Browsers
560745787,1,4,4,0,0,0.0,2019-11-01 01:41:55+00:00,2019-11-01 01:47:25+00:00,Browsers
560747092,2,11,11,0,0,0.0,2019-11-01 01:38:29+00:00,2019-11-01 01:45:55+00:00,Browsers
560759160,1,2,2,0,0,0.0,2019-11-01 00:30:12+00:00,2019-11-01 00:30:57+00:00,Browsers
560782582,1,3,3,0,0,0.0,2019-11-01 02:17:12+00:00,2019-11-01 02:18:12+00:00,Browsers
560796792,2,2,2,0,0,0.0,2019-11-01 00:12:40+00:00,2019-11-01 00:15:25+00:00,Browsers
560798793,1,1,1,0,0,0.0,2019-11-01 01:38:08+00:00,2019-11-01 01:38:08+00:00,Browsers
560800759,1,1,1,0,0,0.0,2019-11-01 00:01:39+00:00,2019-11-01 00:01:39+00:00,Browsers
560801311,1,1,1,0,0,0.0,2019-11-01 01:01:55+00:00,2019-11-01 01:01:55+00:00,Browsers
560812228,1,3,3,0,0,0.0,2019-11-01 02:41:10+00:00,2019-11-01 02:42:44+00:00,Browsers
560812371,1,1,1,0,0,0.0,2019-11-01 01:57:29+00:00,2019-11-01 01:57:29+00:00,Browsers
560828962,2,2,2,0,0,0.0,2019-11-01 02:12:06+00:00,2019-11-01 02:12:09+00:00,Browsers
560829209,2,13,13,0,0,0.0,2019-11-01 02:00:21+00:00,2019-11-01 02:26:30+00:00,Browsers
560833469,1,2,2,0,0,0.0,2019-11-01 00:48:44+00:00,2019-11-01 00:51:05+00:00,Browsers
560839778,2,7,6,0,1,178.87,2019-11-01 02:09:29+00:00,2019-11-01 02:13:29+00:00,High-value users (purchasers)
560841806,1,6,6,0,0,0.0,2019-11-01 00:56:39+00:00,2019-11-01 01:08:54+00:00,Browsers
560844748,1,2,2,0,0,0.0,2019-11-01 02:33:17+00:00,2019-11-01 02:33:29+00:00,Browsers
560846924,1,2,2,0,0,0.0,2019-11-01 01:39:34+00:00,2019-11-01 01:40:16+00:00,Browsers
560852851,1,2,2,0,0,0.0,2019-11-01 01:33:28+00:00,2019-11-01 01:34:01+00:00,Browsers
560863315,3,13,13,0,0,0.0,2019-11-01 02:16:14+00:00,2019-11-01 02:28:49+00:00,Browsers
560864550,1,1,1,0,0,0.0,2019-11-01 01:07:40+00:00,2019-11-01 01:07:40+00:00,Browsers
560865203,4,20,20,0,0,0.0,2019-11-01 00:05:14+00:00,2019-11-01 00:17:46+00:00,Browsers
560873052,1,2,2,0,0,0.0,2019-11-01 00:51:34+00:00,2019-11-01 00:52:13+00:00,Browsers
560874372,1,15,15,0,0,0.0,2019-11-01 02:18:41+00:00,2019-11-01 02:26:47+00:00,Browsers
560875776,2,2,2,0,0,0.0,2019-11-01 01:03:50+00:00,2019-11-01 01:07:50+00:00,Browsers
560883792,1,3,3,0,0,0.0,2019-11-01 02:27:29+00:00,2019-11-01 02:30:20+00:00,Browsers
560884149,1,6,6,0,0,0.0,2019-11-01 02:13:50+00:00,2019-11-01 02:17:47+00:00,Browsers
560899574,1,2,2,0,0,0.0,2019-11-01 01:29:27+00:00,2019-11-01 01:30:01+00:00,Browsers
560900479,1,1,1,0,0,0.0,2019-11-01 01:53:07+00:00,2019-11-01 01:53:07+00:00,Browsers
560901232,1,4,4,0,0,0.0,2019-11-01 00:43:09+00:00,2019-11-01 00:44:29+00:00,Browsers
560902341,2,11,8,1,2,1922.88,2019-11-01 02:26:44+00:00,2019-11-01 02:45:19+00:00,High-value users (purchasers)
560908100,1,3,3,0,0,0.0,2019-11-01 02:11:19+00:00,2019-11-01 02:12:53+00:00,Browsers
560911490,1,3,3,0,0,0.0,2019-11-01 01:54:18+00:00,2019-11-01 01:55:56+00:00,Browsers
560914255,2,8,7,0,1,100.13,2019-11-01 00:30:39+00:00,2019-11-01 02:04:38+00:00,High-value users (purchasers)
560920553,1,9,8,0,1,351.1,2019-11-01 01:49:09+00:00,2019-11-01 02:31:43+00:00,High-value users (purchasers)
560922836,1,2,2,0,0,0.0,2019-11-01 00:45:15+00:00,2019-11-01 00:45:56+00:00,Browsers
560929722,1,13,13,0,0,0.0,2019-11-01 01:48:21+00:00,2019-11-01 02:04:03+00:00,Browsers
560929837,1,4,1,2,1,242.63,2019-11-01 02:06:00+00:00,2019-11-01 02:09:22+00:00,High-value users (purchasers)
560932165,1,3,2,0,1,43.43,2019-11-01 02:23:06+00:00,2019-11-01 02:24:30+00:00,High-value users (purchasers)
560935483,1,2,2,0,0,0.0,2019-11-01 02:20:56+00:00,2019-11-01 02:21:20+00:00,Browsers
560938574,1,4,4,0,0,0.0,2019-11-01 01:50:22+00:00,2019-11-01 01:53:04+00:00,Browsers
560953887,1,5,4,1,0,0.0,2019-11-01 02:13:35+00:00,2019-11-01 02:22:19+00:00,Cart abandoners
561042874,1,1,1,0,0,0.0,2019-11-01 02:18:53+00:00,2019-11-01 02:18:53+00:00,Browsers
561044198,1,1,1,0,0,0.0,2019-11-01 02:24:56+00:00,2019-11-01 02:24:56+00:00,Browsers
561046940,1,2,2,0,0,0.0,2019-11-01 02:36:15+00:00,2019-11-01 02:36:31+00:00,Browsers
561048543,2,7,7,0,0,0.0,2019-11-01 01:45:54+00:00,2019-11-01 01:55:53+00:00,Browsers
561050878,1,4,4,0,0,0.0,2019-11-01 02:13:10+00:00,2019-11-01 02:14:48+00:00,Browsers
561057820,1,1,1,0,0,0.0,2019-11-01 02:01:43+00:00,2019-11-01 02:01:43+00:00,Browsers
561061697,1,1,1,0,0,0.0,2019-11-01 02:01:12+00:00,2019-11-01 02:01:12+00:00,Browsers
561062956,1,8,5,1,2,992.46,2019-11-01 02:08:28+00:00,2019-11-01 02:12:22+00:00,High-value users (purchasers)
561068772,1,3,3,0,0,0.0,2019-11-01 02:00:15+00:00,2019-11-01 02:01:10+00:00,Browsers
561074441,5,12,12,0,0,0.0,2019-11-01 01:53:40+00:00,2019-11-01 01:57:49+00:00,Browsers
561075894,2,3,3,0,0,0.0,2019-11-01 02:37:34+00:00,2019-11-01 02:40:22+00:00,Browsers
561093401,1,3,3,0,0,0.0,2019-11-01 01:44:06+00:00,2019-11-01 01:44:35+00:00,Browsers
561102978,1,1,1,0,0,0.0,2019-11-01 01:54:17+00:00,2019-11-01 01:54:17+00:00,Browsers
561118151,1,4,4,0,0,0.0,2019-11-01 02:43:42+00:00,2019-11-01 02:46:46+00:00,Browsers
561119295,1,1,1,0,0,0.0,2019-11-01 02:33:42+00:00,2019-11-01 02:33:42+00:00,Browsers
561121118,1,10,10,0,0,0.0,2019-11-01 00:06:56+00:00,2019-11-01 00:19:03+00:00,Browsers
561133084,2,2,2,0,0,0.0,2019-11-01 01:52:19+00:00,2019-11-01 01:53:50+00:00,Browsers
561136616,1,1,1,0,0,0.0,2019-11-01 01:51:31+00:00,2019-11-01 01:51:31+00:00,Browsers
561147775,1,2,2,0,0,0.0,2019-11-01 01:44:16+00:00,2019-11-01 01:44:48+00:00,Browsers
561153756,1,1,1,0,0,0.0,2019-11-01 01:46:01+00:00,2019-11-01 01:46:01+00:00,Browsers
561177771,2,3,3,0,0,0.0,2019-11-01 00:53:05+00:00,2019-11-01 00:59:30+00:00,Browsers
561185094,1,50,50,0,0,0.0,2019-11-01 02:15:31+00:00,2019-11-01 02:48:24+00:00,Browsers
561191478,1,24,24,0,0,0.0,2019-11-01 01:38:27+00:00,2019-11-01 02:04:52+00:00,Browsers
561203114,2,2,2,0,0,0.0,2019-11-01 02:35:30+00:00,2019-11-01 02:48:14+00:00,Browsers
561204639,1,1,1,0,0,0.0,2019-11-01 01:00:49+00:00,2019-11-01 01:00:49+00:00,Browsers
561208948,1,1,1,0,0,0.0,2019-11-01 02:28:24+00:00,2019-11-01 02:28:24+00:00,Browsers
561210748,1,4,4,0,0,0.0,2019-11-01 02:33:14+00:00,2019-11-01 02:37:06+00:00,Browsers
561212459,1,1,1,0,0,0.0,2019-11-01 02:07:25+00:00,2019-11-01 02:07:25+00:00,Browsers
561219400,1,1,1,0,0,0.0,2019-11-01 02:27:38+00:00,2019-11-01 02:27:38+00:00,Browsers
561220313,1,1,1,0,0,0.0,2019-11-01 02:01:29+00:00,2019-11-01 02:01:29+00:00,Browsers
561225572,1,1,1,0,0,0.0,2019-11-01 02:37:02+00:00,2019-11-01 02:37:02+00:00,Browsers
561240465,1,2,2,0,0,0.0,2019-11-01 02:45:04+00:00,2019-11-01 02:46:00+00:00,Browsers
561249381,6,6,6,0,0,0.0,2019-11-01 01:50:32+00:00,2019-11-01 01:55:25+00:00,Browsers
561252301,1,1,1,0,0,0.0,2019-11-01 01:57:23+00:00,2019-11-01 01:57:23+00:00,Browsers
561252776,1,4,4,0,0,0.0,2019-11-01 02:36:57+00:00,2019-11-01 02:39:00+00:00,Browsers
561254638,2,6,6,0,0,0.0,2019-11-01 01:42:17+00:00,2019-11-01 02:01:32+00:00,Browsers
561257690,1,1,1,0,0,0.0,2019-11-01 00:43:24+00:00,2019-11-01 00:43:24+00:00,Browsers
561262050,1,1,1,0,0,0.0,2019-11-01 02:17:31+00:00,2019-11-01 02:17:31+00:00,Browsers
561264542,2,6,6,0,0,0.0,2019-11-01 01:55:31+00:00,2019-11-01 02:07:38+00:00,Browsers
561272972,1,2,2,0,0,0.0,2019-11-01 02:45:17+00:00,2019-11-01 02:45:46+00:00,Browsers
561276141,1,1,1,0,0,0.0,2019-11-01 02:45:46+00:00,2019-11-01 02:45:46+00:00,Browsers
561283190,1,7,7,0,0,0.0,2019-11-01 00:24:45+00:00,2019-11-01 00:31:14+00:00,Browsers
561286757,1,3,3,0,0,0.0,2019-11-01 02:46:42+00:00,2019-11-01 02:48:25+00:00,Browsers
561290994,1,1,1,0,0,0.0,2019-11-01 00:09:10+00:00,2019-11-01 00:09:10+00:00,Browsers
561293561,1,7,7,0,0,0.0,2019-11-01 00:10:21+00:00,2019-11-01 00:14:37+00:00,Browsers
561296071,1,1,1,0,0,0.0,2019-11-01 02:18:57+00:00,2019-11-01 02:18:57+00:00,Browsers
561318628,1,1,1,0,0,0.0,2019-11-01 02:30:07+00:00,2019-11-01 02:30:07+00:00,Browsers
561318842,1,5,5,0,0,0.0,2019-11-01 02:32:22+00:00,2019-11-01 02:33:51+00:00,Browsers
561325904,1,4,4,0,0,0.0,2019-11-01 00:36:13+00:00,2019-11-01 00:38:04+00:00,Browsers
561333485,1,3,3,0,0,0.0,2019-11-01 02:10:03+00:00,2019-11-01 02:10:49+00:00,Browsers
561336627,1,5,5,0,0,0.0,2019-11-01 02:23:02+00:00,2019-11-01 02:25:26+00:00,Browsers
561343470,1,5,5,0,0,0.0,2019-11-01 00:28:50+00:00,2019-11-01 00:32:18+00:00,Browsers
561391722,1,4,4,0,0,0.0,2019-11-01 01:23:58+00:00,2019-11-01 01:24:11+00:00,Browsers
561392126,1,6,6,0,0,0.0,2019-11-01 00:34:57+00:00,2019-11-01 00:41:57+00:00,Browsers
561392625,1,1,1,0,0,0.0,2019-11-01 01:36:39+00:00,2019-11-01 01:36:39+00:00,Browsers
561393808,1,10,10,0,0,0.0,2019-11-01 01:30:08+00:00,2019-11-01 01:43:59+00:00,Browsers
561394181,1,2,2,0,0,0.0,2019-11-01 00:46:32+00:00,2019-11-01 01:22:04+00:00,Browsers
561394540,1,36,36,0,0,0.0,2019-11-01 02:16:15+00:00,2019-11-01 02:46:58+00:00,Browsers
561394664,1,8,8,0,0,0.0,2019-11-01 02:24:12+00:00,2019-11-01 02:33:49+00:00,Browsers
561395000,1,17,17,0,0,0.0,2019-11-01 00:46:23+00:00,2019-11-01 00:59:54+00:00,Browsers
561399483,1,14,14,0,0,0.0,2019-11-01 00:22:07+00:00,2019-11-01 00:26:47+00:00,Browsers
561405398,1,2,1,0,1,39.38,2019-11-01 02:12:05+00:00,2019-11-01 02:17:16+00:00,High-value users (purchasers)
561416860,1,4,4,0,0,0.0,2019-11-01 02:24:13+00:00,2019-11-01 02:34:56+00:00,Browsers
561431113,2,13,13,0,0,0.0,2019-11-01 02:24:41+00:00,2019-11-01 02:35:46+00:00,Browsers
561432355,1,1,1,0,0,0.0,2019-11-01 00:41:48+00:00,2019-11-01 00:41:48+00:00,Browsers
561434688,1,5,5,0,0,0.0,2019-11-01 02:12:15+00:00,2019-11-01 02:20:46+00:00,Browsers
561445750,1,1,1,0,0,0.0,2019-11-01 02:13:41+00:00,2019-11-01 02:13:41+00:00,Browsers
561447589,1,5,5,0,0,0.0,2019-11-01 02:46:44+00:00,2019-11-01 02:48:15+00:00,Browsers
561448938,1,2,2,0,0,0.0,2019-11-01 02:46:15+00:00,2019-11-01 02:46:53+00:00,Browsers
561451996,2,5,5,0,0,0.0,2019-11-01 02:44:12+00:00,2019-11-01 02:48:02+00:00,Browsers
561455339,1,2,2,0,0,0.0,2019-11-01 02:01:10+00:00,2019-11-01 02:02:44+00:00,Browsers
561456066,1,2,2,0,0,0.0,2019-11-01 01:50:43+00:00,2019-11-01 01:52:06+00:00,Browsers
561469711,1,1,1,0,0,0.0,2019-11-01 01:45:12+00:00,2019-11-01 01:45:12+00:00,Browsers
561477540,1,2,2,0,0,0.0,2019-11-01 02:43:56+00:00,2019-11-01 02:44:31+00:00,Browsers
561480376,1,3,3,0,0,0.0,2019-11-01 01:47:55+00:00,2019-11-01 01:49:06+00:00,Browsers
561483685,1,5,5,0,0,0.0,2019-11-01 02:43:57+00:00,2019-11-01 02:46:50+00:00,Browsers
561484261,1,1,1,0,0,0.0,2019-11-01 00:54:36+00:00,2019-11-01 00:54:36+00:00,Browsers
561493334,1,1,1,0,0,0.0,2019-11-01 00:37:09+00:00,2019-11-01 00:37:09+00:00,Browsers
561502959,5,12,12,0,0,0.0,2019-11-01 01:57:42+00:00,2019-11-01 02:10:11+00:00,Browsers
561505304,1,1,1,0,0,0.0,2019-11-01 00:33:58+00:00,2019-11-01 00:33:58+00:00,Browsers
561509974,1,6,6,0,0,0.0,2019-11-01 02:11:33+00:00,2019-11-01 02:18:17+00:00,Browsers
561510584,1,2,2,0,0,0.0,2019-11-01 01:57:59+00:00,2019-11-01 01:58:49+00:00,Browsers
561511218,2,38,38,0,0,0.0,2019-11-01 01:29:52+00:00,2019-11-01 02:25:20+00:00,Browsers
561511915,1,9,9,0,0,0.0,2019-11-01 01:53:29+00:00,2019-11-01 02:03:23+00:00,Browsers
561518216,1,4,4,0,0,0.0,2019-11-01 02:10:00+00:00,2019-11-01 02:11:18+00:00,Browsers
561518250,1,1,1,0,0,0.0,2019-11-01 02:06:54+00:00,2019-11-01 02:06:54+00:00,Browsers
561525503,1,8,8,0,0,0.0,2019-11-01 02:21:11+00:00,2019-11-01 02:25:14+00:00,Browsers
561552607,2,10,10,0,0,0.0,2019-11-01 01:30:51+00:00,2019-11-01 01:42:57+00:00,Browsers
561555234,1,4,4,0,0,0.0,2019-11-01 01:48:09+00:00,2019-11-01 01:51:13+00:00,Browsers
561561062,1,1,1,0,0,0.0,2019-11-01 02:08:48+00:00,2019-11-01 02:08:48+00:00,Browsers
561563540,1,1,1,0,0,0.0,2019-11-01 01:29:28+00:00,2019-11-01 01:29:28+00:00,Browsers
561564372,2,68,65,0,3,120.27000000000001,2019-11-01 00:01:24+00:00,2019-11-01 00:36:03+00:00,High-value users (purchasers)
561573609,1,6,6,0,0,0.0,2019-11-01 01:30:28+00:00,2019-11-01 01:33:54+00:00,Browsers
561576074,1,6,6,0,0,0.0,2019-11-01 02:34:58+00:00,2019-11-01 02:38:22+00:00,Browsers
561582995,1,1,1,0,0,0.0,2019-11-01 02:46:39+00:00,2019-11-01 02:46:39+00:00,Browsers
561587266,1,11,11,0,0,0.0,2019-11-01 00:00:01+00:00,2019-11-01 00:04:47+00:00,Browsers
561594136,1,18,18,0,0,0.0,2019-11-01 00:22:40+00:00,2019-11-01 00:29:49+00:00,Browsers
561599865,1,1,1,0,0,0.0,2019-11-01 01:34:38+00:00,2019-11-01 01:34:38+00:00,Browsers
561603837,1,6,6,0,0,0.0,2019-11-01 02:08:38+00:00,2019-11-01 02:17:23+00:00,Browsers
561610168,1,1,1,0,0,0.0,2019-11-01 02:46:50+00:00,2019-11-01 02:46:50+00:00,Browsers
561620662,1,2,2,0,0,0.0,2019-11-01 02:05:15+00:00,2019-11-01 02:06:19+00:00,Browsers
561620946,1,1,1,0,0,0.0,2019-11-01 02:26:15+00:00,2019-11-01 02:26:15+00:00,Browsers
561622400,1,5,5,0,0,0.0,2019-11-01 01:00:25+00:00,2019-11-01 01:07:16+00:00,Browsers
561626082,1,5,5,0,0,0.0,2019-11-01 02:38:47+00:00,2019-11-01 02:47:59+00:00,Browsers
561637629,1,1,1,0,0,0.0,2019-11-01 02:26:34+00:00,2019-11-01 02:26:34+00:00,Browsers
561646944,3,13,13,0,0,0.0,2019-11-01 02:27:39+00:00,2019-11-01 02:36:13+00:00,Browsers
561649658,1,2,2,0,0,0.0,2019-11-01 01:49:05+00:00,2019-11-01 01:50:47+00:00,Browsers
561653593,1,2,2,0,0,0.0,2019-11-01 02:39:53+00:00,2019-11-01 02:40:59+00:00,Browsers
561669529,1,2,2,0,0,0.0,2019-11-01 02:34:23+00:00,2019-11-01 02:35:51+00:00,Browsers
561713177,4,11,10,1,0,0.0,2019-11-01 00:08:45+00:00,2019-11-01 02:48:09+00:00,Cart abandoners
561734641,1,4,4,0,0,0.0,2019-11-01 00:51:07+00:00,2019-11-01 00:56:18+00:00,Browsers
561739560,1,1,1,0,0,0.0,2019-11-01 02:24:51+00:00,2019-11-01 02:24:51+00:00,Browsers
561744103,2,6,6,0,0,0.0,2019-11-01 01:44:53+00:00,2019-11-01 02:19:12+00:00,Browsers
561746770,2,15,15,0,0,0.0,2019-11-01 01:24:38+00:00,2019-11-01 01:37:45+00:00,Browsers
561747305,1,1,1,0,0,0.0,2019-11-01 00:04:48+00:00,2019-11-01 00:04:48+00:00,Browsers
561748263,2,4,4,0,0,0.0,2019-11-01 01:59:23+00:00,2019-11-01 02:05:50+00:00,Browsers
561750957,1,1,1,0,0,0.0,2019-11-01 00:28:56+00:00,2019-11-01 00:28:56+00:00,Browsers
561753281,2,25,25,0,0,0.0,2019-11-01 00:44:44+00:00,2019-11-01 01:03:53+00:00,Browsers
561754033,1,2,2,0,0,0.0,2019-11-01 00:29:02+00:00,2019-11-01 00:31:21+00:00,Browsers
561758421,1,3,3,0,0,0.0,2019-11-01 02:21:03+00:00,2019-11-01 02:40:21+00:00,Browsers
561766007,1,1,1,0,0,0.0,2019-11-01 02:04:36+00:00,2019-11-01 02:04:36+00:00,Browsers
561766266,1,1,1,0,0,0.0,2019-11-01 00:45:24+00:00,2019-11-01 00:45:24+00:00,Browsers
561766317,1,1,1,0,0,0.0,2019-11-01 02:12:04+00:00,2019-11-01 02:12:04+00:00,Browsers
561768010,1,5,5,0,0,0.0,2019-11-01 01:44:13+00:00,2019-11-01 02:00:20+00:00,Browsers
561772203,1,2,2,0,0,0.0,2019-11-01 02:39:57+00:00,2019-11-01 02:40:15+00:00,Browsers
561778876,1,17,17,0,0,0.0,2019-11-01 02:23:41+00:00,2019-11-01 02:35:23+00:00,Browsers
561779616,1,1,1,0,0,0.0,2019-11-01 02:40:43+00:00,2019-11-01 02:40:43+00:00,Browsers
561782205,1,9,8,0,1,54.25,2019-11-01 02:19:33+00:00,2019-11-01 02:31:56+00:00,High-value users (purchasers)
561788565,1,1,1,0,0,0.0,2019-11-01 01:41:51+00:00,2019-11-01 01:41:51+00:00,Browsers
561792904,1,9,9,0,0,0.0,2019-11-01 00:50:44+00:00,2019-11-01 00:56:54+00:00,Browsers
561800588,1,5,5,0,0,0.0,2019-11-01 02:46:02+00:00,2019-11-01 02:48:22+00:00,Browsers
561801037,1,4,4,0,0,0.0,2019-11-01 01:38:43+00:00,2019-11-01 01:48:39+00:00,Browsers
561801667,3,10,10,0,0,0.0,2019-11-01 02:12:29+00:00,2019-11-01 02:43:49+00:00,Browsers
561804310,1,1,1,0,0,0.0,2019-11-01 02:40:49+00:00,2019-11-01 02:40:49+00:00,Browsers
561812786,1,5,5,0,0,0.0,2019-11-01 02:39:32+00:00,2019-11-01 02:41:14+00:00,Browsers
561813369,1,1,1,0,0,0.0,2019-11-01 02:13:25+00:00,2019-11-01 02:13:25+00:00,Browsers
561814766,1,1,1,0,0,0.0,2019-11-01 02:45:32+00:00,2019-11-01 02:45:32+00:00,Browsers
561842648,1,2,1,0,1,333.08,2019-11-01 01:40:49+00:00,2019-11-01 01:42:01+00:00,High-value users (purchasers)
561861231,1,1,1,0,0,0.0,2019-11-01 02:28:50+00:00,2019-11-01 02:28:50+00:00,Browsers
561861313,1,6,6,0,0,0.0,2019-11-01 01:40:16+00:00,2019-11-01 01:42:23+00:00,Browsers
561873862,1,1,1,0,0,0.0,2019-11-01 01:16:55+00:00,2019-11-01 01:16:55+00:00,Browsers
561874061,1,3,3,0,0,0.0,2019-11-01 01:34:48+00:00,2019-11-01 01:36:20+00:00,Browsers
561880914,1,1,1,0,0,0.0,2019-11-01 01:55:11+00:00,2019-11-01 01:55:11+00:00,Browsers
561885752,2,5,5,0,0,0.0,2019-11-01 01:44:57+00:00,2019-11-01 01:47:15+00:00,Browsers
561901574,1,2,1,0,1,242.63,2019-11-01 01:46:27+00:00,2019-11-01 01:48:49+00:00,High-value users (purchasers)
561920152,1,4,4,0,0,0.0,2019-11-01 01:56:18+00:00,2019-11-01 01:58:36+00:00,Browsers
561926857,1,3,3,0,0,0.0,2019-11-01 01:54:18+00:00,2019-11-01 01:56:22+00:00,Browsers
561946067,1,1,1,0,0,0.0,2019-11-01 02:46:58+00:00,2019-11-01 02:46:58+00:00,Browsers
561947707,1,6,6,0,0,0.0,2019-11-01 02:24:15+00:00,2019-11-01 02:29:08+00:00,Browsers
561974855,1,4,4,0,0,0.0,2019-11-01 02:02:06+00:00,2019-11-01 02:03:47+00:00,Browsers
561977651,1,2,2,0,0,0.0,2019-11-01 02:41:12+00:00,2019-11-01 02:41:40+00:00,Browsers
561978107,1,3,3,0,0,0.0,2019-11-01 02:40:28+00:00,2019-11-01 02:41:48+00:00,Browsers
561983587,1,7,7,0,0,0.0,2019-11-01 02:07:41+00:00,2019-11-01 02:18:49+00:00,Browsers
561987774,1,9,8,0,1,82.63,2019-11-01 02:25:42+00:00,2019-11-01 02:39:08+00:00,High-value users (purchasers)
562012420,1,8,5,0,3,675.96,2019-11-01 01:46:07+00:00,2019-11-01 01:50:46+00:00,High-value users (purchasers)
562032637,1,1,1,0,0,0.0,2019-11-01 00:36:09+00:00,2019-11-01 00:36:09+00:00,Browsers
562067899,1,5,4,0,1,160.57,2019-11-01 00:19:13+00:00,2019-11-01 00:22:25+00:00,High-value users (purchasers)
562077107,1,8,8,0,0,0.0,2019-11-01 00:45:52+00:00,2019-11-01 00:53:12+00:00,Browsers
562079864,1,1,1,0,0,0.0,2019-11-01 00:00:10+00:00,2019-11-01 00:00:10+00:00,Browsers
562081653,1,1,1,0,0,0.0,2019-11-01 01:40:26+00:00,2019-11-01 01:40:26+00:00,Browsers
562082835,1,1,1,0,0,0.0,2019-11-01 02:30:16+00:00,2019-11-01 02:30:16+00:00,Browsers
562085836,1,1,1,0,0,0.0,2019-11-01 02:33:34+00:00,2019-11-01 02:33:34+00:00,Browsers
562090564,1,1,1,0,0,0.0,2019-11-01 00:13:46+00:00,2019-11-01 00:13:46+00:00,Browsers
562091143,1,1,1,0,0,0.0,2019-11-01 01:55:40+00:00,2019-11-01 01:55:40+00:00,Browsers
562091358,1,3,3,0,0,0.0,2019-11-01 02:44:56+00:00,2019-11-01 02:45:18+00:00,Browsers
562091621,1,2,2,0,0,0.0,2019-11-01 00:28:22+00:00,2019-11-01 00:29:03+00:00,Browsers
562099041,2,10,10,0,0,0.0,2019-11-01 02:22:50+00:00,2019-11-01 02:28:36+00:00,Browsers
562100800,1,1,1,0,0,0.0,2019-11-01 00:18:19+00:00,2019-11-01 00:18:19+00:00,Browsers
562106776,1,1,1,0,0,0.0,2019-11-01 01:41:08+00:00,2019-11-01 01:41:08+00:00,Browsers
562107324,1,1,1,0,0,0.0,2019-11-01 01:27:14+00:00,2019-11-01 01:27:14+00:00,Browsers
562108724,1,1,1,0,0,0.0,2019-11-01 00:29:54+00:00,2019-11-01 00:29:54+00:00,Browsers
562111766,1,1,1,0,0,0.0,2019-11-01 02:14:21+00:00,2019-11-01 02:14:21+00:00,Browsers
562116777,1,1,1,0,0,0.0,2019-11-01 01:51:45+00:00,2019-11-01 01:51:45+00:00,Browsers
562120446,1,3,3,0,0,0.0,2019-11-01 01:37:51+00:00,2019-11-01 01:38:54+00:00,Browsers
562127042,1,1,1,0,0,0.0,2019-11-01 02:05:24+00:00,2019-11-01 02:05:24+00:00,Browsers
562137064,1,3,2,1,0,0.0,2019-11-01 02:39:02+00:00,2019-11-01 02:39:39+00:00,Cart abandoners
562138847,1,1,1,0,0,0.0,2019-11-01 02:05:54+00:00,2019-11-01 02:05:54+00:00,Browsers
562179950,1,5,5,0,0,0.0,2019-11-01 02:42:54+00:00,2019-11-01 02:45:45+00:00,Browsers
562183363,1,5,5,0,0,0.0,2019-11-01 02:14:15+00:00,2019-11-01 02:20:34+00:00,Browsers
562187985,1,15,15,0,0,0.0,2019-11-01 00:42:55+00:00,2019-11-01 00:52:13+00:00,Browsers
562194532,1,2,2,0,0,0.0,2019-11-01 00:52:19+00:00,2019-11-01 00:52:32+00:00,Browsers
562197979,1,1,1,0,0,0.0,2019-11-01 01:52:15+00:00,2019-11-01 01:52:15+00:00,Browsers
562200921,1,4,2,1,1,717.39,2019-11-01 00:37:04+00:00,2019-11-01 00:38:52+00:00,High-value users (purchasers)
562204804,1,1,1,0,0,0.0,2019-11-01 00:52:34+00:00,2019-11-01 00:52:34+00:00,Browsers
562210838,1,13,11,1,1,1583.48,2019-11-01 00:02:56+00:00,2019-11-01 00:11:14+00:00,High-value users (purchasers)
562212558,1,1,1,0,0,0.0,2019-11-01 02:10:46+00:00,2019-11-01 02:10:46+00:00,Browsers
562226557,1,3,3,0,0,0.0,2019-11-01 02:11:03+00:00,2019-11-01 02:11:45+00:00,Browsers
562233020,1,1,1,0,0,0.0,2019-11-01 01:50:21+00:00,2019-11-01 01:50:21+00:00,Browsers
562234311,1,8,8,0,0,0.0,2019-11-01 00:00:11+00:00,2019-11-01 00:04:03+00:00,Browsers
562235197,1,1,1,0,0,0.0,2019-11-01 02:26:47+00:00,2019-11-01 02:26:47+00:00,Browsers
562238825,1,3,3,0,0,0.0,2019-11-01 00:44:52+00:00,2019-11-01 00:45:48+00:00,Browsers
562240812,1,5,5,0,0,0.0,2019-11-01 02:15:02+00:00,2019-11-01 02:29:53+00:00,Browsers
562241910,1,1,1,0,0,0.0,2019-11-01 00:23:33+00:00,2019-11-01 00:23:33+00:00,Browsers
562242505,1,4,4,0,0,0.0,2019-11-01 01:55:40+00:00,2019-11-01 01:58:09+00:00,Browsers
562244001,1,1,1,0,0,0.0,2019-11-01 02:31:18+00:00,2019-11-01 02:31:18+00:00,Browsers
562245277,1,5,4,1,0,0.0,2019-11-01 02:39:41+00:00,2019-11-01 02:45:33+00:00,Cart abandoners
562245717,1,3,3,0,0,0.0,2019-11-01 02:18:26+00:00,2019-11-01 02:19:40+00:00,Browsers
562250376,1,1,1,0,0,0.0,2019-11-01 02:25:22+00:00,2019-11-01 02:25:22+00:00,Browsers
562269684,1,4,4,0,0,0.0,2019-11-01 01:28:02+00:00,2019-11-01 01:32:13+00:00,Browsers
562275479,1,13,13,0,0,0.0,2019-11-01 02:35:56+00:00,2019-11-01 02:40:48+00:00,Browsers
562278551,1,1,1,0,0,0.0,2019-11-01 02:35:35+00:00,2019-11-01 02:35:35+00:00,Browsers
562286321,1,25,25,0,0,0.0,2019-11-01 02:35:44+00:00,2019-11-01 02:47:19+00:00,Browsers
562289412,1,9,9,0,0,0.0,2019-11-01 02:16:41+00:00,2019-11-01 02:22:02+00:00,Browsers
562293640,1,1,1,0,0,0.0,2019-11-01 01:38:27+00:00,2019-11-01 01:38:27+00:00,Browsers
562294088,1,2,2,0,0,0.0,2019-11-01 01:45:01+00:00,2019-11-01 01:45:31+00:00,Browsers
562301215,1,5,4,0,1,128.42,2019-11-01 00:37:09+00:00,2019-11-01 00:38:40+00:00,High-value users (purchasers)
562302032,1,1,1,0,0,0.0,2019-11-01 01:40:41+00:00,2019-11-01 01:40:41+00:00,Browsers
562303059,1,1,1,0,0,0.0,2019-11-01 02:01:41+00:00,2019-11-01 02:01:41+00:00,Browsers
562307476,1,3,3,0,0,0.0,2019-11-01 02:46:31+00:00,2019-11-01 02:47:09+00:00,Browsers
562320886,1,4,4,0,0,0.0,2019-11-01 02:45:20+00:00,2019-11-01 02:47:13+00:00,Browsers
562323652,1,4,4,0,0,0.0,2019-11-01 01:37:23+00:00,2019-11-01 01:39:59+00:00,Browsers
562328196,1,1,1,0,0,0.0,2019-11-01 00:18:32+00:00,2019-11-01 00:18:32+00:00,Browsers
562343903,2,3,3,0,0,0.0,2019-11-01 00:25:58+00:00,2019-11-01 00:28:53+00:00,Browsers
562347502,1,1,1,0,0,0.0,2019-11-01 02:13:08+00:00,2019-11-01 02:13:08+00:00,Browsers
562354455,1,3,2,0,1,45.05,2019-11-01 02:40:47+00:00,2019-11-01 02:45:05+00:00,High-value users (purchasers)
562354789,1,1,1,0,0,0.0,2019-11-01 00:35:34+00:00,2019-11-01 00:35:34+00:00,Browsers
562364063,1,1,1,0,0,0.0,2019-11-01 02:30:41+00:00,2019-11-01 02:30:41+00:00,Browsers
562370592,1,6,6,0,0,0.0,2019-11-01 00:41:57+00:00,2019-11-01 00:45:33+00:00,Browsers
562416025,1,3,3,0,0,0.0,2019-11-01 01:56:41+00:00,2019-11-01 01:59:07+00:00,Browsers
562426082,1,3,3,0,0,0.0,2019-11-01 02:45:35+00:00,2019-11-01 02:47:11+00:00,Browsers
562430354,1,5,5,0,0,0.0,2019-11-01 00:11:02+00:00,2019-11-01 00:14:34+00:00,Browsers
562434166,1,2,2,0,0,0.0,2019-11-01 02:43:28+00:00,2019-11-01 02:44:00+00:00,Browsers
562436047,1,1,1,0,0,0.0,2019-11-01 02:37:19+00:00,2019-11-01 02:37:19+00:00,Browsers
562439125,3,10,10,0,0,0.0,2019-11-01 01:38:09+00:00,2019-11-01 02:33:27+00:00,Browsers
562439709,1,4,4,0,0,0.0,2019-11-01 00:26:01+00:00,2019-11-01 00:27:35+00:00,Browsers
562442009,1,1,1,0,0,0.0,2019-11-01 00:46:50+00:00,2019-11-01 00:46:50+00:00,Browsers
562444812,1,4,4,0,0,0.0,2019-11-01 02:04:31+00:00,2019-11-01 02:11:14+00:00,Browsers
562445815,1,2,2,0,0,0.0,2019-11-01 01:27:33+00:00,2019-11-01 01:55:25+00:00,Browsers
562447372,1,2,2,0,0,0.0,2019-11-01 01:41:28+00:00,2019-11-01 01:44:26+00:00,Browsers
562450414,1,2,2,0,0,0.0,2019-11-01 01:56:20+00:00,2019-11-01 01:56:53+00:00,Browsers
562452237,2,7,7,0,0,0.0,2019-11-01 00:58:35+00:00,2019-11-01 01:04:49+00:00,Browsers
562455917,1,10,9,0,1,100.39,2019-11-01 01:46:31+00:00,2019-11-01 01:54:10+00:00,High-value users (purchasers)
562464306,1,1,1,0,0,0.0,2019-11-01 01:31:23+00:00,2019-11-01 01:31:23+00:00,Browsers
562466484,1,7,7,0,0,0.0,2019-11-01 02:06:26+00:00,2019-11-01 02:08:32+00:00,Browsers
562467527,1,8,8,0,0,0.0,2019-11-01 01:50:34+00:00,2019-11-01 01:55:00+00:00,Browsers
562469701,1,6,6,0,0,0.0,2019-11-01 00:58:39+00:00,2019-11-01 01:08:46+00:00,Browsers
562475517,1,23,23,0,0,0.0,2019-11-01 00:44:11+00:00,2019-11-01 01:03:10+00:00,Browsers
562476666,1,2,2,0,0,0.0,2019-11-01 01:31:48+00:00,2019-11-01 01:32:21+00:00,Browsers
562503728,1,4,4,0,0,0.0,2019-11-01 00:06:03+00:00,2019-11-01 00:08:51+00:00,Browsers
562507346,1,1,1,0,0,0.0,2019-11-01 02:31:38+00:00,2019-11-01 02:31:38+00:00,Browsers
562516363,1,2,2,0,0,0.0,2019-11-01 02:12:17+00:00,2019-11-01 02:17:27+00:00,Browsers
562532646,2,9,9,0,0,0.0,2019-11-01 01:51:54+00:00,2019-11-01 01:58:36+00:00,Browsers
562542595,1,1,1,0,0,0.0,2019-11-01 02:33:15+00:00,2019-11-01 02:33:15+00:00,Browsers
562543985,1,2,2,0,0,0.0,2019-11-01 02:36:49+00:00,2019-11-01 02:37:21+00:00,Browsers
562545204,1,1,1,0,0,0.0,2019-11-01 00:19:25+00:00,2019-11-01 00:19:25+00:00,Browsers
562546345,1,2,2,0,0,0.0,2019-11-01 02:22:12+00:00,2019-11-01 02:23:25+00:00,Browsers
562551700,1,1,1,0,0,0.0,2019-11-01 01:28:04+00:00,2019-11-01 01:28:04+00:00,Browsers
562558063,1,2,2,0,0,0.0,2019-11-01 02:47:30+00:00,2019-11-01 02:47:44+00:00,Browsers
562567349,1,10,10,0,0,0.0,2019-11-01 00:38:55+00:00,2019-11-01 00:51:33+00:00,Browsers
562572264,1,8,8,0,0,0.0,2019-11-01 02:12:53+00:00,2019-11-01 02:20:58+00:00,Browsers
562614956,2,6,4,1,1,172.23,2019-11-01 02:30:51+00:00,2019-11-01 02:35:53+00:00,High-value users (purchasers)
562623327,1,7,5,2,0,0.0,2019-11-01 02:03:06+00:00,2019-11-01 02:06:21+00:00,Cart abandoners
562623874,1,1,1,0,0,0.0,2019-11-01 01:46:38+00:00,2019-11-01 01:46:38+00:00,Browsers
562629602,1,2,2,0,0,0.0,2019-11-01 00:57:33+00:00,2019-11-01 00:57:50+00:00,Browsers
562630792,1,3,3,0,0,0.0,2019-11-01 01:31:46+00:00,2019-11-01 01:34:03+00:00,Browsers
562633884,2,2,2,0,0,0.0,2019-11-01 02:42:52+00:00,2019-11-01 02:44:30+00:00,Browsers
562637157,1,1,1,0,0,0.0,2019-11-01 01:25:59+00:00,2019-11-01 01:25:59+00:00,Browsers
562640437,1,3,3,0,0,0.0,2019-11-01 02:07:51+00:00,2019-11-01 02:09:13+00:00,Browsers
562645267,1,1,1,0,0,0.0,2019-11-01 00:32:53+00:00,2019-11-01 00:32:53+00:00,Browsers
562649005,1,2,2,0,0,0.0,2019-11-01 01:34:28+00:00,2019-11-01 01:37:41+00:00,Browsers
562650673,2,27,27,0,0,0.0,2019-11-01 00:46:32+00:00,2019-11-01 01:07:18+00:00,Browsers
562661689,1,1,1,0,0,0.0,2019-11-01 01:42:38+00:00,2019-11-01 01:42:38+00:00,Browsers
562666658,1,5,5,0,0,0.0,2019-11-01 00:47:29+00:00,2019-11-01 00:50:08+00:00,Browsers
562666946,1,20,20,0,0,0.0,2019-11-01 01:31:34+00:00,2019-11-01 01:45:20+00:00,Browsers
562667332,1,2,2,0,0,0.0,2019-11-01 00:23:38+00:00,2019-11-01 00:27:19+00:00,Browsers
562671448,1,1,1,0,0,0.0,2019-11-01 00:53:49+00:00,2019-11-01 00:53:49+00:00,Browsers
562673979,1,8,8,0,0,0.0,2019-11-01 02:09:12+00:00,2019-11-01 02:12:33+00:00,Browsers
562679878,1,1,1,0,0,0.0,2019-11-01 01:04:41+00:00,2019-11-01 01:04:41+00:00,Browsers
562689673,1,1,1,0,0,0.0,2019-11-01 02:28:29+00:00,2019-11-01 02:28:29+00:00,Browsers
562690508,1,2,2,0,0,0.0,2019-11-01 01:54:09+00:00,2019-11-01 01:55:04+00:00,Browsers
562691172,1,1,1,0,0,0.0,2019-11-01 02:09:22+00:00,2019-11-01 02:09:22+00:00,Browsers
562704368,1,1,1,0,0,0.0,2019-11-01 00:12:01+00:00,2019-11-01 00:12:01+00:00,Browsers
562711877,2,14,14,0,0,0.0,2019-11-01 01:55:57+00:00,2019-11-01 02:33:04+00:00,Browsers
562730385,1,1,1,0,0,0.0,2019-11-01 02:43:56+00:00,2019-11-01 02:43:56+00:00,Browsers
562737280,1,1,1,0,0,0.0,2019-11-01 01:44:33+00:00,2019-11-01 01:44:33+00:00,Browsers
562782784,1,1,1,0,0,0.0,2019-11-01 01:37:28+00:00,2019-11-01 01:37:28+00:00,Browsers
562783832,3,15,11,2,2,1472.07,2019-11-01 00:31:32+00:00,2019-11-01 00:58:25+00:00,High-value users (purchasers)
562785388,1,1,1,0,0,0.0,2019-11-01 00:40:24+00:00,2019-11-01 00:40:24+00:00,Browsers
562788542,1,3,3,0,0,0.0,2019-11-01 00:42:06+00:00,2019-11-01 00:42:45+00:00,Browsers
562788836,1,3,3,0,0,0.0,2019-11-01 01:28:31+00:00,2019-11-01 01:31:37+00:00,Browsers
562791700,1,3,3,0,0,0.0,2019-11-01 02:01:39+00:00,2019-11-01 02:04:29+00:00,Browsers
562794176,1,1,1,0,0,0.0,2019-11-01 00:38:39+00:00,2019-11-01 00:38:39+00:00,Browsers
562794782,1,18,18,0,0,0.0,2019-11-01 01:52:42+00:00,2019-11-01 02:07:23+00:00,Browsers
562800640,4,20,20,0,0,0.0,2019-11-01 02:21:16+00:00,2019-11-01 02:37:58+00:00,Browsers
562801173,1,1,1,0,0,0.0,2019-11-01 02:02:21+00:00,2019-11-01 02:02:21+00:00,Browsers
562814411,2,4,4,0,0,0.0,2019-11-01 00:31:39+00:00,2019-11-01 00:57:42+00:00,Browsers
562816915,1,1,1,0,0,0.0,2019-11-01 02:28:38+00:00,2019-11-01 02:28:38+00:00,Browsers
562820439,1,2,2,0,0,0.0,2019-11-01 00:54:55+00:00,2019-11-01 00:55:32+00:00,Browsers
562824468,1,5,5,0,0,0.0,2019-11-01 00:07:40+00:00,2019-11-01 01:39:47+00:00,Browsers
562825986,1,16,16,0,0,0.0,2019-11-01 00:21:09+00:00,2019-11-01 01:32:24+00:00,Browsers
562829213,1,3,3,0,0,0.0,2019-11-01 02:26:06+00:00,2019-11-01 02:26:41+00:00,Browsers
562829913,1,3,3,0,0,0.0,2019-11-01 02:05:50+00:00,2019-11-01 02:08:35+00:00,Browsers
562831290,1,1,1,0,0,0.0,2019-11-01 02:06:00+00:00,2019-11-01 02:06:00+00:00,Browsers
562833033,1,1,1,0,0,0.0,2019-11-01 01:25:40+00:00,2019-11-01 01:25:40+00:00,Browsers
562837353,1,1,1,0,0,0.0,2019-11-01 00:55:19+00:00,2019-11-01 00:55:19+00:00,Browsers
562841954,1,3,2,1,0,0.0,2019-11-01 01:36:50+00:00,2019-11-01 01:40:27+00:00,Cart abandoners
562851188,1,1,1,0,0,0.0,2019-11-01 01:35:26+00:00,2019-11-01 01:35:26+00:00,Browsers
562855774,2,20,20,0,0,0.0,2019-11-01 00:14:17+00:00,2019-11-01 00:37:56+00:00,Browsers
562855874,1,2,2,0,0,0.0,2019-11-01 00:05:58+00:00,2019-11-01 00:06:22+00:00,Browsers
562864473,1,1,1,0,0,0.0,2019-11-01 02:18:05+00:00,2019-11-01 02:18:05+00:00,Browsers
562871457,1,1,1,0,0,0.0,2019-11-01 02:01:06+00:00,2019-11-01 02:01:06+00:00,Browsers
562874582,1,1,1,0,0,0.0,2019-11-01 00:36:36+00:00,2019-11-01 00:36:36+00:00,Browsers
562877884,1,6,6,0,0,0.0,2019-11-01 02:26:06+00:00,2019-11-01 02:27:45+00:00,Browsers
562888395,1,1,1,0,0,0.0,2019-11-01 01:59:55+00:00,2019-11-01 01:59:55+00:00,Browsers
562896738,2,2,2,0,0,0.0,2019-11-01 02:01:03+00:00,2019-11-01 02:03:10+00:00,Browsers
562901930,1,7,7,0,0,0.0,2019-11-01 02:12:21+00:00,2019-11-01 02:15:45+00:00,Browsers
562904092,1,3,3,0,0,0.0,2019-11-01 01:02:37+00:00,2019-11-01 01:04:04+00:00,Browsers
562904260,1,1,1,0,0,0.0,2019-11-01 02:31:12+00:00,2019-11-01 02:31:12+00:00,Browsers
562904645,3,8,8,0,0,0.0,2019-11-01 00:37:16+00:00,2019-11-01 00:57:30+00:00,Browsers
562911371,1,1,1,0,0,0.0,2019-11-01 01:53:57+00:00,2019-11-01 01:53:57+00:00,Browsers
562916365,1,1,1,0,0,0.0,2019-11-01 02:25:36+00:00,2019-11-01 02:25:36+00:00,Browsers
562918750,1,8,8,0,0,0.0,2019-11-01 01:51:00+00:00,2019-11-01 01:54:04+00:00,Browsers
562934223,1,5,5,0,0,0.0,2019-11-01 02:21:43+00:00,2019-11-01 02:27:48+00:00,Browsers
562943518,1,2,2,0,0,0.0,2019-11-01 00:32:28+00:00,2019-11-01 00:33:12+00:00,Browsers
562947875,1,2,2,0,0,0.0,2019-11-01 02:41:25+00:00,2019-11-01 02:42:04+00:00,Browsers
562951051,3,14,12,2,0,0.0,2019-11-01 02:01:57+00:00,2019-11-01 02:24:44+00:00,Cart abandoners
562952001,1,12,12,0,0,0.0,2019-11-01 02:22:50+00:00,2019-11-01 02:27:14+00:00,Browsers
562953082,1,2,2,0,0,0.0,2019-11-01 02:24:41+00:00,2019-11-01 02:25:07+00:00,Browsers
562958505,1,4,3,0,1,128.42,2019-11-01 00:04:31+00:00,2019-11-01 00:06:00+00:00,High-value users (purchasers)
562976684,2,10,10,0,0,0.0,2019-11-01 01:43:09+00:00,2019-11-01 01:53:30+00:00,Browsers
562992255,1,2,2,0,0,0.0,2019-11-01 02:24:18+00:00,2019-11-01 02:27:22+00:00,Browsers
563017188,1,3,3,0,0,0.0,2019-11-01 01:44:06+00:00,2019-11-01 02:10:02+00:00,Browsers
563025816,2,11,11,0,0,0.0,2019-11-01 00:32:48+00:00,2019-11-01 00:49:35+00:00,Browsers
563041417,1,2,2,0,0,0.0,2019-11-01 00:55:38+00:00,2019-11-01 00:56:06+00:00,Browsers
563068938,1,4,4,0,0,0.0,2019-11-01 01:33:33+00:00,2019-11-01 01:34:48+00:00,Browsers
563070000,1,2,2,0,0,0.0,2019-11-01 02:44:52+00:00,2019-11-01 02:47:49+00:00,Browsers
563071172,1,1,1,0,0,0.0,2019-11-01 01:30:07+00:00,2019-11-01 01:30:07+00:00,Browsers
563098939,1,3,3,0,0,0.0,2019-11-01 02:36:18+00:00,2019-11-01 02:37:03+00:00,Browsers
563128566,1,1,1,0,0,0.0,2019-11-01 00:06:47+00:00,2019-11-01 00:06:47+00:00,Browsers
563154203,1,1,1,0,0,0.0,2019-11-01 00:30:18+00:00,2019-11-01 00:30:18+00:00,Browsers
563159005,1,2,2,0,0,0.0,2019-11-01 01:47:03+00:00,2019-11-01 01:47:35+00:00,Browsers
563159891,1,2,2,0,0,0.0,2019-11-01 01:36:27+00:00,2019-11-01 01:37:02+00:00,Browsers
563163362,1,6,4,1,1,41.19,2019-11-01 00:35:50+00:00,2019-11-01 00:41:15+00:00,High-value users (purchasers)
563177489,1,1,1,0,0,0.0,2019-11-01 02:28:38+00:00,2019-11-01 02:28:38+00:00,Browsers
563184578,1,4,4,0,0,0.0,2019-11-01 01:58:03+00:00,2019-11-01 02:41:15+00:00,Browsers
563194010,1,6,6,0,0,0.0,2019-11-01 02:38:35+00:00,2019-11-01 02:43:01+00:00,Browsers
563213147,1,24,24,0,0,0.0,2019-11-01 02:09:05+00:00,2019-11-01 02:42:27+00:00,Browsers
563223957,1,2,2,0,0,0.0,2019-11-01 02:47:30+00:00,2019-11-01 02:47:46+00:00,Browsers
563226762,1,4,4,0,0,0.0,2019-11-01 02:45:00+00:00,2019-11-01 02:48:15+00:00,Browsers
563226983,1,9,7,1,1,722.4,2019-11-01 02:28:21+00:00,2019-11-01 02:34:16+00:00,High-value users (purchasers)
563227152,1,1,1,0,0,0.0,2019-11-01 00:06:05+00:00,2019-11-01 00:06:05+00:00,Browsers
563233634,1,1,1,0,0,0.0,2019-11-01 01:00:58+00:00,2019-11-01 01:00:58+00:00,Browsers
563236883,1,3,3,0,0,0.0,2019-11-01 01:47:15+00:00,2019-11-01 01:50:22+00:00,Browsers
563239648,1,1,1,0,0,0.0,2019-11-01 02:35:13+00:00,2019-11-01 02:35:13+00:00,Browsers
563245961,1,2,2,0,0,0.0,2019-11-01 00:56:13+00:00,2019-11-01 01:01:30+00:00,Browsers
563246446,1,1,1,0,0,0.0,2019-11-01 02:42:44+00:00,2019-11-01 02:42:44+00:00,Browsers
563247116,1,3,3,0,0,0.0,2019-11-01 02:17:18+00:00,2019-11-01 02:18:36+00:00,Browsers
563252791,1,1,1,0,0,0.0,2019-11-01 02:31:55+00:00,2019-11-01 02:31:55+00:00,Browsers
563260682,1,6,6,0,0,0.0,2019-11-01 02:15:31+00:00,2019-11-01 02:19:49+00:00,Browsers
563268805,1,1,1,0,0,0.0,2019-11-01 02:41:14+00:00,2019-11-01 02:41:14+00:00,Browsers
563271364,1,1,1,0,0,0.0,2019-11-01 00:31:39+00:00,2019-11-01 00:31:39+00:00,Browsers
563287418,1,2,2,0,0,0.0,2019-11-01 02:14:08+00:00,2019-11-01 02:15:01+00:00,Browsers
563288355,1,1,1,0,0,0.0,2019-11-01 00:28:08+00:00,2019-11-01 00:28:08+00:00,Browsers
563293492,1,3,3,0,0,0.0,2019-11-01 02:38:07+00:00,2019-11-01 02:40:45+00:00,Browsers
563299534,1,1,1,0,0,0.0,2019-11-01 02:43:45+00:00,2019-11-01 02:43:45+00:00,Browsers
563304730,1,1,1,0,0,0.0,2019-11-01 01:59:35+00:00,2019-11-01 01:59:35+00:00,Browsers
563311487,1,1,1,0,0,0.0,2019-11-01 02:27:50+00:00,2019-11-01 02:27:50+00:00,Browsers
563313857,1,7,7,0,0,0.0,2019-11-01 02:20:07+00:00,2019-11-01 02:30:17+00:00,Browsers
563313908,1,16,16,0,0,0.0,2019-11-01 00:23:48+00:00,2019-11-01 00:42:03+00:00,Browsers
563317448,1,1,1,0,0,0.0,2019-11-01 01:28:37+00:00,2019-11-01 01:28:37+00:00,Browsers
563325931,1,4,4,0,0,0.0,2019-11-01 02:24:14+00:00,2019-11-01 02:27:03+00:00,Browsers
563330681,1,2,2,0,0,0.0,2019-11-01 02:07:35+00:00,2019-11-01 02:09:01+00:00,Browsers
563334612,1,1,1,0,0,0.0,2019-11-01 02:08:55+00:00,2019-11-01 02:08:55+00:00,Browsers
563338451,1,1,1,0,0,0.0,2019-11-01 01:25:40+00:00,2019-11-01 01:25:40+00:00,Browsers
563342866,1,6,4,1,1,717.39,2019-11-01 02:36:03+00:00,2019-11-01 02:41:57+00:00,High-value users (purchasers)
563352597,1,1,1,0,0,0.0,2019-11-01 01:43:34+00:00,2019-11-01 01:43:34+00:00,Browsers
563352626,1,17,17,0,0,0.0,2019-11-01 01:46:53+00:00,2019-11-01 01:57:47+00:00,Browsers
563357993,1,4,4,0,0,0.0,2019-11-01 00:43:43+00:00,2019-11-01 00:44:21+00:00,Browsers
563362631,1,3,3,0,0,0.0,2019-11-01 00:56:33+00:00,2019-11-01 01:17:40+00:00,Browsers
563362800,1,2,1,0,1,175.04,2019-11-01 01:00:16+00:00,2019-11-01 01:02:16+00:00,High-value users (purchasers)
563370038,1,1,1,0,0,0.0,2019-11-01 00:32:38+00:00,2019-11-01 00:32:38+00:00,Browsers
563374945,2,30,30,0,0,0.0,2019-11-01 02:12:32+00:00,2019-11-01 02:40:59+00:00,Browsers
563375932,1,5,5,0,0,0.0,2019-11-01 02:30:35+00:00,2019-11-01 02:35:25+00:00,Browsers
563380530,1,1,1,0,0,0.0,2019-11-01 01:28:48+00:00,2019-11-01 01:28:48+00:00,Browsers
563381551,1,4,4,0,0,0.0,2019-11-01 02:26:31+00:00,2019-11-01 02:29:42+00:00,Browsers
563383889,1,1,1,0,0,0.0,2019-11-01 01:50:01+00:00,2019-11-01 01:50:01+00:00,Browsers
563390838,1,5,5,0,0,0.0,2019-11-01 01:50:16+00:00,2019-11-01 01:51:25+00:00,Browsers
563398223,1,8,8,0,0,0.0,2019-11-01 00:55:39+00:00,2019-11-01 01:54:44+00:00,Browsers
563402606,1,11,11,0,0,0.0,2019-11-01 02:05:25+00:00,2019-11-01 02:08:57+00:00,Browsers
563404275,1,1,1,0,0,0.0,2019-11-01 00:02:00+00:00,2019-11-01 00:02:00+00:00,Browsers
563407122,2,4,4,0,0,0.0,2019-11-01 01:27:33+00:00,2019-11-01 01:30:21+00:00,Browsers
563409662,1,1,1,0,0,0.0,2019-11-01 01:32:54+00:00,2019-11-01 01:32:54+00:00,Browsers
563416044,3,24,16,8,0,0.0,2019-11-01 02:09:54+00:00,2019-11-01 02:42:11+00:00,Cart abandoners
563436385,1,1,1,0,0,0.0,2019-11-01 02:45:53+00:00,2019-11-01 02:45:53+00:00,Browsers
563446991,1,3,3,0,0,0.0,2019-11-01 00:27:41+00:00,2019-11-01 00:29:03+00:00,Browsers
563449134,1,2,1,1,0,0.0,2019-11-01 01:26:58+00:00,2019-11-01 01:27:15+00:00,Cart abandoners
563449235,1,1,1,0,0,0.0,2019-11-01 01:46:32+00:00,2019-11-01 01:46:32+00:00,Browsers
563459593,12,18,18,0,0,0.0,2019-11-01 01:35:00+00:00,2019-11-01 01:40:45+00:00,Browsers
563469007,1,5,5,0,0,0.0,2019-11-01 00:18:53+00:00,2019-11-01 00:23:34+00:00,Browsers
563496776,1,7,7,0,0,0.0,2019-11-01 02:08:38+00:00,2019-11-01 02:16:22+00:00,Browsers
563503895,1,1,1,0,0,0.0,2019-11-01 02:33:15+00:00,2019-11-01 02:33:15+00:00,Browsers
563506259,1,7,7,0,0,0.0,2019-11-01 01:55:49+00:00,2019-11-01 01:58:06+00:00,Browsers
563508820,1,1,1,0,0,0.0,2019-11-01 01:29:34+00:00,2019-11-01 01:29:34+00:00,Browsers
563511778,1,1,1,0,0,0.0,2019-11-01 00:30:44+00:00,2019-11-01 00:30:44+00:00,Browsers
563513294,2,32,32,0,0,0.0,2019-11-01 00:14:41+00:00,2019-11-01 01:52:22+00:00,Browsers
563513404,1,2,2,0,0,0.0,2019-11-01 02:13:26+00:00,2019-11-01 02:13:50+00:00,Browsers
563516524,1,6,6,0,0,0.0,2019-11-01 01:58:45+00:00,2019-11-01 02:01:38+00:00,Browsers
563518100,1,1,1,0,0,0.0,2019-11-01 02:28:04+00:00,2019-11-01 02:28:04+00:00,Browsers
563518327,2,19,19,0,0,0.0,2019-11-01 02:37:32+00:00,2019-11-01 02:48:22+00:00,Browsers
563541939,2,4,4,0,0,0.0,2019-11-01 02:30:43+00:00,2019-11-01 02:32:39+00:00,Browsers
563557913,1,1,1,0,0,0.0,2019-11-01 02:34:09+00:00,2019-11-01 02:34:09+00:00,Browsers
563558500,1,7,6,1,0,0.0,2019-11-01 00:13:32+00:00,2019-11-01 00:14:49+00:00,Cart abandoners
563559801,1,1,1,0,0,0.0,2019-11-01 01:52:29+00:00,2019-11-01 01:52:29+00:00,Browsers
563562442,2,9,9,0,0,0.0,2019-11-01 01:32:29+00:00,2019-11-01 01:52:01+00:00,Browsers
563566070,1,3,2,0,1,431.4,2019-11-01 01:54:20+00:00,2019-11-01 01:55:51+00:00,High-value users (purchasers)
563572261,2,9,9,0,0,0.0,2019-11-01 01:33:47+00:00,2019-11-01 01:39:43+00:00,Browsers
563572407,1,3,2,0,1,128.42,2019-11-01 02:39:03+00:00,2019-11-01 02:39:54+00:00,High-value users (purchasers)
563573315,1,1,1,0,0,0.0,2019-11-01 02:18:36+00:00,2019-11-01 02:18:36+00:00,Browsers
563573701,1,3,3,0,0,0.0,2019-11-01 02:10:11+00:00,2019-11-01 02:10:37+00:00,Browsers
563574870,1,1,1,0,0,0.0,2019-11-01 01:00:54+00:00,2019-11-01 01:00:54+00:00,Browsers
563584539,1,12,12,0,0,0.0,2019-11-01 01:51:11+00:00,2019-11-01 01:59:55+00:00,Browsers
563585499,1,2,2,0,0,0.0,2019-11-01 01:27:33+00:00,2019-11-01 01:28:09+00:00,Browsers
563593327,2,2,2,0,0,0.0,2019-11-01 02:12:34+00:00,2019-11-01 02:13:05+00:00,Browsers
563595632,1,1,1,0,0,0.0,2019-11-01 01:36:18+00:00,2019-11-01 01:36:18+00:00,Browsers
563608092,1,1,1,0,0,0.0,2019-11-01 02:16:52+00:00,2019-11-01 02:16:52+00:00,Browsers
563611826,1,4,4,0,0,0.0,2019-11-01 01:36:27+00:00,2019-11-01 01:48:10+00:00,Browsers
563615195,1,1,1,0,0,0.0,2019-11-01 02:33:50+00:00,2019-11-01 02:33:50+00:00,Browsers
563626542,1,3,1,2,0,0.0,2019-11-01 00:18:40+00:00,2019-11-01 00:20:49+00:00,Cart abandoners
563658781,2,12,12,0,0,0.0,2019-11-01 01:23:32+00:00,2019-11-01 01:31:01+00:00,Browsers
563659320,1,2,2,0,0,0.0,2019-11-01 02:17:19+00:00,2019-11-01 02:17:35+00:00,Browsers
563659956,1,2,2,0,0,0.0,2019-11-01 02:44:10+00:00,2019-11-01 02:45:09+00:00,Browsers
563664797,1,1,1,0,0,0.0,2019-11-01 00:57:44+00:00,2019-11-01 00:57:44+00:00,Browsers
563670132,1,6,6,0,0,0.0,2019-11-01 02:07:04+00:00,2019-11-01 02:12:03+00:00,Browsers
563671067,1,2,2,0,0,0.0,2019-11-01 02:25:32+00:00,2019-11-01 02:26:34+00:00,Browsers
563673584,3,4,4,0,0,0.0,2019-11-01 02:19:46+00:00,2019-11-01 02:30:37+00:00,Browsers
563683321,1,3,3,0,0,0.0,2019-11-01 01:39:09+00:00,2019-11-01 01:40:17+00:00,Browsers
563683416,1,2,2,0,0,0.0,2019-11-01 00:59:56+00:00,2019-11-01 01:00:37+00:00,Browsers
563691190,1,3,3,0,0,0.0,2019-11-01 00:40:53+00:00,2019-11-01 00:42:30+00:00,Browsers
563692599,1,11,11,0,0,0.0,2019-11-01 02:40:29+00:00,2019-11-01 02:46:14+00:00,Browsers
563693782,1,1,1,0,0,0.0,2019-11-01 00:19:23+00:00,2019-11-01 00:19:23+00:00,Browsers
563704244,1,4,4,0,0,0.0,2019-11-01 01:35:52+00:00,2019-11-01 01:36:52+00:00,Browsers
563705893,1,1,1,0,0,0.0,2019-11-01 02:18:43+00:00,2019-11-01 02:18:43+00:00,Browsers
563708879,2,7,7,0,0,0.0,2019-11-01 02:13:39+00:00,2019-11-01 02:20:14+00:00,Browsers
563709452,1,1,1,0,0,0.0,2019-11-01 00:05:18+00:00,2019-11-01 00:05:18+00:00,Browsers
563713644,1,8,8,0,0,0.0,2019-11-01 00:16:27+00:00,2019-11-01 00:28:50+00:00,Browsers
563720284,2,5,5,0,0,0.0,2019-11-01 02:23:50+00:00,2019-11-01 02:34:41+00:00,Browsers
563725785,1,1,1,0,0,0.0,2019-11-01 02:22:33+00:00,2019-11-01 02:22:33+00:00,Browsers
563726633,2,22,22,0,0,0.0,2019-11-01 01:04:00+00:00,2019-11-01 01:33:16+00:00,Browsers
563728406,1,2,2,0,0,0.0,2019-11-01 01:55:16+00:00,2019-11-01 01:56:19+00:00,Browsers
563732972,2,8,8,0,0,0.0,2019-11-01 02:04:56+00:00,2019-11-01 02:13:56+00:00,Browsers
563737760,1,1,1,0,0,0.0,2019-11-01 02:45:17+00:00,2019-11-01 02:45:17+00:00,Browsers
563746297,1,1,1,0,0,0.0,2019-11-01 00:03:05+00:00,2019-11-01 00:03:05+00:00,Browsers
563747886,1,6,6,0,0,0.0,2019-11-01 02:16:46+00:00,2019-11-01 02:20:49+00:00,Browsers
563752867,1,1,1,0,0,0.0,2019-11-01 02:36:39+00:00,2019-11-01 02:36:39+00:00,Browsers
563756586,1,3,3,0,0,0.0,2019-11-01 00:56:38+00:00,2019-11-01 00:57:18+00:00,Browsers
563760136,1,2,2,0,0,0.0,2019-11-01 02:39:32+00:00,2019-11-01 02:40:59+00:00,Browsers
563765981,1,2,2,0,0,0.0,2019-11-01 01:55:24+00:00,2019-11-01 01:55:41+00:00,Browsers
563769246,1,6,6,0,0,0.0,2019-11-01 00:00:09+00:00,2019-11-01 00:02:23+00:00,Browsers
563774705,1,1,1,0,0,0.0,2019-11-01 01:55:59+00:00,2019-11-01 01:55:59+00:00,Browsers
563777081,1,1,1,0,0,0.0,2019-11-01 01:38:58+00:00,2019-11-01 01:38:58+00:00,Browsers
563782515,1,1,1,0,0,0.0,2019-11-01 01:52:38+00:00,2019-11-01 01:52:38+00:00,Browsers
563785267,1,1,1,0,0,0.0,2019-11-01 00:16:26+00:00,2019-11-01 00:16:26+00:00,Browsers
563792901,1,5,5,0,0,0.0,2019-11-01 01:44:15+00:00,2019-11-01 01:47:23+00:00,Browsers
563806046,2,2,2,0,0,0.0,2019-11-01 02:11:22+00:00,2019-11-01 02:19:04+00:00,Browsers
563812703,1,4,4,0,0,0.0,2019-11-01 01:02:10+00:00,2019-11-01 01:08:08+00:00,Browsers
563875620,1,2,2,0,0,0.0,2019-11-01 00:49:20+00:00,2019-11-01 02:31:49+00:00,Browsers
563876902,1,17,17,0,0,0.0,2019-11-01 01:30:15+00:00,2019-11-01 01:58:38+00:00,Browsers
563877832,1,1,1,0,0,0.0,2019-11-01 01:33:35+00:00,2019-11-01 01:33:35+00:00,Browsers
563889729,1,1,1,0,0,0.0,2019-11-01 01:53:52+00:00,2019-11-01 01:53:52+00:00,Browsers
563890276,2,31,31,0,0,0.0,2019-11-01 00:50:19+00:00,2019-11-01 01:04:29+00:00,Browsers
563900168,1,1,1,0,0,0.0,2019-11-01 01:26:04+00:00,2019-11-01 01:26:04+00:00,Browsers
563903779,1,1,1,0,0,0.0,2019-11-01 02:37:09+00:00,2019-11-01 02:37:09+00:00,Browsers
563911227,1,1,1,0,0,0.0,2019-11-01 02:37:35+00:00,2019-11-01 02:37:35+00:00,Browsers
563911925,5,75,75,0,0,0.0,2019-11-01 01:30:35+00:00,2019-11-01 02:32:06+00:00,Browsers
563914900,1,3,3,0,0,0.0,2019-11-01 00:42:33+00:00,2019-11-01 00:43:28+00:00,Browsers
563915498,1,3,1,1,1,178.87,2019-11-01 02:12:00+00:00,2019-11-01 02:13:07+00:00,High-value users (purchasers)
563916148,1,1,1,0,0,0.0,2019-11-01 02:04:03+00:00,2019-11-01 02:04:03+00:00,Browsers
563934065,1,1,1,0,0,0.0,2019-11-01 01:30:16+00:00,2019-11-01 01:30:16+00:00,Browsers
563936508,1,1,1,0,0,0.0,2019-11-01 02:19:48+00:00,2019-11-01 02:19:48+00:00,Browsers
563944256,1,12,12,0,0,0.0,2019-11-01 01:55:00+00:00,2019-11-01 01:58:40+00:00,Browsers
563953510,1,6,6,0,0,0.0,2019-11-01 01:51:19+00:00,2019-11-01 01:55:30+00:00,Browsers
563961238,1,2,2,0,0,0.0,2019-11-01 00:48:40+00:00,2019-11-01 00:50:35+00:00,Browsers
563971354,1,2,2,0,0,0.0,2019-11-01 00:26:12+00:00,2019-11-01 00:28:02+00:00,Browsers
563971969,1,1,1,0,0,0.0,2019-11-01 02:26:52+00:00,2019-11-01 02:26:52+00:00,Browsers
563975828,1,1,1,0,0,0.0,2019-11-01 00:55:38+00:00,2019-11-01 00:55:38+00:00,Browsers
563975860,1,2,2,0,0,0.0,2019-11-01 02:09:46+00:00,2019-11-01 02:13:21+00:00,Browsers
563976016,1,3,3,0,0,0.0,2019-11-01 00:02:37+00:00,2019-11-01 00:03:46+00:00,Browsers
563976048,1,1,1,0,0,0.0,2019-11-01 01:24:41+00:00,2019-11-01 01:24:41+00:00,Browsers
563977340,1,4,4,0,0,0.0,2019-11-01 02:40:57+00:00,2019-11-01 02:44:43+00:00,Browsers
563981010,1,14,14,0,0,0.0,2019-11-01 02:21:20+00:00,2019-11-01 02:45:05+00:00,Browsers
563981983,1,3,3,0,0,0.0,2019-11-01 00:05:10+00:00,2019-11-01 00:07:00+00:00,Browsers
563990271,1,1,1,0,0,0.0,2019-11-01 02:37:04+00:00,2019-11-01 02:37:04+00:00,Browsers
563990930,3,25,25,0,0,0.0,2019-11-01 02:11:17+00:00,2019-11-01 02:31:09+00:00,Browsers
563990993,1,2,2,0,0,0.0,2019-11-01 02:46:55+00:00,2019-11-01 02:47:59+00:00,Browsers
563993351,1,3,3,0,0,0.0,2019-11-01 02:20:17+00:00,2019-11-01 02:22:22+00:00,Browsers
563995575,1,2,2,0,0,0.0,2019-11-01 02:09:27+00:00,2019-11-01 02:09:51+00:00,Browsers
563996989,1,13,13,0,0,0.0,2019-11-01 02:25:23+00:00,2019-11-01 02:34:29+00:00,Browsers
564004062,2,7,7,0,0,0.0,2019-11-01 01:41:55+00:00,2019-11-01 01:48:28+00:00,Browsers
564006996,1,1,1,0,0,0.0,2019-11-01 02:35:44+00:00,2019-11-01 02:35:44+00:00,Browsers
564008542,1,2,2,0,0,0.0,2019-11-01 01:05:11+00:00,2019-11-01 01:07:24+00:00,Browsers
564014296,1,7,6,0,1,43.24,2019-11-01 00:07:07+00:00,2019-11-01 00:13:04+00:00,High-value users (purchasers)
564016680,1,2,2,0,0,0.0,2019-11-01 02:03:30+00:00,2019-11-01 02:03:32+00:00,Browsers
564019203,1,19,19,0,0,0.0,2019-11-01 00:52:21+00:00,2019-11-01 01:05:59+00:00,Browsers
564020805,1,66,66,0,0,0.0,2019-11-01 01:44:41+00:00,2019-11-01 02:45:08+00:00,Browsers
564022172,1,2,2,0,0,0.0,2019-11-01 02:01:45+00:00,2019-11-01 02:02:18+00:00,Browsers
564026144,1,1,1,0,0,0.0,2019-11-01 02:43:37+00:00,2019-11-01 02:43:37+00:00,Browsers
564038756,1,2,2,0,0,0.0,2019-11-01 02:32:09+00:00,2019-11-01 02:33:51+00:00,Browsers
564047185,1,1,1,0,0,0.0,2019-11-01 02:21:25+00:00,2019-11-01 02:21:25+00:00,Browsers
564049511,1,1,1,0,0,0.0,2019-11-01 01:51:31+00:00,2019-11-01 01:51:31+00:00,Browsers
564050975,1,6,6,0,0,0.0,2019-11-01 02:20:40+00:00,2019-11-01 02:23:52+00:00,Browsers
564056508,1,8,8,0,0,0.0,2019-11-01 02:24:52+00:00,2019-11-01 02:28:17+00:00,Browsers
564057191,1,1,1,0,0,0.0,2019-11-01 00:58:00+00:00,2019-11-01 00:58:00+00:00,Browsers
564065731,1,1,1,0,0,0.0,2019-11-01 02:10:53+00:00,2019-11-01 02:10:53+00:00,Browsers
564066766,1,1,1,0,0,0.0,2019-11-01 02:28:14+00:00,2019-11-01 02:28:14+00:00,Browsers
564066782,1,4,4,0,0,0.0,2019-11-01 01:43:12+00:00,2019-11-01 01:44:06+00:00,Browsers
564071899,2,2,2,0,0,0.0,2019-11-01 01:46:15+00:00,2019-11-01 01:47:50+00:00,Browsers
564071991,1,2,1,0,1,205.67,2019-11-01 02:03:57+00:00,2019-11-01 02:05:21+00:00,High-value users (purchasers)
564078270,1,2,2,0,0,0.0,2019-11-01 01:23:36+00:00,2019-11-01 01:39:41+00:00,Browsers
564078826,1,6,6,0,0,0.0,2019-11-01 01:34:13+00:00,2019-11-01 01:36:09+00:00,Browsers
564086405,1,2,2,0,0,0.0,2019-11-01 01:07:14+00:00,2019-11-01 01:11:03+00:00,Browsers
564087637,1,4,4,0,0,0.0,2019-11-01 01:05:19+00:00,2019-11-01 01:09:03+00:00,Browsers
564091334,1,1,1,0,0,0.0,2019-11-01 02:19:04+00:00,2019-11-01 02:19:04+00:00,Browsers
564092181,1,1,1,0,0,0.0,2019-11-01 01:45:31+00:00,2019-11-01 01:45:31+00:00,Browsers
564095948,1,1,1,0,0,0.0,2019-11-01 02:13:00+00:00,2019-11-01 02:13:00+00:00,Browsers
564101102,1,5,5,0,0,0.0,2019-11-01 01:59:16+00:00,2019-11-01 02:04:46+00:00,Browsers
564107311,1,10,10,0,0,0.0,2019-11-01 01:47:26+00:00,2019-11-01 01:55:02+00:00,Browsers
564129469,1,7,7,0,0,0.0,2019-11-01 00:43:29+00:00,2019-11-01 00:50:40+00:00,Browsers
564133208,1,2,2,0,0,0.0,2019-11-01 02:14:30+00:00,2019-11-01 02:14:52+00:00,Browsers
564133858,2,15,8,5,2,1077.89,2019-11-01 01:39:02+00:00,2019-11-01 02:26:28+00:00,High-value users (purchasers)
564134503,1,10,10,0,0,0.0,2019-11-01 02:39:09+00:00,2019-11-01 02:45:18+00:00,Browsers
564139647,1,2,2,0,0,0.0,2019-11-01 01:38:49+00:00,2019-11-01 01:39:22+00:00,Browsers
564146384,1,1,1,0,0,0.0,2019-11-01 01:59:08+00:00,2019-11-01 01:59:08+00:00,Browsers
564150263,1,1,1,0,0,0.0,2019-11-01 00:14:19+00:00,2019-11-01 00:14:19+00:00,Browsers
564152382,1,1,1,0,0,0.0,2019-11-01 02:47:40+00:00,2019-11-01 02:47:40+00:00,Browsers
564155739,1,1,1,0,0,0.0,2019-11-01 02:35:58+00:00,2019-11-01 02:35:58+00:00,Browsers
564155994,1,3,3,0,0,0.0,2019-11-01 01:26:34+00:00,2019-11-01 01:28:15+00:00,Browsers
564165496,2,29,29,0,0,0.0,2019-11-01 02:01:42+00:00,2019-11-01 02:48:02+00:00,Browsers
564176811,1,2,2,0,0,0.0,2019-11-01 02:05:53+00:00,2019-11-01 02:06:25+00:00,Browsers
564195480,2,8,5,0,3,2931.42,2019-11-01 02:26:14+00:00,2019-11-01 02:48:16+00:00,High-value users (purchasers)
564209731,1,3,3,0,0,0.0,2019-11-01 00:54:39+00:00,2019-11-01 00:58:48+00:00,Browsers
564212854,1,1,1,0,0,0.0,2019-11-01 01:57:22+00:00,2019-11-01 01:57:22+00:00,Browsers
564214040,1,1,1,0,0,0.0,2019-11-01 01:02:28+00:00,2019-11-01 01:02:28+00:00,Browsers
564215726,1,1,1,0,0,0.0,2019-11-01 02:16:37+00:00,2019-11-01 02:16:37+00:00,Browsers
564220367,1,1,1,0,0,0.0,2019-11-01 00:46:48+00:00,2019-11-01 00:46:48+00:00,Browsers
564220456,1,4,4,0,0,0.0,2019-11-01 01:28:11+00:00,2019-11-01 01:32:08+00:00,Browsers
564222543,1,2,2,0,0,0.0,2019-11-01 01:08:12+00:00,2019-11-01 01:08:16+00:00,Browsers
564223175,1,4,4,0,0,0.0,2019-11-01 00:10:32+00:00,2019-11-01 00:12:09+00:00,Browsers
564225306,1,3,3,0,0,0.0,2019-11-01 02:13:52+00:00,2019-11-01 02:19:13+00:00,Browsers
564228347,1,3,3,0,0,0.0,2019-11-01 02:06:36+00:00,2019-11-01 02:08:04+00:00,Browsers
564228435,2,5,5,0,0,0.0,2019-11-01 01:39:11+00:00,2019-11-01 01:54:54+00:00,Browsers
564229769,1,1,1,0,0,0.0,2019-11-01 01:04:57+00:00,2019-11-01 01:04:57+00:00,Browsers
564229901,2,4,4,0,0,0.0,2019-11-01 01:00:01+00:00,2019-11-01 01:07:54+00:00,Browsers
564232541,1,1,1,0,0,0.0,2019-11-01 02:32:18+00:00,2019-11-01 02:32:18+00:00,Browsers
564235891,4,15,15,0,0,0.0,2019-11-01 01:30:28+00:00,2019-11-01 02:11:15+00:00,Browsers
564237520,1,2,2,0,0,0.0,2019-11-01 00:44:44+00:00,2019-11-01 00:45:36+00:00,Browsers
564239250,1,1,1,0,0,0.0,2019-11-01 01:17:50+00:00,2019-11-01 01:17:50+00:00,Browsers
564243602,1,1,1,0,0,0.0,2019-11-01 02:11:23+00:00,2019-11-01 02:11:23+00:00,Browsers
564245579,1,3,3,0,0,0.0,2019-11-01 02:02:14+00:00,2019-11-01 02:03:52+00:00,Browsers
564248898,1,1,1,0,0,0.0,2019-11-01 02:33:56+00:00,2019-11-01 02:33:56+00:00,Browsers
564260658,1,2,2,0,0,0.0,2019-11-01 02:36:27+00:00,2019-11-01 02:37:20+00:00,Browsers
564264503,1,1,1,0,0,0.0,2019-11-01 01:08:31+00:00,2019-11-01 01:08:31+00:00,Browsers
564265626,1,1,1,0,0,0.0,2019-11-01 02:11:12+00:00,2019-11-01 02:11:12+00:00,Browsers
564278772,1,3,3,0,0,0.0,2019-11-01 02:28:04+00:00,2019-11-01 02:28:39+00:00,Browsers
564280011,1,13,13,0,0,0.0,2019-11-01 00:03:51+00:00,2019-11-01 00:23:00+00:00,Browsers
564289280,1,15,15,0,0,0.0,2019-11-01 00:51:08+00:00,2019-11-01 01:09:31+00:00,Browsers
564290662,1,1,1,0,0,0.0,2019-11-01 02:41:41+00:00,2019-11-01 02:41:41+00:00,Browsers
564292480,1,12,12,0,0,0.0,2019-11-01 02:17:34+00:00,2019-11-01 02:28:46+00:00,Browsers
564292927,1,9,9,0,0,0.0,2019-11-01 02:39:57+00:00,2019-11-01 02:48:26+00:00,Browsers
564294738,1,1,1,0,0,0.0,2019-11-01 02:46:31+00:00,2019-11-01 02:46:31+00:00,Browsers
564303874,1,18,18,0,0,0.0,2019-11-01 01:43:03+00:00,2019-11-01 02:28:12+00:00,Browsers
564315414,1,3,3,0,0,0.0,2019-11-01 02:33:19+00:00,2019-11-01 02:33:57+00:00,Browsers
564322544,1,3,3,0,0,0.0,2019-11-01 02:46:59+00:00,2019-11-01 02:47:45+00:00,Browsers
564335711,1,3,3,0,0,0.0,2019-11-01 02:02:43+00:00,2019-11-01 02:04:43+00:00,Browsers
564341573,1,6,6,0,0,0.0,2019-11-01 01:49:46+00:00,2019-11-01 01:51:15+00:00,Browsers
564342062,1,2,2,0,0,0.0,2019-11-01 01:31:35+00:00,2019-11-01 01:32:09+00:00,Browsers
564344060,1,4,4,0,0,0.0,2019-11-01 02:13:52+00:00,2019-11-01 02:16:36+00:00,Browsers
564346397,1,1,1,0,0,0.0,2019-11-01 02:29:19+00:00,2019-11-01 02:29:19+00:00,Browsers
564348059,1,1,1,0,0,0.0,2019-11-01 00:58:26+00:00,2019-11-01 00:58:26+00:00,Browsers
564359545,1,1,1,0,0,0.0,2019-11-01 02:07:49+00:00,2019-11-01 02:07:49+00:00,Browsers
564369743,2,8,8,0,0,0.0,2019-11-01 01:31:24+00:00,2019-11-01 01:51:32+00:00,Browsers
564372865,1,4,4,0,0,0.0,2019-11-01 02:03:13+00:00,2019-11-01 02:05:43+00:00,Browsers
564378632,1,2,2,0,0,0.0,2019-11-01 02:44:50+00:00,2019-11-01 02:45:24+00:00,Browsers
564379532,1,2,2,0,0,0.0,2019-11-01 01:32:06+00:00,2019-11-01 01:34:09+00:00,Browsers
564381889,1,1,1,0,0,0.0,2019-11-01 02:01:01+00:00,2019-11-01 02:01:01+00:00,Browsers
564384620,1,1,1,0,0,0.0,2019-11-01 00:33:08+00:00,2019-11-01 00:33:08+00:00,Browsers
564387382,2,11,10,1,0,0.0,2019-11-01 02:15:56+00:00,2019-11-01 02:33:03+00:00,Cart abandoners
564388187,1,2,2,0,0,0.0,2019-11-01 02:02:41+00:00,2019-11-01 02:03:15+00:00,Browsers
564390918,1,2,2,0,0,0.0,2019-11-01 01:35:01+00:00,2019-11-01 01:35:27+00:00,Browsers
564399084,1,1,1,0,0,0.0,2019-11-01 01:52:30+00:00,2019-11-01 01:52:30+00:00,Browsers
564406921,3,18,18,0,0,0.0,2019-11-01 01:36:41+00:00,2019-11-01 01:48:25+00:00,Browsers
564408360,2,5,4,0,1,39.3,2019-11-01 01:58:27+00:00,2019-11-01 02:11:40+00:00,High-value users (purchasers)
564433540,1,1,1,0,0,0.0,2019-11-01 02:40:25+00:00,2019-11-01 02:40:25+00:00,Browsers
564436722,1,3,3,0,0,0.0,2019-11-01 02:28:58+00:00,2019-11-01 02:30:20+00:00,Browsers
564437179,1,2,2,0,0,0.0,2019-11-01 02:24:25+00:00,2019-11-01 02:24:42+00:00,Browsers
564439160,1,1,1,0,0,0.0,2019-11-01 02:01:24+00:00,2019-11-01 02:01:24+00:00,Browsers
564442389,1,21,21,0,0,0.0,2019-11-01 02:11:40+00:00,2019-11-01 02:43:31+00:00,Browsers
564455798,1,2,2,0,0,0.0,2019-11-01 02:22:11+00:00,2019-11-01 02:25:11+00:00,Browsers
564458062,1,1,1,0,0,0.0,2019-11-01 01:07:28+00:00,2019-11-01 01:07:28+00:00,Browsers
564460055,1,1,1,0,0,0.0,2019-11-01 02:16:41+00:00,2019-11-01 02:16:41+00:00,Browsers
564466075,1,3,3,0,0,0.0,2019-11-01 02:47:15+00:00,2019-11-01 02:48:25+00:00,Browsers
564467757,1,3,3,0,0,0.0,2019-11-01 01:55:47+00:00,2019-11-01 01:59:07+00:00,Browsers
564533263,1,2,2,0,0,0.0,2019-11-01 00:52:25+00:00,2019-11-01 00:54:07+00:00,Browsers
564538374,1,1,1,0,0,0.0,2019-11-01 02:43:45+00:00,2019-11-01 02:43:45+00:00,Browsers
564539872,1,3,3,0,0,0.0,2019-11-01 01:51:11+00:00,2019-11-01 01:52:33+00:00,Browsers
564549977,2,21,12,7,2,300.65,2019-11-01 02:09:23+00:00,2019-11-01 02:19:28+00:00,High-value users (purchasers)
564555074,1,2,2,0,0,0.0,2019-11-01 02:00:17+00:00,2019-11-01 02:01:17+00:00,Browsers
564557545,1,1,1,0,0,0.0,2019-11-01 00:36:27+00:00,2019-11-01 00:36:27+00:00,Browsers
564557573,1,2,2,0,0,0.0,2019-11-01 01:02:52+00:00,2019-11-01 01:03:38+00:00,Browsers
564564914,1,4,4,0,0,0.0,2019-11-01 02:30:26+00:00,2019-11-01 02:31:07+00:00,Browsers
564570957,1,2,2,0,0,0.0,2019-11-01 00:03:30+00:00,2019-11-01 00:03:59+00:00,Browsers
564571369,1,1,1,0,0,0.0,2019-11-01 02:24:00+00:00,2019-11-01 02:24:00+00:00,Browsers
564572914,1,1,1,0,0,0.0,2019-11-01 02:07:11+00:00,2019-11-01 02:07:11+00:00,Browsers
564573166,1,4,4,0,0,0.0,2019-11-01 01:36:03+00:00,2019-11-01 01:46:13+00:00,Browsers
564574310,1,4,4,0,0,0.0,2019-11-01 01:56:48+00:00,2019-11-01 01:58:12+00:00,Browsers
564575243,1,3,3,0,0,0.0,2019-11-01 02:18:12+00:00,2019-11-01 02:19:24+00:00,Browsers
564579818,1,1,1,0,0,0.0,2019-11-01 02:13:19+00:00,2019-11-01 02:13:19+00:00,Browsers
564584529,1,2,2,0,0,0.0,2019-11-01 02:36:25+00:00,2019-11-01 02:42:23+00:00,Browsers
564598478,1,1,1,0,0,0.0,2019-11-01 02:35:39+00:00,2019-11-01 02:35:39+00:00,Browsers
564599988,1,3,3,0,0,0.0,2019-11-01 00:00:12+00:00,2019-11-01 00:00:53+00:00,Browsers
564601741,1,1,1,0,0,0.0,2019-11-01 02:00:35+00:00,2019-11-01 02:00:35+00:00,Browsers
564602080,1,19,19,0,0,0.0,2019-11-01 02:24:37+00:00,2019-11-01 02:46:18+00:00,Browsers
564615859,2,2,2,0,0,0.0,2019-11-01 02:12:36+00:00,2019-11-01 02:12:51+00:00,Browsers
564616291,1,1,1,0,0,0.0,2019-11-01 02:42:41+00:00,2019-11-01 02:42:41+00:00,Browsers
564617502,1,5,5,0,0,0.0,2019-11-01 02:40:51+00:00,2019-11-01 02:45:26+00:00,Browsers
564620444,1,2,2,0,0,0.0,2019-11-01 01:52:04+00:00,2019-11-01 01:52:39+00:00,Browsers
564622271,1,1,1,0,0,0.0,2019-11-01 02:38:05+00:00,2019-11-01 02:38:05+00:00,Browsers
564622310,1,1,1,0,0,0.0,2019-11-01 00:08:26+00:00,2019-11-01 00:08:26+00:00,Browsers
564624136,1,4,4,0,0,0.0,2019-11-01 02:35:35+00:00,2019-11-01 02:38:37+00:00,Browsers
564629050,1,2,2,0,0,0.0,2019-11-01 00:53:27+00:00,2019-11-01 00:53:51+00:00,Browsers
564630149,1,2,2,0,0,0.0,2019-11-01 02:02:45+00:00,2019-11-01 02:04:13+00:00,Browsers
564630931,1,1,1,0,0,0.0,2019-11-01 02:33:08+00:00,2019-11-01 02:33:08+00:00,Browsers
564632677,1,2,2,0,0,0.0,2019-11-01 01:56:17+00:00,2019-11-01 01:57:14+00:00,Browsers
564634877,1,1,1,0,0,0.0,2019-11-01 02:19:54+00:00,2019-11-01 02:19:54+00:00,Browsers
564635870,1,1,1,0,0,0.0,2019-11-01 02:29:32+00:00,2019-11-01 02:29:32+00:00,Browsers
564638626,1,7,6,0,1,257.87,2019-11-01 01:51:39+00:00,2019-11-01 01:57:54+00:00,High-value users (purchasers)
564639159,2,3,3,0,0,0.0,2019-11-01 02:12:33+00:00,2019-11-01 02:26:20+00:00,Browsers
564647167,1,1,1,0,0,0.0,2019-11-01 01:07:09+00:00,2019-11-01 01:07:09+00:00,Browsers
564648776,1,2,2,0,0,0.0,2019-11-01 02:08:20+00:00,2019-11-01 02:08:45+00:00,Browsers
564658596,1,17,17,0,0,0.0,2019-11-01 00:50:20+00:00,2019-11-01 01:01:20+00:00,Browsers
564659840,1,1,1,0,0,0.0,2019-11-01 02:32:23+00:00,2019-11-01 02:32:23+00:00,Browsers
564660065,1,11,11,0,0,0.0,2019-11-01 00:28:00+00:00,2019-11-01 00:37:58+00:00,Browsers
564661749,1,4,4,0,0,0.0,2019-11-01 01:04:57+00:00,2019-11-01 01:06:19+00:00,Browsers
564662995,1,1,1,0,0,0.0,2019-11-01 02:16:58+00:00,2019-11-01 02:16:58+00:00,Browsers
564665692,1,1,1,0,0,0.0,2019-11-01 00:25:56+00:00,2019-11-01 00:25:56+00:00,Browsers
564671532,1,6,6,0,0,0.0,2019-11-01 02:42:47+00:00,2019-11-01 02:48:08+00:00,Browsers
564671816,1,3,3,0,0,0.0,2019-11-01 02:15:04+00:00,2019-11-01 02:18:52+00:00,Browsers
564672083,1,2,2,0,0,0.0,2019-11-01 02:08:19+00:00,2019-11-01 02:11:39+00:00,Browsers
564673839,1,5,5,0,0,0.0,2019-11-01 02:02:48+00:00,2019-11-01 02:06:39+00:00,Browsers
564676922,1,8,8,0,0,0.0,2019-11-01 02:01:40+00:00,2019-11-01 02:07:11+00:00,Browsers
564677270,1,3,3,0,0,0.0,2019-11-01 00:30:49+00:00,2019-11-01 00:34:58+00:00,Browsers
564684872,1,1,1,0,0,0.0,2019-11-01 02:00:22+00:00,2019-11-01 02:00:22+00:00,Browsers
564692039,1,1,1,0,0,0.0,2019-11-01 02:38:45+00:00,2019-11-01 02:38:45+00:00,Browsers
564692089,1,1,1,0,0,0.0,2019-11-01 02:11:34+00:00,2019-11-01 02:11:34+00:00,Browsers
564697497,1,3,3,0,0,0.0,2019-11-01 00:22:33+00:00,2019-11-01 00:23:04+00:00,Browsers
564701357,1,2,2,0,0,0.0,2019-11-01 01:05:04+00:00,2019-11-01 01:06:02+00:00,Browsers
564707994,1,1,1,0,0,0.0,2019-11-01 00:30:27+00:00,2019-11-01 00:30:27+00:00,Browsers
564710736,1,9,9,0,0,0.0,2019-11-01 02:36:36+00:00,2019-11-01 02:44:56+00:00,Browsers
564730600,1,22,22,0,0,0.0,2019-11-01 02:24:28+00:00,2019-11-01 02:33:27+00:00,Browsers
564730776,1,12,12,0,0,0.0,2019-11-01 01:01:57+00:00,2019-11-01 01:07:23+00:00,Browsers
564733263,1,1,1,0,0,0.0,2019-11-01 02:16:52+00:00,2019-11-01 02:16:52+00:00,Browsers
564734745,1,5,5,0,0,0.0,2019-11-01 01:51:47+00:00,2019-11-01 01:55:29+00:00,Browsers
564735695,1,1,1,0,0,0.0,2019-11-01 02:38:39+00:00,2019-11-01 02:38:39+00:00,Browsers
564735978,1,2,2,0,0,0.0,2019-11-01 02:09:15+00:00,2019-11-01 02:11:05+00:00,Browsers
564743414,1,1,1,0,0,0.0,2019-11-01 02:42:45+00:00,2019-11-01 02:42:45+00:00,Browsers
564744442,1,1,1,0,0,0.0,2019-11-01 00:59:11+00:00,2019-11-01 00:59:11+00:00,Browsers
564745958,1,5,5,0,0,0.0,2019-11-01 02:45:34+00:00,2019-11-01 02:48:21+00:00,Browsers
564747853,1,2,2,0,0,0.0,2019-11-01 02:04:08+00:00,2019-11-01 02:10:32+00:00,Browsers
564748243,1,3,3,0,0,0.0,2019-11-01 01:24:34+00:00,2019-11-01 01:25:24+00:00,Browsers
564749363,1,1,1,0,0,0.0,2019-11-01 02:43:29+00:00,2019-11-01 02:43:29+00:00,Browsers
564749784,3,62,62,0,0,0.0,2019-11-01 00:16:14+00:00,2019-11-01 02:48:17+00:00,Browsers
564754297,1,3,3,0,0,0.0,2019-11-01 01:08:36+00:00,2019-11-01 01:09:22+00:00,Browsers
564762901,1,21,21,0,0,0.0,2019-11-01 02:12:41+00:00,2019-11-01 02:44:29+00:00,Browsers
564775222,1,10,10,0,0,0.0,2019-11-01 02:42:09+00:00,2019-11-01 02:47:53+00:00,Browsers
564778537,1,9,9,0,0,0.0,2019-11-01 02:25:21+00:00,2019-11-01 02:29:13+00:00,Browsers
564780866,1,3,3,0,0,0.0,2019-11-01 02:13:00+00:00,2019-11-01 02:14:25+00:00,Browsers
564794307,1,1,1,0,0,0.0,2019-11-01 02:20:22+00:00,2019-11-01 02:20:22+00:00,Browsers
564817979,1,8,8,0,0,0.0,2019-11-01 00:22:46+00:00,2019-11-01 00:32:41+00:00,Browsers
564820837,1,1,1,0,0,0.0,2019-11-01 02:13:12+00:00,2019-11-01 02:13:12+00:00,Browsers
564835687,1,2,2,0,0,0.0,2019-11-01 01:35:52+00:00,2019-11-01 01:36:43+00:00,Browsers
564841847,1,1,1,0,0,0.0,2019-11-01 02:25:55+00:00,2019-11-01 02:25:55+00:00,Browsers
564865613,1,10,10,0,0,0.0,2019-11-01 01:49:49+00:00,2019-11-01 02:01:29+00:00,Browsers
564868989,1,1,1,0,0,0.0,2019-11-01 01:25:36+00:00,2019-11-01 01:25:36+00:00,Browsers
564873472,1,1,1,0,0,0.0,2019-11-01 00:40:34+00:00,2019-11-01 00:40:34+00:00,Browsers
564873948,1,3,3,0,0,0.0,2019-11-01 02:13:13+00:00,2019-11-01 02:13:50+00:00,Browsers
564877869,1,29,29,0,0,0.0,2019-11-01 00:31:36+00:00,2019-11-01 00:44:26+00:00,Browsers
564878425,1,3,3,0,0,0.0,2019-11-01 02:14:51+00:00,2019-11-01 02:15:52+00:00,Browsers
564881373,1,1,1,0,0,0.0,2019-11-01 00:33:45+00:00,2019-11-01 00:33:45+00:00,Browsers
564885498,1,1,1,0,0,0.0,2019-11-01 01:58:40+00:00,2019-11-01 01:58:40+00:00,Browsers
564890375,1,3,3,0,0,0.0,2019-11-01 02:02:45+00:00,2019-11-01 02:04:18+00:00,Browsers
564892216,1,4,4,0,0,0.0,2019-11-01 02:12:12+00:00,2019-11-01 02:13:58+00:00,Browsers
564893015,1,6,6,0,0,0.0,2019-11-01 01:58:43+00:00,2019-11-01 02:02:32+00:00,Browsers
564894365,1,1,1,0,0,0.0,2019-11-01 01:06:39+00:00,2019-11-01 01:06:39+00:00,Browsers
564897110,1,2,2,0,0,0.0,2019-11-01 01:07:11+00:00,2019-11-01 01:08:49+00:00,Browsers
564898944,1,1,1,0,0,0.0,2019-11-01 02:32:58+00:00,2019-11-01 02:32:58+00:00,Browsers
564905584,1,2,2,0,0,0.0,2019-11-01 02:07:37+00:00,2019-11-01 02:08:39+00:00,Browsers
564905628,1,2,2,0,0,0.0,2019-11-01 00:39:53+00:00,2019-11-01 00:40:15+00:00,Browsers
564906607,1,13,13,0,0,0.0,2019-11-01 02:07:59+00:00,2019-11-01 02:20:07+00:00,Browsers
564908300,1,3,3,0,0,0.0,2019-11-01 02:23:49+00:00,2019-11-01 02:25:20+00:00,Browsers
564912006,1,8,8,0,0,0.0,2019-11-01 02:19:04+00:00,2019-11-01 02:25:06+00:00,Browsers
564912021,1,1,1,0,0,0.0,2019-11-01 01:27:43+00:00,2019-11-01 01:27:43+00:00,Browsers
564912347,1,1,1,0,0,0.0,2019-11-01 02:11:17+00:00,2019-11-01 02:11:17+00:00,Browsers
564916342,1,1,1,0,0,0.0,2019-11-01 00:49:44+00:00,2019-11-01 00:49:44+00:00,Browsers
564925009,1,2,2,0,0,0.0,2019-11-01 02:00:41+00:00,2019-11-01 02:05:18+00:00,Browsers
564928638,1,1,1,0,0,0.0,2019-11-01 00:53:26+00:00,2019-11-01 00:53:26+00:00,Browsers
564930583,1,4,4,0,0,0.0,2019-11-01 01:50:46+00:00,2019-11-01 01:53:27+00:00,Browsers
564933760,1,1,1,0,0,0.0,2019-11-01 02:42:01+00:00,2019-11-01 02:42:01+00:00,Browsers
564939898,1,1,1,0,0,0.0,2019-11-01 01:06:34+00:00,2019-11-01 01:06:34+00:00,Browsers
564946446,1,1,1,0,0,0.0,2019-11-01 01:29:25+00:00,2019-11-01 01:29:25+00:00,Browsers
564960055,2,24,24,0,0,0.0,2019-11-01 00:35:48+00:00,2019-11-01 00:50:11+00:00,Browsers
564962824,1,1,1,0,0,0.0,2019-11-01 02:22:45+00:00,2019-11-01 02:22:45+00:00,Browsers
564963768,1,1,1,0,0,0.0,2019-11-01 02:25:02+00:00,2019-11-01 02:25:02+00:00,Browsers
564972568,1,3,3,0,0,0.0,2019-11-01 00:20:16+00:00,2019-11-01 00:21:38+00:00,Browsers
564983695,2,2,2,0,0,0.0,2019-11-01 00:31:29+00:00,2019-11-01 00:32:14+00:00,Browsers
564984692,1,11,10,1,0,0.0,2019-11-01 02:38:08+00:00,2019-11-01 02:47:51+00:00,Cart abandoners
564988160,1,3,3,0,0,0.0,2019-11-01 02:13:14+00:00,2019-11-01 02:14:41+00:00,Browsers
564992939,1,3,3,0,0,0.0,2019-11-01 01:59:01+00:00,2019-11-01 02:00:59+00:00,Browsers
564993535,1,2,1,0,1,30.37,2019-11-01 02:16:27+00:00,2019-11-01 02:17:49+00:00,High-value users (purchasers)
565000129,1,3,3,0,0,0.0,2019-11-01 00:51:42+00:00,2019-11-01 00:52:36+00:00,Browsers
565011697,1,1,1,0,0,0.0,2019-11-01 02:47:16+00:00,2019-11-01 02:47:16+00:00,Browsers
565015808,2,8,8,0,0,0.0,2019-11-01 01:31:05+00:00,2019-11-01 02:35:27+00:00,Browsers
565020776,1,2,2,0,0,0.0,2019-11-01 02:13:12+00:00,2019-11-01 02:13:53+00:00,Browsers
565021157,1,1,1,0,0,0.0,2019-11-01 01:04:20+00:00,2019-11-01 01:04:20+00:00,Browsers
565023035,1,1,1,0,0,0.0,2019-11-01 01:06:04+00:00,2019-11-01 01:06:04+00:00,Browsers
565029578,1,4,4,0,0,0.0,2019-11-01 02:42:37+00:00,2019-11-01 02:43:43+00:00,Browsers
565033341,1,2,2,0,0,0.0,2019-11-01 00:44:50+00:00,2019-11-01 00:45:01+00:00,Browsers
565039768,1,1,1,0,0,0.0,2019-11-01 02:38:53+00:00,2019-11-01 02:38:53+00:00,Browsers
565047790,1,1,1,0,0,0.0,2019-11-01 02:11:50+00:00,2019-11-01 02:11:50+00:00,Browsers
565054256,1,4,4,0,0,0.0,2019-11-01 00:57:30+00:00,2019-11-01 00:59:29+00:00,Browsers
565057963,1,1,1,0,0,0.0,2019-11-01 01:07:45+00:00,2019-11-01 01:07:45+00:00,Browsers
565059361,1,1,1,0,0,0.0,2019-11-01 00:00:41+00:00,2019-11-01 00:00:41+00:00,Browsers
565066521,1,5,4,1,0,0.0,2019-11-01 00:45:26+00:00,2019-11-01 00:47:44+00:00,Cart abandoners
565067736,1,2,2,0,0,0.0,2019-11-01 01:49:25+00:00,2019-11-01 01:49:48+00:00,Browsers
565072236,1,1,1,0,0,0.0,2019-11-01 00:57:40+00:00,2019-11-01 00:57:40+00:00,Browsers
565072364,2,6,6,0,0,0.0,2019-11-01 00:28:25+00:00,2019-11-01 00:31:23+00:00,Browsers
565077623,1,12,12,0,0,0.0,2019-11-01 02:29:52+00:00,2019-11-01 02:47:03+00:00,Browsers
565083463,2,38,38,0,0,0.0,2019-11-01 00:02:43+00:00,2019-11-01 00:31:41+00:00,Browsers
565098257,1,1,1,0,0,0.0,2019-11-01 00:00:22+00:00,2019-11-01 00:00:22+00:00,Browsers
565102002,1,6,6,0,0,0.0,2019-11-01 00:32:05+00:00,2019-11-01 00:41:01+00:00,Browsers
565105832,1,1,1,0,0,0.0,2019-11-01 01:48:49+00:00,2019-11-01 01:48:49+00:00,Browsers
565107953,1,5,5,0,0,0.0,2019-11-01 00:15:37+00:00,2019-11-01 00:29:20+00:00,Browsers
565112441,2,4,4,0,0,0.0,2019-11-01 02:22:14+00:00,2019-11-01 02:23:35+00:00,Browsers
565122950,1,2,2,0,0,0.0,2019-11-01 01:56:07+00:00,2019-11-01 01:57:22+00:00,Browsers
565124406,1,1,1,0,0,0.0,2019-11-01 02:43:39+00:00,2019-11-01 02:43:39+00:00,Browsers
565128624,1,1,1,0,0,0.0,2019-11-01 01:27:36+00:00,2019-11-01 01:27:36+00:00,Browsers
565131688,1,6,6,0,0,0.0,2019-11-01 00:00:14+00:00,2019-11-01 00:05:06+00:00,Browsers
565132140,1,1,1,0,0,0.0,2019-11-01 00:29:52+00:00,2019-11-01 00:29:52+00:00,Browsers
565135144,2,2,2,0,0,0.0,2019-11-01 02:45:32+00:00,2019-11-01 02:47:54+00:00,Browsers
565139432,1,4,4,0,0,0.0,2019-11-01 02:12:29+00:00,2019-11-01 02:20:56+00:00,Browsers
565142122,1,6,6,0,0,0.0,2019-11-01 02:26:12+00:00,2019-11-01 02:29:21+00:00,Browsers
565142388,2,13,13,0,0,0.0,2019-11-01 02:20:10+00:00,2019-11-01 02:25:18+00:00,Browsers
565151064,1,1,1,0,0,0.0,2019-11-01 02:42:13+00:00,2019-11-01 02:42:13+00:00,Browsers
565154799,1,6,6,0,0,0.0,2019-11-01 02:31:24+00:00,2019-11-01 02:34:44+00:00,Browsers
565159782,1,11,11,0,0,0.0,2019-11-01 01:57:30+00:00,2019-11-01 02:11:12+00:00,Browsers
565165629,2,12,12,0,0,0.0,2019-11-01 01:45:26+00:00,2019-11-01 01:51:50+00:00,Browsers
565168648,1,7,7,0,0,0.0,2019-11-01 02:32:20+00:00,2019-11-01 02:44:10+00:00,Browsers
565176227,1,2,2,0,0,0.0,2019-11-01 02:42:57+00:00,2019-11-01 02:43:16+00:00,Browsers
565214278,1,4,4,0,0,0.0,2019-11-01 02:15:05+00:00,2019-11-01 02:18:43+00:00,Browsers
565220279,1,8,8,0,0,0.0,2019-11-01 00:46:16+00:00,2019-11-01 00:55:20+00:00,Browsers
565220928,2,3,3,0,0,0.0,2019-11-01 01:25:29+00:00,2019-11-01 01:29:43+00:00,Browsers
565222309,1,1,1,0,0,0.0,2019-11-01 01:35:51+00:00,2019-11-01 01:35:51+00:00,Browsers
565223914,1,5,5,0,0,0.0,2019-11-01 00:40:48+00:00,2019-11-01 00:43:06+00:00,Browsers
565232383,1,2,2,0,0,0.0,2019-11-01 00:40:18+00:00,2019-11-01 00:41:57+00:00,Browsers
565236333,1,1,1,0,0,0.0,2019-11-01 01:43:30+00:00,2019-11-01 01:43:30+00:00,Browsers
565239186,1,1,1,0,0,0.0,2019-11-01 01:42:25+00:00,2019-11-01 01:42:25+00:00,Browsers
565240480,1,6,6,0,0,0.0,2019-11-01 02:14:23+00:00,2019-11-01 02:24:19+00:00,Browsers
565241757,2,12,12,0,0,0.0,2019-11-01 00:08:00+00:00,2019-11-01 00:46:49+00:00,Browsers
565242261,1,1,1,0,0,0.0,2019-11-01 02:13:46+00:00,2019-11-01 02:13:46+00:00,Browsers
565248149,1,1,1,0,0,0.0,2019-11-01 01:43:56+00:00,2019-11-01 01:43:56+00:00,Browsers
565252060,2,3,3,0,0,0.0,2019-11-01 02:37:20+00:00,2019-11-01 02:38:37+00:00,Browsers
565254051,1,2,2,0,0,0.0,2019-11-01 02:05:03+00:00,2019-11-01 02:05:23+00:00,Browsers
565259849,1,1,1,0,0,0.0,2019-11-01 02:44:58+00:00,2019-11-01 02:44:58+00:00,Browsers
565262262,1,1,1,0,0,0.0,2019-11-01 02:14:09+00:00,2019-11-01 02:14:09+00:00,Browsers
565263182,2,7,7,0,0,0.0,2019-11-01 02:30:45+00:00,2019-11-01 02:37:52+00:00,Browsers
565264348,1,2,2,0,0,0.0,2019-11-01 02:12:14+00:00,2019-11-01 02:12:29+00:00,Browsers
565265312,1,1,1,0,0,0.0,2019-11-01 02:04:26+00:00,2019-11-01 02:04:26+00:00,Browsers
565269875,1,1,1,0,0,0.0,2019-11-01 01:28:17+00:00,2019-11-01 01:28:17+00:00,Browsers
565274818,1,5,3,0,2,668.22,2019-11-01 02:08:28+00:00,2019-11-01 02:26:40+00:00,High-value users (purchasers)
565275327,2,5,5,0,0,0.0,2019-11-01 01:06:07+00:00,2019-11-01 01:11:57+00:00,Browsers
565287709,1,5,5,0,0,0.0,2019-11-01 02:42:15+00:00,2019-11-01 02:43:53+00:00,Browsers
565292377,1,5,5,0,0,0.0,2019-11-01 02:02:41+00:00,2019-11-01 02:04:05+00:00,Browsers
565300777,1,15,15,0,0,0.0,2019-11-01 02:16:25+00:00,2019-11-01 02:31:08+00:00,Browsers
565304698,1,1,1,0,0,0.0,2019-11-01 02:31:29+00:00,2019-11-01 02:31:29+00:00,Browsers
565318484,1,25,25,0,0,0.0,2019-11-01 02:29:55+00:00,2019-11-01 02:48:03+00:00,Browsers
565319163,1,7,7,0,0,0.0,2019-11-01 01:46:50+00:00,2019-11-01 01:48:59+00:00,Browsers
565319179,1,3,3,0,0,0.0,2019-11-01 01:57:15+00:00,2019-11-01 01:58:10+00:00,Browsers
565319437,1,1,1,0,0,0.0,2019-11-01 02:45:17+00:00,2019-11-01 02:45:17+00:00,Browsers
565340858,1,4,4,0,0,0.0,2019-11-01 02:46:00+00:00,2019-11-01 02:48:09+00:00,Browsers
565347064,1,2,2,0,0,0.0,2019-11-01 01:42:24+00:00,2019-11-01 01:43:05+00:00,Browsers
565349180,1,5,5,0,0,0.0,2019-11-01 02:23:11+00:00,2019-11-01 02:27:33+00:00,Browsers
565359740,1,7,7,0,0,0.0,2019-11-01 02:07:45+00:00,2019-11-01 02:26:32+00:00,Browsers
565360901,1,1,1,0,0,0.0,2019-11-01 00:25:43+00:00,2019-11-01 00:25:43+00:00,Browsers
565361351,1,2,2,0,0,0.0,2019-11-01 02:06:37+00:00,2019-11-01 02:07:31+00:00,Browsers
565362248,1,1,1,0,0,0.0,2019-11-01 01:52:04+00:00,2019-11-01 01:52:04+00:00,Browsers
565368816,3,12,12,0,0,0.0,2019-11-01 02:08:51+00:00,2019-11-01 02:20:41+00:00,Browsers
565369086,1,1,1,0,0,0.0,2019-11-01 00:39:27+00:00,2019-11-01 00:39:27+00:00,Browsers
565385515,1,1,1,0,0,0.0,2019-11-01 02:19:26+00:00,2019-11-01 02:19:26+00:00,Browsers
565386300,1,25,25,0,0,0.0,2019-11-01 00:01:03+00:00,2019-11-01 00:22:43+00:00,Browsers
565387908,1,6,6,0,0,0.0,2019-11-01 02:04:27+00:00,2019-11-01 02:13:14+00:00,Browsers
565396345,1,11,11,0,0,0.0,2019-11-01 02:38:30+00:00,2019-11-01 02:44:26+00:00,Browsers
565404816,1,2,2,0,0,0.0,2019-11-01 00:00:27+00:00,2019-11-01 00:00:41+00:00,Browsers
565406701,1,2,2,0,0,0.0,2019-11-01 01:37:54+00:00,2019-11-01 01:39:13+00:00,Browsers
565408787,1,15,15,0,0,0.0,2019-11-01 00:44:52+00:00,2019-11-01 00:49:51+00:00,Browsers
565409502,1,1,1,0,0,0.0,2019-11-01 02:09:52+00:00,2019-11-01 02:09:52+00:00,Browsers
565416213,1,8,8,0,0,0.0,2019-11-01 02:31:01+00:00,2019-11-01 02:42:20+00:00,Browsers
565416571,1,5,5,0,0,0.0,2019-11-01 02:04:18+00:00,2019-11-01 02:08:56+00:00,Browsers
565422823,1,7,7,0,0,0.0,2019-11-01 01:37:31+00:00,2019-11-01 01:47:48+00:00,Browsers
565423170,1,3,3,0,0,0.0,2019-11-01 01:45:10+00:00,2019-11-01 01:46:09+00:00,Browsers
565425329,1,1,1,0,0,0.0,2019-11-01 00:23:34+00:00,2019-11-01 00:23:34+00:00,Browsers
565426063,1,1,1,0,0,0.0,2019-11-01 00:02:53+00:00,2019-11-01 00:02:53+00:00,Browsers
565427171,1,2,2,0,0,0.0,2019-11-01 01:51:35+00:00,2019-11-01 01:51:57+00:00,Browsers
565433567,1,1,1,0,0,0.0,2019-11-01 02:11:01+00:00,2019-11-01 02:11:01+00:00,Browsers
565435681,1,2,2,0,0,0.0,2019-11-01 01:49:51+00:00,2019-11-01 01:50:28+00:00,Browsers
565437354,1,4,4,0,0,0.0,2019-11-01 02:46:19+00:00,2019-11-01 02:47:40+00:00,Browsers
565443105,1,6,6,0,0,0.0,2019-11-01 02:43:11+00:00,2019-11-01 02:48:13+00:00,Browsers
565451276,3,3,3,0,0,0.0,2019-11-01 00:26:22+00:00,2019-11-01 00:26:51+00:00,Browsers
565454791,1,5,5,0,0,0.0,2019-11-01 00:44:21+00:00,2019-11-01 00:45:31+00:00,Browsers
565456172,1,4,4,0,0,0.0,2019-11-01 01:34:38+00:00,2019-11-01 01:37:07+00:00,Browsers
565463277,2,21,21,0,0,0.0,2019-11-01 01:48:28+00:00,2019-11-01 02:15:14+00:00,Browsers
565469065,1,1,1,0,0,0.0,2019-11-01 00:56:01+00:00,2019-11-01 00:56:01+00:00,Browsers
565472749,1,1,1,0,0,0.0,2019-11-01 01:17:29+00:00,2019-11-01 01:17:29+00:00,Browsers
565478332,1,1,1,0,0,0.0,2019-11-01 01:29:18+00:00,2019-11-01 01:29:18+00:00,Browsers
565478416,1,4,3,1,0,0.0,2019-11-01 02:09:49+00:00,2019-11-01 02:15:14+00:00,Cart abandoners
565478827,1,1,1,0,0,0.0,2019-11-01 02:33:14+00:00,2019-11-01 02:33:14+00:00,Browsers
565484491,1,2,2,0,0,0.0,2019-11-01 00:08:32+00:00,2019-11-01 00:09:06+00:00,Browsers
565489472,1,1,1,0,0,0.0,2019-11-01 02:45:44+00:00,2019-11-01 02:45:44+00:00,Browsers
565495005,1,1,1,0,0,0.0,2019-11-01 01:41:34+00:00,2019-11-01 01:41:34+00:00,Browsers
565502416,2,10,10,0,0,0.0,2019-11-01 02:23:45+00:00,2019-11-01 02:30:20+00:00,Browsers
565514402,1,2,2,0,0,0.0,2019-11-01 01:37:26+00:00,2019-11-01 01:39:42+00:00,Browsers
565522286,1,1,1,0,0,0.0,2019-11-01 00:52:36+00:00,2019-11-01 00:52:36+00:00,Browsers
565525744,1,1,1,0,0,0.0,2019-11-01 01:04:57+00:00,2019-11-01 01:04:57+00:00,Browsers
565530018,1,2,2,0,0,0.0,2019-11-01 02:42:12+00:00,2019-11-01 02:43:29+00:00,Browsers
565542695,1,1,1,0,0,0.0,2019-11-01 00:46:49+00:00,2019-11-01 00:46:49+00:00,Browsers
565545719,1,1,1,0,0,0.0,2019-11-01 02:22:09+00:00,2019-11-01 02:22:09+00:00,Browsers
565552216,1,6,6,0,0,0.0,2019-11-01 02:00:04+00:00,2019-11-01 02:03:51+00:00,Browsers
565555134,2,20,20,0,0,0.0,2019-11-01 01:51:38+00:00,2019-11-01 02:16:46+00:00,Browsers
565558809,2,8,8,0,0,0.0,2019-11-01 02:32:51+00:00,2019-11-01 02:38:13+00:00,Browsers
565581587,1,5,5,0,0,0.0,2019-11-01 02:05:46+00:00,2019-11-01 02:10:50+00:00,Browsers
565586035,1,5,5,0,0,0.0,2019-11-01 00:19:09+00:00,2019-11-01 00:24:39+00:00,Browsers
565587340,1,1,1,0,0,0.0,2019-11-01 02:28:28+00:00,2019-11-01 02:28:28+00:00,Browsers
565587419,2,2,2,0,0,0.0,2019-11-01 01:25:33+00:00,2019-11-01 01:26:39+00:00,Browsers
565595627,1,1,1,0,0,0.0,2019-11-01 02:32:51+00:00,2019-11-01 02:32:51+00:00,Browsers
565596995,1,4,4,0,0,0.0,2019-11-01 00:01:18+00:00,2019-11-01 00:05:50+00:00,Browsers
565597596,1,2,2,0,0,0.0,2019-11-01 02:33:58+00:00,2019-11-01 02:35:42+00:00,Browsers
565598804,1,1,1,0,0,0.0,2019-11-01 02:26:26+00:00,2019-11-01 02:26:26+00:00,Browsers
565599163,1,1,1,0,0,0.0,2019-11-01 02:23:55+00:00,2019-11-01 02:23:55+00:00,Browsers
565600834,3,3,3,0,0,0.0,2019-11-01 01:28:53+00:00,2019-11-01 01:30:08+00:00,Browsers
565603677,1,28,28,0,0,0.0,2019-11-01 01:31:34+00:00,2019-11-01 01:51:02+00:00,Browsers
565608256,2,6,6,0,0,0.0,2019-11-01 02:15:47+00:00,2019-11-01 02:27:38+00:00,Browsers
565609304,1,3,3,0,0,0.0,2019-11-01 01:34:52+00:00,2019-11-01 01:36:14+00:00,Browsers
565609319,3,3,3,0,0,0.0,2019-11-01 00:47:37+00:00,2019-11-01 00:48:44+00:00,Browsers
565609340,3,3,3,0,0,0.0,2019-11-01 01:50:56+00:00,2019-11-01 01:51:00+00:00,Browsers
565610241,1,1,1,0,0,0.0,2019-11-01 02:47:46+00:00,2019-11-01 02:47:46+00:00,Browsers
565614480,1,1,1,0,0,0.0,2019-11-01 02:43:35+00:00,2019-11-01 02:43:35+00:00,Browsers
565618097,1,1,1,0,0,0.0,2019-11-01 00:07:48+00:00,2019-11-01 00:07:48+00:00,Browsers
565620246,1,5,5,0,0,0.0,2019-11-01 00:42:35+00:00,2019-11-01 00:50:26+00:00,Browsers
565620308,2,7,6,0,1,22.8,2019-11-01 02:27:43+00:00,2019-11-01 02:30:47+00:00,High-value users (purchasers)
565621714,1,1,1,0,0,0.0,2019-11-01 01:51:17+00:00,2019-11-01 01:51:17+00:00,Browsers
565624422,2,3,3,0,0,0.0,2019-11-01 02:12:35+00:00,2019-11-01 02:16:55+00:00,Browsers
565626042,1,3,1,1,1,128.42,2019-11-01 02:03:12+00:00,2019-11-01 02:05:05+00:00,High-value users (purchasers)
565626453,1,1,1,0,0,0.0,2019-11-01 02:25:49+00:00,2019-11-01 02:25:49+00:00,Browsers
565626628,1,3,3,0,0,0.0,2019-11-01 02:41:13+00:00,2019-11-01 02:41:46+00:00,Browsers
565629061,1,1,1,0,0,0.0,2019-11-01 01:42:09+00:00,2019-11-01 01:42:09+00:00,Browsers
565629430,1,1,1,0,0,0.0,2019-11-01 01:27:24+00:00,2019-11-01 01:27:24+00:00,Browsers
565629910,6,10,10,0,0,0.0,2019-11-01 02:13:17+00:00,2019-11-01 02:33:59+00:00,Browsers
565630592,1,2,2,0,0,0.0,2019-11-01 02:29:57+00:00,2019-11-01 02:30:57+00:00,Browsers
565630976,1,2,2,0,0,0.0,2019-11-01 02:08:57+00:00,2019-11-01 02:09:11+00:00,Browsers
565635219,1,1,1,0,0,0.0,2019-11-01 00:15:33+00:00,2019-11-01 00:15:33+00:00,Browsers
565636400,1,15,15,0,0,0.0,2019-11-01 00:49:51+00:00,2019-11-01 01:08:21+00:00,Browsers
565640169,1,2,2,0,0,0.0,2019-11-01 00:40:20+00:00,2019-11-01 00:41:01+00:00,Browsers
565658186,1,2,2,0,0,0.0,2019-11-01 02:41:05+00:00,2019-11-01 02:41:14+00:00,Browsers
565666364,1,1,1,0,0,0.0,2019-11-01 02:08:56+00:00,2019-11-01 02:08:56+00:00,Browsers
565667123,1,1,1,0,0,0.0,2019-11-01 01:25:06+00:00,2019-11-01 01:25:06+00:00,Browsers
565671682,1,3,3,0,0,0.0,2019-11-01 01:55:56+00:00,2019-11-01 01:59:18+00:00,Browsers
565674747,1,4,4,0,0,0.0,2019-11-01 02:39:56+00:00,2019-11-01 02:48:03+00:00,Browsers
565675546,1,10,10,0,0,0.0,2019-11-01 02:02:39+00:00,2019-11-01 02:10:21+00:00,Browsers
565676051,1,1,1,0,0,0.0,2019-11-01 02:14:10+00:00,2019-11-01 02:14:10+00:00,Browsers
565678397,1,5,5,0,0,0.0,2019-11-01 02:44:08+00:00,2019-11-01 02:48:06+00:00,Browsers
565678822,1,1,1,0,0,0.0,2019-11-01 02:24:20+00:00,2019-11-01 02:24:20+00:00,Browsers
565679405,1,1,1,0,0,0.0,2019-11-01 02:47:32+00:00,2019-11-01 02:47:32+00:00,Browsers
565682946,1,1,1,0,0,0.0,2019-11-01 00:03:44+00:00,2019-11-01 00:03:44+00:00,Browsers
565687007,1,1,1,0,0,0.0,2019-11-01 01:21:06+00:00,2019-11-01 01:21:06+00:00,Browsers
565688826,3,3,3,0,0,0.0,2019-11-01 02:34:30+00:00,2019-11-01 02:41:24+00:00,Browsers
565688911,1,16,14,1,1,138.71,2019-11-01 00:13:03+00:00,2019-11-01 00:32:29+00:00,High-value users (purchasers)
565689309,1,6,6,0,0,0.0,2019-11-01 00:50:35+00:00,2019-11-01 00:52:09+00:00,Browsers
565693974,1,9,9,0,0,0.0,2019-11-01 02:03:03+00:00,2019-11-01 02:09:53+00:00,Browsers
565694537,1,1,1,0,0,0.0,2019-11-01 01:24:55+00:00,2019-11-01 01:24:55+00:00,Browsers
565697653,1,2,2,0,0,0.0,2019-11-01 02:47:07+00:00,2019-11-01 02:48:09+00:00,Browsers
565707754,4,4,4,0,0,0.0,2019-11-01 02:29:30+00:00,2019-11-01 02:30:40+00:00,Browsers
565709662,1,2,2,0,0,0.0,2019-11-01 02:07:30+00:00,2019-11-01 02:07:57+00:00,Browsers
565710925,2,30,29,1,0,0.0,2019-11-01 02:13:27+00:00,2019-11-01 02:41:10+00:00,Cart abandoners
565713303,1,2,2,0,0,0.0,2019-11-01 01:07:03+00:00,2019-11-01 01:08:49+00:00,Browsers
565715150,1,7,7,0,0,0.0,2019-11-01 02:35:53+00:00,2019-11-01 02:37:53+00:00,Browsers
565719439,1,15,15,0,0,0.0,2019-11-01 01:44:37+00:00,2019-11-01 01:56:06+00:00,Browsers
565722414,1,4,4,0,0,0.0,2019-11-01 01:04:32+00:00,2019-11-01 01:06:26+00:00,Browsers
565723042,2,22,22,0,0,0.0,2019-11-01 02:34:57+00:00,2019-11-01 02:48:01+00:00,Browsers
565724583,1,1,1,0,0,0.0,2019-11-01 00:32:20+00:00,2019-11-01 00:32:20+00:00,Browsers
565726595,2,6,6,0,0,0.0,2019-11-01 02:05:36+00:00,2019-11-01 02:12:33+00:00,Browsers
565729889,1,1,1,0,0,0.0,2019-11-01 01:37:02+00:00,2019-11-01 01:37:02+00:00,Browsers
565730826,1,21,20,0,1,14.39,2019-11-01 01:44:25+00:00,2019-11-01 01:53:37+00:00,High-value users (purchasers)
565731881,1,6,6,0,0,0.0,2019-11-01 00:00:13+00:00,2019-11-01 00:04:53+00:00,Browsers
565735476,1,2,1,0,1,321.73,2019-11-01 02:39:34+00:00,2019-11-01 02:40:35+00:00,High-value users (purchasers)
565737446,1,1,1,0,0,0.0,2019-11-01 01:04:22+00:00,2019-11-01 01:04:22+00:00,Browsers
565737642,1,2,2,0,0,0.0,2019-11-01 00:12:09+00:00,2019-11-01 00:12:52+00:00,Browsers
565741337,1,1,1,0,0,0.0,2019-11-01 01:37:37+00:00,2019-11-01 01:37:37+00:00,Browsers
565745658,1,2,2,0,0,0.0,2019-11-01 02:30:37+00:00,2019-11-01 02:32:13+00:00,Browsers
565752275,1,4,4,0,0,0.0,2019-11-01 02:17:53+00:00,2019-11-01 02:20:06+00:00,Browsers
565754630,1,1,1,0,0,0.0,2019-11-01 01:25:15+00:00,2019-11-01 01:25:15+00:00,Browsers
565757818,1,3,3,0,0,0.0,2019-11-01 02:27:53+00:00,2019-11-01 02:31:06+00:00,Browsers
565758089,1,12,12,0,0,0.0,2019-11-01 02:33:38+00:00,2019-11-01 02:39:18+00:00,Browsers
565760279,1,1,1,0,0,0.0,2019-11-01 01:06:13+00:00,2019-11-01 01:06:13+00:00,Browsers
565761902,1,4,4,0,0,0.0,2019-11-01 00:20:26+00:00,2019-11-01 00:27:05+00:00,Browsers
565762943,1,3,3,0,0,0.0,2019-11-01 00:08:56+00:00,2019-11-01 00:11:57+00:00,Browsers
565766980,2,9,9,0,0,0.0,2019-11-01 02:22:52+00:00,2019-11-01 02:29:53+00:00,Browsers
565779830,1,2,2,0,0,0.0,2019-11-01 02:47:09+00:00,2019-11-01 02:47:43+00:00,Browsers
565783189,1,6,6,0,0,0.0,2019-11-01 02:23:31+00:00,2019-11-01 02:28:04+00:00,Browsers
565785239,1,1,1,0,0,0.0,2019-11-01 01:16:35+00:00,2019-11-01 01:16:35+00:00,Browsers
565785533,1,1,1,0,0,0.0,2019-11-01 02:21:17+00:00,2019-11-01 02:21:17+00:00,Browsers
565787157,1,3,3,0,0,0.0,2019-11-01 01:31:13+00:00,2019-11-01 01:34:04+00:00,Browsers
565788250,1,3,3,0,0,0.0,2019-11-01 01:51:06+00:00,2019-11-01 01:54:45+00:00,Browsers
565789625,1,1,1,0,0,0.0,2019-11-01 01:06:23+00:00,2019-11-01 01:06:23+00:00,Browsers
565789741,1,2,2,0,0,0.0,2019-11-01 02:42:51+00:00,2019-11-01 02:43:03+00:00,Browsers
565790747,2,5,5,0,0,0.0,2019-11-01 02:07:08+00:00,2019-11-01 02:13:15+00:00,Browsers
565797227,1,1,1,0,0,0.0,2019-11-01 00:47:38+00:00,2019-11-01 00:47:38+00:00,Browsers
565797922,1,3,3,0,0,0.0,2019-11-01 01:48:27+00:00,2019-11-01 01:50:06+00:00,Browsers
565800808,1,1,1,0,0,0.0,2019-11-01 01:50:07+00:00,2019-11-01 01:50:07+00:00,Browsers
565801830,1,1,1,0,0,0.0,2019-11-01 00:54:05+00:00,2019-11-01 00:54:05+00:00,Browsers
565802271,2,7,7,0,0,0.0,2019-11-01 00:09:15+00:00,2019-11-01 00:27:05+00:00,Browsers
565803125,1,1,1,0,0,0.0,2019-11-01 02:02:34+00:00,2019-11-01 02:02:34+00:00,Browsers
565809710,1,5,5,0,0,0.0,2019-11-01 00:51:53+00:00,2019-11-01 00:55:37+00:00,Browsers
565810460,1,1,1,0,0,0.0,2019-11-01 02:20:23+00:00,2019-11-01 02:20:23+00:00,Browsers
565811846,1,1,1,0,0,0.0,2019-11-01 01:39:41+00:00,2019-11-01 01:39:41+00:00,Browsers
565812105,2,6,6,0,0,0.0,2019-11-01 01:00:55+00:00,2019-11-01 02:35:36+00:00,Browsers
565814075,1,1,1,0,0,0.0,2019-11-01 02:38:31+00:00,2019-11-01 02:38:31+00:00,Browsers
565815311,1,1,1,0,0,0.0,2019-11-01 01:25:56+00:00,2019-11-01 01:25:56+00:00,Browsers
565820075,1,1,1,0,0,0.0,2019-11-01 02:33:19+00:00,2019-11-01 02:33:19+00:00,Browsers
565823962,1,1,1,0,0,0.0,2019-11-01 01:17:02+00:00,2019-11-01 01:17:02+00:00,Browsers
565824597,1,6,5,0,1,72.07,2019-11-01 02:31:27+00:00,2019-11-01 02:40:58+00:00,High-value users (purchasers)
565831440,2,4,4,0,0,0.0,2019-11-01 02:28:12+00:00,2019-11-01 02:40:09+00:00,Browsers
565831586,1,1,1,0,0,0.0,2019-11-01 00:44:32+00:00,2019-11-01 00:44:32+00:00,Browsers
565832761,1,1,1,0,0,0.0,2019-11-01 02:38:37+00:00,2019-11-01 02:38:37+00:00,Browsers
565833067,1,18,18,0,0,0.0,2019-11-01 02:02:59+00:00,2019-11-01 02:17:02+00:00,Browsers
565837791,1,3,3,0,0,0.0,2019-11-01 01:44:50+00:00,2019-11-01 01:47:56+00:00,Browsers
565841773,1,2,2,0,0,0.0,2019-11-01 00:00:22+00:00,2019-11-01 00:00:31+00:00,Browsers
565842270,1,1,1,0,0,0.0,2019-11-01 02:46:17+00:00,2019-11-01 02:46:17+00:00,Browsers
565843173,2,3,3,0,0,0.0,2019-11-01 02:42:13+00:00,2019-11-01 02:46:26+00:00,Browsers
565846852,1,1,1,0,0,0.0,2019-11-01 02:09:05+00:00,2019-11-01 02:09:05+00:00,Browsers
565855130,2,13,13,0,0,0.0,2019-11-01 00:35:59+00:00,2019-11-01 01:35:07+00:00,Browsers
565856099,1,4,4,0,0,0.0,2019-11-01 02:38:26+00:00,2019-11-01 02:47:54+00:00,Browsers
565858874,1,4,4,0,0,0.0,2019-11-01 02:47:05+00:00,2019-11-01 02:48:12+00:00,Browsers
565859861,1,9,9,0,0,0.0,2019-11-01 00:12:25+00:00,2019-11-01 00:22:01+00:00,Browsers
565863035,1,1,1,0,0,0.0,2019-11-01 02:13:43+00:00,2019-11-01 02:13:43+00:00,Browsers
565865924,1,2,1,1,0,0.0,2019-11-01 00:03:11+00:00,2019-11-01 00:03:39+00:00,Cart abandoners
565872682,1,10,10,0,0,0.0,2019-11-01 01:57:10+00:00,2019-11-01 02:07:16+00:00,Browsers
565873042,2,6,5,0,1,43.76,2019-11-01 01:37:51+00:00,2019-11-01 01:57:40+00:00,High-value users (purchasers)
565875765,1,1,1,0,0,0.0,2019-11-01 02:28:28+00:00,2019-11-01 02:28:28+00:00,Browsers
565921426,1,1,1,0,0,0.0,2019-11-01 00:01:20+00:00,2019-11-01 00:01:20+00:00,Browsers
565941330,1,1,1,0,0,0.0,2019-11-01 01:50:30+00:00,2019-11-01 01:50:30+00:00,Browsers
565941529,1,8,8,0,0,0.0,2019-11-01 01:47:29+00:00,2019-11-01 01:57:29+00:00,Browsers
565947347,1,3,3,0,0,0.0,2019-11-01 01:01:01+00:00,2019-11-01 01:05:59+00:00,Browsers
565947410,1,6,6,0,0,0.0,2019-11-01 00:43:44+00:00,2019-11-01 00:49:02+00:00,Browsers
565947485,2,5,5,0,0,0.0,2019-11-01 00:29:48+00:00,2019-11-01 01:04:43+00:00,Browsers
565948523,1,1,1,0,0,0.0,2019-11-01 02:19:22+00:00,2019-11-01 02:19:22+00:00,Browsers
565949698,1,10,10,0,0,0.0,2019-11-01 01:37:34+00:00,2019-11-01 01:42:30+00:00,Browsers
565958142,1,2,2,0,0,0.0,2019-11-01 02:05:31+00:00,2019-11-01 02:19:05+00:00,Browsers
565958294,1,1,1,0,0,0.0,2019-11-01 01:31:05+00:00,2019-11-01 01:31:05+00:00,Browsers
565958428,1,2,2,0,0,0.0,2019-11-01 01:36:54+00:00,2019-11-01 01:37:47+00:00,Browsers
565958612,1,2,2,0,0,0.0,2019-11-01 01:34:12+00:00,2019-11-01 01:38:21+00:00,Browsers
565958622,1,1,1,0,0,0.0,2019-11-01 01:46:24+00:00,2019-11-01 01:46:24+00:00,Browsers
565960037,1,3,3,0,0,0.0,2019-11-01 02:14:39+00:00,2019-11-01 02:16:08+00:00,Browsers
565960289,1,3,2,0,1,22.2,2019-11-01 02:29:33+00:00,2019-11-01 02:33:01+00:00,High-value users (purchasers)
565961731,3,7,7,0,0,0.0,2019-11-01 01:49:53+00:00,2019-11-01 02:00:07+00:00,Browsers
565962783,1,2,2,0,0,0.0,2019-11-01 02:42:06+00:00,2019-11-01 02:42:15+00:00,Browsers
565965048,1,7,7,0,0,0.0,2019-11-01 01:53:04+00:00,2019-11-01 01:58:43+00:00,Browsers
565965506,1,4,1,2,1,125.61,2019-11-01 02:23:23+00:00,2019-11-01 02:27:32+00:00,High-value users (purchasers)
565967180,3,3,3,0,0,0.0,2019-11-01 01:50:18+00:00,2019-11-01 01:56:31+00:00,Browsers
565970204,1,1,1,0,0,0.0,2019-11-01 01:55:38+00:00,2019-11-01 01:55:38+00:00,Browsers
565970435,1,2,2,0,0,0.0,2019-11-01 02:38:42+00:00,2019-11-01 02:39:30+00:00,Browsers
565972492,1,4,4,0,0,0.0,2019-11-01 01:53:31+00:00,2019-11-01 01:55:53+00:00,Browsers
565973217,1,4,4,0,0,0.0,2019-11-01 02:13:33+00:00,2019-11-01 02:18:03+00:00,Browsers
565973563,1,9,9,0,0,0.0,2019-11-01 02:32:02+00:00,2019-11-01 02:42:23+00:00,Browsers
565977924,1,5,5,0,0,0.0,2019-11-01 02:16:42+00:00,2019-11-01 02:19:13+00:00,Browsers
565978062,1,9,9,0,0,0.0,2019-11-01 02:05:17+00:00,2019-11-01 02:15:48+00:00,Browsers
565979585,1,1,1,0,0,0.0,2019-11-01 02:03:47+00:00,2019-11-01 02:03:47+00:00,Browsers
565984713,2,2,2,0,0,0.0,2019-11-01 02:47:06+00:00,2019-11-01 02:47:26+00:00,Browsers
565993263,1,1,1,0,0,0.0,2019-11-01 02:26:33+00:00,2019-11-01 02:26:33+00:00,Browsers
565994436,1,9,9,0,0,0.0,2019-11-01 02:44:15+00:00,2019-11-01 02:48:00+00:00,Browsers
565994540,1,1,1,0,0,0.0,2019-11-01 00:21:10+00:00,2019-11-01 00:21:10+00:00,Browsers
565996493,1,1,1,0,0,0.0,2019-11-01 00:18:35+00:00,2019-11-01 00:18:35+00:00,Browsers
565997828,1,11,10,1,0,0.0,2019-11-01 01:28:01+00:00,2019-11-01 01:31:12+00:00,Cart abandoners
566002463,2,9,9,0,0,0.0,2019-11-01 01:44:10+00:00,2019-11-01 02:06:42+00:00,Browsers
566002926,1,1,1,0,0,0.0,2019-11-01 02:09:53+00:00,2019-11-01 02:09:53+00:00,Browsers
566003198,1,1,1,0,0,0.0,2019-11-01 02:36:15+00:00,2019-11-01 02:36:15+00:00,Browsers
566003763,1,6,6,0,0,0.0,2019-11-01 02:42:19+00:00,2019-11-01 02:45:02+00:00,Browsers
566008188,1,3,3,0,0,0.0,2019-11-01 02:19:26+00:00,2019-11-01 02:23:26+00:00,Browsers
566015724,1,1,1,0,0,0.0,2019-11-01 01:46:17+00:00,2019-11-01 01:46:17+00:00,Browsers
566018135,1,3,1,1,1,139.64,2019-11-01 02:07:32+00:00,2019-11-01 02:08:45+00:00,High-value users (purchasers)
566020319,1,1,1,0,0,0.0,2019-11-01 01:47:31+00:00,2019-11-01 01:47:31+00:00,Browsers
566021291,1,2,1,1,0,0.0,2019-11-01 02:46:04+00:00,2019-11-01 02:46:29+00:00,Cart abandoners
566022730,1,1,1,0,0,0.0,2019-11-01 02:08:44+00:00,2019-11-01 02:08:44+00:00,Browsers
566024321,2,3,3,0,0,0.0,2019-11-01 02:27:41+00:00,2019-11-01 02:48:12+00:00,Browsers
566025328,1,5,4,0,1,195.06,2019-11-01 01:57:18+00:00,2019-11-01 02:03:08+00:00,High-value users (purchasers)
566025787,1,1,1,0,0,0.0,2019-11-01 02:33:12+00:00,2019-11-01 02:33:12+00:00,Browsers
566026805,1,2,2,0,0,0.0,2019-11-01 02:25:13+00:00,2019-11-01 02:25:56+00:00,Browsers
566029870,1,1,1,0,0,0.0,2019-11-01 02:03:23+00:00,2019-11-01 02:03:23+00:00,Browsers
566031104,2,12,12,0,0,0.0,2019-11-01 01:27:17+00:00,2019-11-01 01:41:51+00:00,Browsers
566031393,1,30,30,0,0,0.0,2019-11-01 00:02:15+00:00,2019-11-01 00:32:48+00:00,Browsers
566031501,1,4,4,0,0,0.0,2019-11-01 02:07:31+00:00,2019-11-01 02:08:45+00:00,Browsers
566034090,1,2,2,0,0,0.0,2019-11-01 02:24:53+00:00,2019-11-01 02:28:58+00:00,Browsers
566036483,1,6,4,1,1,48.62,2019-11-01 02:31:47+00:00,2019-11-01 02:39:58+00:00,High-value users (purchasers)
566038589,1,1,1,0,0,0.0,2019-11-01 02:30:53+00:00,2019-11-01 02:30:53+00:00,Browsers
566041171,1,3,3,0,0,0.0,2019-11-01 01:42:56+00:00,2019-11-01 01:59:34+00:00,Browsers
566043679,1,1,1,0,0,0.0,2019-11-01 01:57:55+00:00,2019-11-01 01:57:55+00:00,Browsers
566047134,1,1,1,0,0,0.0,2019-11-01 01:46:24+00:00,2019-11-01 01:46:24+00:00,Browsers
566048692,1,1,1,0,0,0.0,2019-11-01 00:51:53+00:00,2019-11-01 00:51:53+00:00,Browsers
566049454,1,6,6,0,0,0.0,2019-11-01 02:35:33+00:00,2019-11-01 02:37:19+00:00,Browsers
566053249,1,1,1,0,0,0.0,2019-11-01 00:57:37+00:00,2019-11-01 00:57:37+00:00,Browsers
566053977,1,3,3,0,0,0.0,2019-11-01 02:41:07+00:00,2019-11-01 02:41:47+00:00,Browsers
566054071,6,7,7,0,0,0.0,2019-11-01 01:51:25+00:00,2019-11-01 02:41:04+00:00,Browsers
566055148,1,1,1,0,0,0.0,2019-11-01 02:44:16+00:00,2019-11-01 02:44:16+00:00,Browsers
566055527,1,5,5,0,0,0.0,2019-11-01 02:43:46+00:00,2019-11-01 02:48:19+00:00,Browsers
566056960,1,1,1,0,0,0.0,2019-11-01 02:25:14+00:00,2019-11-01 02:25:14+00:00,Browsers
566057510,1,1,1,0,0,0.0,2019-11-01 02:47:40+00:00,2019-11-01 02:47:40+00:00,Browsers
566060690,1,1,1,0,0,0.0,2019-11-01 01:42:18+00:00,2019-11-01 01:42:18+00:00,Browsers
566062805,1,4,4,0,0,0.0,2019-11-01 00:27:27+00:00,2019-11-01 00:29:07+00:00,Browsers
566065532,1,4,4,0,0,0.0,2019-11-01 02:43:49+00:00,2019-11-01 02:48:11+00:00,Browsers
566066702,2,9,9,0,0,0.0,2019-11-01 00:09:57+00:00,2019-11-01 00:20:09+00:00,Browsers
566069504,1,3,3,0,0,0.0,2019-11-01 02:33:52+00:00,2019-11-01 02:36:01+00:00,Browsers
566071499,1,5,5,0,0,0.0,2019-11-01 02:26:37+00:00,2019-11-01 02:28:29+00:00,Browsers
566071562,2,17,17,0,0,0.0,2019-11-01 01:54:29+00:00,2019-11-01 02:06:51+00:00,Browsers
566072090,3,9,9,0,0,0.0,2019-11-01 01:00:04+00:00,2019-11-01 02:08:53+00:00,Browsers
566072489,1,11,11,0,0,0.0,2019-11-01 02:07:12+00:00,2019-11-01 02:16:27+00:00,Browsers
566074017,1,1,1,0,0,0.0,2019-11-01 02:32:40+00:00,2019-11-01 02:32:40+00:00,Browsers
566074968,1,12,12,0,0,0.0,2019-11-01 02:23:35+00:00,2019-11-01 02:32:57+00:00,Browsers
566077808,1,3,3,0,0,0.0,2019-11-01 01:27:36+00:00,2019-11-01 02:17:17+00:00,Browsers
566078951,1,1,1,0,0,0.0,2019-11-01 00:21:33+00:00,2019-11-01 00:21:33+00:00,Browsers
566079686,1,1,1,0,0,0.0,2019-11-01 02:09:28+00:00,2019-11-01 02:09:28+00:00,Browsers
566080685,1,1,1,0,0,0.0,2019-11-01 02:02:51+00:00,2019-11-01 02:02:51+00:00,Browsers
566090945,1,2,2,0,0,0.0,2019-11-01 01:06:33+00:00,2019-11-01 01:07:53+00:00,Browsers
566092815,1,6,6,0,0,0.0,2019-11-01 01:55:12+00:00,2019-11-01 02:11:29+00:00,Browsers
566093260,1,4,4,0,0,0.0,2019-11-01 02:15:10+00:00,2019-11-01 02:18:05+00:00,Browsers
566095126,1,2,1,0,1,195.06,2019-11-01 00:48:19+00:00,2019-11-01 00:51:24+00:00,High-value users (purchasers)
566096248,1,6,6,0,0,0.0,2019-11-01 00:36:11+00:00,2019-11-01 00:50:24+00:00,Browsers
566097297,1,1,1,0,0,0.0,2019-11-01 01:02:33+00:00,2019-11-01 01:02:33+00:00,Browsers
566099065,1,11,11,0,0,0.0,2019-11-01 00:03:26+00:00,2019-11-01 00:10:30+00:00,Browsers
566100454,1,5,5,0,0,0.0,2019-11-01 00:56:36+00:00,2019-11-01 00:58:24+00:00,Browsers
566103025,1,2,2,0,0,0.0,2019-11-01 02:44:40+00:00,2019-11-01 02:47:39+00:00,Browsers
566103599,1,7,7,0,0,0.0,2019-11-01 02:23:59+00:00,2019-11-01 02:26:24+00:00,Browsers
566105404,1,2,2,0,0,0.0,2019-11-01 02:17:35+00:00,2019-11-01 02:18:00+00:00,Browsers
566105679,1,6,6,0,0,0.0,2019-11-01 02:42:25+00:00,2019-11-01 02:45:32+00:00,Browsers
566108105,1,1,1,0,0,0.0,2019-11-01 01:58:58+00:00,2019-11-01 01:58:58+00:00,Browsers
566110129,1,1,1,0,0,0.0,2019-11-01 02:03:52+00:00,2019-11-01 02:03:52+00:00,Browsers
566110241,1,1,1,0,0,0.0,2019-11-01 02:09:17+00:00,2019-11-01 02:09:17+00:00,Browsers
566111104,1,1,1,0,0,0.0,2019-11-01 02:01:56+00:00,2019-11-01 02:01:56+00:00,Browsers
566112580,6,10,10,0,0,0.0,2019-11-01 01:35:39+00:00,2019-11-01 02:04:56+00:00,Browsers
566114770,1,1,1,0,0,0.0,2019-11-01 01:33:33+00:00,2019-11-01 01:33:33+00:00,Browsers
566117767,2,10,10,0,0,0.0,2019-11-01 02:13:51+00:00,2019-11-01 02:31:26+00:00,Browsers
566121183,1,1,1,0,0,0.0,2019-11-01 02:24:15+00:00,2019-11-01 02:24:15+00:00,Browsers
566122652,2,6,6,0,0,0.0,2019-11-01 01:56:21+00:00,2019-11-01 02:01:52+00:00,Browsers
566123142,1,8,8,0,0,0.0,2019-11-01 02:01:56+00:00,2019-11-01 02:05:43+00:00,Browsers
566123263,1,3,2,0,1,9.27,2019-11-01 02:39:05+00:00,2019-11-01 02:41:07+00:00,High-value users (purchasers)
566124021,1,1,1,0,0,0.0,2019-11-01 02:07:48+00:00,2019-11-01 02:07:48+00:00,Browsers
566124415,1,1,1,0,0,0.0,2019-11-01 01:12:01+00:00,2019-11-01 01:12:01+00:00,Browsers
566124794,1,1,1,0,0,0.0,2019-11-01 02:30:03+00:00,2019-11-01 02:30:03+00:00,Browsers
566125458,1,1,1,0,0,0.0,2019-11-01 02:45:36+00:00,2019-11-01 02:45:36+00:00,Browsers
566126059,1,1,1,0,0,0.0,2019-11-01 00:03:10+00:00,2019-11-01 00:03:10+00:00,Browsers
566130559,1,2,2,0,0,0.0,2019-11-01 00:01:13+00:00,2019-11-01 00:03:22+00:00,Browsers
566130681,1,10,10,0,0,0.0,2019-11-01 02:24:25+00:00,2019-11-01 02:28:58+00:00,Browsers
566131011,1,1,1,0,0,0.0,2019-11-01 02:22:22+00:00,2019-11-01 02:22:22+00:00,Browsers
566131238,1,1,1,0,0,0.0,2019-11-01 02:10:32+00:00,2019-11-01 02:10:32+00:00,Browsers
566131394,1,2,2,0,0,0.0,2019-11-01 01:42:58+00:00,2019-11-01 01:43:14+00:00,Browsers
566132222,1,2,2,0,0,0.0,2019-11-01 02:22:48+00:00,2019-11-01 02:23:04+00:00,Browsers
566132606,1,1,1,0,0,0.0,2019-11-01 02:02:08+00:00,2019-11-01 02:02:08+00:00,Browsers
566133020,1,1,1,0,0,0.0,2019-11-01 00:59:11+00:00,2019-11-01 00:59:11+00:00,Browsers
566133169,1,3,3,0,0,0.0,2019-11-01 01:25:33+00:00,2019-11-01 01:26:39+00:00,Browsers
566135071,1,2,2,0,0,0.0,2019-11-01 02:43:41+00:00,2019-11-01 02:45:04+00:00,Browsers
566135640,1,2,2,0,0,0.0,2019-11-01 01:51:06+00:00,2019-11-01 01:52:39+00:00,Browsers
566136234,1,1,1,0,0,0.0,2019-11-01 00:44:35+00:00,2019-11-01 00:44:35+00:00,Browsers
566136314,2,10,10,0,0,0.0,2019-11-01 02:04:04+00:00,2019-11-01 02:15:52+00:00,Browsers
566138387,1,3,3,0,0,0.0,2019-11-01 00:01:45+00:00,2019-11-01 00:35:56+00:00,Browsers
566139682,1,1,1,0,0,0.0,2019-11-01 01:30:15+00:00,2019-11-01 01:30:15+00:00,Browsers
566140382,1,1,1,0,0,0.0,2019-11-01 01:55:54+00:00,2019-11-01 01:55:54+00:00,Browsers
566141674,2,2,2,0,0,0.0,2019-11-01 02:05:14+00:00,2019-11-01 02:13:48+00:00,Browsers
566143627,1,5,5,0,0,0.0,2019-11-01 00:00:08+00:00,2019-11-01 00:01:52+00:00,Browsers
566144573,1,1,1,0,0,0.0,2019-11-01 02:19:55+00:00,2019-11-01 02:19:55+00:00,Browsers
566145239,1,1,1,0,0,0.0,2019-11-01 02:02:35+00:00,2019-11-01 02:02:35+00:00,Browsers
566147321,1,1,1,0,0,0.0,2019-11-01 02:27:06+00:00,2019-11-01 02:27:06+00:00,Browsers
566148261,1,5,5,0,0,0.0,2019-11-01 01:50:36+00:00,2019-11-01 01:52:45+00:00,Browsers
566151604,1,2,2,0,0,0.0,2019-11-01 00:33:14+00:00,2019-11-01 00:37:28+00:00,Browsers
566151680,1,9,9,0,0,0.0,2019-11-01 02:02:50+00:00,2019-11-01 02:14:16+00:00,Browsers
566152752,2,4,4,0,0,0.0,2019-11-01 02:34:23+00:00,2019-11-01 02:47:32+00:00,Browsers
566156438,1,3,1,2,0,0.0,2019-11-01 02:12:39+00:00,2019-11-01 02:13:05+00:00,Cart abandoners
566159059,1,5,5,0,0,0.0,2019-11-01 02:14:30+00:00,2019-11-01 02:20:18+00:00,Browsers
566160562,1,4,4,0,0,0.0,2019-11-01 01:53:38+00:00,2019-11-01 01:56:36+00:00,Browsers
566160992,2,6,6,0,0,0.0,2019-11-01 00:13:22+00:00,2019-11-01 01:35:03+00:00,Browsers
566162086,1,1,1,0,0,0.0,2019-11-01 02:28:12+00:00,2019-11-01 02:28:12+00:00,Browsers
566163559,1,1,1,0,0,0.0,2019-11-01 02:08:12+00:00,2019-11-01 02:08:12+00:00,Browsers
566164619,1,2,2,0,0,0.0,2019-11-01 02:21:26+00:00,2019-11-01 02:24:05+00:00,Browsers
566167706,1,1,1,0,0,0.0,2019-11-01 02:43:48+00:00,2019-11-01 02:43:48+00:00,Browsers
566168076,1,1,1,0,0,0.0,2019-11-01 01:48:55+00:00,2019-11-01 01:48:55+00:00,Browsers
566169025,1,3,2,1,0,0.0,2019-11-01 01:30:34+00:00,2019-11-01 01:31:29+00:00,Cart abandoners
566172921,1,1,1,0,0,0.0,2019-11-01 01:38:59+00:00,2019-11-01 01:38:59+00:00,Browsers
566172989,1,6,6,0,0,0.0,2019-11-01 02:20:44+00:00,2019-11-01 02:23:37+00:00,Browsers
566173041,1,14,14,0,0,0.0,2019-11-01 02:09:35+00:00,2019-11-01 02:19:44+00:00,Browsers
566173912,1,1,1,0,0,0.0,2019-11-01 02:36:15+00:00,2019-11-01 02:36:15+00:00,Browsers
566174850,2,4,3,0,1,212.33,2019-11-01 02:05:11+00:00,2019-11-01 02:24:25+00:00,High-value users (purchasers)
566174905,1,1,1,0,0,0.0,2019-11-01 02:25:07+00:00,2019-11-01 02:25:07+00:00,Browsers
566175330,1,28,28,0,0,0.0,2019-11-01 00:00:17+00:00,2019-11-01 00:10:24+00:00,Browsers
566175654,1,3,3,0,0,0.0,2019-11-01 00:18:53+00:00,2019-11-01 00:19:48+00:00,Browsers
566176246,1,6,5,0,1,437.33,2019-11-01 01:30:30+00:00,2019-11-01 01:37:01+00:00,High-value users (purchasers)
566177283,1,3,3,0,0,0.0,2019-11-01 02:38:12+00:00,2019-11-01 02:39:28+00:00,Browsers
566179353,1,17,16,0,1,48.37,2019-11-01 01:53:43+00:00,2019-11-01 02:01:08+00:00,High-value users (purchasers)
566180432,1,1,1,0,0,0.0,2019-11-01 02:08:18+00:00,2019-11-01 02:08:18+00:00,Browsers
566180934,1,1,1,0,0,0.0,2019-11-01 02:23:37+00:00,2019-11-01 02:23:37+00:00,Browsers
566182395,1,14,13,0,1,71.82,2019-11-01 02:02:36+00:00,2019-11-01 02:19:30+00:00,High-value users (purchasers)
566183067,1,5,5,0,0,0.0,2019-11-01 02:40:17+00:00,2019-11-01 02:47:41+00:00,Browsers
566186716,1,12,12,0,0,0.0,2019-11-01 01:29:22+00:00,2019-11-01 01:36:29+00:00,Browsers
566188490,1,9,7,1,1,38.35,2019-11-01 00:11:13+00:00,2019-11-01 00:21:03+00:00,High-value users (purchasers)
566190501,1,1,1,0,0,0.0,2019-11-01 01:32:32+00:00,2019-11-01 01:32:32+00:00,Browsers
566190908,1,21,21,0,0,0.0,2019-11-01 00:41:01+00:00,2019-11-01 01:58:49+00:00,Browsers
566192673,1,2,2,0,0,0.0,2019-11-01 00:27:30+00:00,2019-11-01 00:28:12+00:00,Browsers
566193439,1,1,1,0,0,0.0,2019-11-01 00:10:30+00:00,2019-11-01 00:10:30+00:00,Browsers
566193886,1,7,7,0,0,0.0,2019-11-01 00:07:54+00:00,2019-11-01 00:22:00+00:00,Browsers
566193888,1,6,6,0,0,0.0,2019-11-01 02:19:26+00:00,2019-11-01 02:22:21+00:00,Browsers
566194643,2,2,2,0,0,0.0,2019-11-01 01:56:03+00:00,2019-11-01 01:56:41+00:00,Browsers
566194804,2,5,5,0,0,0.0,2019-11-01 00:52:25+00:00,2019-11-01 00:56:26+00:00,Browsers
566195185,1,12,12,0,0,0.0,2019-11-01 00:47:49+00:00,2019-11-01 00:55:31+00:00,Browsers
566196524,1,5,5,0,0,0.0,2019-11-01 01:40:14+00:00,2019-11-01 01:51:01+00:00,Browsers
566196908,1,4,4,0,0,0.0,2019-11-01 02:05:28+00:00,2019-11-01 02:21:36+00:00,Browsers
566198257,1,2,2,0,0,0.0,2019-11-01 02:23:44+00:00,2019-11-01 02:24:02+00:00,Browsers
566199754,3,4,3,0,1,189.97,2019-11-01 02:37:47+00:00,2019-11-01 02:48:11+00:00,High-value users (purchasers)
566200338,1,1,1,0,0,0.0,2019-11-01 02:05:26+00:00,2019-11-01 02:05:26+00:00,Browsers
566200694,1,1,1,0,0,0.0,2019-11-01 02:45:50+00:00,2019-11-01 02:45:50+00:00,Browsers
566201033,1,1,1,0,0,0.0,2019-11-01 02:46:35+00:00,2019-11-01 02:46:35+00:00,Browsers
566202246,1,1,1,0,0,0.0,2019-11-01 02:27:16+00:00,2019-11-01 02:27:16+00:00,Browsers
566203039,1,4,4,0,0,0.0,2019-11-01 02:04:00+00:00,2019-11-01 02:07:07+00:00,Browsers
566203520,1,2,2,0,0,0.0,2019-11-01 00:07:29+00:00,2019-11-01 00:08:40+00:00,Browsers
566204832,2,5,5,0,0,0.0,2019-11-01 00:56:17+00:00,2019-11-01 02:18:15+00:00,Browsers
566205335,1,13,13,0,0,0.0,2019-11-01 00:52:43+00:00,2019-11-01 01:07:53+00:00,Browsers
566206590,1,3,3,0,0,0.0,2019-11-01 02:47:45+00:00,2019-11-01 02:48:09+00:00,Browsers
566206808,1,4,4,0,0,0.0,2019-11-01 00:53:32+00:00,2019-11-01 00:59:36+00:00,Browsers
566206881,1,5,5,0,0,0.0,2019-11-01 02:43:15+00:00,2019-11-01 02:46:52+00:00,Browsers
566209112,1,3,3,0,0,0.0,2019-11-01 00:33:52+00:00,2019-11-01 00:35:49+00:00,Browsers
566210393,2,6,6,0,0,0.0,2019-11-01 01:45:40+00:00,2019-11-01 01:50:43+00:00,Browsers
566211674,1,1,1,0,0,0.0,2019-11-01 01:55:13+00:00,2019-11-01 01:55:13+00:00,Browsers
566213201,1,1,1,0,0,0.0,2019-11-01 02:00:45+00:00,2019-11-01 02:00:45+00:00,Browsers
566215074,5,22,22,0,0,0.0,2019-11-01 01:00:38+00:00,2019-11-01 02:43:56+00:00,Browsers
566215333,1,3,2,0,1,120.72,2019-11-01 01:50:43+00:00,2019-11-01 01:53:38+00:00,High-value users (purchasers)
566217173,1,1,1,0,0,0.0,2019-11-01 02:46:14+00:00,2019-11-01 02:46:14+00:00,Browsers
566219832,1,2,2,0,0,0.0,2019-11-01 01:36:42+00:00,2019-11-01 01:37:26+00:00,Browsers
566220521,1,1,1,0,0,0.0,2019-11-01 00:52:43+00:00,2019-11-01 00:52:43+00:00,Browsers
566221672,1,7,7,0,0,0.0,2019-11-01 02:40:10+00:00,2019-11-01 02:45:54+00:00,Browsers
566222581,2,20,20,0,0,0.0,2019-11-01 02:18:22+00:00,2019-11-01 02:47:30+00:00,Browsers
566222807,1,4,4,0,0,0.0,2019-11-01 01:00:53+00:00,2019-11-01 01:06:51+00:00,Browsers
566225081,1,5,5,0,0,0.0,2019-11-01 01:39:20+00:00,2019-11-01 01:43:02+00:00,Browsers
566225622,1,1,1,0,0,0.0,2019-11-01 02:35:56+00:00,2019-11-01 02:35:56+00:00,Browsers
566228622,1,2,2,0,0,0.0,2019-11-01 00:33:18+00:00,2019-11-01 01:36:35+00:00,Browsers
566231373,1,1,1,0,0,0.0,2019-11-01 02:47:53+00:00,2019-11-01 02:47:53+00:00,Browsers
566239551,1,1,1,0,0,0.0,2019-11-01 02:44:31+00:00,2019-11-01 02:44:31+00:00,Browsers
566239795,1,4,4,0,0,0.0,2019-11-01 02:23:13+00:00,2019-11-01 02:24:48+00:00,Browsers
566241164,1,1,1,0,0,0.0,2019-11-01 00:30:07+00:00,2019-11-01 00:30:07+00:00,Browsers
566243643,1,3,3,0,0,0.0,2019-11-01 00:11:44+00:00,2019-11-01 00:12:48+00:00,Browsers
566244834,2,2,2,0,0,0.0,2019-11-01 02:10:16+00:00,2019-11-01 02:11:23+00:00,Browsers
566245343,1,1,1,0,0,0.0,2019-11-01 02:05:41+00:00,2019-11-01 02:05:41+00:00,Browsers
566250241,1,1,1,0,0,0.0,2019-11-01 02:02:16+00:00,2019-11-01 02:02:16+00:00,Browsers
566251343,1,2,2,0,0,0.0,2019-11-01 02:01:57+00:00,2019-11-01 02:02:23+00:00,Browsers
566251570,2,7,6,0,1,24.43,2019-11-01 02:12:50+00:00,2019-11-01 02:39:17+00:00,High-value users (purchasers)
566255262,3,31,31,0,0,0.0,2019-11-01 00:00:03+00:00,2019-11-01 00:25:41+00:00,Browsers
566260262,1,3,3,0,0,0.0,2019-11-01 00:47:07+00:00,2019-11-01 00:51:52+00:00,Browsers
566261372,1,1,1,0,0,0.0,2019-11-01 00:53:29+00:00,2019-11-01 00:53:29+00:00,Browsers
566263856,2,49,48,1,0,0.0,2019-11-01 00:37:54+00:00,2019-11-01 02:38:57+00:00,Cart abandoners
566265908,1,5,5,0,0,0.0,2019-11-01 00:00:07+00:00,2019-11-01 00:05:44+00:00,Browsers
566266170,1,4,4,0,0,0.0,2019-11-01 01:31:37+00:00,2019-11-01 01:40:05+00:00,Browsers
566269607,1,1,1,0,0,0.0,2019-11-01 02:45:07+00:00,2019-11-01 02:45:07+00:00,Browsers
566276202,1,1,1,0,0,0.0,2019-11-01 00:54:30+00:00,2019-11-01 00:54:30+00:00,Browsers
566276462,1,1,1,0,0,0.0,2019-11-01 00:48:39+00:00,2019-11-01 00:48:39+00:00,Browsers
566278257,1,4,4,0,0,0.0,2019-11-01 00:00:13+00:00,2019-11-01 00:04:49+00:00,Browsers
566279435,1,20,20,0,0,0.0,2019-11-01 02:24:35+00:00,2019-11-01 02:48:00+00:00,Browsers
566279628,1,1,1,0,0,0.0,2019-11-01 00:06:28+00:00,2019-11-01 00:06:28+00:00,Browsers
566279704,1,5,5,0,0,0.0,2019-11-01 00:00:29+00:00,2019-11-01 00:02:26+00:00,Browsers
566279874,1,2,2,0,0,0.0,2019-11-01 00:03:28+00:00,2019-11-01 00:05:51+00:00,Browsers
566280378,4,9,9,0,0,0.0,2019-11-01 00:15:09+00:00,2019-11-01 00:18:39+00:00,Browsers
566280399,1,2,2,0,0,0.0,2019-11-01 00:01:24+00:00,2019-11-01 00:01:48+00:00,Browsers
566280422,1,2,2,0,0,0.0,2019-11-01 00:05:31+00:00,2019-11-01 00:06:42+00:00,Browsers
566280536,1,1,1,0,0,0.0,2019-11-01 00:00:08+00:00,2019-11-01 00:00:08+00:00,Browsers
566280567,1,1,1,0,0,0.0,2019-11-01 00:00:58+00:00,2019-11-01 00:00:58+00:00,Browsers
566280671,1,1,1,0,0,0.0,2019-11-01 00:33:13+00:00,2019-11-01 00:33:13+00:00,Browsers
566280676,1,1,1,0,0,0.0,2019-11-01 00:01:40+00:00,2019-11-01 00:01:40+00:00,Browsers
566280697,1,4,4,0,0,0.0,2019-11-01 00:07:35+00:00,2019-11-01 00:08:41+00:00,Browsers
566280709,1,12,12,0,0,0.0,2019-11-01 00:00:50+00:00,2019-11-01 00:53:23+00:00,Browsers
566280815,1,2,2,0,0,0.0,2019-11-01 00:01:34+00:00,2019-11-01 00:02:17+00:00,Browsers
566280860,1,2,2,0,0,0.0,2019-11-01 00:00:08+00:00,2019-11-01 00:00:09+00:00,Browsers
566280946,1,1,1,0,0,0.0,2019-11-01 00:00:45+00:00,2019-11-01 00:00:45+00:00,Browsers
566281047,1,1,1,0,0,0.0,2019-11-01 00:01:41+00:00,2019-11-01 00:01:41+00:00,Browsers
566281062,1,3,3,0,0,0.0,2019-11-01 00:01:56+00:00,2019-11-01 00:02:27+00:00,Browsers
566281096,1,3,3,0,0,0.0,2019-11-01 00:02:08+00:00,2019-11-01 00:02:21+00:00,Browsers
566281131,1,3,3,0,0,0.0,2019-11-01 00:02:26+00:00,2019-11-01 00:03:37+00:00,Browsers
566281143,2,9,9,0,0,0.0,2019-11-01 00:02:43+00:00,2019-11-01 00:17:51+00:00,Browsers
566281155,1,1,1,0,0,0.0,2019-11-01 00:02:40+00:00,2019-11-01 00:02:40+00:00,Browsers
566281183,1,1,1,0,0,0.0,2019-11-01 00:02:57+00:00,2019-11-01 00:02:57+00:00,Browsers
566281189,1,3,3,0,0,0.0,2019-11-01 00:03:03+00:00,2019-11-01 00:03:25+00:00,Browsers
566281211,1,1,1,0,0,0.0,2019-11-01 00:03:53+00:00,2019-11-01 00:03:53+00:00,Browsers
566281222,1,5,5,0,0,0.0,2019-11-01 00:05:13+00:00,2019-11-01 00:10:40+00:00,Browsers
566281229,1,2,2,0,0,0.0,2019-11-01 00:03:27+00:00,2019-11-01 00:03:33+00:00,Browsers
566281250,1,2,2,0,0,0.0,2019-11-01 00:04:47+00:00,2019-11-01 00:07:51+00:00,Browsers
566281255,1,1,1,0,0,0.0,2019-11-01 00:03:51+00:00,2019-11-01 00:03:51+00:00,Browsers
566281269,1,2,2,0,0,0.0,2019-11-01 00:03:58+00:00,2019-11-01 00:05:23+00:00,Browsers
566281281,1,1,1,0,0,0.0,2019-11-01 00:04:09+00:00,2019-11-01 00:04:09+00:00,Browsers
566281299,1,1,1,0,0,0.0,2019-11-01 00:04:18+00:00,2019-11-01 00:04:18+00:00,Browsers
566281339,1,1,1,0,0,0.0,2019-11-01 00:04:34+00:00,2019-11-01 00:04:34+00:00,Browsers
566281380,1,1,1,0,0,0.0,2019-11-01 00:04:56+00:00,2019-11-01 00:04:56+00:00,Browsers
566281421,2,26,23,1,2,317.24,2019-11-01 00:08:48+00:00,2019-11-01 01:09:01+00:00,High-value users (purchasers)
566281429,1,5,5,0,0,0.0,2019-11-01 00:05:20+00:00,2019-11-01 00:06:16+00:00,Browsers
566281499,1,1,1,0,0,0.0,2019-11-01 00:05:57+00:00,2019-11-01 00:05:57+00:00,Browsers
566281514,1,1,1,0,0,0.0,2019-11-01 00:06:06+00:00,2019-11-01 00:06:06+00:00,Browsers
566281525,1,2,2,0,0,0.0,2019-11-01 00:08:16+00:00,2019-11-01 00:09:05+00:00,Browsers
566281546,1,3,3,0,0,0.0,2019-11-01 00:06:30+00:00,2019-11-01 00:07:04+00:00,Browsers
566281584,1,1,1,0,0,0.0,2019-11-01 00:07:17+00:00,2019-11-01 00:07:17+00:00,Browsers
566281613,1,1,1,0,0,0.0,2019-11-01 00:06:58+00:00,2019-11-01 00:06:58+00:00,Browsers
566281616,1,1,1,0,0,0.0,2019-11-01 00:06:59+00:00,2019-11-01 00:06:59+00:00,Browsers
566281617,1,1,1,0,0,0.0,2019-11-01 00:06:59+00:00,2019-11-01 00:06:59+00:00,Browsers
566281619,1,1,1,0,0,0.0,2019-11-01 00:07:01+00:00,2019-11-01 00:07:01+00:00,Browsers
566281648,1,1,1,0,0,0.0,2019-11-01 00:07:19+00:00,2019-11-01 00:07:19+00:00,Browsers
566281670,1,1,1,0,0,0.0,2019-11-01 00:07:26+00:00,2019-11-01 00:07:26+00:00,Browsers
566281674,1,1,1,0,0,0.0,2019-11-01 00:07:26+00:00,2019-11-01 00:07:26+00:00,Browsers
566281691,1,3,3,0,0,0.0,2019-11-01 00:07:31+00:00,2019-11-01 00:08:26+00:00,Browsers
566281728,3,3,3,0,0,0.0,2019-11-01 00:07:51+00:00,2019-11-01 02:28:14+00:00,Browsers
566281751,1,2,2,0,0,0.0,2019-11-01 00:08:10+00:00,2019-11-01 00:10:53+00:00,Browsers
566281833,1,2,2,0,0,0.0,2019-11-01 00:08:59+00:00,2019-11-01 00:10:27+00:00,Browsers
566281841,1,1,1,0,0,0.0,2019-11-01 00:08:58+00:00,2019-11-01 00:08:58+00:00,Browsers
566281903,1,1,1,0,0,0.0,2019-11-01 00:09:28+00:00,2019-11-01 00:09:28+00:00,Browsers
566281911,1,1,1,0,0,0.0,2019-11-01 00:09:31+00:00,2019-11-01 00:09:31+00:00,Browsers
566281921,1,4,4,0,0,0.0,2019-11-01 00:09:34+00:00,2019-11-01 00:12:09+00:00,Browsers
566281952,1,1,1,0,0,0.0,2019-11-01 00:09:53+00:00,2019-11-01 00:09:53+00:00,Browsers
566281975,1,1,1,0,0,0.0,2019-11-01 00:11:18+00:00,2019-11-01 00:11:18+00:00,Browsers
566281990,1,1,1,0,0,0.0,2019-11-01 00:11:41+00:00,2019-11-01 00:11:41+00:00,Browsers
566281992,1,1,1,0,0,0.0,2019-11-01 00:11:19+00:00,2019-11-01 00:11:19+00:00,Browsers
566281998,3,13,11,1,1,532.57,2019-11-01 00:11:13+00:00,2019-11-01 00:28:45+00:00,High-value users (purchasers)
566282003,1,1,1,0,0,0.0,2019-11-01 00:10:18+00:00,2019-11-01 00:10:18+00:00,Browsers
566282019,1,1,1,0,0,0.0,2019-11-01 00:10:25+00:00,2019-11-01 00:10:25+00:00,Browsers
566282034,1,1,1,0,0,0.0,2019-11-01 00:10:28+00:00,2019-11-01 00:10:28+00:00,Browsers
566282042,1,3,3,0,0,0.0,2019-11-01 00:11:25+00:00,2019-11-01 00:13:06+00:00,Browsers
566282082,1,1,1,0,0,0.0,2019-11-01 00:10:54+00:00,2019-11-01 00:10:54+00:00,Browsers
566282083,1,5,5,0,0,0.0,2019-11-01 00:16:51+00:00,2019-11-01 00:21:59+00:00,Browsers
566282094,1,1,1,0,0,0.0,2019-11-01 00:12:36+00:00,2019-11-01 00:12:36+00:00,Browsers
566282164,1,1,1,0,0,0.0,2019-11-01 00:11:50+00:00,2019-11-01 00:11:50+00:00,Browsers
566282173,1,2,2,0,0,0.0,2019-11-01 00:11:52+00:00,2019-11-01 00:12:26+00:00,Browsers
566282196,2,5,5,0,0,0.0,2019-11-01 00:12:50+00:00,2019-11-01 00:15:02+00:00,Browsers
566282204,1,7,7,0,0,0.0,2019-11-01 00:12:08+00:00,2019-11-01 00:15:39+00:00,Browsers
566282224,1,3,3,0,0,0.0,2019-11-01 00:12:21+00:00,2019-11-01 00:12:33+00:00,Browsers
566282234,2,2,2,0,0,0.0,2019-11-01 00:12:23+00:00,2019-11-01 00:24:03+00:00,Browsers
566282292,1,8,8,0,0,0.0,2019-11-01 00:13:31+00:00,2019-11-01 00:16:44+00:00,Browsers
566282313,1,1,1,0,0,0.0,2019-11-01 00:13:07+00:00,2019-11-01 00:13:07+00:00,Browsers
566282323,1,1,1,0,0,0.0,2019-11-01 00:13:15+00:00,2019-11-01 00:13:15+00:00,Browsers
566282350,2,2,2,0,0,0.0,2019-11-01 00:13:32+00:00,2019-11-01 00:14:19+00:00,Browsers
566282354,1,10,8,0,2,276.15,2019-11-01 00:14:13+00:00,2019-11-01 00:33:19+00:00,High-value users (purchasers)
566282391,1,3,3,0,0,0.0,2019-11-01 00:13:56+00:00,2019-11-01 00:14:20+00:00,Browsers
566282392,1,1,1,0,0,0.0,2019-11-01 00:13:55+00:00,2019-11-01 00:13:55+00:00,Browsers
566282395,1,1,1,0,0,0.0,2019-11-01 00:15:09+00:00,2019-11-01 00:15:09+00:00,Browsers
566282409,3,3,3,0,0,0.0,2019-11-01 00:14:02+00:00,2019-11-01 00:14:18+00:00,Browsers
566282416,1,2,2,0,0,0.0,2019-11-01 00:14:03+00:00,2019-11-01 00:14:09+00:00,Browsers
566282420,1,1,1,0,0,0.0,2019-11-01 00:14:05+00:00,2019-11-01 00:14:05+00:00,Browsers
566282425,1,2,2,0,0,0.0,2019-11-01 00:15:16+00:00,2019-11-01 00:18:28+00:00,Browsers
566282431,1,1,1,0,0,0.0,2019-11-01 00:15:00+00:00,2019-11-01 00:15:00+00:00,Browsers
566282442,1,6,6,0,0,0.0,2019-11-01 00:26:14+00:00,2019-11-01 00:58:22+00:00,Browsers
566282478,1,17,17,0,0,0.0,2019-11-01 00:15:41+00:00,2019-11-01 00:36:06+00:00,Browsers
566282480,1,8,8,0,0,0.0,2019-11-01 00:14:49+00:00,2019-11-01 00:19:15+00:00,Browsers
566282483,1,1,1,0,0,0.0,2019-11-01 00:14:50+00:00,2019-11-01 00:14:50+00:00,Browsers
566282507,1,1,1,0,0,0.0,2019-11-01 00:15:07+00:00,2019-11-01 00:15:07+00:00,Browsers
566282529,1,1,1,0,0,0.0,2019-11-01 00:15:15+00:00,2019-11-01 00:15:15+00:00,Browsers
566282536,2,2,2,0,0,0.0,2019-11-01 00:15:24+00:00,2019-11-01 00:15:25+00:00,Browsers
566282560,1,7,7,0,0,0.0,2019-11-01 00:17:33+00:00,2019-11-01 00:23:15+00:00,Browsers
566282561,1,3,3,0,0,0.0,2019-11-01 00:15:31+00:00,2019-11-01 00:16:21+00:00,Browsers
566282587,2,12,12,0,0,0.0,2019-11-01 00:16:03+00:00,2019-11-01 00:32:32+00:00,Browsers
566282645,1,2,2,0,0,0.0,2019-11-01 00:17:23+00:00,2019-11-01 00:17:33+00:00,Browsers
566282650,1,1,1,0,0,0.0,2019-11-01 00:16:16+00:00,2019-11-01 00:16:16+00:00,Browsers
566282655,1,1,1,0,0,0.0,2019-11-01 00:16:17+00:00,2019-11-01 00:16:17+00:00,Browsers
566282659,1,1,1,0,0,0.0,2019-11-01 00:16:21+00:00,2019-11-01 00:16:21+00:00,Browsers
566282695,1,2,2,0,0,0.0,2019-11-01 00:16:43+00:00,2019-11-01 00:18:05+00:00,Browsers
566282710,1,1,1,0,0,0.0,2019-11-01 00:16:53+00:00,2019-11-01 00:16:53+00:00,Browsers
566282734,1,1,1,0,0,0.0,2019-11-01 00:17:09+00:00,2019-11-01 00:17:09+00:00,Browsers
566282756,1,3,3,0,0,0.0,2019-11-01 00:17:38+00:00,2019-11-01 00:19:00+00:00,Browsers
566282757,1,1,1,0,0,0.0,2019-11-01 00:17:23+00:00,2019-11-01 00:17:23+00:00,Browsers
566282777,1,1,1,0,0,0.0,2019-11-01 00:17:36+00:00,2019-11-01 00:17:36+00:00,Browsers
566282794,1,1,1,0,0,0.0,2019-11-01 00:17:45+00:00,2019-11-01 00:17:45+00:00,Browsers
566282812,1,1,1,0,0,0.0,2019-11-01 00:17:59+00:00,2019-11-01 00:17:59+00:00,Browsers
566282818,1,8,5,0,3,1010.5200000000001,2019-11-01 00:18:24+00:00,2019-11-01 00:21:19+00:00,High-value users (purchasers)
566282840,1,1,1,0,0,0.0,2019-11-01 00:18:16+00:00,2019-11-01 00:18:16+00:00,Browsers
566282850,2,2,2,0,0,0.0,2019-11-01 00:18:23+00:00,2019-11-01 00:18:51+00:00,Browsers
566282861,1,1,1,0,0,0.0,2019-11-01 00:21:01+00:00,2019-11-01 00:21:01+00:00,Browsers
566282866,1,1,1,0,0,0.0,2019-11-01 00:18:41+00:00,2019-11-01 00:18:41+00:00,Browsers
566282869,1,1,1,0,0,0.0,2019-11-01 00:19:08+00:00,2019-11-01 00:19:08+00:00,Browsers
566282921,1,3,3,0,0,0.0,2019-11-01 00:20:11+00:00,2019-11-01 00:24:10+00:00,Browsers
566282983,1,1,1,0,0,0.0,2019-11-01 00:19:35+00:00,2019-11-01 00:19:35+00:00,Browsers
566282997,1,1,1,0,0,0.0,2019-11-01 00:21:54+00:00,2019-11-01 00:21:54+00:00,Browsers
566283030,1,5,5,0,0,0.0,2019-11-01 00:20:13+00:00,2019-11-01 00:25:31+00:00,Browsers
566283032,3,5,5,0,0,0.0,2019-11-01 00:20:13+00:00,2019-11-01 00:35:38+00:00,Browsers
566283086,2,4,4,0,0,0.0,2019-11-01 00:20:50+00:00,2019-11-01 01:59:24+00:00,Browsers
566283090,1,1,1,0,0,0.0,2019-11-01 00:21:20+00:00,2019-11-01 00:21:20+00:00,Browsers
566283096,1,22,22,0,0,0.0,2019-11-01 00:21:30+00:00,2019-11-01 00:32:45+00:00,Browsers
566283157,1,1,1,0,0,0.0,2019-11-01 00:21:27+00:00,2019-11-01 00:21:27+00:00,Browsers
566283171,1,4,4,0,0,0.0,2019-11-01 00:22:05+00:00,2019-11-01 00:24:49+00:00,Browsers
566283179,1,1,1,0,0,0.0,2019-11-01 00:21:35+00:00,2019-11-01 00:21:35+00:00,Browsers
566283213,1,5,5,0,0,0.0,2019-11-01 00:21:57+00:00,2019-11-01 00:24:46+00:00,Browsers
566283226,1,1,1,0,0,0.0,2019-11-01 00:22:03+00:00,2019-11-01 00:22:03+00:00,Browsers
566283262,1,4,4,0,0,0.0,2019-11-01 00:22:26+00:00,2019-11-01 00:24:11+00:00,Browsers
566283304,1,8,8,0,0,0.0,2019-11-01 00:23:46+00:00,2019-11-01 00:49:19+00:00,Browsers
566283341,1,1,1,0,0,0.0,2019-11-01 00:22:56+00:00,2019-11-01 00:22:56+00:00,Browsers
566283382,1,1,1,0,0,0.0,2019-11-01 00:23:32+00:00,2019-11-01 00:23:32+00:00,Browsers
566283392,1,1,1,0,0,0.0,2019-11-01 00:24:06+00:00,2019-11-01 00:24:06+00:00,Browsers
566283445,1,1,1,0,0,0.0,2019-11-01 00:23:43+00:00,2019-11-01 00:23:43+00:00,Browsers
566283451,1,2,2,0,0,0.0,2019-11-01 00:24:50+00:00,2019-11-01 00:27:49+00:00,Browsers
566283469,2,4,4,0,0,0.0,2019-11-01 00:23:56+00:00,2019-11-01 00:28:34+00:00,Browsers
566283624,1,1,1,0,0,0.0,2019-11-01 00:25:13+00:00,2019-11-01 00:25:13+00:00,Browsers
566283650,2,4,4,0,0,0.0,2019-11-01 00:25:23+00:00,2019-11-01 00:27:39+00:00,Browsers
566283682,1,2,1,0,1,195.06,2019-11-01 00:26:15+00:00,2019-11-01 00:28:52+00:00,High-value users (purchasers)
566283686,1,7,6,1,0,0.0,2019-11-01 00:28:15+00:00,2019-11-01 00:31:45+00:00,Cart abandoners
566283688,1,5,5,0,0,0.0,2019-11-01 00:25:34+00:00,2019-11-01 00:32:09+00:00,Browsers
566283696,1,1,1,0,0,0.0,2019-11-01 00:28:07+00:00,2019-11-01 00:28:07+00:00,Browsers
566283722,1,1,1,0,0,0.0,2019-11-01 00:25:57+00:00,2019-11-01 00:25:57+00:00,Browsers
566283777,2,13,13,0,0,0.0,2019-11-01 00:28:38+00:00,2019-11-01 00:43:53+00:00,Browsers
566283834,1,1,1,0,0,0.0,2019-11-01 00:27:01+00:00,2019-11-01 00:27:01+00:00,Browsers
566283845,1,1,1,0,0,0.0,2019-11-01 00:27:13+00:00,2019-11-01 00:27:13+00:00,Browsers
566283855,1,1,1,0,0,0.0,2019-11-01 00:27:49+00:00,2019-11-01 00:27:49+00:00,Browsers
566283860,1,2,2,0,0,0.0,2019-11-01 00:27:56+00:00,2019-11-01 00:28:15+00:00,Browsers
566283932,7,9,9,0,0,0.0,2019-11-01 00:27:55+00:00,2019-11-01 00:32:55+00:00,Browsers
566283934,1,3,3,0,0,0.0,2019-11-01 00:27:55+00:00,2019-11-01 00:28:10+00:00,Browsers
566283939,1,7,7,0,0,0.0,2019-11-01 00:27:58+00:00,2019-11-01 00:32:17+00:00,Browsers
566283947,1,1,1,0,0,0.0,2019-11-01 00:29:35+00:00,2019-11-01 00:29:35+00:00,Browsers
566283953,1,1,1,0,0,0.0,2019-11-01 00:29:23+00:00,2019-11-01 00:29:23+00:00,Browsers
566283976,3,4,4,0,0,0.0,2019-11-01 00:28:19+00:00,2019-11-01 01:49:10+00:00,Browsers
566283983,1,1,1,0,0,0.0,2019-11-01 00:28:57+00:00,2019-11-01 00:28:57+00:00,Browsers
566283987,1,1,1,0,0,0.0,2019-11-01 00:28:24+00:00,2019-11-01 00:28:24+00:00,Browsers
566284092,1,2,2,0,0,0.0,2019-11-01 00:29:18+00:00,2019-11-01 00:29:27+00:00,Browsers
566284095,2,12,12,0,0,0.0,2019-11-01 00:32:29+00:00,2019-11-01 00:39:18+00:00,Browsers
566284145,1,1,1,0,0,0.0,2019-11-01 00:29:43+00:00,2019-11-01 00:29:43+00:00,Browsers
566284163,1,1,1,0,0,0.0,2019-11-01 00:29:54+00:00,2019-11-01 00:29:54+00:00,Browsers
566284169,1,2,2,0,0,0.0,2019-11-01 00:29:56+00:00,2019-11-01 00:30:11+00:00,Browsers
566284179,1,1,1,0,0,0.0,2019-11-01 00:30:01+00:00,2019-11-01 00:30:01+00:00,Browsers
566284196,1,1,1,0,0,0.0,2019-11-01 00:30:07+00:00,2019-11-01 00:30:07+00:00,Browsers
566284222,1,1,1,0,0,0.0,2019-11-01 00:30:20+00:00,2019-11-01 00:30:20+00:00,Browsers
566284233,1,1,1,0,0,0.0,2019-11-01 00:30:26+00:00,2019-11-01 00:30:26+00:00,Browsers
566284247,1,1,1,0,0,0.0,2019-11-01 00:30:32+00:00,2019-11-01 00:30:32+00:00,Browsers
566284253,2,7,7,0,0,0.0,2019-11-01 00:31:17+00:00,2019-11-01 00:37:37+00:00,Browsers
566284299,1,1,1,0,0,0.0,2019-11-01 00:31:02+00:00,2019-11-01 00:31:02+00:00,Browsers
566284304,1,1,1,0,0,0.0,2019-11-01 00:31:05+00:00,2019-11-01 00:31:05+00:00,Browsers
566284319,1,1,1,0,0,0.0,2019-11-01 00:39:57+00:00,2019-11-01 00:39:57+00:00,Browsers
566284336,5,7,7,0,0,0.0,2019-11-01 00:31:25+00:00,2019-11-01 00:36:05+00:00,Browsers
566284337,1,1,1,0,0,0.0,2019-11-01 00:31:22+00:00,2019-11-01 00:31:22+00:00,Browsers
566284364,1,1,1,0,0,0.0,2019-11-01 00:31:38+00:00,2019-11-01 00:31:38+00:00,Browsers
566284370,1,1,1,0,0,0.0,2019-11-01 00:31:43+00:00,2019-11-01 00:31:43+00:00,Browsers
566284383,1,1,1,0,0,0.0,2019-11-01 00:31:48+00:00,2019-11-01 00:31:48+00:00,Browsers
566284428,1,22,22,0,0,0.0,2019-11-01 00:32:39+00:00,2019-11-01 00:44:16+00:00,Browsers
566284432,2,5,5,0,0,0.0,2019-11-01 00:32:13+00:00,2019-11-01 00:34:10+00:00,Browsers
566284444,1,1,1,0,0,0.0,2019-11-01 00:32:19+00:00,2019-11-01 00:32:19+00:00,Browsers
566284469,1,1,1,0,0,0.0,2019-11-01 00:33:31+00:00,2019-11-01 00:33:31+00:00,Browsers
566284486,1,3,3,0,0,0.0,2019-11-01 00:32:36+00:00,2019-11-01 00:34:49+00:00,Browsers
566284500,2,2,2,0,0,0.0,2019-11-01 00:32:43+00:00,2019-11-01 02:37:36+00:00,Browsers
566284506,1,1,1,0,0,0.0,2019-11-01 00:32:46+00:00,2019-11-01 00:32:46+00:00,Browsers
566284532,2,13,13,0,0,0.0,2019-11-01 00:33:38+00:00,2019-11-01 00:59:36+00:00,Browsers
566284544,1,1,1,0,0,0.0,2019-11-01 00:33:08+00:00,2019-11-01 00:33:08+00:00,Browsers
566284551,1,1,1,0,0,0.0,2019-11-01 00:33:13+00:00,2019-11-01 00:33:13+00:00,Browsers
566284552,1,1,1,0,0,0.0,2019-11-01 00:33:13+00:00,2019-11-01 00:33:13+00:00,Browsers
566284580,1,12,12,0,0,0.0,2019-11-01 00:34:40+00:00,2019-11-01 00:41:29+00:00,Browsers
566284584,1,1,1,0,0,0.0,2019-11-01 00:34:51+00:00,2019-11-01 00:34:51+00:00,Browsers
566284585,1,5,5,0,0,0.0,2019-11-01 00:35:27+00:00,2019-11-01 00:42:59+00:00,Browsers
566284596,2,21,21,0,0,0.0,2019-11-01 00:40:08+00:00,2019-11-01 01:58:47+00:00,Browsers
566284616,1,1,1,0,0,0.0,2019-11-01 00:33:57+00:00,2019-11-01 00:33:57+00:00,Browsers
566284636,1,2,2,0,0,0.0,2019-11-01 00:36:21+00:00,2019-11-01 00:39:44+00:00,Browsers
566284720,1,2,2,0,0,0.0,2019-11-01 00:34:49+00:00,2019-11-01 00:34:56+00:00,Browsers
566284738,2,13,13,0,0,0.0,2019-11-01 00:36:15+00:00,2019-11-01 01:11:10+00:00,Browsers
566284796,1,40,40,0,0,0.0,2019-11-01 00:38:05+00:00,2019-11-01 01:00:46+00:00,Browsers
566284800,1,1,1,0,0,0.0,2019-11-01 00:35:34+00:00,2019-11-01 00:35:34+00:00,Browsers
566284809,1,1,1,0,0,0.0,2019-11-01 00:36:01+00:00,2019-11-01 00:36:01+00:00,Browsers
566284826,1,1,1,0,0,0.0,2019-11-01 00:40:49+00:00,2019-11-01 00:40:49+00:00,Browsers
566284846,1,1,1,0,0,0.0,2019-11-01 00:36:07+00:00,2019-11-01 00:36:07+00:00,Browsers
566284848,1,1,1,0,0,0.0,2019-11-01 00:36:08+00:00,2019-11-01 00:36:08+00:00,Browsers
566284849,1,2,2,0,0,0.0,2019-11-01 00:37:43+00:00,2019-11-01 00:38:04+00:00,Browsers
566284856,1,1,1,0,0,0.0,2019-11-01 00:36:13+00:00,2019-11-01 00:36:13+00:00,Browsers
566284890,1,5,5,0,0,0.0,2019-11-01 00:36:32+00:00,2019-11-01 00:38:01+00:00,Browsers
566284894,2,4,4,0,0,0.0,2019-11-01 00:36:34+00:00,2019-11-01 00:38:31+00:00,Browsers
566284896,1,1,1,0,0,0.0,2019-11-01 00:36:36+00:00,2019-11-01 00:36:36+00:00,Browsers
566284949,1,1,1,0,0,0.0,2019-11-01 00:38:42+00:00,2019-11-01 00:38:42+00:00,Browsers
566284950,1,1,1,0,0,0.0,2019-11-01 00:37:10+00:00,2019-11-01 00:37:10+00:00,Browsers
566284963,3,11,11,0,0,0.0,2019-11-01 00:39:39+00:00,2019-11-01 02:20:00+00:00,Browsers
566284987,2,2,2,0,0,0.0,2019-11-01 00:38:10+00:00,2019-11-01 02:04:54+00:00,Browsers
566285005,1,4,3,0,1,48.88,2019-11-01 00:39:10+00:00,2019-11-01 00:41:04+00:00,High-value users (purchasers)
566285010,1,3,3,0,0,0.0,2019-11-01 00:37:42+00:00,2019-11-01 00:39:14+00:00,Browsers
566285018,2,5,5,0,0,0.0,2019-11-01 00:37:50+00:00,2019-11-01 00:39:17+00:00,Browsers
566285025,1,1,1,0,0,0.0,2019-11-01 00:38:09+00:00,2019-11-01 00:38:09+00:00,Browsers
566285033,1,2,2,0,0,0.0,2019-11-01 00:39:35+00:00,2019-11-01 00:40:46+00:00,Browsers
566285038,1,1,1,0,0,0.0,2019-11-01 00:38:08+00:00,2019-11-01 00:38:08+00:00,Browsers
566285050,3,16,14,0,2,1718.7399999999998,2019-11-01 00:40:43+00:00,2019-11-01 01:06:49+00:00,High-value users (purchasers)
566285066,1,1,1,0,0,0.0,2019-11-01 00:38:43+00:00,2019-11-01 00:38:43+00:00,Browsers
566285092,1,1,1,0,0,0.0,2019-11-01 00:38:32+00:00,2019-11-01 00:38:32+00:00,Browsers
566285120,1,4,4,0,0,0.0,2019-11-01 00:38:43+00:00,2019-11-01 00:40:07+00:00,Browsers
566285129,1,1,1,0,0,0.0,2019-11-01 00:38:51+00:00,2019-11-01 00:38:51+00:00,Browsers
566285177,1,15,15,0,0,0.0,2019-11-01 00:39:41+00:00,2019-11-01 01:55:18+00:00,Browsers
566285178,1,1,1,0,0,0.0,2019-11-01 00:39:49+00:00,2019-11-01 00:39:49+00:00,Browsers
566285266,1,4,4,0,0,0.0,2019-11-01 00:39:56+00:00,2019-11-01 00:41:23+00:00,Browsers
566285354,1,4,3,0,1,29.16,2019-11-01 00:43:43+00:00,2019-11-01 00:48:59+00:00,High-value users (purchasers)
566285361,1,1,1,0,0,0.0,2019-11-01 00:40:39+00:00,2019-11-01 00:40:39+00:00,Browsers
566285401,1,1,1,0,0,0.0,2019-11-01 00:40:59+00:00,2019-11-01 00:40:59+00:00,Browsers
566285426,1,6,6,0,0,0.0,2019-11-01 00:41:56+00:00,2019-11-01 00:44:14+00:00,Browsers
566285468,1,1,1,0,0,0.0,2019-11-01 00:41:29+00:00,2019-11-01 00:41:29+00:00,Browsers
566285479,1,1,1,0,0,0.0,2019-11-01 00:42:23+00:00,2019-11-01 00:42:23+00:00,Browsers
566285490,1,3,2,0,1,22.8,2019-11-01 00:43:08+00:00,2019-11-01 00:46:29+00:00,High-value users (purchasers)
566285493,1,1,1,0,0,0.0,2019-11-01 00:41:37+00:00,2019-11-01 00:41:37+00:00,Browsers
566285539,1,1,1,0,0,0.0,2019-11-01 00:42:02+00:00,2019-11-01 00:42:02+00:00,Browsers
566285564,2,3,3,0,0,0.0,2019-11-01 00:42:12+00:00,2019-11-01 00:44:04+00:00,Browsers
566285573,1,2,2,0,0,0.0,2019-11-01 00:42:17+00:00,2019-11-01 00:42:20+00:00,Browsers
566285591,1,2,2,0,0,0.0,2019-11-01 00:42:27+00:00,2019-11-01 00:42:34+00:00,Browsers
566285593,1,1,1,0,0,0.0,2019-11-01 00:43:41+00:00,2019-11-01 00:43:41+00:00,Browsers
566285596,1,5,5,0,0,0.0,2019-11-01 00:43:11+00:00,2019-11-01 00:47:17+00:00,Browsers
566285601,1,1,1,0,0,0.0,2019-11-01 00:42:32+00:00,2019-11-01 00:42:32+00:00,Browsers
566285638,1,3,3,0,0,0.0,2019-11-01 00:42:52+00:00,2019-11-01 00:43:12+00:00,Browsers
566285641,1,1,1,0,0,0.0,2019-11-01 00:43:11+00:00,2019-11-01 00:43:11+00:00,Browsers
566285648,2,4,4,0,0,0.0,2019-11-01 00:42:57+00:00,2019-11-01 01:38:42+00:00,Browsers
566285683,2,4,4,0,0,0.0,2019-11-01 00:44:10+00:00,2019-11-01 00:51:27+00:00,Browsers
566285694,1,1,1,0,0,0.0,2019-11-01 00:43:27+00:00,2019-11-01 00:43:27+00:00,Browsers
566285727,2,2,2,0,0,0.0,2019-11-01 00:44:46+00:00,2019-11-01 00:46:04+00:00,Browsers
566285789,1,2,2,0,0,0.0,2019-11-01 00:44:32+00:00,2019-11-01 00:44:48+00:00,Browsers
566285799,1,1,1,0,0,0.0,2019-11-01 00:45:40+00:00,2019-11-01 00:45:40+00:00,Browsers
566285801,1,3,3,0,0,0.0,2019-11-01 00:44:23+00:00,2019-11-01 00:44:46+00:00,Browsers
566285874,2,6,6,0,0,0.0,2019-11-01 00:45:15+00:00,2019-11-01 00:52:38+00:00,Browsers
566285875,1,4,4,0,0,0.0,2019-11-01 00:46:45+00:00,2019-11-01 00:52:04+00:00,Browsers
566285916,1,9,9,0,0,0.0,2019-11-01 00:46:16+00:00,2019-11-01 00:50:19+00:00,Browsers
566285922,1,2,2,0,0,0.0,2019-11-01 00:45:48+00:00,2019-11-01 00:46:00+00:00,Browsers
566285928,6,6,6,0,0,0.0,2019-11-01 00:45:52+00:00,2019-11-01 00:48:44+00:00,Browsers
566285943,1,1,1,0,0,0.0,2019-11-01 00:46:10+00:00,2019-11-01 00:46:10+00:00,Browsers
566286011,3,7,7,0,0,0.0,2019-11-01 00:46:40+00:00,2019-11-01 00:50:28+00:00,Browsers
566286046,1,1,1,0,0,0.0,2019-11-01 00:47:04+00:00,2019-11-01 00:47:04+00:00,Browsers
566286049,1,4,4,0,0,0.0,2019-11-01 00:52:07+00:00,2019-11-01 00:55:41+00:00,Browsers
566286054,1,1,1,0,0,0.0,2019-11-01 00:48:20+00:00,2019-11-01 00:48:20+00:00,Browsers
566286061,1,3,3,0,0,0.0,2019-11-01 00:47:12+00:00,2019-11-01 00:48:04+00:00,Browsers
566286064,1,3,3,0,0,0.0,2019-11-01 00:48:04+00:00,2019-11-01 00:50:57+00:00,Browsers
566286068,1,1,1,0,0,0.0,2019-11-01 00:47:14+00:00,2019-11-01 00:47:14+00:00,Browsers
566286077,1,1,1,0,0,0.0,2019-11-01 00:47:18+00:00,2019-11-01 00:47:18+00:00,Browsers
566286080,1,1,1,0,0,0.0,2019-11-01 00:49:38+00:00,2019-11-01 00:49:38+00:00,Browsers
566286106,1,1,1,0,0,0.0,2019-11-01 00:47:34+00:00,2019-11-01 00:47:34+00:00,Browsers
566286112,2,2,2,0,0,0.0,2019-11-01 00:47:34+00:00,2019-11-01 00:47:45+00:00,Browsers
566286136,2,5,5,0,0,0.0,2019-11-01 00:49:21+00:00,2019-11-01 00:55:47+00:00,Browsers
566286137,1,2,2,0,0,0.0,2019-11-01 00:49:32+00:00,2019-11-01 00:50:24+00:00,Browsers
566286141,1,3,3,0,0,0.0,2019-11-01 00:47:56+00:00,2019-11-01 00:48:19+00:00,Browsers
566286144,2,15,14,0,1,178.87,2019-11-01 00:53:43+00:00,2019-11-01 01:54:25+00:00,High-value users (purchasers)
566286161,2,4,4,0,0,0.0,2019-11-01 00:48:09+00:00,2019-11-01 00:50:02+00:00,Browsers
566286163,1,1,1,0,0,0.0,2019-11-01 00:48:10+00:00,2019-11-01 00:48:10+00:00,Browsers
566286167,2,2,2,0,0,0.0,2019-11-01 00:48:11+00:00,2019-11-01 00:59:49+00:00,Browsers
566286180,1,1,1,0,0,0.0,2019-11-01 00:48:21+00:00,2019-11-01 00:48:21+00:00,Browsers
566286193,1,1,1,0,0,0.0,2019-11-01 00:48:30+00:00,2019-11-01 00:48:30+00:00,Browsers
566286201,2,4,4,0,0,0.0,2019-11-01 00:48:36+00:00,2019-11-01 00:55:39+00:00,Browsers
566286204,1,1,1,0,0,0.0,2019-11-01 00:48:38+00:00,2019-11-01 00:48:38+00:00,Browsers
566286209,1,6,6,0,0,0.0,2019-11-01 00:49:28+00:00,2019-11-01 00:52:51+00:00,Browsers
566286213,1,1,1,0,0,0.0,2019-11-01 00:48:42+00:00,2019-11-01 00:48:42+00:00,Browsers
566286214,1,1,1,0,0,0.0,2019-11-01 00:49:23+00:00,2019-11-01 00:49:23+00:00,Browsers
566286264,4,4,4,0,0,0.0,2019-11-01 00:49:15+00:00,2019-11-01 01:06:31+00:00,Browsers
566286320,1,1,1,0,0,0.0,2019-11-01 00:49:46+00:00,2019-11-01 00:49:46+00:00,Browsers
566286341,1,2,2,0,0,0.0,2019-11-01 00:49:59+00:00,2019-11-01 00:50:46+00:00,Browsers
566286342,1,1,1,0,0,0.0,2019-11-01 00:49:59+00:00,2019-11-01 00:49:59+00:00,Browsers
566286344,1,2,2,0,0,0.0,2019-11-01 00:50:00+00:00,2019-11-01 00:50:57+00:00,Browsers
566286375,1,6,6,0,0,0.0,2019-11-01 00:51:12+00:00,2019-11-01 00:56:29+00:00,Browsers
566286383,1,1,1,0,0,0.0,2019-11-01 00:50:34+00:00,2019-11-01 00:50:34+00:00,Browsers
566286415,1,11,11,0,0,0.0,2019-11-01 00:51:25+00:00,2019-11-01 00:59:33+00:00,Browsers
566286433,1,3,3,0,0,0.0,2019-11-01 00:57:23+00:00,2019-11-01 01:01:11+00:00,Browsers
566286442,1,2,2,0,0,0.0,2019-11-01 00:51:12+00:00,2019-11-01 00:51:29+00:00,Browsers
566286460,1,3,3,0,0,0.0,2019-11-01 00:51:22+00:00,2019-11-01 00:51:35+00:00,Browsers
566286461,1,1,1,0,0,0.0,2019-11-01 00:51:22+00:00,2019-11-01 00:51:22+00:00,Browsers
566286489,1,3,3,0,0,0.0,2019-11-01 00:52:55+00:00,2019-11-01 00:54:45+00:00,Browsers
566286490,4,32,28,4,0,0.0,2019-11-01 00:53:04+00:00,2019-11-01 01:51:04+00:00,Cart abandoners
566286510,1,1,1,0,0,0.0,2019-11-01 00:51:51+00:00,2019-11-01 00:51:51+00:00,Browsers
566286521,1,1,1,0,0,0.0,2019-11-01 00:52:09+00:00,2019-11-01 00:52:09+00:00,Browsers
566286530,1,4,4,0,0,0.0,2019-11-01 00:52:05+00:00,2019-11-01 00:53:05+00:00,Browsers
566286552,1,21,21,0,0,0.0,2019-11-01 00:55:10+00:00,2019-11-01 01:03:56+00:00,Browsers
566286564,2,3,3,0,0,0.0,2019-11-01 00:52:25+00:00,2019-11-01 02:14:24+00:00,Browsers
566286577,1,1,1,0,0,0.0,2019-11-01 00:52:28+00:00,2019-11-01 00:52:28+00:00,Browsers
566286580,1,1,1,0,0,0.0,2019-11-01 00:52:30+00:00,2019-11-01 00:52:30+00:00,Browsers
566286583,1,3,3,0,0,0.0,2019-11-01 00:52:31+00:00,2019-11-01 00:54:33+00:00,Browsers
566286598,1,1,1,0,0,0.0,2019-11-01 00:52:44+00:00,2019-11-01 00:52:44+00:00,Browsers
566286606,1,1,1,0,0,0.0,2019-11-01 00:56:25+00:00,2019-11-01 00:56:25+00:00,Browsers
566286609,1,1,1,0,0,0.0,2019-11-01 00:52:50+00:00,2019-11-01 00:52:50+00:00,Browsers
566286634,2,4,4,0,0,0.0,2019-11-01 00:53:01+00:00,2019-11-01 02:06:27+00:00,Browsers
566286637,2,2,2,0,0,0.0,2019-11-01 00:53:02+00:00,2019-11-01 00:55:57+00:00,Browsers
566286664,1,1,1,0,0,0.0,2019-11-01 00:53:18+00:00,2019-11-01 00:53:18+00:00,Browsers
566286705,1,1,1,0,0,0.0,2019-11-01 00:53:36+00:00,2019-11-01 00:53:36+00:00,Browsers
566286708,1,3,3,0,0,0.0,2019-11-01 00:53:37+00:00,2019-11-01 00:53:59+00:00,Browsers
566286736,1,1,1,0,0,0.0,2019-11-01 00:53:56+00:00,2019-11-01 00:53:56+00:00,Browsers
566286737,1,1,1,0,0,0.0,2019-11-01 00:53:55+00:00,2019-11-01 00:53:55+00:00,Browsers
566286739,1,1,1,0,0,0.0,2019-11-01 00:53:56+00:00,2019-11-01 00:53:56+00:00,Browsers
566286757,1,1,1,0,0,0.0,2019-11-01 00:54:04+00:00,2019-11-01 00:54:04+00:00,Browsers
566286759,1,1,1,0,0,0.0,2019-11-01 00:54:04+00:00,2019-11-01 00:54:04+00:00,Browsers
566286761,1,1,1,0,0,0.0,2019-11-01 00:54:06+00:00,2019-11-01 00:54:06+00:00,Browsers
566286785,1,6,6,0,0,0.0,2019-11-01 00:56:18+00:00,2019-11-01 01:09:01+00:00,Browsers
566286786,1,1,1,0,0,0.0,2019-11-01 00:54:19+00:00,2019-11-01 00:54:19+00:00,Browsers
566286788,1,10,10,0,0,0.0,2019-11-01 00:56:19+00:00,2019-11-01 01:03:18+00:00,Browsers
566286808,1,1,1,0,0,0.0,2019-11-01 00:54:29+00:00,2019-11-01 00:54:29+00:00,Browsers
566286832,2,2,2,0,0,0.0,2019-11-01 00:54:52+00:00,2019-11-01 00:56:39+00:00,Browsers
566286841,1,1,1,0,0,0.0,2019-11-01 00:56:22+00:00,2019-11-01 00:56:22+00:00,Browsers
566286880,1,1,1,0,0,0.0,2019-11-01 00:55:11+00:00,2019-11-01 00:55:11+00:00,Browsers
566286889,1,6,6,0,0,0.0,2019-11-01 00:56:08+00:00,2019-11-01 01:01:51+00:00,Browsers
566286899,1,1,1,0,0,0.0,2019-11-01 00:55:21+00:00,2019-11-01 00:55:21+00:00,Browsers
566286942,1,1,1,0,0,0.0,2019-11-01 00:56:00+00:00,2019-11-01 00:56:00+00:00,Browsers
566286947,2,9,7,1,1,949.47,2019-11-01 00:56:22+00:00,2019-11-01 01:04:27+00:00,High-value users (purchasers)
566286961,1,2,2,0,0,0.0,2019-11-01 00:57:27+00:00,2019-11-01 01:00:06+00:00,Browsers
566286978,1,3,3,0,0,0.0,2019-11-01 00:56:41+00:00,2019-11-01 00:59:02+00:00,Browsers
566286981,2,4,4,0,0,0.0,2019-11-01 00:56:06+00:00,2019-11-01 00:58:07+00:00,Browsers
566287013,2,3,3,0,0,0.0,2019-11-01 00:57:46+00:00,2019-11-01 01:03:09+00:00,Browsers
566287020,1,1,1,0,0,0.0,2019-11-01 01:02:03+00:00,2019-11-01 01:02:03+00:00,Browsers
566287021,2,4,4,0,0,0.0,2019-11-01 00:56:28+00:00,2019-11-01 01:06:05+00:00,Browsers
566287022,1,1,1,0,0,0.0,2019-11-01 01:02:43+00:00,2019-11-01 01:02:43+00:00,Browsers
566287025,1,1,1,0,0,0.0,2019-11-01 00:56:31+00:00,2019-11-01 00:56:31+00:00,Browsers
566287033,1,1,1,0,0,0.0,2019-11-01 00:56:36+00:00,2019-11-01 00:56:36+00:00,Browsers
566287045,1,9,9,0,0,0.0,2019-11-01 00:57:27+00:00,2019-11-01 01:04:27+00:00,Browsers
566287142,1,2,2,0,0,0.0,2019-11-01 01:03:06+00:00,2019-11-01 01:03:28+00:00,Browsers
566287145,1,5,5,0,0,0.0,2019-11-01 00:58:30+00:00,2019-11-01 01:01:51+00:00,Browsers
566287158,1,1,1,0,0,0.0,2019-11-01 00:57:49+00:00,2019-11-01 00:57:49+00:00,Browsers
566287161,1,1,1,0,0,0.0,2019-11-01 00:57:51+00:00,2019-11-01 00:57:51+00:00,Browsers
566287175,1,3,3,0,0,0.0,2019-11-01 00:58:00+00:00,2019-11-01 00:58:24+00:00,Browsers
566287208,3,5,5,0,0,0.0,2019-11-01 00:58:17+00:00,2019-11-01 02:45:42+00:00,Browsers
566287253,1,1,1,0,0,0.0,2019-11-01 00:58:43+00:00,2019-11-01 00:58:43+00:00,Browsers
566287282,1,1,1,0,0,0.0,2019-11-01 00:59:01+00:00,2019-11-01 00:59:01+00:00,Browsers
566287285,1,1,1,0,0,0.0,2019-11-01 00:59:58+00:00,2019-11-01 00:59:58+00:00,Browsers
566287326,1,6,6,0,0,0.0,2019-11-01 00:59:27+00:00,2019-11-01 01:09:33+00:00,Browsers
566287398,1,1,1,0,0,0.0,2019-11-01 01:00:08+00:00,2019-11-01 01:00:08+00:00,Browsers
566287401,1,2,2,0,0,0.0,2019-11-01 01:06:37+00:00,2019-11-01 01:06:53+00:00,Browsers
566287435,1,1,1,0,0,0.0,2019-11-01 01:00:33+00:00,2019-11-01 01:00:33+00:00,Browsers
566287458,1,2,2,0,0,0.0,2019-11-01 01:00:47+00:00,2019-11-01 01:01:02+00:00,Browsers
566287476,1,1,1,0,0,0.0,2019-11-01 01:02:15+00:00,2019-11-01 01:02:15+00:00,Browsers
566287496,1,1,1,0,0,0.0,2019-11-01 01:01:08+00:00,2019-11-01 01:01:08+00:00,Browsers
566287509,1,2,2,0,0,0.0,2019-11-01 01:04:13+00:00,2019-11-01 01:04:55+00:00,Browsers
566287518,1,1,1,0,0,0.0,2019-11-01 01:01:23+00:00,2019-11-01 01:01:23+00:00,Browsers
566287549,1,9,9,0,0,0.0,2019-11-01 01:02:40+00:00,2019-11-01 01:07:39+00:00,Browsers
566287558,1,1,1,0,0,0.0,2019-11-01 01:01:57+00:00,2019-11-01 01:01:57+00:00,Browsers
566287559,1,2,2,0,0,0.0,2019-11-01 01:02:10+00:00,2019-11-01 01:02:46+00:00,Browsers
566287574,1,3,3,0,0,0.0,2019-11-01 01:06:42+00:00,2019-11-01 01:09:46+00:00,Browsers
566287586,1,8,8,0,0,0.0,2019-11-01 01:03:25+00:00,2019-11-01 01:08:18+00:00,Browsers
566287602,1,1,1,0,0,0.0,2019-11-01 01:02:12+00:00,2019-11-01 01:02:12+00:00,Browsers
566287609,1,3,3,0,0,0.0,2019-11-01 01:03:29+00:00,2019-11-01 01:05:11+00:00,Browsers
566287636,1,1,1,0,0,0.0,2019-11-01 01:02:28+00:00,2019-11-01 01:02:28+00:00,Browsers
566287643,1,1,1,0,0,0.0,2019-11-01 01:03:30+00:00,2019-11-01 01:03:30+00:00,Browsers
566287695,1,1,1,0,0,0.0,2019-11-01 01:02:57+00:00,2019-11-01 01:02:57+00:00,Browsers
566287710,1,1,1,0,0,0.0,2019-11-01 01:05:03+00:00,2019-11-01 01:05:03+00:00,Browsers
566287748,1,1,1,0,0,0.0,2019-11-01 01:04:31+00:00,2019-11-01 01:04:31+00:00,Browsers
566287770,1,1,1,0,0,0.0,2019-11-01 01:03:41+00:00,2019-11-01 01:03:41+00:00,Browsers
566287775,1,1,1,0,0,0.0,2019-11-01 01:03:42+00:00,2019-11-01 01:03:42+00:00,Browsers
566287779,1,1,1,0,0,0.0,2019-11-01 01:03:43+00:00,2019-11-01 01:03:43+00:00,Browsers
566287782,1,1,1,0,0,0.0,2019-11-01 01:03:44+00:00,2019-11-01 01:03:44+00:00,Browsers
566287784,1,1,1,0,0,0.0,2019-11-01 01:03:44+00:00,2019-11-01 01:03:44+00:00,Browsers
566287785,1,1,1,0,0,0.0,2019-11-01 01:03:45+00:00,2019-11-01 01:03:45+00:00,Browsers
566287787,1,1,1,0,0,0.0,2019-11-01 01:03:45+00:00,2019-11-01 01:03:45+00:00,Browsers
566287806,1,2,2,0,0,0.0,2019-11-01 01:04:57+00:00,2019-11-01 01:05:31+00:00,Browsers
566287825,1,2,2,0,0,0.0,2019-11-01 01:04:11+00:00,2019-11-01 01:04:58+00:00,Browsers
566287831,1,3,3,0,0,0.0,2019-11-01 01:06:06+00:00,2019-11-01 01:07:33+00:00,Browsers
566287899,1,4,4,0,0,0.0,2019-11-01 01:04:52+00:00,2019-11-01 01:09:20+00:00,Browsers
566287918,1,1,1,0,0,0.0,2019-11-01 01:05:30+00:00,2019-11-01 01:05:30+00:00,Browsers
566287992,1,1,1,0,0,0.0,2019-11-01 01:05:28+00:00,2019-11-01 01:05:28+00:00,Browsers
566288011,1,3,3,0,0,0.0,2019-11-01 01:05:37+00:00,2019-11-01 01:05:55+00:00,Browsers
566288040,1,1,1,0,0,0.0,2019-11-01 01:06:01+00:00,2019-11-01 01:06:01+00:00,Browsers
566288069,1,1,1,0,0,0.0,2019-11-01 01:06:06+00:00,2019-11-01 01:06:06+00:00,Browsers
566288082,1,2,2,0,0,0.0,2019-11-01 01:07:12+00:00,2019-11-01 01:07:44+00:00,Browsers
566288091,1,5,5,0,0,0.0,2019-11-01 01:07:12+00:00,2019-11-01 01:08:50+00:00,Browsers
566288144,1,1,1,0,0,0.0,2019-11-01 01:07:03+00:00,2019-11-01 01:07:03+00:00,Browsers
566288178,1,1,1,0,0,0.0,2019-11-01 01:07:18+00:00,2019-11-01 01:07:18+00:00,Browsers
566288187,1,2,2,0,0,0.0,2019-11-01 01:08:05+00:00,2019-11-01 01:08:38+00:00,Browsers
566288240,1,1,1,0,0,0.0,2019-11-01 01:08:38+00:00,2019-11-01 01:08:38+00:00,Browsers
566288243,1,1,1,0,0,0.0,2019-11-01 01:07:53+00:00,2019-11-01 01:07:53+00:00,Browsers
566288245,1,4,4,0,0,0.0,2019-11-01 01:07:56+00:00,2019-11-01 01:08:59+00:00,Browsers
566288251,1,1,1,0,0,0.0,2019-11-01 01:08:01+00:00,2019-11-01 01:08:01+00:00,Browsers
566288306,2,2,2,0,0,0.0,2019-11-01 01:08:33+00:00,2019-11-01 01:08:45+00:00,Browsers
566289907,1,15,12,0,3,806.02,2019-11-01 01:25:31+00:00,2019-11-01 01:31:50+00:00,High-value users (purchasers)
566289937,1,6,5,0,1,128.42,2019-11-01 01:25:06+00:00,2019-11-01 01:31:35+00:00,High-value users (purchasers)
566289942,1,7,7,0,0,0.0,2019-11-01 01:23:42+00:00,2019-11-01 01:29:50+00:00,Browsers
566289953,1,3,3,0,0,0.0,2019-11-01 01:23:50+00:00,2019-11-01 01:24:29+00:00,Browsers
566290025,2,10,10,0,0,0.0,2019-11-01 01:24:48+00:00,2019-11-01 01:41:54+00:00,Browsers
566290027,1,3,3,0,0,0.0,2019-11-01 01:29:14+00:00,2019-11-01 01:40:17+00:00,Browsers
566290045,1,3,3,0,0,0.0,2019-11-01 01:25:42+00:00,2019-11-01 01:28:55+00:00,Browsers
566290062,1,1,1,0,0,0.0,2019-11-01 01:24:46+00:00,2019-11-01 01:24:46+00:00,Browsers
566290074,1,2,2,0,0,0.0,2019-11-01 01:24:51+00:00,2019-11-01 01:27:55+00:00,Browsers
566290094,1,1,1,0,0,0.0,2019-11-01 01:42:26+00:00,2019-11-01 01:42:26+00:00,Browsers
566290097,1,2,2,0,0,0.0,2019-11-01 01:27:24+00:00,2019-11-01 01:27:45+00:00,Browsers
566290119,2,2,2,0,0,0.0,2019-11-01 01:25:14+00:00,2019-11-01 01:26:18+00:00,Browsers
566290135,1,1,1,0,0,0.0,2019-11-01 01:25:19+00:00,2019-11-01 01:25:19+00:00,Browsers
566290136,1,1,1,0,0,0.0,2019-11-01 01:25:19+00:00,2019-11-01 01:25:19+00:00,Browsers
566290137,1,1,1,0,0,0.0,2019-11-01 01:25:19+00:00,2019-11-01 01:25:19+00:00,Browsers
566290162,1,1,1,0,0,0.0,2019-11-01 01:30:10+00:00,2019-11-01 01:30:10+00:00,Browsers
566290200,1,1,1,0,0,0.0,2019-11-01 01:26:34+00:00,2019-11-01 01:26:34+00:00,Browsers
566290209,1,2,2,0,0,0.0,2019-11-01 01:25:55+00:00,2019-11-01 01:26:06+00:00,Browsers
566290234,1,3,3,0,0,0.0,2019-11-01 01:26:10+00:00,2019-11-01 01:26:23+00:00,Browsers
566290260,1,2,2,0,0,0.0,2019-11-01 01:26:24+00:00,2019-11-01 01:27:52+00:00,Browsers
566290277,1,1,0,1,0,0.0,2019-11-01 01:28:47+00:00,2019-11-01 01:28:47+00:00,Cart abandoners
566290314,1,1,1,0,0,0.0,2019-11-01 01:26:54+00:00,2019-11-01 01:26:54+00:00,Browsers
566290327,1,1,1,0,0,0.0,2019-11-01 01:27:04+00:00,2019-11-01 01:27:04+00:00,Browsers
566290331,1,2,2,0,0,0.0,2019-11-01 01:27:07+00:00,2019-11-01 01:27:50+00:00,Browsers
566290340,1,1,1,0,0,0.0,2019-11-01 01:28:44+00:00,2019-11-01 01:28:44+00:00,Browsers
566290375,1,3,3,0,0,0.0,2019-11-01 01:27:23+00:00,2019-11-01 01:28:07+00:00,Browsers
566290388,1,4,4,0,0,0.0,2019-11-01 01:28:22+00:00,2019-11-01 01:29:29+00:00,Browsers
566290414,1,1,1,0,0,0.0,2019-11-01 01:31:28+00:00,2019-11-01 01:31:28+00:00,Browsers
566290417,1,1,1,0,0,0.0,2019-11-01 01:27:44+00:00,2019-11-01 01:27:44+00:00,Browsers
566290418,1,1,1,0,0,0.0,2019-11-01 01:27:44+00:00,2019-11-01 01:27:44+00:00,Browsers
566290440,1,1,1,0,0,0.0,2019-11-01 01:30:01+00:00,2019-11-01 01:30:01+00:00,Browsers
566290441,1,1,1,0,0,0.0,2019-11-01 01:27:56+00:00,2019-11-01 01:27:56+00:00,Browsers
566290450,1,7,7,0,0,0.0,2019-11-01 01:28:15+00:00,2019-11-01 01:32:43+00:00,Browsers
566290451,1,1,1,0,0,0.0,2019-11-01 01:28:01+00:00,2019-11-01 01:28:01+00:00,Browsers
566290458,1,1,1,0,0,0.0,2019-11-01 01:28:04+00:00,2019-11-01 01:28:04+00:00,Browsers
566290459,1,3,3,0,0,0.0,2019-11-01 01:30:57+00:00,2019-11-01 01:32:08+00:00,Browsers
566290473,1,2,2,0,0,0.0,2019-11-01 01:28:21+00:00,2019-11-01 01:32:59+00:00,Browsers
566290489,1,2,2,0,0,0.0,2019-11-01 01:31:54+00:00,2019-11-01 01:33:18+00:00,Browsers
566290498,1,1,1,0,0,0.0,2019-11-01 01:28:19+00:00,2019-11-01 01:28:19+00:00,Browsers
566290499,1,1,1,0,0,0.0,2019-11-01 01:28:19+00:00,2019-11-01 01:28:19+00:00,Browsers
566290500,1,1,1,0,0,0.0,2019-11-01 01:28:19+00:00,2019-11-01 01:28:19+00:00,Browsers
566290503,1,1,1,0,0,0.0,2019-11-01 01:28:35+00:00,2019-11-01 01:28:35+00:00,Browsers
566290508,1,1,1,0,0,0.0,2019-11-01 01:29:16+00:00,2019-11-01 01:29:16+00:00,Browsers
566290534,3,5,5,0,0,0.0,2019-11-01 01:28:39+00:00,2019-11-01 01:38:18+00:00,Browsers
566290555,2,3,3,0,0,0.0,2019-11-01 01:31:39+00:00,2019-11-01 01:32:40+00:00,Browsers
566290585,1,1,1,0,0,0.0,2019-11-01 01:30:23+00:00,2019-11-01 01:30:23+00:00,Browsers
566290601,1,1,1,0,0,0.0,2019-11-01 01:28:59+00:00,2019-11-01 01:28:59+00:00,Browsers
566290602,1,1,1,0,0,0.0,2019-11-01 01:28:59+00:00,2019-11-01 01:28:59+00:00,Browsers
566290603,1,1,1,0,0,0.0,2019-11-01 01:28:59+00:00,2019-11-01 01:28:59+00:00,Browsers
566290605,1,1,1,0,0,0.0,2019-11-01 01:29:00+00:00,2019-11-01 01:29:00+00:00,Browsers
566290667,1,3,3,0,0,0.0,2019-11-01 01:29:28+00:00,2019-11-01 01:30:05+00:00,Browsers
566290681,1,2,2,0,0,0.0,2019-11-01 01:29:31+00:00,2019-11-01 01:29:55+00:00,Browsers
566290688,1,1,1,0,0,0.0,2019-11-01 01:29:34+00:00,2019-11-01 01:29:34+00:00,Browsers
566290735,1,1,1,0,0,0.0,2019-11-01 01:30:05+00:00,2019-11-01 01:30:05+00:00,Browsers
566290741,1,1,1,0,0,0.0,2019-11-01 01:30:04+00:00,2019-11-01 01:30:04+00:00,Browsers
566290761,1,1,1,0,0,0.0,2019-11-01 01:30:12+00:00,2019-11-01 01:30:12+00:00,Browsers
566290767,1,2,1,0,1,8.49,2019-11-01 01:30:44+00:00,2019-11-01 01:31:45+00:00,High-value users (purchasers)
566290779,1,1,1,0,0,0.0,2019-11-01 01:30:18+00:00,2019-11-01 01:30:18+00:00,Browsers
566290782,1,1,1,0,0,0.0,2019-11-01 01:30:19+00:00,2019-11-01 01:30:19+00:00,Browsers
566290785,1,1,1,0,0,0.0,2019-11-01 01:30:19+00:00,2019-11-01 01:30:19+00:00,Browsers
566290819,1,1,1,0,0,0.0,2019-11-01 01:30:52+00:00,2019-11-01 01:30:52+00:00,Browsers
566290832,1,1,1,0,0,0.0,2019-11-01 01:30:56+00:00,2019-11-01 01:30:56+00:00,Browsers
566290837,1,8,8,0,0,0.0,2019-11-01 01:30:53+00:00,2019-11-01 01:37:41+00:00,Browsers
566290857,1,3,3,0,0,0.0,2019-11-01 01:31:08+00:00,2019-11-01 01:35:51+00:00,Browsers
566290863,1,2,2,0,0,0.0,2019-11-01 01:31:42+00:00,2019-11-01 01:32:59+00:00,Browsers
566290865,1,17,17,0,0,0.0,2019-11-01 01:32:41+00:00,2019-11-01 01:54:49+00:00,Browsers
566290867,1,2,2,0,0,0.0,2019-11-01 01:32:11+00:00,2019-11-01 01:33:50+00:00,Browsers
566290871,2,2,2,0,0,0.0,2019-11-01 01:33:42+00:00,2019-11-01 01:34:15+00:00,Browsers
566290908,1,1,1,0,0,0.0,2019-11-01 01:32:30+00:00,2019-11-01 01:32:30+00:00,Browsers
566290943,1,1,1,0,0,0.0,2019-11-01 01:31:57+00:00,2019-11-01 01:31:57+00:00,Browsers
566290955,1,1,1,0,0,0.0,2019-11-01 01:32:05+00:00,2019-11-01 01:32:05+00:00,Browsers
566290957,1,1,1,0,0,0.0,2019-11-01 01:32:06+00:00,2019-11-01 01:32:06+00:00,Browsers
566290958,1,1,1,0,0,0.0,2019-11-01 01:32:06+00:00,2019-11-01 01:32:06+00:00,Browsers
566290989,1,2,2,0,0,0.0,2019-11-01 01:32:22+00:00,2019-11-01 01:32:26+00:00,Browsers
566291056,1,1,1,0,0,0.0,2019-11-01 01:33:01+00:00,2019-11-01 01:33:01+00:00,Browsers
566291065,1,4,4,0,0,0.0,2019-11-01 01:33:03+00:00,2019-11-01 01:35:41+00:00,Browsers
566291096,1,2,2,0,0,0.0,2019-11-01 01:33:25+00:00,2019-11-01 01:33:35+00:00,Browsers
566291105,1,4,4,0,0,0.0,2019-11-01 01:33:27+00:00,2019-11-01 01:34:10+00:00,Browsers
566291137,1,5,5,0,0,0.0,2019-11-01 01:37:43+00:00,2019-11-01 01:41:44+00:00,Browsers
566291172,2,4,4,0,0,0.0,2019-11-01 01:35:52+00:00,2019-11-01 01:41:38+00:00,Browsers
566291195,1,1,1,0,0,0.0,2019-11-01 01:35:24+00:00,2019-11-01 01:35:24+00:00,Browsers
566291202,1,2,2,0,0,0.0,2019-11-01 01:36:40+00:00,2019-11-01 01:37:10+00:00,Browsers
566291241,1,3,3,0,0,0.0,2019-11-01 01:35:08+00:00,2019-11-01 01:37:06+00:00,Browsers
566291248,1,5,5,0,0,0.0,2019-11-01 01:36:35+00:00,2019-11-01 01:38:16+00:00,Browsers
566291279,1,2,2,0,0,0.0,2019-11-01 01:39:26+00:00,2019-11-01 01:39:58+00:00,Browsers
566291284,1,1,1,0,0,0.0,2019-11-01 01:35:03+00:00,2019-11-01 01:35:03+00:00,Browsers
566291313,2,4,4,0,0,0.0,2019-11-01 01:37:10+00:00,2019-11-01 02:29:17+00:00,Browsers
566291314,1,1,1,0,0,0.0,2019-11-01 01:35:20+00:00,2019-11-01 01:35:20+00:00,Browsers
566291347,1,2,2,0,0,0.0,2019-11-01 01:36:51+00:00,2019-11-01 01:37:46+00:00,Browsers
566291357,1,5,5,0,0,0.0,2019-11-01 01:36:15+00:00,2019-11-01 02:16:52+00:00,Browsers
566291403,1,42,42,0,0,0.0,2019-11-01 01:38:24+00:00,2019-11-01 02:12:27+00:00,Browsers
566291423,1,1,1,0,0,0.0,2019-11-01 01:36:20+00:00,2019-11-01 01:36:20+00:00,Browsers
566291457,2,7,7,0,0,0.0,2019-11-01 01:36:57+00:00,2019-11-01 01:42:47+00:00,Browsers
566291471,1,6,6,0,0,0.0,2019-11-01 01:40:59+00:00,2019-11-01 01:47:12+00:00,Browsers
566291472,1,2,2,0,0,0.0,2019-11-01 01:37:20+00:00,2019-11-01 01:38:02+00:00,Browsers
566291500,1,1,1,0,0,0.0,2019-11-01 01:36:55+00:00,2019-11-01 01:36:55+00:00,Browsers
566291504,1,1,1,0,0,0.0,2019-11-01 01:36:55+00:00,2019-11-01 01:36:55+00:00,Browsers
566291510,1,4,4,0,0,0.0,2019-11-01 01:37:00+00:00,2019-11-01 01:40:49+00:00,Browsers
566291523,1,2,2,0,0,0.0,2019-11-01 01:37:25+00:00,2019-11-01 01:37:57+00:00,Browsers
566291574,1,1,1,0,0,0.0,2019-11-01 01:41:30+00:00,2019-11-01 01:41:30+00:00,Browsers
566291661,1,3,3,0,0,0.0,2019-11-01 01:39:07+00:00,2019-11-01 01:41:44+00:00,Browsers
566291662,1,4,4,0,0,0.0,2019-11-01 01:39:14+00:00,2019-11-01 01:41:18+00:00,Browsers
566291675,1,5,5,0,0,0.0,2019-11-01 01:39:42+00:00,2019-11-01 01:41:13+00:00,Browsers
566291700,1,1,1,0,0,0.0,2019-11-01 01:38:52+00:00,2019-11-01 01:38:52+00:00,Browsers
566291740,1,3,3,0,0,0.0,2019-11-01 01:39:21+00:00,2019-11-01 01:41:13+00:00,Browsers
566291746,1,1,1,0,0,0.0,2019-11-01 01:39:01+00:00,2019-11-01 01:39:01+00:00,Browsers
566291764,1,3,3,0,0,0.0,2019-11-01 01:40:02+00:00,2019-11-01 01:41:14+00:00,Browsers
566291790,1,4,4,0,0,0.0,2019-11-01 01:40:00+00:00,2019-11-01 01:43:18+00:00,Browsers
566291808,1,1,1,0,0,0.0,2019-11-01 01:39:39+00:00,2019-11-01 01:39:39+00:00,Browsers
566291821,1,1,1,0,0,0.0,2019-11-01 01:39:29+00:00,2019-11-01 01:39:29+00:00,Browsers
566291881,1,5,5,0,0,0.0,2019-11-01 01:41:42+00:00,2019-11-01 01:44:55+00:00,Browsers
566291887,1,6,6,0,0,0.0,2019-11-01 01:41:05+00:00,2019-11-01 01:52:50+00:00,Browsers
566291891,1,1,1,0,0,0.0,2019-11-01 01:40:13+00:00,2019-11-01 01:40:13+00:00,Browsers
566291908,2,3,3,0,0,0.0,2019-11-01 01:40:15+00:00,2019-11-01 01:41:17+00:00,Browsers
566291921,1,1,1,0,0,0.0,2019-11-01 01:40:21+00:00,2019-11-01 01:40:21+00:00,Browsers
566291924,4,5,5,0,0,0.0,2019-11-01 01:40:22+00:00,2019-11-01 01:44:20+00:00,Browsers
566291931,2,6,6,0,0,0.0,2019-11-01 01:41:39+00:00,2019-11-01 01:50:54+00:00,Browsers
566291934,1,6,6,0,0,0.0,2019-11-01 01:42:36+00:00,2019-11-01 01:50:12+00:00,Browsers
566291954,1,3,3,0,0,0.0,2019-11-01 01:40:38+00:00,2019-11-01 01:41:04+00:00,Browsers
566291973,1,1,1,0,0,0.0,2019-11-01 01:41:28+00:00,2019-11-01 01:41:28+00:00,Browsers
566292113,1,11,11,0,0,0.0,2019-11-01 01:46:00+00:00,2019-11-01 01:49:10+00:00,Browsers
566292117,1,1,1,0,0,0.0,2019-11-01 01:42:46+00:00,2019-11-01 01:42:46+00:00,Browsers
566292134,1,1,1,0,0,0.0,2019-11-01 01:44:21+00:00,2019-11-01 01:44:21+00:00,Browsers
566292137,1,1,1,0,0,0.0,2019-11-01 01:42:44+00:00,2019-11-01 01:42:44+00:00,Browsers
566292148,1,1,1,0,0,0.0,2019-11-01 01:42:21+00:00,2019-11-01 01:42:21+00:00,Browsers
566292168,1,13,13,0,0,0.0,2019-11-01 01:45:19+00:00,2019-11-01 02:00:49+00:00,Browsers
566292173,1,1,1,0,0,0.0,2019-11-01 01:42:30+00:00,2019-11-01 01:42:30+00:00,Browsers
566292174,1,1,1,0,0,0.0,2019-11-01 01:42:30+00:00,2019-11-01 01:42:30+00:00,Browsers
566292178,1,1,1,0,0,0.0,2019-11-01 01:42:31+00:00,2019-11-01 01:42:31+00:00,Browsers
566292207,2,2,2,0,0,0.0,2019-11-01 01:42:47+00:00,2019-11-01 01:43:17+00:00,Browsers
566292233,2,2,2,0,0,0.0,2019-11-01 01:43:03+00:00,2019-11-01 01:43:16+00:00,Browsers
566292256,1,6,6,0,0,0.0,2019-11-01 01:43:51+00:00,2019-11-01 01:53:50+00:00,Browsers
566292257,1,1,1,0,0,0.0,2019-11-01 01:43:15+00:00,2019-11-01 01:43:15+00:00,Browsers
566292265,1,6,5,0,1,211.92,2019-11-01 01:45:05+00:00,2019-11-01 01:50:17+00:00,High-value users (purchasers)
566292284,1,1,1,0,0,0.0,2019-11-01 01:43:23+00:00,2019-11-01 01:43:23+00:00,Browsers
566292286,1,3,3,0,0,0.0,2019-11-01 01:43:23+00:00,2019-11-01 01:44:01+00:00,Browsers
566292323,1,1,1,0,0,0.0,2019-11-01 01:48:18+00:00,2019-11-01 01:48:18+00:00,Browsers
566292325,1,1,1,0,0,0.0,2019-11-01 01:43:48+00:00,2019-11-01 01:43:48+00:00,Browsers
566292333,1,2,2,0,0,0.0,2019-11-01 01:44:02+00:00,2019-11-01 01:45:07+00:00,Browsers
566292345,1,1,1,0,0,0.0,2019-11-01 01:43:53+00:00,2019-11-01 01:43:53+00:00,Browsers
566292398,1,1,1,0,0,0.0,2019-11-01 01:57:43+00:00,2019-11-01 01:57:43+00:00,Browsers
566292404,2,2,2,0,0,0.0,2019-11-01 01:44:23+00:00,2019-11-01 01:51:51+00:00,Browsers
566292405,1,12,12,0,0,0.0,2019-11-01 01:46:01+00:00,2019-11-01 01:57:25+00:00,Browsers
566292411,1,2,1,0,1,242.63,2019-11-01 01:45:06+00:00,2019-11-01 01:45:32+00:00,High-value users (purchasers)
566292413,1,3,3,0,0,0.0,2019-11-01 01:45:20+00:00,2019-11-01 01:46:34+00:00,Browsers
566292422,1,6,6,0,0,0.0,2019-11-01 01:46:03+00:00,2019-11-01 01:50:02+00:00,Browsers
566292428,1,4,4,0,0,0.0,2019-11-01 01:45:13+00:00,2019-11-01 01:49:54+00:00,Browsers
566292442,1,1,1,0,0,0.0,2019-11-01 01:49:11+00:00,2019-11-01 01:49:11+00:00,Browsers
566292457,1,2,1,0,1,138.71,2019-11-01 01:47:56+00:00,2019-11-01 01:54:15+00:00,High-value users (purchasers)
566292461,1,1,1,0,0,0.0,2019-11-01 01:54:11+00:00,2019-11-01 01:54:11+00:00,Browsers
566292488,1,1,1,0,0,0.0,2019-11-01 01:45:29+00:00,2019-11-01 01:45:29+00:00,Browsers
566292516,1,1,1,0,0,0.0,2019-11-01 01:45:25+00:00,2019-11-01 01:45:25+00:00,Browsers
566292524,1,10,10,0,0,0.0,2019-11-01 01:47:35+00:00,2019-11-01 02:17:37+00:00,Browsers
566292539,1,1,1,0,0,0.0,2019-11-01 01:45:44+00:00,2019-11-01 01:45:44+00:00,Browsers
566292544,1,2,2,0,0,0.0,2019-11-01 01:45:51+00:00,2019-11-01 01:45:57+00:00,Browsers
566292547,1,1,1,0,0,0.0,2019-11-01 01:46:04+00:00,2019-11-01 01:46:04+00:00,Browsers
566292555,1,5,5,0,0,0.0,2019-11-01 01:46:49+00:00,2019-11-01 02:04:18+00:00,Browsers
566292578,1,2,2,0,0,0.0,2019-11-01 01:46:12+00:00,2019-11-01 01:46:36+00:00,Browsers
566292602,1,1,1,0,0,0.0,2019-11-01 01:49:37+00:00,2019-11-01 01:49:37+00:00,Browsers
566292653,1,1,1,0,0,0.0,2019-11-01 01:46:58+00:00,2019-11-01 01:46:58+00:00,Browsers
566292664,1,3,3,0,0,0.0,2019-11-01 01:48:29+00:00,2019-11-01 01:50:15+00:00,Browsers
566292700,1,10,10,0,0,0.0,2019-11-01 01:49:25+00:00,2019-11-01 01:57:29+00:00,Browsers
566292719,1,2,2,0,0,0.0,2019-11-01 01:48:39+00:00,2019-11-01 01:49:46+00:00,Browsers
566292729,1,1,1,0,0,0.0,2019-11-01 01:54:43+00:00,2019-11-01 01:54:43+00:00,Browsers
566292752,1,7,7,0,0,0.0,2019-11-01 01:49:27+00:00,2019-11-01 01:55:34+00:00,Browsers
566292757,1,1,1,0,0,0.0,2019-11-01 01:49:49+00:00,2019-11-01 01:49:49+00:00,Browsers
566292763,1,3,3,0,0,0.0,2019-11-01 01:48:05+00:00,2019-11-01 01:48:57+00:00,Browsers
566292834,1,1,1,0,0,0.0,2019-11-01 01:48:41+00:00,2019-11-01 01:48:41+00:00,Browsers
566292870,1,1,1,0,0,0.0,2019-11-01 01:49:18+00:00,2019-11-01 01:49:18+00:00,Browsers
566292918,1,1,1,0,0,0.0,2019-11-01 01:49:25+00:00,2019-11-01 01:49:25+00:00,Browsers
566292920,1,4,4,0,0,0.0,2019-11-01 01:49:27+00:00,2019-11-01 01:50:16+00:00,Browsers
566292927,1,11,11,0,0,0.0,2019-11-01 01:52:09+00:00,2019-11-01 01:59:57+00:00,Browsers
566292933,1,2,2,0,0,0.0,2019-11-01 01:49:37+00:00,2019-11-01 01:49:57+00:00,Browsers
566292953,1,2,2,0,0,0.0,2019-11-01 01:53:01+00:00,2019-11-01 01:54:21+00:00,Browsers
566292982,1,2,2,0,0,0.0,2019-11-01 01:52:43+00:00,2019-11-01 01:53:17+00:00,Browsers
566292986,1,1,1,0,0,0.0,2019-11-01 01:50:08+00:00,2019-11-01 01:50:08+00:00,Browsers
566292989,1,1,1,0,0,0.0,2019-11-01 01:51:36+00:00,2019-11-01 01:51:36+00:00,Browsers
566292992,1,1,1,0,0,0.0,2019-11-01 01:51:09+00:00,2019-11-01 01:51:09+00:00,Browsers
566293028,1,1,1,0,0,0.0,2019-11-01 01:50:30+00:00,2019-11-01 01:50:30+00:00,Browsers
566293062,1,3,3,0,0,0.0,2019-11-01 01:50:42+00:00,2019-11-01 01:52:13+00:00,Browsers
566293067,1,3,3,0,0,0.0,2019-11-01 01:50:44+00:00,2019-11-01 01:51:17+00:00,Browsers
566293095,1,4,3,0,1,1348.61,2019-11-01 02:23:21+00:00,2019-11-01 02:24:29+00:00,High-value users (purchasers)
566293096,2,5,5,0,0,0.0,2019-11-01 01:50:56+00:00,2019-11-01 01:55:50+00:00,Browsers
566293106,1,4,4,0,0,0.0,2019-11-01 01:51:52+00:00,2019-11-01 01:53:54+00:00,Browsers
566293149,1,1,1,0,0,0.0,2019-11-01 01:59:07+00:00,2019-11-01 01:59:07+00:00,Browsers
566293150,1,1,1,0,0,0.0,2019-11-01 01:51:24+00:00,2019-11-01 01:51:24+00:00,Browsers
566293151,1,8,6,1,1,193.26,2019-11-01 01:56:41+00:00,2019-11-01 02:07:25+00:00,High-value users (purchasers)
566293171,2,2,2,0,0,0.0,2019-11-01 01:51:36+00:00,2019-11-01 01:53:06+00:00,Browsers
566293178,1,1,1,0,0,0.0,2019-11-01 01:57:42+00:00,2019-11-01 01:57:42+00:00,Browsers
566293209,1,2,2,0,0,0.0,2019-11-01 01:53:30+00:00,2019-11-01 01:55:25+00:00,Browsers
566293213,1,7,7,0,0,0.0,2019-11-01 01:53:15+00:00,2019-11-01 02:00:11+00:00,Browsers
566293230,1,3,3,0,0,0.0,2019-11-01 01:55:25+00:00,2019-11-01 01:57:34+00:00,Browsers
566293231,1,2,2,0,0,0.0,2019-11-01 01:52:00+00:00,2019-11-01 01:52:08+00:00,Browsers
566293234,1,1,1,0,0,0.0,2019-11-01 01:52:01+00:00,2019-11-01 01:52:01+00:00,Browsers
566293257,1,1,1,0,0,0.0,2019-11-01 01:52:46+00:00,2019-11-01 01:52:46+00:00,Browsers
566293258,3,4,4,0,0,0.0,2019-11-01 01:52:14+00:00,2019-11-01 01:57:27+00:00,Browsers
566293261,1,1,1,0,0,0.0,2019-11-01 01:52:14+00:00,2019-11-01 01:52:14+00:00,Browsers
566293273,1,2,2,0,0,0.0,2019-11-01 01:52:23+00:00,2019-11-01 01:52:52+00:00,Browsers
566293275,1,4,4,0,0,0.0,2019-11-01 01:53:39+00:00,2019-11-01 01:57:45+00:00,Browsers
566293300,1,1,1,0,0,0.0,2019-11-01 02:09:41+00:00,2019-11-01 02:09:41+00:00,Browsers
566293317,1,2,2,0,0,0.0,2019-11-01 01:52:39+00:00,2019-11-01 01:52:45+00:00,Browsers
566293379,1,1,1,0,0,0.0,2019-11-01 01:55:05+00:00,2019-11-01 01:55:05+00:00,Browsers
566293392,1,5,5,0,0,0.0,2019-11-01 01:54:05+00:00,2019-11-01 02:07:18+00:00,Browsers
566293397,2,4,3,0,1,251.95,2019-11-01 01:53:55+00:00,2019-11-01 01:56:09+00:00,High-value users (purchasers)
566293451,1,3,3,0,0,0.0,2019-11-01 01:53:40+00:00,2019-11-01 01:54:14+00:00,Browsers
566293456,3,4,4,0,0,0.0,2019-11-01 01:53:44+00:00,2019-11-01 02:03:17+00:00,Browsers
566293545,1,2,2,0,0,0.0,2019-11-01 01:55:07+00:00,2019-11-01 01:55:54+00:00,Browsers
566293548,1,1,1,0,0,0.0,2019-11-01 01:54:34+00:00,2019-11-01 01:54:34+00:00,Browsers
566293554,1,2,2,0,0,0.0,2019-11-01 01:58:13+00:00,2019-11-01 01:58:39+00:00,Browsers
566293555,1,2,2,0,0,0.0,2019-11-01 01:55:33+00:00,2019-11-01 01:56:23+00:00,Browsers
566293559,3,5,5,0,0,0.0,2019-11-01 01:54:22+00:00,2019-11-01 01:56:02+00:00,Browsers
566293570,1,1,1,0,0,0.0,2019-11-01 01:54:42+00:00,2019-11-01 01:54:42+00:00,Browsers
566293627,1,2,2,0,0,0.0,2019-11-01 01:55:17+00:00,2019-11-01 01:56:12+00:00,Browsers
566293628,2,2,2,0,0,0.0,2019-11-01 01:54:50+00:00,2019-11-01 01:55:13+00:00,Browsers
566293633,1,1,1,0,0,0.0,2019-11-01 02:01:00+00:00,2019-11-01 02:01:00+00:00,Browsers
566293646,1,3,3,0,0,0.0,2019-11-01 01:54:59+00:00,2019-11-01 01:55:42+00:00,Browsers
566293668,1,1,1,0,0,0.0,2019-11-01 01:55:11+00:00,2019-11-01 01:55:11+00:00,Browsers
566293721,1,1,1,0,0,0.0,2019-11-01 01:55:35+00:00,2019-11-01 01:55:35+00:00,Browsers
566293751,1,2,2,0,0,0.0,2019-11-01 01:56:04+00:00,2019-11-01 01:56:31+00:00,Browsers
566293753,1,3,3,0,0,0.0,2019-11-01 01:55:51+00:00,2019-11-01 01:56:10+00:00,Browsers
566293778,1,2,2,0,0,0.0,2019-11-01 01:56:03+00:00,2019-11-01 01:59:20+00:00,Browsers
566293784,1,2,2,0,0,0.0,2019-11-01 01:56:17+00:00,2019-11-01 01:57:21+00:00,Browsers
566293787,1,3,3,0,0,0.0,2019-11-01 01:56:13+00:00,2019-11-01 01:56:41+00:00,Browsers
566293832,1,4,4,0,0,0.0,2019-11-01 01:59:50+00:00,2019-11-01 02:04:42+00:00,Browsers
566293851,4,14,14,0,0,0.0,2019-11-01 01:57:15+00:00,2019-11-01 02:14:36+00:00,Browsers
566293882,1,2,2,0,0,0.0,2019-11-01 01:57:01+00:00,2019-11-01 01:57:05+00:00,Browsers
566293883,1,2,2,0,0,0.0,2019-11-01 01:59:27+00:00,2019-11-01 02:00:24+00:00,Browsers
566293904,1,18,18,0,0,0.0,2019-11-01 01:58:00+00:00,2019-11-01 02:06:16+00:00,Browsers
566293910,1,1,1,0,0,0.0,2019-11-01 01:58:17+00:00,2019-11-01 01:58:17+00:00,Browsers
566293931,1,11,11,0,0,0.0,2019-11-01 01:57:24+00:00,2019-11-01 01:59:26+00:00,Browsers
566293934,1,11,11,0,0,0.0,2019-11-01 01:57:24+00:00,2019-11-01 02:04:56+00:00,Browsers
566293959,1,2,2,0,0,0.0,2019-11-01 01:58:28+00:00,2019-11-01 01:59:21+00:00,Browsers
566293963,1,10,10,0,0,0.0,2019-11-01 01:58:49+00:00,2019-11-01 02:06:13+00:00,Browsers
566293968,1,1,1,0,0,0.0,2019-11-01 01:57:38+00:00,2019-11-01 01:57:38+00:00,Browsers
566293971,1,1,1,0,0,0.0,2019-11-01 01:57:41+00:00,2019-11-01 01:57:41+00:00,Browsers
566293981,1,2,2,0,0,0.0,2019-11-01 02:00:30+00:00,2019-11-01 02:00:53+00:00,Browsers
566293982,1,2,2,0,0,0.0,2019-11-01 01:57:46+00:00,2019-11-01 01:57:51+00:00,Browsers
566293998,1,13,13,0,0,0.0,2019-11-01 02:00:48+00:00,2019-11-01 02:09:44+00:00,Browsers
566294005,1,1,1,0,0,0.0,2019-11-01 02:02:43+00:00,2019-11-01 02:02:43+00:00,Browsers
566294015,1,1,1,0,0,0.0,2019-11-01 01:58:18+00:00,2019-11-01 01:58:18+00:00,Browsers
566294019,1,1,1,0,0,0.0,2019-11-01 01:58:08+00:00,2019-11-01 01:58:08+00:00,Browsers
566294020,1,3,3,0,0,0.0,2019-11-01 01:58:28+00:00,2019-11-01 02:02:10+00:00,Browsers
566294031,1,1,1,0,0,0.0,2019-11-01 01:58:17+00:00,2019-11-01 01:58:17+00:00,Browsers
566294037,1,7,7,0,0,0.0,2019-11-01 02:05:15+00:00,2019-11-01 02:19:55+00:00,Browsers
566294060,1,1,1,0,0,0.0,2019-11-01 02:02:53+00:00,2019-11-01 02:02:53+00:00,Browsers
566294064,1,2,2,0,0,0.0,2019-11-01 02:00:54+00:00,2019-11-01 02:03:50+00:00,Browsers
566294095,2,6,6,0,0,0.0,2019-11-01 01:58:48+00:00,2019-11-01 02:00:03+00:00,Browsers
566294104,1,1,1,0,0,0.0,2019-11-01 01:59:41+00:00,2019-11-01 01:59:41+00:00,Browsers
566294108,1,4,4,0,0,0.0,2019-11-01 02:01:20+00:00,2019-11-01 02:03:12+00:00,Browsers
566294121,1,6,6,0,0,0.0,2019-11-01 02:00:15+00:00,2019-11-01 02:04:10+00:00,Browsers
566294136,3,3,3,0,0,0.0,2019-11-01 01:59:07+00:00,2019-11-01 02:16:08+00:00,Browsers
566294170,1,1,1,0,0,0.0,2019-11-01 01:59:24+00:00,2019-11-01 01:59:24+00:00,Browsers
566294210,1,2,1,0,1,231.64,2019-11-01 02:01:49+00:00,2019-11-01 02:02:56+00:00,High-value users (purchasers)
566294213,1,3,3,0,0,0.0,2019-11-01 02:01:09+00:00,2019-11-01 02:12:08+00:00,Browsers
566294216,3,4,4,0,0,0.0,2019-11-01 01:59:46+00:00,2019-11-01 02:01:36+00:00,Browsers
566294227,1,1,1,0,0,0.0,2019-11-01 01:59:52+00:00,2019-11-01 01:59:52+00:00,Browsers
566294244,1,5,5,0,0,0.0,2019-11-01 02:00:23+00:00,2019-11-01 02:12:11+00:00,Browsers
566294251,1,1,1,0,0,0.0,2019-11-01 02:00:43+00:00,2019-11-01 02:00:43+00:00,Browsers
566294256,1,11,11,0,0,0.0,2019-11-01 02:02:59+00:00,2019-11-01 02:08:12+00:00,Browsers
566294274,1,1,1,0,0,0.0,2019-11-01 02:03:45+00:00,2019-11-01 02:03:45+00:00,Browsers
566294277,1,1,1,0,0,0.0,2019-11-01 02:00:34+00:00,2019-11-01 02:00:34+00:00,Browsers
566294321,1,1,1,0,0,0.0,2019-11-01 02:01:40+00:00,2019-11-01 02:01:40+00:00,Browsers
566294340,1,1,1,0,0,0.0,2019-11-01 02:00:54+00:00,2019-11-01 02:00:54+00:00,Browsers
566294344,1,2,2,0,0,0.0,2019-11-01 02:01:51+00:00,2019-11-01 02:02:48+00:00,Browsers
566294359,1,1,1,0,0,0.0,2019-11-01 02:01:09+00:00,2019-11-01 02:01:09+00:00,Browsers
566294367,1,4,4,0,0,0.0,2019-11-01 02:01:36+00:00,2019-11-01 02:06:41+00:00,Browsers
566294407,1,1,1,0,0,0.0,2019-11-01 02:01:52+00:00,2019-11-01 02:01:52+00:00,Browsers
566294448,1,1,1,0,0,0.0,2019-11-01 02:04:32+00:00,2019-11-01 02:04:32+00:00,Browsers
566294506,1,3,3,0,0,0.0,2019-11-01 02:02:40+00:00,2019-11-01 02:04:11+00:00,Browsers
566294521,1,3,3,0,0,0.0,2019-11-01 02:04:47+00:00,2019-11-01 02:07:38+00:00,Browsers
566294530,1,3,3,0,0,0.0,2019-11-01 02:02:30+00:00,2019-11-01 02:03:09+00:00,Browsers
566294564,1,3,3,0,0,0.0,2019-11-01 02:04:25+00:00,2019-11-01 02:06:51+00:00,Browsers
566294571,1,7,5,1,1,189.97,2019-11-01 02:03:40+00:00,2019-11-01 02:07:14+00:00,High-value users (purchasers)
566294596,1,1,1,0,0,0.0,2019-11-01 02:03:29+00:00,2019-11-01 02:03:29+00:00,Browsers
566294606,1,7,7,0,0,0.0,2019-11-01 02:04:01+00:00,2019-11-01 02:06:25+00:00,Browsers
566294624,1,1,1,0,0,0.0,2019-11-01 02:04:02+00:00,2019-11-01 02:04:02+00:00,Browsers
566294656,1,1,1,0,0,0.0,2019-11-01 02:03:35+00:00,2019-11-01 02:03:35+00:00,Browsers
566294664,1,1,1,0,0,0.0,2019-11-01 02:03:59+00:00,2019-11-01 02:03:59+00:00,Browsers
566294692,1,8,8,0,0,0.0,2019-11-01 02:04:05+00:00,2019-11-01 02:08:51+00:00,Browsers
566294703,1,2,2,0,0,0.0,2019-11-01 02:08:10+00:00,2019-11-01 02:09:26+00:00,Browsers
566294736,1,1,1,0,0,0.0,2019-11-01 02:08:34+00:00,2019-11-01 02:08:34+00:00,Browsers
566294738,1,1,1,0,0,0.0,2019-11-01 02:05:02+00:00,2019-11-01 02:05:02+00:00,Browsers
566294750,1,2,1,1,0,0.0,2019-11-01 02:04:41+00:00,2019-11-01 02:05:32+00:00,Cart abandoners
566294753,1,1,1,0,0,0.0,2019-11-01 02:04:23+00:00,2019-11-01 02:04:23+00:00,Browsers
566294758,1,1,1,0,0,0.0,2019-11-01 02:05:06+00:00,2019-11-01 02:05:06+00:00,Browsers
566294777,1,1,1,0,0,0.0,2019-11-01 02:04:31+00:00,2019-11-01 02:04:31+00:00,Browsers
566294781,1,3,2,0,1,29.58,2019-11-01 02:04:52+00:00,2019-11-01 02:06:13+00:00,High-value users (purchasers)
566294796,1,2,2,0,0,0.0,2019-11-01 02:04:41+00:00,2019-11-01 02:04:44+00:00,Browsers
566294799,1,15,15,0,0,0.0,2019-11-01 02:07:20+00:00,2019-11-01 02:16:20+00:00,Browsers
566294830,1,1,1,0,0,0.0,2019-11-01 02:05:00+00:00,2019-11-01 02:05:00+00:00,Browsers
566294837,1,2,2,0,0,0.0,2019-11-01 02:06:16+00:00,2019-11-01 02:09:08+00:00,Browsers
566294854,1,4,4,0,0,0.0,2019-11-01 02:07:15+00:00,2019-11-01 02:13:12+00:00,Browsers
566294862,2,7,7,0,0,0.0,2019-11-01 02:06:34+00:00,2019-11-01 02:16:49+00:00,Browsers
566294886,1,4,2,1,1,411.59,2019-11-01 02:06:09+00:00,2019-11-01 02:08:55+00:00,High-value users (purchasers)
566294895,1,3,3,0,0,0.0,2019-11-01 02:05:54+00:00,2019-11-01 02:07:08+00:00,Browsers
566294902,1,1,1,0,0,0.0,2019-11-01 02:07:07+00:00,2019-11-01 02:07:07+00:00,Browsers
566294903,1,1,1,0,0,0.0,2019-11-01 02:05:37+00:00,2019-11-01 02:05:37+00:00,Browsers
566294920,1,22,22,0,0,0.0,2019-11-01 02:11:30+00:00,2019-11-01 02:43:31+00:00,Browsers
566294926,1,1,1,0,0,0.0,2019-11-01 02:05:49+00:00,2019-11-01 02:05:49+00:00,Browsers
566294932,1,3,3,0,0,0.0,2019-11-01 02:05:58+00:00,2019-11-01 02:07:19+00:00,Browsers
566294971,1,2,2,0,0,0.0,2019-11-01 02:06:14+00:00,2019-11-01 02:06:25+00:00,Browsers
566295040,1,6,6,0,0,0.0,2019-11-01 02:07:21+00:00,2019-11-01 02:09:39+00:00,Browsers
566295056,1,3,2,1,0,0.0,2019-11-01 02:07:55+00:00,2019-11-01 02:09:25+00:00,Cart abandoners
566295092,1,1,1,0,0,0.0,2019-11-01 02:07:00+00:00,2019-11-01 02:07:00+00:00,Browsers
566295105,1,3,2,1,0,0.0,2019-11-01 02:10:07+00:00,2019-11-01 02:11:55+00:00,Cart abandoners
566295119,1,2,2,0,0,0.0,2019-11-01 02:07:12+00:00,2019-11-01 02:07:32+00:00,Browsers
566295124,1,4,4,0,0,0.0,2019-11-01 02:08:06+00:00,2019-11-01 02:09:43+00:00,Browsers
566295137,1,1,1,0,0,0.0,2019-11-01 02:09:26+00:00,2019-11-01 02:09:26+00:00,Browsers
566295139,1,10,10,0,0,0.0,2019-11-01 02:07:36+00:00,2019-11-01 02:14:39+00:00,Browsers
566295144,1,2,2,0,0,0.0,2019-11-01 02:07:27+00:00,2019-11-01 02:07:37+00:00,Browsers
566295151,1,1,1,0,0,0.0,2019-11-01 02:09:34+00:00,2019-11-01 02:09:34+00:00,Browsers
566295171,1,1,1,0,0,0.0,2019-11-01 02:07:42+00:00,2019-11-01 02:07:42+00:00,Browsers
566295184,1,1,1,0,0,0.0,2019-11-01 02:07:47+00:00,2019-11-01 02:07:47+00:00,Browsers
566295190,1,1,1,0,0,0.0,2019-11-01 02:08:18+00:00,2019-11-01 02:08:18+00:00,Browsers
566295229,1,13,13,0,0,0.0,2019-11-01 02:08:30+00:00,2019-11-01 02:43:07+00:00,Browsers
566295235,1,1,1,0,0,0.0,2019-11-01 02:08:23+00:00,2019-11-01 02:08:23+00:00,Browsers
566295241,1,41,41,0,0,0.0,2019-11-01 02:09:10+00:00,2019-11-01 02:48:26+00:00,Browsers
566295263,1,2,2,0,0,0.0,2019-11-01 02:09:16+00:00,2019-11-01 02:12:38+00:00,Browsers
566295266,1,2,2,0,0,0.0,2019-11-01 02:08:33+00:00,2019-11-01 02:08:38+00:00,Browsers
566295281,1,1,1,0,0,0.0,2019-11-01 02:09:07+00:00,2019-11-01 02:09:07+00:00,Browsers
566295282,1,3,3,0,0,0.0,2019-11-01 02:10:42+00:00,2019-11-01 02:14:39+00:00,Browsers
566295304,1,2,2,0,0,0.0,2019-11-01 02:08:55+00:00,2019-11-01 02:09:03+00:00,Browsers
566295305,1,1,1,0,0,0.0,2019-11-01 02:08:55+00:00,2019-11-01 02:08:55+00:00,Browsers
566295310,2,10,9,0,1,399.26,2019-11-01 02:14:23+00:00,2019-11-01 02:39:55+00:00,High-value users (purchasers)
566295322,1,17,17,0,0,0.0,2019-11-01 02:11:01+00:00,2019-11-01 02:29:57+00:00,Browsers
566295327,1,4,4,0,0,0.0,2019-11-01 02:16:55+00:00,2019-11-01 02:19:44+00:00,Browsers
566295331,1,2,2,0,0,0.0,2019-11-01 02:09:27+00:00,2019-11-01 02:09:55+00:00,Browsers
566295338,2,4,4,0,0,0.0,2019-11-01 02:15:26+00:00,2019-11-01 02:20:35+00:00,Browsers
566295341,1,1,1,0,0,0.0,2019-11-01 02:09:12+00:00,2019-11-01 02:09:12+00:00,Browsers
566295346,1,11,11,0,0,0.0,2019-11-01 02:10:05+00:00,2019-11-01 02:20:04+00:00,Browsers
566295364,1,1,1,0,0,0.0,2019-11-01 02:09:47+00:00,2019-11-01 02:09:47+00:00,Browsers
566295374,1,5,5,0,0,0.0,2019-11-01 02:10:27+00:00,2019-11-01 02:11:48+00:00,Browsers
566295378,1,15,15,0,0,0.0,2019-11-01 02:11:55+00:00,2019-11-01 02:21:26+00:00,Browsers
566295420,1,26,26,0,0,0.0,2019-11-01 02:10:47+00:00,2019-11-01 02:30:05+00:00,Browsers
566295426,1,1,1,0,0,0.0,2019-11-01 02:09:50+00:00,2019-11-01 02:09:50+00:00,Browsers
566295438,1,3,3,0,0,0.0,2019-11-01 02:11:20+00:00,2019-11-01 02:14:51+00:00,Browsers
566295464,1,1,1,0,0,0.0,2019-11-01 02:10:15+00:00,2019-11-01 02:10:15+00:00,Browsers
566295513,2,4,4,0,0,0.0,2019-11-01 02:10:53+00:00,2019-11-01 02:38:49+00:00,Browsers
566295517,4,4,4,0,0,0.0,2019-11-01 02:10:27+00:00,2019-11-01 02:18:33+00:00,Browsers
566295540,1,7,5,1,1,275.25,2019-11-01 02:11:19+00:00,2019-11-01 02:18:01+00:00,High-value users (purchasers)
566295541,1,2,2,0,0,0.0,2019-11-01 02:10:45+00:00,2019-11-01 02:10:50+00:00,Browsers
566295563,1,1,1,0,0,0.0,2019-11-01 02:13:42+00:00,2019-11-01 02:13:42+00:00,Browsers
566295570,1,3,3,0,0,0.0,2019-11-01 02:11:52+00:00,2019-11-01 02:15:44+00:00,Browsers
566295577,1,3,3,0,0,0.0,2019-11-01 02:11:09+00:00,2019-11-01 02:12:23+00:00,Browsers
566295580,1,1,1,0,0,0.0,2019-11-01 02:12:22+00:00,2019-11-01 02:12:22+00:00,Browsers
566295612,1,1,1,0,0,0.0,2019-11-01 02:11:19+00:00,2019-11-01 02:11:19+00:00,Browsers
566295615,2,9,9,0,0,0.0,2019-11-01 02:13:11+00:00,2019-11-01 02:19:56+00:00,Browsers
566295617,1,2,2,0,0,0.0,2019-11-01 02:11:50+00:00,2019-11-01 02:13:21+00:00,Browsers
566295643,1,1,1,0,0,0.0,2019-11-01 02:11:31+00:00,2019-11-01 02:11:31+00:00,Browsers
566295649,1,5,5,0,0,0.0,2019-11-01 02:12:52+00:00,2019-11-01 02:14:37+00:00,Browsers
566295659,1,1,1,0,0,0.0,2019-11-01 02:13:25+00:00,2019-11-01 02:13:25+00:00,Browsers
566295672,1,1,1,0,0,0.0,2019-11-01 02:11:45+00:00,2019-11-01 02:11:45+00:00,Browsers
566295691,1,1,1,0,0,0.0,2019-11-01 02:12:27+00:00,2019-11-01 02:12:27+00:00,Browsers
566295718,2,3,3,0,0,0.0,2019-11-01 02:16:27+00:00,2019-11-01 02:18:45+00:00,Browsers
566295726,1,3,3,0,0,0.0,2019-11-01 02:17:09+00:00,2019-11-01 02:18:36+00:00,Browsers
566295734,1,6,6,0,0,0.0,2019-11-01 02:15:44+00:00,2019-11-01 02:19:21+00:00,Browsers
566295751,1,2,1,1,0,0.0,2019-11-01 02:13:02+00:00,2019-11-01 02:13:12+00:00,Cart abandoners
566295828,1,1,1,0,0,0.0,2019-11-01 02:13:08+00:00,2019-11-01 02:13:08+00:00,Browsers
566295838,1,3,3,0,0,0.0,2019-11-01 02:13:13+00:00,2019-11-01 02:14:00+00:00,Browsers
566295839,1,1,1,0,0,0.0,2019-11-01 02:14:21+00:00,2019-11-01 02:14:21+00:00,Browsers
566295847,1,1,1,0,0,0.0,2019-11-01 02:13:17+00:00,2019-11-01 02:13:17+00:00,Browsers
566295855,1,7,7,0,0,0.0,2019-11-01 02:22:59+00:00,2019-11-01 02:38:58+00:00,Browsers
566295857,1,9,9,0,0,0.0,2019-11-01 02:14:03+00:00,2019-11-01 02:18:52+00:00,Browsers
566295872,4,15,15,0,0,0.0,2019-11-01 02:16:18+00:00,2019-11-01 02:38:55+00:00,Browsers
566295874,1,4,4,0,0,0.0,2019-11-01 02:17:16+00:00,2019-11-01 02:18:53+00:00,Browsers
566295881,1,1,1,0,0,0.0,2019-11-01 02:13:38+00:00,2019-11-01 02:13:38+00:00,Browsers
566295897,1,2,2,0,0,0.0,2019-11-01 02:13:47+00:00,2019-11-01 02:13:59+00:00,Browsers
566295900,1,1,1,0,0,0.0,2019-11-01 02:13:51+00:00,2019-11-01 02:13:51+00:00,Browsers
566295914,1,4,4,0,0,0.0,2019-11-01 02:13:54+00:00,2019-11-01 02:15:47+00:00,Browsers
566295977,1,2,2,0,0,0.0,2019-11-01 02:14:29+00:00,2019-11-01 02:14:37+00:00,Browsers
566295979,1,2,2,0,0,0.0,2019-11-01 02:14:30+00:00,2019-11-01 02:14:44+00:00,Browsers
566295995,1,6,6,0,0,0.0,2019-11-01 02:16:59+00:00,2019-11-01 02:34:16+00:00,Browsers
566296011,3,7,7,0,0,0.0,2019-11-01 02:14:47+00:00,2019-11-01 02:20:42+00:00,Browsers
566296017,1,1,1,0,0,0.0,2019-11-01 02:14:48+00:00,2019-11-01 02:14:48+00:00,Browsers
566296022,1,1,1,0,0,0.0,2019-11-01 02:14:49+00:00,2019-11-01 02:14:49+00:00,Browsers
566296031,1,6,6,0,0,0.0,2019-11-01 02:14:53+00:00,2019-11-01 02:19:16+00:00,Browsers
566296034,1,1,1,0,0,0.0,2019-11-01 02:16:31+00:00,2019-11-01 02:16:31+00:00,Browsers
566296055,1,3,3,0,0,0.0,2019-11-01 02:18:55+00:00,2019-11-01 02:20:57+00:00,Browsers
566296060,2,8,8,0,0,0.0,2019-11-01 02:15:00+00:00,2019-11-01 02:29:23+00:00,Browsers
566296066,1,5,5,0,0,0.0,2019-11-01 02:23:06+00:00,2019-11-01 02:28:35+00:00,Browsers
566296071,1,1,1,0,0,0.0,2019-11-01 02:15:05+00:00,2019-11-01 02:15:05+00:00,Browsers
566296088,1,1,1,0,0,0.0,2019-11-01 02:45:52+00:00,2019-11-01 02:45:52+00:00,Browsers
566296107,1,1,1,0,0,0.0,2019-11-01 02:17:51+00:00,2019-11-01 02:17:51+00:00,Browsers
566296120,1,4,4,0,0,0.0,2019-11-01 02:15:45+00:00,2019-11-01 02:18:31+00:00,Browsers
566296128,1,1,1,0,0,0.0,2019-11-01 02:16:23+00:00,2019-11-01 02:16:23+00:00,Browsers
566296149,1,3,3,0,0,0.0,2019-11-01 02:17:50+00:00,2019-11-01 02:18:32+00:00,Browsers
566296187,1,1,1,0,0,0.0,2019-11-01 02:16:46+00:00,2019-11-01 02:16:46+00:00,Browsers
566296264,3,5,5,0,0,0.0,2019-11-01 02:16:37+00:00,2019-11-01 02:28:25+00:00,Browsers
566296269,1,1,1,0,0,0.0,2019-11-01 02:17:16+00:00,2019-11-01 02:17:16+00:00,Browsers
566296287,1,1,1,0,0,0.0,2019-11-01 02:19:19+00:00,2019-11-01 02:19:19+00:00,Browsers
566296294,1,1,1,0,0,0.0,2019-11-01 02:17:39+00:00,2019-11-01 02:17:39+00:00,Browsers
566296307,1,1,1,0,0,0.0,2019-11-01 02:16:59+00:00,2019-11-01 02:16:59+00:00,Browsers
566296308,1,1,1,0,0,0.0,2019-11-01 02:16:59+00:00,2019-11-01 02:16:59+00:00,Browsers
566296311,1,1,1,0,0,0.0,2019-11-01 02:16:59+00:00,2019-11-01 02:16:59+00:00,Browsers
566296316,1,2,2,0,0,0.0,2019-11-01 02:18:45+00:00,2019-11-01 02:19:50+00:00,Browsers
566296317,2,10,10,0,0,0.0,2019-11-01 02:17:38+00:00,2019-11-01 02:27:18+00:00,Browsers
566296325,1,5,5,0,0,0.0,2019-11-01 02:18:34+00:00,2019-11-01 02:22:43+00:00,Browsers
566296330,1,6,5,0,1,275.25,2019-11-01 02:18:23+00:00,2019-11-01 02:24:15+00:00,High-value users (purchasers)
566296362,1,1,1,0,0,0.0,2019-11-01 02:18:08+00:00,2019-11-01 02:18:08+00:00,Browsers
566296373,1,1,1,0,0,0.0,2019-11-01 02:17:36+00:00,2019-11-01 02:17:36+00:00,Browsers
566296412,1,4,4,0,0,0.0,2019-11-01 02:18:41+00:00,2019-11-01 02:19:56+00:00,Browsers
566296423,1,2,2,0,0,0.0,2019-11-01 02:20:37+00:00,2019-11-01 02:24:15+00:00,Browsers
566296424,1,1,1,0,0,0.0,2019-11-01 02:19:27+00:00,2019-11-01 02:19:27+00:00,Browsers
566296442,1,1,1,0,0,0.0,2019-11-01 02:19:35+00:00,2019-11-01 02:19:35+00:00,Browsers
566296443,1,1,1,0,0,0.0,2019-11-01 02:18:11+00:00,2019-11-01 02:18:11+00:00,Browsers
566296456,1,2,2,0,0,0.0,2019-11-01 02:18:18+00:00,2019-11-01 02:18:22+00:00,Browsers
566296458,1,1,1,0,0,0.0,2019-11-01 02:18:16+00:00,2019-11-01 02:18:16+00:00,Browsers
566296462,1,3,3,0,0,0.0,2019-11-01 02:18:18+00:00,2019-11-01 02:22:17+00:00,Browsers
566296469,1,1,1,0,0,0.0,2019-11-01 02:19:37+00:00,2019-11-01 02:19:37+00:00,Browsers
566296498,1,2,2,0,0,0.0,2019-11-01 02:19:37+00:00,2019-11-01 02:19:42+00:00,Browsers
566296500,1,2,2,0,0,0.0,2019-11-01 02:19:48+00:00,2019-11-01 02:20:57+00:00,Browsers
566296504,1,3,3,0,0,0.0,2019-11-01 02:18:38+00:00,2019-11-01 02:18:57+00:00,Browsers
566296511,1,1,1,0,0,0.0,2019-11-01 02:18:40+00:00,2019-11-01 02:18:40+00:00,Browsers
566296521,1,2,2,0,0,0.0,2019-11-01 02:18:45+00:00,2019-11-01 02:20:11+00:00,Browsers
566296522,1,8,4,2,2,321.14,2019-11-01 02:20:04+00:00,2019-11-01 02:21:53+00:00,High-value users (purchasers)
566296539,1,1,1,0,0,0.0,2019-11-01 02:19:19+00:00,2019-11-01 02:19:19+00:00,Browsers
566296546,1,1,1,0,0,0.0,2019-11-01 02:19:24+00:00,2019-11-01 02:19:24+00:00,Browsers
566296556,2,7,7,0,0,0.0,2019-11-01 02:19:01+00:00,2019-11-01 02:22:21+00:00,Browsers
566296558,1,3,3,0,0,0.0,2019-11-01 02:19:44+00:00,2019-11-01 02:21:52+00:00,Browsers
566296605,1,1,1,0,0,0.0,2019-11-01 02:20:44+00:00,2019-11-01 02:20:44+00:00,Browsers
566296614,1,1,1,0,0,0.0,2019-11-01 02:20:02+00:00,2019-11-01 02:20:02+00:00,Browsers
566296619,1,2,2,0,0,0.0,2019-11-01 02:19:33+00:00,2019-11-01 02:20:26+00:00,Browsers
566296626,1,1,1,0,0,0.0,2019-11-01 02:20:33+00:00,2019-11-01 02:20:33+00:00,Browsers
566296659,2,6,6,0,0,0.0,2019-11-01 02:19:49+00:00,2019-11-01 02:29:55+00:00,Browsers
566296678,3,4,4,0,0,0.0,2019-11-01 02:19:57+00:00,2019-11-01 02:25:24+00:00,Browsers
566296692,1,2,2,0,0,0.0,2019-11-01 02:20:00+00:00,2019-11-01 02:20:07+00:00,Browsers
566296704,1,1,1,0,0,0.0,2019-11-01 02:20:09+00:00,2019-11-01 02:20:09+00:00,Browsers
566296713,1,5,5,0,0,0.0,2019-11-01 02:20:06+00:00,2019-11-01 02:22:47+00:00,Browsers
566296718,1,6,6,0,0,0.0,2019-11-01 02:22:43+00:00,2019-11-01 02:25:34+00:00,Browsers
566296729,1,5,5,0,0,0.0,2019-11-01 02:22:38+00:00,2019-11-01 02:24:21+00:00,Browsers
566296751,1,1,1,0,0,0.0,2019-11-01 02:21:10+00:00,2019-11-01 02:21:10+00:00,Browsers
566296762,1,2,2,0,0,0.0,2019-11-01 02:23:08+00:00,2019-11-01 02:25:44+00:00,Browsers
566296778,1,1,1,0,0,0.0,2019-11-01 02:27:10+00:00,2019-11-01 02:27:10+00:00,Browsers
566296789,1,1,1,0,0,0.0,2019-11-01 02:20:38+00:00,2019-11-01 02:20:38+00:00,Browsers
566296805,1,2,2,0,0,0.0,2019-11-01 02:22:18+00:00,2019-11-01 02:23:24+00:00,Browsers
566296810,1,5,5,0,0,0.0,2019-11-01 02:21:17+00:00,2019-11-01 02:23:20+00:00,Browsers
566296817,1,1,1,0,0,0.0,2019-11-01 02:21:28+00:00,2019-11-01 02:21:28+00:00,Browsers
566296825,1,1,1,0,0,0.0,2019-11-01 02:21:04+00:00,2019-11-01 02:21:04+00:00,Browsers
566296830,1,1,1,0,0,0.0,2019-11-01 02:21:43+00:00,2019-11-01 02:21:43+00:00,Browsers
566296831,1,3,3,0,0,0.0,2019-11-01 02:20:58+00:00,2019-11-01 02:21:32+00:00,Browsers
566296833,1,1,1,0,0,0.0,2019-11-01 02:21:00+00:00,2019-11-01 02:21:00+00:00,Browsers
566296846,2,2,2,0,0,0.0,2019-11-01 02:21:02+00:00,2019-11-01 02:21:30+00:00,Browsers
566296902,1,1,1,0,0,0.0,2019-11-01 02:21:35+00:00,2019-11-01 02:21:35+00:00,Browsers
566296922,1,6,6,0,0,0.0,2019-11-01 02:21:43+00:00,2019-11-01 02:26:09+00:00,Browsers
566296935,1,1,1,0,0,0.0,2019-11-01 02:22:43+00:00,2019-11-01 02:22:43+00:00,Browsers
566296966,1,5,5,0,0,0.0,2019-11-01 02:22:51+00:00,2019-11-01 02:31:11+00:00,Browsers
566297016,1,1,1,0,0,0.0,2019-11-01 02:22:26+00:00,2019-11-01 02:22:26+00:00,Browsers
566297076,1,3,3,0,0,0.0,2019-11-01 02:23:07+00:00,2019-11-01 02:46:10+00:00,Browsers
566297081,1,2,2,0,0,0.0,2019-11-01 02:33:07+00:00,2019-11-01 02:33:31+00:00,Browsers
566297083,2,3,3,0,0,0.0,2019-11-01 02:24:23+00:00,2019-11-01 02:44:03+00:00,Browsers
566297085,1,1,1,0,0,0.0,2019-11-01 02:22:59+00:00,2019-11-01 02:22:59+00:00,Browsers
566297097,1,1,1,0,0,0.0,2019-11-01 02:23:51+00:00,2019-11-01 02:23:51+00:00,Browsers
566297102,1,1,1,0,0,0.0,2019-11-01 02:23:06+00:00,2019-11-01 02:23:06+00:00,Browsers
566297153,1,1,1,0,0,0.0,2019-11-01 02:24:27+00:00,2019-11-01 02:24:27+00:00,Browsers
566297155,1,1,1,0,0,0.0,2019-11-01 02:23:28+00:00,2019-11-01 02:23:28+00:00,Browsers
566297166,1,1,1,0,0,0.0,2019-11-01 02:23:33+00:00,2019-11-01 02:23:33+00:00,Browsers
566297195,2,8,8,0,0,0.0,2019-11-01 02:26:21+00:00,2019-11-01 02:41:34+00:00,Browsers
566297215,1,1,1,0,0,0.0,2019-11-01 02:24:02+00:00,2019-11-01 02:24:02+00:00,Browsers
566297237,1,4,4,0,0,0.0,2019-11-01 02:24:06+00:00,2019-11-01 02:26:14+00:00,Browsers
566297267,1,2,2,0,0,0.0,2019-11-01 02:24:40+00:00,2019-11-01 02:27:58+00:00,Browsers
566297272,1,3,3,0,0,0.0,2019-11-01 02:24:22+00:00,2019-11-01 02:25:37+00:00,Browsers
566297274,1,2,2,0,0,0.0,2019-11-01 02:24:41+00:00,2019-11-01 02:26:21+00:00,Browsers
566297280,1,1,1,0,0,0.0,2019-11-01 02:24:59+00:00,2019-11-01 02:24:59+00:00,Browsers
566297282,1,3,3,0,0,0.0,2019-11-01 02:25:49+00:00,2019-11-01 02:27:32+00:00,Browsers
566297287,1,1,1,0,0,0.0,2019-11-01 02:24:51+00:00,2019-11-01 02:24:51+00:00,Browsers
566297293,1,1,1,0,0,0.0,2019-11-01 02:24:35+00:00,2019-11-01 02:24:35+00:00,Browsers
566297298,2,2,2,0,0,0.0,2019-11-01 02:24:36+00:00,2019-11-01 02:24:39+00:00,Browsers
566297299,1,1,1,0,0,0.0,2019-11-01 02:24:36+00:00,2019-11-01 02:24:36+00:00,Browsers
566297320,1,1,1,0,0,0.0,2019-11-01 02:24:43+00:00,2019-11-01 02:24:43+00:00,Browsers
566297325,3,8,8,0,0,0.0,2019-11-01 02:24:48+00:00,2019-11-01 02:39:27+00:00,Browsers
566297352,1,1,1,0,0,0.0,2019-11-01 02:25:02+00:00,2019-11-01 02:25:02+00:00,Browsers
566297360,1,1,1,0,0,0.0,2019-11-01 02:25:07+00:00,2019-11-01 02:25:07+00:00,Browsers
566297380,1,1,1,0,0,0.0,2019-11-01 02:25:13+00:00,2019-11-01 02:25:13+00:00,Browsers
566297393,1,1,1,0,0,0.0,2019-11-01 02:25:30+00:00,2019-11-01 02:25:30+00:00,Browsers
566297398,1,1,1,0,0,0.0,2019-11-01 02:25:24+00:00,2019-11-01 02:25:24+00:00,Browsers
566297414,1,3,3,0,0,0.0,2019-11-01 02:25:31+00:00,2019-11-01 02:25:48+00:00,Browsers
566297432,1,1,1,0,0,0.0,2019-11-01 02:25:39+00:00,2019-11-01 02:25:39+00:00,Browsers
566297440,1,1,1,0,0,0.0,2019-11-01 02:25:48+00:00,2019-11-01 02:25:48+00:00,Browsers
566297442,1,4,4,0,0,0.0,2019-11-01 02:26:45+00:00,2019-11-01 02:33:44+00:00,Browsers
566297457,1,1,1,0,0,0.0,2019-11-01 02:26:51+00:00,2019-11-01 02:26:51+00:00,Browsers
566297469,1,1,1,0,0,0.0,2019-11-01 02:26:05+00:00,2019-11-01 02:26:05+00:00,Browsers
566297472,1,2,2,0,0,0.0,2019-11-01 02:26:38+00:00,2019-11-01 02:29:48+00:00,Browsers
566297480,1,13,13,0,0,0.0,2019-11-01 02:31:19+00:00,2019-11-01 02:41:06+00:00,Browsers
566297499,1,1,1,0,0,0.0,2019-11-01 02:26:19+00:00,2019-11-01 02:26:19+00:00,Browsers
566297512,1,1,1,0,0,0.0,2019-11-01 02:28:44+00:00,2019-11-01 02:28:44+00:00,Browsers
566297524,1,2,2,0,0,0.0,2019-11-01 02:27:33+00:00,2019-11-01 02:28:47+00:00,Browsers
566297532,1,2,2,0,0,0.0,2019-11-01 02:26:48+00:00,2019-11-01 02:27:14+00:00,Browsers
566297534,2,3,3,0,0,0.0,2019-11-01 02:27:59+00:00,2019-11-01 02:45:14+00:00,Browsers
566297538,1,1,1,0,0,0.0,2019-11-01 02:27:40+00:00,2019-11-01 02:27:40+00:00,Browsers
566297549,1,1,1,0,0,0.0,2019-11-01 02:29:24+00:00,2019-11-01 02:29:24+00:00,Browsers
566297554,1,1,1,0,0,0.0,2019-11-01 02:29:06+00:00,2019-11-01 02:29:06+00:00,Browsers
566297574,1,1,1,0,0,0.0,2019-11-01 02:26:51+00:00,2019-11-01 02:26:51+00:00,Browsers
566297576,1,7,7,0,0,0.0,2019-11-01 02:28:08+00:00,2019-11-01 02:47:05+00:00,Browsers
566297588,1,1,1,0,0,0.0,2019-11-01 02:27:51+00:00,2019-11-01 02:27:51+00:00,Browsers
566297602,1,1,1,0,0,0.0,2019-11-01 02:27:17+00:00,2019-11-01 02:27:17+00:00,Browsers
566297615,1,1,1,0,0,0.0,2019-11-01 02:28:11+00:00,2019-11-01 02:28:11+00:00,Browsers
566297627,1,4,4,0,0,0.0,2019-11-01 02:28:09+00:00,2019-11-01 02:29:40+00:00,Browsers
566297633,1,3,3,0,0,0.0,2019-11-01 02:27:27+00:00,2019-11-01 02:28:46+00:00,Browsers
566297688,1,1,1,0,0,0.0,2019-11-01 02:29:13+00:00,2019-11-01 02:29:13+00:00,Browsers
566297699,1,3,3,0,0,0.0,2019-11-01 02:27:54+00:00,2019-11-01 02:27:58+00:00,Browsers
566297700,3,4,4,0,0,0.0,2019-11-01 02:27:55+00:00,2019-11-01 02:46:15+00:00,Browsers
566297736,1,3,1,1,1,591.25,2019-11-01 02:29:19+00:00,2019-11-01 02:33:48+00:00,High-value users (purchasers)
566297739,1,6,6,0,0,0.0,2019-11-01 02:28:53+00:00,2019-11-01 02:48:23+00:00,Browsers
566297748,1,3,3,0,0,0.0,2019-11-01 02:28:20+00:00,2019-11-01 02:30:32+00:00,Browsers
566297758,1,5,5,0,0,0.0,2019-11-01 02:28:25+00:00,2019-11-01 02:30:18+00:00,Browsers
566297762,1,4,4,0,0,0.0,2019-11-01 02:28:51+00:00,2019-11-01 02:30:42+00:00,Browsers
566297796,1,1,1,0,0,0.0,2019-11-01 02:31:06+00:00,2019-11-01 02:31:06+00:00,Browsers
566297806,1,4,4,0,0,0.0,2019-11-01 02:29:44+00:00,2019-11-01 02:33:37+00:00,Browsers
566297807,1,1,1,0,0,0.0,2019-11-01 02:29:38+00:00,2019-11-01 02:29:38+00:00,Browsers
566297812,1,2,2,0,0,0.0,2019-11-01 02:30:53+00:00,2019-11-01 02:46:01+00:00,Browsers
566297817,1,3,3,0,0,0.0,2019-11-01 02:30:24+00:00,2019-11-01 02:45:31+00:00,Browsers
566297830,1,6,6,0,0,0.0,2019-11-01 02:30:21+00:00,2019-11-01 02:36:29+00:00,Browsers
566297842,1,10,10,0,0,0.0,2019-11-01 02:29:19+00:00,2019-11-01 02:43:53+00:00,Browsers
566297850,1,3,3,0,0,0.0,2019-11-01 02:29:05+00:00,2019-11-01 02:29:35+00:00,Browsers
566297854,1,1,1,0,0,0.0,2019-11-01 02:30:54+00:00,2019-11-01 02:30:54+00:00,Browsers
566297861,1,1,1,0,0,0.0,2019-11-01 02:48:12+00:00,2019-11-01 02:48:12+00:00,Browsers
566297872,2,7,7,0,0,0.0,2019-11-01 02:29:17+00:00,2019-11-01 02:36:24+00:00,Browsers
566297881,1,2,2,0,0,0.0,2019-11-01 02:34:04+00:00,2019-11-01 02:35:29+00:00,Browsers
566297885,1,2,2,0,0,0.0,2019-11-01 02:30:03+00:00,2019-11-01 02:30:24+00:00,Browsers
566297892,1,4,4,0,0,0.0,2019-11-01 02:32:32+00:00,2019-11-01 02:44:03+00:00,Browsers
566297896,1,7,5,2,0,0.0,2019-11-01 02:31:42+00:00,2019-11-01 02:36:28+00:00,Cart abandoners
566297911,1,1,1,0,0,0.0,2019-11-01 02:29:33+00:00,2019-11-01 02:29:33+00:00,Browsers
566297916,2,2,2,0,0,0.0,2019-11-01 02:42:31+00:00,2019-11-01 02:43:14+00:00,Browsers
566297935,1,1,1,0,0,0.0,2019-11-01 02:29:42+00:00,2019-11-01 02:29:42+00:00,Browsers
566297938,1,8,8,0,0,0.0,2019-11-01 02:30:38+00:00,2019-11-01 02:35:58+00:00,Browsers
566297975,1,6,6,0,0,0.0,2019-11-01 02:30:14+00:00,2019-11-01 02:37:18+00:00,Browsers
566297979,1,6,6,0,0,0.0,2019-11-01 02:30:19+00:00,2019-11-01 02:32:46+00:00,Browsers
566297990,1,1,1,0,0,0.0,2019-11-01 02:30:02+00:00,2019-11-01 02:30:02+00:00,Browsers
566297991,1,1,1,0,0,0.0,2019-11-01 02:30:03+00:00,2019-11-01 02:30:03+00:00,Browsers
566297993,1,1,1,0,0,0.0,2019-11-01 02:30:03+00:00,2019-11-01 02:30:03+00:00,Browsers
566298018,1,1,1,0,0,0.0,2019-11-01 02:30:18+00:00,2019-11-01 02:30:18+00:00,Browsers
566298023,1,2,1,0,1,189.97,2019-11-01 02:30:38+00:00,2019-11-01 02:34:16+00:00,High-value users (purchasers)
566298025,1,1,1,0,0,0.0,2019-11-01 02:31:20+00:00,2019-11-01 02:31:20+00:00,Browsers
566298026,1,1,1,0,0,0.0,2019-11-01 02:31:14+00:00,2019-11-01 02:31:14+00:00,Browsers
566298027,1,2,2,0,0,0.0,2019-11-01 02:30:21+00:00,2019-11-01 02:31:05+00:00,Browsers
566298028,1,17,17,0,0,0.0,2019-11-01 02:33:02+00:00,2019-11-01 02:45:09+00:00,Browsers
566298031,1,1,1,0,0,0.0,2019-11-01 02:31:31+00:00,2019-11-01 02:31:31+00:00,Browsers
566298038,1,1,1,0,0,0.0,2019-11-01 02:30:38+00:00,2019-11-01 02:30:38+00:00,Browsers
566298053,1,1,1,0,0,0.0,2019-11-01 02:30:30+00:00,2019-11-01 02:30:30+00:00,Browsers
566298065,1,7,7,0,0,0.0,2019-11-01 02:31:43+00:00,2019-11-01 02:48:26+00:00,Browsers
566298070,3,7,7,0,0,0.0,2019-11-01 02:30:36+00:00,2019-11-01 02:36:58+00:00,Browsers
566298082,1,5,5,0,0,0.0,2019-11-01 02:31:19+00:00,2019-11-01 02:37:31+00:00,Browsers
566298086,1,6,6,0,0,0.0,2019-11-01 02:31:38+00:00,2019-11-01 02:40:58+00:00,Browsers
566298111,1,1,1,0,0,0.0,2019-11-01 02:31:06+00:00,2019-11-01 02:31:06+00:00,Browsers
566298148,1,1,1,0,0,0.0,2019-11-01 02:31:15+00:00,2019-11-01 02:31:15+00:00,Browsers
566298150,1,1,1,0,0,0.0,2019-11-01 02:31:15+00:00,2019-11-01 02:31:15+00:00,Browsers
566298152,1,1,1,0,0,0.0,2019-11-01 02:31:16+00:00,2019-11-01 02:31:16+00:00,Browsers
566298153,1,1,1,0,0,0.0,2019-11-01 02:31:16+00:00,2019-11-01 02:31:16+00:00,Browsers
566298157,1,1,1,0,0,0.0,2019-11-01 02:31:17+00:00,2019-11-01 02:31:17+00:00,Browsers
566298158,1,1,1,0,0,0.0,2019-11-01 02:31:16+00:00,2019-11-01 02:31:16+00:00,Browsers
566298170,1,1,1,0,0,0.0,2019-11-01 02:31:22+00:00,2019-11-01 02:31:22+00:00,Browsers
566298181,1,1,1,0,0,0.0,2019-11-01 02:31:42+00:00,2019-11-01 02:31:42+00:00,Browsers
566298185,1,1,1,0,0,0.0,2019-11-01 02:31:30+00:00,2019-11-01 02:31:30+00:00,Browsers
566298186,1,1,1,0,0,0.0,2019-11-01 02:32:23+00:00,2019-11-01 02:32:23+00:00,Browsers
566298195,1,1,1,0,0,0.0,2019-11-01 02:32:06+00:00,2019-11-01 02:32:06+00:00,Browsers
566298201,1,5,3,1,1,195.06,2019-11-01 02:32:48+00:00,2019-11-01 02:37:12+00:00,High-value users (purchasers)
566298207,1,3,3,0,0,0.0,2019-11-01 02:40:01+00:00,2019-11-01 02:41:15+00:00,Browsers
566298230,1,1,1,0,0,0.0,2019-11-01 02:39:14+00:00,2019-11-01 02:39:14+00:00,Browsers
566298235,1,4,4,0,0,0.0,2019-11-01 02:34:05+00:00,2019-11-01 02:34:55+00:00,Browsers
566298243,2,2,2,0,0,0.0,2019-11-01 02:31:55+00:00,2019-11-01 02:32:01+00:00,Browsers
566298254,1,1,1,0,0,0.0,2019-11-01 02:32:00+00:00,2019-11-01 02:32:00+00:00,Browsers
566298262,1,4,4,0,0,0.0,2019-11-01 02:33:22+00:00,2019-11-01 02:36:10+00:00,Browsers
566298276,1,9,9,0,0,0.0,2019-11-01 02:33:18+00:00,2019-11-01 02:37:37+00:00,Browsers
566298290,1,1,1,0,0,0.0,2019-11-01 02:32:23+00:00,2019-11-01 02:32:23+00:00,Browsers
566298322,1,1,1,0,0,0.0,2019-11-01 02:32:48+00:00,2019-11-01 02:32:48+00:00,Browsers
566298326,3,3,3,0,0,0.0,2019-11-01 02:32:39+00:00,2019-11-01 02:32:56+00:00,Browsers
566298327,1,1,1,0,0,0.0,2019-11-01 02:32:39+00:00,2019-11-01 02:32:39+00:00,Browsers
566298337,1,1,1,0,0,0.0,2019-11-01 02:32:52+00:00,2019-11-01 02:32:52+00:00,Browsers
566298340,1,1,1,0,0,0.0,2019-11-01 02:34:03+00:00,2019-11-01 02:34:03+00:00,Browsers
566298342,1,8,8,0,0,0.0,2019-11-01 02:34:36+00:00,2019-11-01 02:48:14+00:00,Browsers
566298368,1,1,1,0,0,0.0,2019-11-01 02:32:59+00:00,2019-11-01 02:32:59+00:00,Browsers
566298371,1,1,1,0,0,0.0,2019-11-01 02:32:59+00:00,2019-11-01 02:32:59+00:00,Browsers
566298372,1,1,1,0,0,0.0,2019-11-01 02:33:00+00:00,2019-11-01 02:33:00+00:00,Browsers
566298379,2,4,4,0,0,0.0,2019-11-01 02:34:26+00:00,2019-11-01 02:39:01+00:00,Browsers
566298386,1,3,3,0,0,0.0,2019-11-01 02:33:17+00:00,2019-11-01 02:33:56+00:00,Browsers
566298404,1,3,3,0,0,0.0,2019-11-01 02:34:24+00:00,2019-11-01 02:36:21+00:00,Browsers
566298410,1,6,6,0,0,0.0,2019-11-01 02:33:16+00:00,2019-11-01 02:35:17+00:00,Browsers
566298411,1,2,2,0,0,0.0,2019-11-01 02:35:09+00:00,2019-11-01 02:35:41+00:00,Browsers
566298421,1,1,1,0,0,0.0,2019-11-01 02:33:20+00:00,2019-11-01 02:33:20+00:00,Browsers
566298431,1,1,1,0,0,0.0,2019-11-01 02:33:25+00:00,2019-11-01 02:33:25+00:00,Browsers
566298433,1,1,1,0,0,0.0,2019-11-01 02:33:25+00:00,2019-11-01 02:33:25+00:00,Browsers
566298434,1,1,1,0,0,0.0,2019-11-01 02:33:26+00:00,2019-11-01 02:33:26+00:00,Browsers
566298446,1,8,8,0,0,0.0,2019-11-01 02:34:09+00:00,2019-11-01 02:37:23+00:00,Browsers
566298447,1,1,1,0,0,0.0,2019-11-01 02:34:02+00:00,2019-11-01 02:34:02+00:00,Browsers
566298453,1,1,1,0,0,0.0,2019-11-01 02:35:22+00:00,2019-11-01 02:35:22+00:00,Browsers
566298470,1,1,1,0,0,0.0,2019-11-01 02:34:38+00:00,2019-11-01 02:34:38+00:00,Browsers
566298493,1,2,2,0,0,0.0,2019-11-01 02:42:39+00:00,2019-11-01 02:44:12+00:00,Browsers
566298496,1,1,1,0,0,0.0,2019-11-01 02:34:11+00:00,2019-11-01 02:34:11+00:00,Browsers
566298498,1,8,8,0,0,0.0,2019-11-01 02:36:27+00:00,2019-11-01 02:44:53+00:00,Browsers
566298502,1,5,3,1,1,29.58,2019-11-01 02:34:19+00:00,2019-11-01 02:37:11+00:00,High-value users (purchasers)
566298505,1,5,5,0,0,0.0,2019-11-01 02:34:47+00:00,2019-11-01 02:37:28+00:00,Browsers
566298511,1,1,1,0,0,0.0,2019-11-01 02:33:58+00:00,2019-11-01 02:33:58+00:00,Browsers
566298513,1,1,1,0,0,0.0,2019-11-01 02:33:58+00:00,2019-11-01 02:33:58+00:00,Browsers
566298518,1,19,19,0,0,0.0,2019-11-01 02:35:06+00:00,2019-11-01 02:47:40+00:00,Browsers
566298552,4,16,15,0,1,11.56,2019-11-01 02:35:12+00:00,2019-11-01 02:47:59+00:00,High-value users (purchasers)
566298575,1,1,1,0,0,0.0,2019-11-01 02:37:05+00:00,2019-11-01 02:37:05+00:00,Browsers
566298582,1,1,1,0,0,0.0,2019-11-01 02:37:25+00:00,2019-11-01 02:37:25+00:00,Browsers
566298584,1,1,1,0,0,0.0,2019-11-01 02:35:27+00:00,2019-11-01 02:35:27+00:00,Browsers
566298600,1,1,1,0,0,0.0,2019-11-01 02:34:36+00:00,2019-11-01 02:34:36+00:00,Browsers
566298608,1,1,1,0,0,0.0,2019-11-01 02:36:25+00:00,2019-11-01 02:36:25+00:00,Browsers
566298635,1,1,1,0,0,0.0,2019-11-01 02:39:33+00:00,2019-11-01 02:39:33+00:00,Browsers
566298685,1,1,1,0,0,0.0,2019-11-01 02:36:27+00:00,2019-11-01 02:36:27+00:00,Browsers
566298705,1,1,1,0,0,0.0,2019-11-01 02:36:05+00:00,2019-11-01 02:36:05+00:00,Browsers
566298711,1,1,1,0,0,0.0,2019-11-01 02:37:36+00:00,2019-11-01 02:37:36+00:00,Browsers
566298713,1,1,1,0,0,0.0,2019-11-01 02:37:24+00:00,2019-11-01 02:37:24+00:00,Browsers
566298718,1,1,1,0,0,0.0,2019-11-01 02:35:34+00:00,2019-11-01 02:35:34+00:00,Browsers
566298722,1,1,1,0,0,0.0,2019-11-01 02:35:36+00:00,2019-11-01 02:35:36+00:00,Browsers
566298726,3,5,4,0,1,218.77,2019-11-01 02:36:38+00:00,2019-11-01 02:46:15+00:00,High-value users (purchasers)
566298731,1,1,1,0,0,0.0,2019-11-01 02:35:42+00:00,2019-11-01 02:35:42+00:00,Browsers
566298740,3,5,5,0,0,0.0,2019-11-01 02:37:34+00:00,2019-11-01 02:47:27+00:00,Browsers
566298743,1,6,6,0,0,0.0,2019-11-01 02:36:58+00:00,2019-11-01 02:47:39+00:00,Browsers
566298757,1,10,10,0,0,0.0,2019-11-01 02:36:49+00:00,2019-11-01 02:48:22+00:00,Browsers
566298770,1,2,2,0,0,0.0,2019-11-01 02:36:59+00:00,2019-11-01 02:37:55+00:00,Browsers
566298788,3,4,4,0,0,0.0,2019-11-01 02:39:37+00:00,2019-11-01 02:41:58+00:00,Browsers
566298793,1,3,3,0,0,0.0,2019-11-01 02:37:06+00:00,2019-11-01 02:38:36+00:00,Browsers
566298794,1,1,1,0,0,0.0,2019-11-01 02:40:51+00:00,2019-11-01 02:40:51+00:00,Browsers
566298797,1,4,4,0,0,0.0,2019-11-01 02:37:08+00:00,2019-11-01 02:38:48+00:00,Browsers
566298806,1,1,1,0,0,0.0,2019-11-01 02:36:19+00:00,2019-11-01 02:36:19+00:00,Browsers
566298808,1,3,3,0,0,0.0,2019-11-01 02:36:20+00:00,2019-11-01 02:36:48+00:00,Browsers
566298811,2,12,12,0,0,0.0,2019-11-01 02:37:36+00:00,2019-11-01 02:47:52+00:00,Browsers
566298816,2,2,2,0,0,0.0,2019-11-01 02:37:19+00:00,2019-11-01 02:38:15+00:00,Browsers
566298817,1,1,1,0,0,0.0,2019-11-01 02:37:48+00:00,2019-11-01 02:37:48+00:00,Browsers
566298827,1,2,2,0,0,0.0,2019-11-01 02:36:27+00:00,2019-11-01 02:36:32+00:00,Browsers
566298842,1,1,1,0,0,0.0,2019-11-01 02:37:19+00:00,2019-11-01 02:37:19+00:00,Browsers
566298870,1,13,13,0,0,0.0,2019-11-01 02:37:09+00:00,2019-11-01 02:48:22+00:00,Browsers
566298883,1,1,1,0,0,0.0,2019-11-01 02:39:19+00:00,2019-11-01 02:39:19+00:00,Browsers
566298917,1,1,1,0,0,0.0,2019-11-01 02:37:01+00:00,2019-11-01 02:37:01+00:00,Browsers
566298924,1,7,7,0,0,0.0,2019-11-01 02:38:02+00:00,2019-11-01 02:46:20+00:00,Browsers
566298927,1,3,3,0,0,0.0,2019-11-01 02:39:34+00:00,2019-11-01 02:41:01+00:00,Browsers
566298957,1,2,2,0,0,0.0,2019-11-01 02:37:46+00:00,2019-11-01 02:38:19+00:00,Browsers
566298967,1,2,2,0,0,0.0,2019-11-01 02:40:43+00:00,2019-11-01 02:44:14+00:00,Browsers
566298993,1,10,10,0,0,0.0,2019-11-01 02:37:45+00:00,2019-11-01 02:41:15+00:00,Browsers
566298995,1,3,3,0,0,0.0,2019-11-01 02:37:35+00:00,2019-11-01 02:38:04+00:00,Browsers
566299009,1,9,9,0,0,0.0,2019-11-01 02:39:32+00:00,2019-11-01 02:48:05+00:00,Browsers
566299020,2,2,2,0,0,0.0,2019-11-01 02:37:48+00:00,2019-11-01 02:41:57+00:00,Browsers
566299023,1,2,2,0,0,0.0,2019-11-01 02:37:49+00:00,2019-11-01 02:40:59+00:00,Browsers
566299051,1,1,1,0,0,0.0,2019-11-01 02:38:00+00:00,2019-11-01 02:38:00+00:00,Browsers
566299053,1,1,1,0,0,0.0,2019-11-01 02:38:00+00:00,2019-11-01 02:38:00+00:00,Browsers
566299056,1,6,6,0,0,0.0,2019-11-01 02:38:22+00:00,2019-11-01 02:48:09+00:00,Browsers
566299061,1,1,1,0,0,0.0,2019-11-01 02:38:16+00:00,2019-11-01 02:38:16+00:00,Browsers
566299070,1,2,2,0,0,0.0,2019-11-01 02:38:36+00:00,2019-11-01 02:39:12+00:00,Browsers
566299083,1,2,2,0,0,0.0,2019-11-01 02:41:19+00:00,2019-11-01 02:43:21+00:00,Browsers
566299091,1,1,1,0,0,0.0,2019-11-01 02:42:18+00:00,2019-11-01 02:42:18+00:00,Browsers
566299111,1,1,1,0,0,0.0,2019-11-01 02:41:04+00:00,2019-11-01 02:41:04+00:00,Browsers
566299121,1,2,2,0,0,0.0,2019-11-01 02:39:18+00:00,2019-11-01 02:42:25+00:00,Browsers
566299123,1,2,2,0,0,0.0,2019-11-01 02:39:58+00:00,2019-11-01 02:40:42+00:00,Browsers
566299124,1,1,1,0,0,0.0,2019-11-01 02:38:25+00:00,2019-11-01 02:38:25+00:00,Browsers
566299129,1,1,1,0,0,0.0,2019-11-01 02:38:26+00:00,2019-11-01 02:38:26+00:00,Browsers
566299160,1,1,1,0,0,0.0,2019-11-01 02:38:53+00:00,2019-11-01 02:38:53+00:00,Browsers
566299203,1,1,1,0,0,0.0,2019-11-01 02:39:33+00:00,2019-11-01 02:39:33+00:00,Browsers
566299206,1,1,1,0,0,0.0,2019-11-01 02:39:48+00:00,2019-11-01 02:39:48+00:00,Browsers
566299209,1,1,1,0,0,0.0,2019-11-01 02:39:03+00:00,2019-11-01 02:39:03+00:00,Browsers
566299210,1,1,1,0,0,0.0,2019-11-01 02:39:39+00:00,2019-11-01 02:39:39+00:00,Browsers
566299231,1,6,6,0,0,0.0,2019-11-01 02:39:52+00:00,2019-11-01 02:47:31+00:00,Browsers
566299234,1,1,1,0,0,0.0,2019-11-01 02:39:13+00:00,2019-11-01 02:39:13+00:00,Browsers
566299235,1,1,1,0,0,0.0,2019-11-01 02:39:13+00:00,2019-11-01 02:39:13+00:00,Browsers
566299236,1,2,2,0,0,0.0,2019-11-01 02:39:17+00:00,2019-11-01 02:39:27+00:00,Browsers
566299247,1,1,1,0,0,0.0,2019-11-01 02:39:19+00:00,2019-11-01 02:39:19+00:00,Browsers
566299252,1,8,8,0,0,0.0,2019-11-01 02:40:29+00:00,2019-11-01 02:47:13+00:00,Browsers
566299254,1,2,2,0,0,0.0,2019-11-01 02:42:32+00:00,2019-11-01 02:43:40+00:00,Browsers
566299270,1,1,1,0,0,0.0,2019-11-01 02:39:56+00:00,2019-11-01 02:39:56+00:00,Browsers
566299275,1,4,4,0,0,0.0,2019-11-01 02:39:39+00:00,2019-11-01 02:40:36+00:00,Browsers
566299282,1,9,9,0,0,0.0,2019-11-01 02:41:31+00:00,2019-11-01 02:47:49+00:00,Browsers
566299300,1,1,1,0,0,0.0,2019-11-01 02:40:15+00:00,2019-11-01 02:40:15+00:00,Browsers
566299305,1,1,1,0,0,0.0,2019-11-01 02:41:07+00:00,2019-11-01 02:41:07+00:00,Browsers
566299319,1,2,2,0,0,0.0,2019-11-01 02:40:08+00:00,2019-11-01 02:40:16+00:00,Browsers
566299341,1,1,1,0,0,0.0,2019-11-01 02:41:10+00:00,2019-11-01 02:41:10+00:00,Browsers
566299343,1,2,2,0,0,0.0,2019-11-01 02:40:22+00:00,2019-11-01 02:41:30+00:00,Browsers
566299344,1,3,3,0,0,0.0,2019-11-01 02:41:03+00:00,2019-11-01 02:43:40+00:00,Browsers
566299351,1,3,3,0,0,0.0,2019-11-01 02:40:25+00:00,2019-11-01 02:40:39+00:00,Browsers
566299359,1,2,2,0,0,0.0,2019-11-01 02:47:20+00:00,2019-11-01 02:48:22+00:00,Browsers
566299403,1,2,2,0,0,0.0,2019-11-01 02:45:00+00:00,2019-11-01 02:45:29+00:00,Browsers
566299405,1,1,1,0,0,0.0,2019-11-01 02:41:01+00:00,2019-11-01 02:41:01+00:00,Browsers
566299423,1,1,1,0,0,0.0,2019-11-01 02:42:15+00:00,2019-11-01 02:42:15+00:00,Browsers
566299426,1,1,1,0,0,0.0,2019-11-01 02:47:18+00:00,2019-11-01 02:47:18+00:00,Browsers
566299439,1,1,1,0,0,0.0,2019-11-01 02:41:21+00:00,2019-11-01 02:41:21+00:00,Browsers
566299441,1,2,2,0,0,0.0,2019-11-01 02:41:20+00:00,2019-11-01 02:41:25+00:00,Browsers
566299457,1,1,1,0,0,0.0,2019-11-01 02:42:16+00:00,2019-11-01 02:42:16+00:00,Browsers
566299462,1,1,1,0,0,0.0,2019-11-01 02:42:56+00:00,2019-11-01 02:42:56+00:00,Browsers
566299473,1,2,2,0,0,0.0,2019-11-01 02:43:11+00:00,2019-11-01 02:47:33+00:00,Browsers
566299482,1,2,2,0,0,0.0,2019-11-01 02:42:12+00:00,2019-11-01 02:43:36+00:00,Browsers
566299509,2,3,3,0,0,0.0,2019-11-01 02:44:02+00:00,2019-11-01 02:47:24+00:00,Browsers
566299522,1,3,3,0,0,0.0,2019-11-01 02:41:55+00:00,2019-11-01 02:42:20+00:00,Browsers
566299524,1,3,3,0,0,0.0,2019-11-01 02:41:55+00:00,2019-11-01 02:42:26+00:00,Browsers
566299529,1,3,3,0,0,0.0,2019-11-01 02:43:23+00:00,2019-11-01 02:47:01+00:00,Browsers
566299535,1,1,1,0,0,0.0,2019-11-01 02:45:06+00:00,2019-11-01 02:45:06+00:00,Browsers
566299542,1,2,2,0,0,0.0,2019-11-01 02:42:52+00:00,2019-11-01 02:43:43+00:00,Browsers
566299546,1,2,2,0,0,0.0,2019-11-01 02:42:05+00:00,2019-11-01 02:42:07+00:00,Browsers
566299551,1,1,1,0,0,0.0,2019-11-01 02:42:33+00:00,2019-11-01 02:42:33+00:00,Browsers
566299562,1,3,3,0,0,0.0,2019-11-01 02:42:15+00:00,2019-11-01 02:44:17+00:00,Browsers
566299597,1,3,3,0,0,0.0,2019-11-01 02:43:45+00:00,2019-11-01 02:45:31+00:00,Browsers
566299598,1,1,1,0,0,0.0,2019-11-01 02:43:52+00:00,2019-11-01 02:43:52+00:00,Browsers
566299617,1,1,1,0,0,0.0,2019-11-01 02:42:39+00:00,2019-11-01 02:42:39+00:00,Browsers
566299620,1,2,2,0,0,0.0,2019-11-01 02:42:48+00:00,2019-11-01 02:43:04+00:00,Browsers
566299621,1,1,1,0,0,0.0,2019-11-01 02:43:36+00:00,2019-11-01 02:43:36+00:00,Browsers
566299629,1,1,1,0,0,0.0,2019-11-01 02:44:56+00:00,2019-11-01 02:44:56+00:00,Browsers
566299632,1,2,1,0,1,406.67,2019-11-01 02:44:05+00:00,2019-11-01 02:46:08+00:00,High-value users (purchasers)
566299635,1,1,1,0,0,0.0,2019-11-01 02:43:00+00:00,2019-11-01 02:43:00+00:00,Browsers
566299637,1,6,6,0,0,0.0,2019-11-01 02:42:54+00:00,2019-11-01 02:46:50+00:00,Browsers
566299662,1,2,2,0,0,0.0,2019-11-01 02:43:07+00:00,2019-11-01 02:44:23+00:00,Browsers
566299695,1,9,9,0,0,0.0,2019-11-01 02:43:07+00:00,2019-11-01 02:47:57+00:00,Browsers
566299717,1,1,1,0,0,0.0,2019-11-01 02:46:24+00:00,2019-11-01 02:46:24+00:00,Browsers
566299735,1,2,2,0,0,0.0,2019-11-01 02:43:24+00:00,2019-11-01 02:43:29+00:00,Browsers
566299739,1,2,2,0,0,0.0,2019-11-01 02:43:26+00:00,2019-11-01 02:43:31+00:00,Browsers
566299745,1,2,2,0,0,0.0,2019-11-01 02:44:55+00:00,2019-11-01 02:46:24+00:00,Browsers
566299760,1,1,1,0,0,0.0,2019-11-01 02:44:09+00:00,2019-11-01 02:44:09+00:00,Browsers
566299772,1,4,4,0,0,0.0,2019-11-01 02:43:59+00:00,2019-11-01 02:48:15+00:00,Browsers
566299793,1,4,4,0,0,0.0,2019-11-01 02:43:51+00:00,2019-11-01 02:45:39+00:00,Browsers
566299807,1,1,1,0,0,0.0,2019-11-01 02:44:32+00:00,2019-11-01 02:44:32+00:00,Browsers
566299828,1,3,3,0,0,0.0,2019-11-01 02:45:10+00:00,2019-11-01 02:46:53+00:00,Browsers
566299833,1,3,3,0,0,0.0,2019-11-01 02:46:08+00:00,2019-11-01 02:47:49+00:00,Browsers
566299850,1,12,12,0,0,0.0,2019-11-01 02:44:48+00:00,2019-11-01 02:46:44+00:00,Browsers
566299868,1,2,2,0,0,0.0,2019-11-01 02:44:55+00:00,2019-11-01 02:45:24+00:00,Browsers
566299888,1,1,1,0,0,0.0,2019-11-01 02:45:14+00:00,2019-11-01 02:45:14+00:00,Browsers
566299893,1,1,1,0,0,0.0,2019-11-01 02:44:39+00:00,2019-11-01 02:44:39+00:00,Browsers
566299895,1,1,1,0,0,0.0,2019-11-01 02:44:56+00:00,2019-11-01 02:44:56+00:00,Browsers
566299901,1,2,2,0,0,0.0,2019-11-01 02:45:29+00:00,2019-11-01 02:45:54+00:00,Browsers
566299910,1,1,1,0,0,0.0,2019-11-01 02:47:43+00:00,2019-11-01 02:47:43+00:00,Browsers
566299922,1,1,1,0,0,0.0,2019-11-01 02:46:34+00:00,2019-11-01 02:46:34+00:00,Browsers
566299957,1,1,1,0,0,0.0,2019-11-01 02:45:26+00:00,2019-11-01 02:45:26+00:00,Browsers
566299970,1,1,1,0,0,0.0,2019-11-01 02:45:22+00:00,2019-11-01 02:45:22+00:00,Browsers
566299974,1,1,1,0,0,0.0,2019-11-01 02:45:23+00:00,2019-11-01 02:45:23+00:00,Browsers
566299979,1,3,3,0,0,0.0,2019-11-01 02:45:27+00:00,2019-11-01 02:45:45+00:00,Browsers
566299986,1,1,1,0,0,0.0,2019-11-01 02:47:46+00:00,2019-11-01 02:47:46+00:00,Browsers
566299987,1,1,1,0,0,0.0,2019-11-01 02:46:32+00:00,2019-11-01 02:46:32+00:00,Browsers
566299992,1,1,1,0,0,0.0,2019-11-01 02:46:30+00:00,2019-11-01 02:46:30+00:00,Browsers
566299993,2,3,3,0,0,0.0,2019-11-01 02:45:33+00:00,2019-11-01 02:46:00+00:00,Browsers
566300012,1,3,3,0,0,0.0,2019-11-01 02:45:42+00:00,2019-11-01 02:47:34+00:00,Browsers
566300064,1,1,1,0,0,0.0,2019-11-01 02:47:01+00:00,2019-11-01 02:47:01+00:00,Browsers
566300078,1,1,1,0,0,0.0,2019-11-01 02:46:07+00:00,2019-11-01 02:46:07+00:00,Browsers
566300088,1,3,3,0,0,0.0,2019-11-01 02:46:13+00:00,2019-11-01 02:47:09+00:00,Browsers
566300090,1,1,1,0,0,0.0,2019-11-01 02:46:12+00:00,2019-11-01 02:46:12+00:00,Browsers
566300094,1,1,1,0,0,0.0,2019-11-01 02:46:13+00:00,2019-11-01 02:46:13+00:00,Browsers
566300106,1,1,1,0,0,0.0,2019-11-01 02:46:48+00:00,2019-11-01 02:46:48+00:00,Browsers
566300143,1,2,2,0,0,0.0,2019-11-01 02:47:16+00:00,2019-11-01 02:48:13+00:00,Browsers
566300160,1,1,1,0,0,0.0,2019-11-01 02:47:34+00:00,2019-11-01 02:47:34+00:00,Browsers
566300169,1,2,2,0,0,0.0,2019-11-01 02:47:15+00:00,2019-11-01 02:47:51+00:00,Browsers
566300173,1,1,1,0,0,0.0,2019-11-01 02:48:14+00:00,2019-11-01 02:48:14+00:00,Browsers
566300177,1,3,3,0,0,0.0,2019-11-01 02:46:48+00:00,2019-11-01 02:47:42+00:00,Browsers
566300197,1,1,1,0,0,0.0,2019-11-01 02:48:08+00:00,2019-11-01 02:48:08+00:00,Browsers
566300215,1,1,1,0,0,0.0,2019-11-01 02:47:01+00:00,2019-11-01 02:47:01+00:00,Browsers
566300225,1,1,1,0,0,0.0,2019-11-01 02:47:04+00:00,2019-11-01 02:47:04+00:00,Browsers
566300228,1,1,1,0,0,0.0,2019-11-01 02:47:05+00:00,2019-11-01 02:47:05+00:00,Browsers
566300240,1,1,1,0,0,0.0,2019-11-01 02:47:10+00:00,2019-11-01 02:47:10+00:00,Browsers
566300243,1,1,1,0,0,0.0,2019-11-01 02:47:11+00:00,2019-11-01 02:47:11+00:00,Browsers
566300245,1,1,1,0,0,0.0,2019-11-01 02:47:11+00:00,2019-11-01 02:47:11+00:00,Browsers
566300258,1,1,1,0,0,0.0,2019-11-01 02:48:08+00:00,2019-11-01 02:48:08+00:00,Browsers
566300267,1,2,2,0,0,0.0,2019-11-01 02:47:59+00:00,2019-11-01 02:48:23+00:00,Browsers
566300280,1,1,1,0,0,0.0,2019-11-01 02:47:57+00:00,2019-11-01 02:47:57+00:00,Browsers
566300306,1,1,1,0,0,0.0,2019-11-01 02:47:39+00:00,2019-11-01 02:47:39+00:00,Browsers
566300307,1,1,1,0,0,0.0,2019-11-01 02:47:40+00:00,2019-11-01 02:47:40+00:00,Browsers
566300310,1,1,1,0,0,0.0,2019-11-01 02:47:41+00:00,2019-11-01 02:47:41+00:00,Browsers
566300311,1,1,1,0,0,0.0,2019-11-01 02:47:41+00:00,2019-11-01 02:47:41+00:00,Browsers
566300326,1,1,1,0,0,0.0,2019-11-01 02:47:47+00:00,2019-11-01 02:47:47+00:00,Browsers
566300330,1,1,1,0,0,0.0,2019-11-01 02:47:47+00:00,2019-11-01 02:47:47+00:00,Browsers
566300332,1,1,1,0,0,0.0,2019-11-01 02:47:48+00:00,2019-11-01 02:47:48+00:00,Browsers
566300343,1,2,2,0,0,0.0,2019-11-01 02:48:00+00:00,2019-11-01 02:48:25+00:00,Browsers
566300364,1,1,1,0,0,0.0,2019-11-01 02:48:09+00:00,2019-11-01 02:48:09+00:00,Browsers
566300367,1,1,1,0,0,0.0,2019-11-01 02:48:17+00:00,2019-11-01 02:48:17+00:00,Browsers
566300372,1,1,1,0,0,0.0,2019-11-01 02:48:21+00:00,2019-11-01 02:48:21+00:00,Browsers
566300409,1,1,1,0,0,0.0,2019-11-01 02:48:24+00:00,2019-11-01 02:48:24+00:00,Browsers
